source_id,source,latitude,longitude,event_date,spatial_block_id,landslide_label
neg_0,PSEUDO_NEGATIVE,27.497181227646493,94.36097518177537,,block_54_188,0
neg_1,PSEUDO_NEGATIVE,23.561648608507383,92.75033970817161,,block_47_185,0
neg_2,PSEUDO_NEGATIVE,26.839121727124375,93.12244991767024,,block_53_186,0
neg_3,PSEUDO_NEGATIVE,28.340957184240693,93.67502469484879,,block_56_187,0
neg_4,PSEUDO_NEGATIVE,28.034174876885288,94.8594787949219,,block_56_189,0
neg_5,PSEUDO_NEGATIVE,28.20347544832276,93.81408567222391,,block_56_187,0
neg_6,PSEUDO_NEGATIVE,28.448972442361907,93.42711016541357,,block_56_186,0
neg_7,PSEUDO_NEGATIVE,26.731201776409442,91.4294224823188,,block_53_182,0
neg_8,PSEUDO_NEGATIVE,26.82506892787411,93.72583145326969,,block_53_187,0
neg_9,PSEUDO_NEGATIVE,23.141858952590656,91.56688115252189,,block_46_183,0
neg_10,PSEUDO_NEGATIVE,26.132818052687313,94.43537395930483,,block_52_188,0
neg_11,PSEUDO_NEGATIVE,28.305674593442554,95.29439916853471,,block_56_190,0
neg_12,PSEUDO_NEGATIVE,26.166397819639947,90.4697711201156,,block_52_180,0
neg_13,PSEUDO_NEGATIVE,29.2801956698635,96.09132920100429,,block_58_192,0
neg_14,PSEUDO_NEGATIVE,27.08099880460197,93.04752110584268,,block_54_186,0
neg_15,PSEUDO_NEGATIVE,28.835971579020637,96.1828745564656,,block_57_192,0
neg_16,PSEUDO_NEGATIVE,24.16818041500961,94.00612525174046,,block_48_188,0
neg_17,PSEUDO_NEGATIVE,27.695082080571147,93.07016288312448,,block_55_186,0
neg_18,PSEUDO_NEGATIVE,27.817561237592244,92.98532451863467,,block_55_185,0
neg_19,PSEUDO_NEGATIVE,28.5782862714562,95.8176559759951,,block_57_191,0
neg_20,PSEUDO_NEGATIVE,22.550966235715876,92.56831035517617,,block_45_185,0
neg_21,PSEUDO_NEGATIVE,25.998650274723882,94.86135204944578,,block_51_189,0
neg_22,PSEUDO_NEGATIVE,25.22956063775023,92.86521290573455,,block_50_185,0
neg_23,PSEUDO_NEGATIVE,24.46945027232066,93.53010195349799,,block_48_187,0
neg_24,PSEUDO_NEGATIVE,27.440976455894862,94.32962674455703,,block_54_188,0
neg_25,PSEUDO_NEGATIVE,25.59087255342546,90.00922461247231,,block_51_180,0
neg_26,PSEUDO_NEGATIVE,26.020683530444483,95.0309702675632,,block_52_190,0
neg_27,PSEUDO_NEGATIVE,26.422266809020208,94.34699800387845,,block_52_188,0
neg_28,PSEUDO_NEGATIVE,26.418345566854153,93.82218619712177,,block_52_187,0
neg_29,PSEUDO_NEGATIVE,25.08610935655263,93.48651951933752,,block_50_186,0
neg_30,PSEUDO_NEGATIVE,23.71401323988043,91.7203869598378,,block_47_183,0
neg_31,PSEUDO_NEGATIVE,28.59456772001694,96.26514027935471,,block_57_192,0
neg_32,PSEUDO_NEGATIVE,28.236461655262534,94.6132752958213,,block_56_189,0
neg_33,PSEUDO_NEGATIVE,26.720208487526605,90.48144867532585,,block_53_180,0
neg_34,PSEUDO_NEGATIVE,26.742061667490486,90.46237946688288,,block_53_180,0
neg_35,PSEUDO_NEGATIVE,27.533354903444273,93.18579595858807,,block_55_186,0
neg_36,PSEUDO_NEGATIVE,28.242922151133726,93.47558992500407,,block_56_186,0
neg_37,PSEUDO_NEGATIVE,27.950529517149118,96.09060427080848,,block_55_192,0
neg_38,PSEUDO_NEGATIVE,27.828883438222963,96.31086619363948,,block_55_192,0
neg_39,PSEUDO_NEGATIVE,24.988468162724086,93.83421819541671,,block_49_187,0
neg_40,PSEUDO_NEGATIVE,28.061865071547018,96.28531232383526,,block_56_192,0
neg_41,PSEUDO_NEGATIVE,27.996987055922254,96.12220186672764,,block_55_192,0
neg_42,PSEUDO_NEGATIVE,28.528467550086283,96.07077656257515,,block_57_192,0
neg_43,PSEUDO_NEGATIVE,25.39830458355996,90.86879415298284,,block_50_181,0
neg_44,PSEUDO_NEGATIVE,26.77526121341797,91.75697681298458,,block_53_183,0
neg_45,PSEUDO_NEGATIVE,26.50718728512669,92.80737676089309,,block_53_185,0
neg_46,PSEUDO_NEGATIVE,25.99223517790522,94.76264199196154,,block_51_189,0
neg_47,PSEUDO_NEGATIVE,27.53882059158002,94.3039079416702,,block_55_188,0
neg_48,PSEUDO_NEGATIVE,29.04676389754939,94.36678868556369,,block_58_188,0
neg_49,PSEUDO_NEGATIVE,24.187219046698296,93.15060980347556,,block_48_186,0
neg_50,PSEUDO_NEGATIVE,25.16714993992274,93.45185694323942,,block_50_186,0
neg_51,PSEUDO_NEGATIVE,26.875762740143344,92.37088898832194,,block_53_184,0
neg_52,PSEUDO_NEGATIVE,26.710350503820045,91.15076960085213,,block_53_182,0
neg_53,PSEUDO_NEGATIVE,28.120018330478647,95.06069849288289,,block_56_190,0
neg_54,PSEUDO_NEGATIVE,23.76080333499546,92.46628163565677,,block_47_184,0
neg_55,PSEUDO_NEGATIVE,25.049751683582667,93.91979457893451,,block_50_187,0
neg_56,PSEUDO_NEGATIVE,25.65726648447932,90.29345373203732,,block_51_180,0
neg_57,PSEUDO_NEGATIVE,27.607330022300395,95.23843417259584,,block_55_190,0
neg_58,PSEUDO_NEGATIVE,28.67483703615932,93.75893183396057,,block_57_187,0
neg_59,PSEUDO_NEGATIVE,27.36648210569735,92.74491474934938,,block_54_185,0
neg_60,PSEUDO_NEGATIVE,28.212325689882753,93.14999633574179,,block_56_186,0
neg_61,PSEUDO_NEGATIVE,25.507525719855206,90.43640055557118,,block_51_180,0
neg_62,PSEUDO_NEGATIVE,27.720184000658456,92.90021824058303,,block_55_185,0
neg_63,PSEUDO_NEGATIVE,26.663288121061537,90.58121600102486,,block_53_181,0
neg_64,PSEUDO_NEGATIVE,24.997755209466057,93.1005447207368,,block_49_186,0
neg_65,PSEUDO_NEGATIVE,28.4111634455099,95.19658901550986,,block_56_190,0
neg_66,PSEUDO_NEGATIVE,26.050605553977178,93.67057433604768,,block_52_187,0
neg_67,PSEUDO_NEGATIVE,24.454584532107706,94.3839337192665,,block_48_188,0
neg_68,PSEUDO_NEGATIVE,24.894553948181755,93.30528464043287,,block_49_186,0
neg_69,PSEUDO_NEGATIVE,27.615274659016364,95.82008828045957,,block_55_191,0
neg_70,PSEUDO_NEGATIVE,26.84109510869905,95.34359066634242,,block_53_190,0
neg_71,PSEUDO_NEGATIVE,26.186168822668144,90.04886668452113,,block_52_180,0
neg_72,PSEUDO_NEGATIVE,27.215933781470746,95.20884212454867,,block_54_190,0
neg_73,PSEUDO_NEGATIVE,28.126688924764245,97.06837526652043,,block_56_194,0
neg_74,PSEUDO_NEGATIVE,27.33411175837596,88.71436689172477,,block_54_177,0
neg_75,PSEUDO_NEGATIVE,27.14866956109065,93.89607851864982,,block_54_187,0
neg_76,PSEUDO_NEGATIVE,28.36222861707485,93.64386917927834,,block_56_187,0
neg_77,PSEUDO_NEGATIVE,25.74530200154579,91.20757304369606,,block_51_182,0
neg_78,PSEUDO_NEGATIVE,28.35677476519679,95.72991063004655,,block_56_191,0
neg_79,PSEUDO_NEGATIVE,25.990114089006745,92.54487653650204,,block_51_185,0
neg_80,PSEUDO_NEGATIVE,25.43178434618456,93.7371180197669,,block_50_187,0
neg_81,PSEUDO_NEGATIVE,27.148630979793573,94.07148725756495,,block_54_188,0
neg_82,PSEUDO_NEGATIVE,26.31982244852599,92.44864859433953,,block_52_184,0
neg_83,PSEUDO_NEGATIVE,25.935006676707836,91.99973583942902,,block_51_183,0
neg_84,PSEUDO_NEGATIVE,25.95942667843424,90.57852647176271,,block_51_181,0
neg_85,PSEUDO_NEGATIVE,28.532669985988864,93.39620366448753,,block_57_186,0
neg_86,PSEUDO_NEGATIVE,25.467416781471876,92.1404067024785,,block_50_184,0
neg_87,PSEUDO_NEGATIVE,26.177580937842688,90.85605381131694,,block_52_181,0
neg_88,PSEUDO_NEGATIVE,27.709770184479076,93.69938592168386,,block_55_187,0
neg_89,PSEUDO_NEGATIVE,25.871551266989655,92.23483596995429,,block_51_184,0
neg_90,PSEUDO_NEGATIVE,26.619807640148327,93.73053057510423,,block_53_187,0
neg_91,PSEUDO_NEGATIVE,27.52467872168254,96.90734788305856,,block_55_193,0
neg_92,PSEUDO_NEGATIVE,26.41296508290868,90.73783731689166,,block_52_181,0
neg_93,PSEUDO_NEGATIVE,27.24270544151225,92.2678944682262,,block_54_184,0
neg_94,PSEUDO_NEGATIVE,27.887493002515157,93.87554526734368,,block_55_187,0
neg_95,PSEUDO_NEGATIVE,25.13105614239201,93.11888635987944,,block_50_186,0
neg_96,PSEUDO_NEGATIVE,27.592078687729135,93.35054626359947,,block_55_186,0
neg_97,PSEUDO_NEGATIVE,27.133952733211913,94.57749663877175,,block_54_189,0
neg_98,PSEUDO_NEGATIVE,28.25328546568698,93.40687162666735,,block_56_186,0
neg_99,PSEUDO_NEGATIVE,26.34850515211169,93.96697636286842,,block_52_187,0
neg_100,PSEUDO_NEGATIVE,28.08310186400859,93.17090812433476,,block_56_186,0
neg_101,PSEUDO_NEGATIVE,25.356676905373142,90.95646127739958,,block_50_181,0
neg_102,PSEUDO_NEGATIVE,23.325627314598407,91.40072597602575,,block_46_182,0
neg_103,PSEUDO_NEGATIVE,25.229682322550076,94.56355027374842,,block_50_189,0
neg_104,PSEUDO_NEGATIVE,26.527424669822935,90.24939614587991,,block_53_180,0
neg_105,PSEUDO_NEGATIVE,23.103674044919764,93.1778866658251,,block_46_186,0
neg_106,PSEUDO_NEGATIVE,27.34618527753761,92.78339694165341,,block_54_185,0
neg_107,PSEUDO_NEGATIVE,26.089614584291567,91.60570852452321,,block_52_183,0
neg_108,PSEUDO_NEGATIVE,28.582879539113218,96.12185318362873,,block_57_192,0
neg_109,PSEUDO_NEGATIVE,25.993212390549438,91.24416505191428,,block_51_182,0
neg_110,PSEUDO_NEGATIVE,26.094572369738163,93.10824259181153,,block_52_186,0
neg_111,PSEUDO_NEGATIVE,26.24566207908525,90.1954869929442,,block_52_180,0
neg_112,PSEUDO_NEGATIVE,27.794138010754367,88.41028461151464,,block_55_176,0
neg_113,PSEUDO_NEGATIVE,27.559759151895488,94.62914208163502,,block_55_189,0
neg_114,PSEUDO_NEGATIVE,26.944035104082463,95.71502698606982,,block_53_191,0
neg_115,PSEUDO_NEGATIVE,22.181349046226376,92.72153681124988,,block_44_185,0
neg_116,PSEUDO_NEGATIVE,25.897228259737467,92.29512390005787,,block_51_184,0
neg_117,PSEUDO_NEGATIVE,28.377794157900787,96.07781653118171,,block_56_192,0
neg_118,PSEUDO_NEGATIVE,27.36225243169467,95.13837700774302,,block_54_190,0
neg_119,PSEUDO_NEGATIVE,27.575424387208244,92.07933183607739,,block_55_184,0
neg_120,PSEUDO_NEGATIVE,28.518380949700898,93.82527746425171,,block_57_187,0
neg_121,PSEUDO_NEGATIVE,28.74919161935151,94.36954232557135,,block_57_188,0
neg_122,PSEUDO_NEGATIVE,24.52629874576742,93.52317402818836,,block_49_187,0
neg_123,PSEUDO_NEGATIVE,26.75593413793609,91.98850402153244,,block_53_183,0
neg_124,PSEUDO_NEGATIVE,23.41404919322758,91.61611654029305,,block_46_183,0
neg_125,PSEUDO_NEGATIVE,25.57238126405004,90.2297335981192,,block_51_180,0
neg_126,PSEUDO_NEGATIVE,26.246612461865617,93.40323214367926,,block_52_186,0
neg_127,PSEUDO_NEGATIVE,23.98605088935453,93.31973275938357,,block_47_186,0
neg_128,PSEUDO_NEGATIVE,27.11207614477849,94.99988710695406,,block_54_189,0
neg_129,PSEUDO_NEGATIVE,26.51369398604842,91.31181698485197,,block_53_182,0
neg_130,PSEUDO_NEGATIVE,26.738295872844777,93.83637693342486,,block_53_187,0
neg_131,PSEUDO_NEGATIVE,27.051009885537532,94.77672674070467,,block_54_189,0
neg_132,PSEUDO_NEGATIVE,25.250256245237367,93.44799377046299,,block_50_186,0
neg_133,PSEUDO_NEGATIVE,28.029312552832625,95.01765789674023,,block_56_190,0
neg_134,PSEUDO_NEGATIVE,29.245401591916917,96.08532161084894,,block_58_192,0
neg_135,PSEUDO_NEGATIVE,27.0097900598677,93.49486486153036,,block_54_186,0
neg_136,PSEUDO_NEGATIVE,28.150371489323483,96.83874378272782,,block_56_193,0
neg_137,PSEUDO_NEGATIVE,26.9956952632613,94.98551714231782,,block_53_189,0
neg_138,PSEUDO_NEGATIVE,29.124219290870844,96.04123181707598,,block_58_192,0
neg_139,PSEUDO_NEGATIVE,26.937042409271033,94.03202199199225,,block_53_188,0
neg_140,PSEUDO_NEGATIVE,27.56705609025837,92.47671207497855,,block_55_184,0
neg_141,PSEUDO_NEGATIVE,27.81292949878794,92.8244368015264,,block_55_185,0
neg_142,PSEUDO_NEGATIVE,22.728810476029224,92.73608368398672,,block_45_185,0
neg_143,PSEUDO_NEGATIVE,27.852525169450885,96.14962053294249,,block_55_192,0
neg_144,PSEUDO_NEGATIVE,25.86302923181944,92.30559970771822,,block_51_184,0
neg_145,PSEUDO_NEGATIVE,25.54026252358756,91.77520219241806,,block_51_183,0
neg_146,PSEUDO_NEGATIVE,27.114340970072966,92.60852722895572,,block_54_185,0
neg_147,PSEUDO_NEGATIVE,26.711383104687716,93.1545504800546,,block_53_186,0
neg_148,PSEUDO_NEGATIVE,25.932231964478067,92.26492492520944,,block_51_184,0
neg_149,PSEUDO_NEGATIVE,27.233523580950102,96.0162517305784,,block_54_192,0
neg_150,PSEUDO_NEGATIVE,26.846966653097923,95.22824966298455,,block_53_190,0
neg_151,PSEUDO_NEGATIVE,25.33181736133614,90.1478395990271,,block_50_180,0
neg_152,PSEUDO_NEGATIVE,24.47588030314733,92.26288968733,,block_48_184,0
neg_153,PSEUDO_NEGATIVE,25.14340644758328,94.25201391276691,,block_50_188,0
neg_154,PSEUDO_NEGATIVE,28.06944656810818,93.2298849147843,,block_56_186,0
neg_155,PSEUDO_NEGATIVE,26.357134628820024,93.27891229152549,,block_52_186,0
neg_156,PSEUDO_NEGATIVE,24.587345405216634,94.25420088802741,,block_49_188,0
neg_157,PSEUDO_NEGATIVE,27.602160301911233,96.16006619936921,,block_55_192,0
neg_158,PSEUDO_NEGATIVE,26.463116693307544,91.3054741455156,,block_52_182,0
neg_159,PSEUDO_NEGATIVE,26.292180739762898,89.99974477331686,,block_52_179,0
neg_160,PSEUDO_NEGATIVE,28.12004413250909,93.76758883703337,,block_56_187,0
neg_161,PSEUDO_NEGATIVE,28.510956569676928,93.32341829075693,,block_57_186,0
neg_162,PSEUDO_NEGATIVE,27.80395071174723,93.33537943217534,,block_55_186,0
neg_163,PSEUDO_NEGATIVE,26.930734065342783,92.56522002597536,,block_53_185,0
neg_164,PSEUDO_NEGATIVE,25.25953581890312,90.56776833702884,,block_50_181,0
neg_165,PSEUDO_NEGATIVE,27.05649553617701,92.57434788162396,,block_54_185,0
neg_166,PSEUDO_NEGATIVE,23.2352804942564,91.57394998972322,,block_46_183,0
neg_167,PSEUDO_NEGATIVE,27.247901601708243,92.70246605762841,,block_54_185,0
neg_168,PSEUDO_NEGATIVE,28.233491938391076,95.57828175372758,,block_56_191,0
neg_169,PSEUDO_NEGATIVE,28.900834502218334,96.10383412795343,,block_57_192,0
neg_170,PSEUDO_NEGATIVE,26.275769621599917,93.38995700032693,,block_52_186,0
neg_171,PSEUDO_NEGATIVE,26.37542179110213,92.92524790420595,,block_52_185,0
neg_172,PSEUDO_NEGATIVE,22.766602462772997,92.79354938583595,,block_45_185,0
neg_173,PSEUDO_NEGATIVE,27.42808120312167,95.69811685433362,,block_54_191,0
neg_174,PSEUDO_NEGATIVE,27.77364547828146,92.64470003516345,,block_55_185,0
neg_175,PSEUDO_NEGATIVE,27.63378827187709,95.14284520631284,,block_55_190,0
neg_176,PSEUDO_NEGATIVE,26.190137553861273,93.97180419916958,,block_52_187,0
neg_177,PSEUDO_NEGATIVE,24.259099664607962,92.24799031878642,,block_48_184,0
neg_178,PSEUDO_NEGATIVE,28.400229623066288,93.7810788511064,,block_56_187,0
neg_179,PSEUDO_NEGATIVE,25.753715411738057,92.34948959391636,,block_51_184,0
neg_180,PSEUDO_NEGATIVE,28.05460097450458,94.12727207369693,,block_56_188,0
neg_181,PSEUDO_NEGATIVE,24.343603397891254,92.47091286266486,,block_48_184,0
neg_182,PSEUDO_NEGATIVE,25.239605617395945,92.91383153149613,,block_50_185,0
neg_183,PSEUDO_NEGATIVE,24.049991197469573,91.84243233412481,,block_48_183,0
neg_184,PSEUDO_NEGATIVE,24.47159031599479,93.6201271064001,,block_48_187,0
neg_185,PSEUDO_NEGATIVE,27.89812467988385,94.08467035551149,,block_55_188,0
neg_186,PSEUDO_NEGATIVE,27.40037577801871,94.1717024122585,,block_54_188,0
neg_187,PSEUDO_NEGATIVE,28.788204498443946,96.20882882336907,,block_57_192,0
neg_188,PSEUDO_NEGATIVE,24.43355147406023,93.47775143711235,,block_48_186,0
neg_189,PSEUDO_NEGATIVE,28.08020435699249,94.2990941599504,,block_56_188,0
neg_190,PSEUDO_NEGATIVE,28.200088193997928,94.94448191801715,,block_56_189,0
neg_191,PSEUDO_NEGATIVE,27.10914974610958,92.94809739350124,,block_54_185,0
neg_192,PSEUDO_NEGATIVE,26.809788637574506,91.98001984342778,,block_53_183,0
neg_193,PSEUDO_NEGATIVE,28.246910682422623,96.30661235563008,,block_56_192,0
neg_194,PSEUDO_NEGATIVE,25.275910194520094,90.67832256609557,,block_50_181,0
neg_195,PSEUDO_NEGATIVE,27.588877537525317,92.2199228525134,,block_55_184,0
neg_196,PSEUDO_NEGATIVE,25.958484737706783,90.90899822769022,,block_51_181,0
neg_197,PSEUDO_NEGATIVE,25.40876783615152,90.6486542874155,,block_50_181,0
neg_198,PSEUDO_NEGATIVE,24.8022304998494,92.95812201153794,,block_49_185,0
neg_199,PSEUDO_NEGATIVE,29.2436379643652,95.67877765206366,,block_58_191,0
neg_200,PSEUDO_NEGATIVE,22.304752342500166,92.71886687811642,,block_44_185,0
neg_201,PSEUDO_NEGATIVE,28.974276876099644,95.8882571035491,,block_57_191,0
neg_202,PSEUDO_NEGATIVE,26.83970120063578,95.43897799233245,,block_53_190,0
neg_203,PSEUDO_NEGATIVE,28.206188031961453,94.54307669261425,,block_56_189,0
neg_204,PSEUDO_NEGATIVE,28.245719554546096,93.15875990717205,,block_56_186,0
neg_205,PSEUDO_NEGATIVE,27.426984368469483,92.96105215533521,,block_54_185,0
neg_206,PSEUDO_NEGATIVE,25.162215587585337,93.77921007809394,,block_50_187,0
neg_207,PSEUDO_NEGATIVE,23.72828821492973,91.91573539496028,,block_47_183,0
neg_208,PSEUDO_NEGATIVE,25.898051784448494,92.76888034785,,block_51_185,0
neg_209,PSEUDO_NEGATIVE,27.470351763024876,93.90561544727117,,block_54_187,0
neg_210,PSEUDO_NEGATIVE,27.76341044323493,94.91075765723573,,block_55_189,0
neg_211,PSEUDO_NEGATIVE,25.431134038077488,94.536658968763,,block_50_189,0
neg_212,PSEUDO_NEGATIVE,25.37836478859988,90.75836016904529,,block_50_181,0
neg_213,PSEUDO_NEGATIVE,26.027033302171812,90.3811493929046,,block_52_180,0
neg_214,PSEUDO_NEGATIVE,28.66009752929334,94.98709243188445,,block_57_189,0
neg_215,PSEUDO_NEGATIVE,27.42581806500403,88.7419138569214,,block_54_177,0
neg_216,PSEUDO_NEGATIVE,26.04560541981924,91.01938742521719,,block_52_182,0
neg_217,PSEUDO_NEGATIVE,24.229368506289717,93.66464330066765,,block_48_187,0
neg_218,PSEUDO_NEGATIVE,25.138482153911145,94.48378919938757,,block_50_188,0
neg_219,PSEUDO_NEGATIVE,27.837970970050346,88.3271102785063,,block_55_176,0
neg_220,PSEUDO_NEGATIVE,26.211059277103306,93.68789139123498,,block_52_187,0
neg_221,PSEUDO_NEGATIVE,26.261805515337606,92.97692288644113,,block_52_185,0
neg_222,PSEUDO_NEGATIVE,24.92505874923862,94.1058709250367,,block_49_188,0
neg_223,PSEUDO_NEGATIVE,27.49112893204365,92.69101322641079,,block_54_185,0
neg_224,PSEUDO_NEGATIVE,24.8411040882984,93.27972348114069,,block_49_186,0
neg_225,PSEUDO_NEGATIVE,27.93209251722202,92.78230400463843,,block_55_185,0
neg_226,PSEUDO_NEGATIVE,26.09251669784085,93.7523146086329,,block_52_187,0
neg_227,PSEUDO_NEGATIVE,25.31980616703877,94.39302451210607,,block_50_188,0
neg_228,PSEUDO_NEGATIVE,27.82999825917114,94.01406293604664,,block_55_188,0
neg_229,PSEUDO_NEGATIVE,28.701436967840547,95.95177683786514,,block_57_191,0
neg_230,PSEUDO_NEGATIVE,24.201467006427457,93.01469347982278,,block_48_186,0
neg_231,PSEUDO_NEGATIVE,26.906369837716532,94.77394802331037,,block_53_189,0
neg_232,PSEUDO_NEGATIVE,26.775048377065136,93.42164957588737,,block_53_186,0
neg_233,PSEUDO_NEGATIVE,26.848587828890558,95.20941460861333,,block_53_190,0
neg_234,PSEUDO_NEGATIVE,25.24100179939512,92.55196062300918,,block_50_185,0
neg_235,PSEUDO_NEGATIVE,27.479918136514556,96.09130723809066,,block_54_192,0
neg_236,PSEUDO_NEGATIVE,24.325280736663995,92.38484213018198,,block_48_184,0
neg_237,PSEUDO_NEGATIVE,24.819538734612205,93.78454797514131,,block_49_187,0
neg_238,PSEUDO_NEGATIVE,26.29042148799133,90.93952025610537,,block_52_181,0
neg_239,PSEUDO_NEGATIVE,27.699722451053574,92.68369609536315,,block_55_185,0
neg_240,PSEUDO_NEGATIVE,25.81190877815928,92.68834125893795,,block_51_185,0
neg_241,PSEUDO_NEGATIVE,26.872376280361088,92.42351642166105,,block_53_184,0
neg_242,PSEUDO_NEGATIVE,27.42906128153138,95.1802535831227,,block_54_190,0
neg_243,PSEUDO_NEGATIVE,26.234140493495822,89.82975983774456,,block_52_179,0
neg_244,PSEUDO_NEGATIVE,29.036009108860853,95.09667261955227,,block_58_190,0
neg_245,PSEUDO_NEGATIVE,25.500455543003444,92.29569245725902,,block_51_184,0
neg_246,PSEUDO_NEGATIVE,26.50757997026891,92.84575388218418,,block_53_185,0
neg_247,PSEUDO_NEGATIVE,24.3925404420376,93.76284033800798,,block_48_187,0
neg_248,PSEUDO_NEGATIVE,24.69951935497985,94.33378008924636,,block_49_188,0
neg_249,PSEUDO_NEGATIVE,27.95533658586912,94.81804759798744,,block_55_189,0
neg_250,PSEUDO_NEGATIVE,27.8500703348788,95.29592303661748,,block_55_190,0
neg_251,PSEUDO_NEGATIVE,26.680591832704764,93.82551657171024,,block_53_187,0
neg_252,PSEUDO_NEGATIVE,28.895959219218803,96.20448646377582,,block_57_192,0
neg_253,PSEUDO_NEGATIVE,27.492363261641977,88.58544408853567,,block_54_177,0
neg_254,PSEUDO_NEGATIVE,25.893626350640268,90.94927442813548,,block_51_181,0
neg_255,PSEUDO_NEGATIVE,27.76712235953043,94.77669087647655,,block_55_189,0
neg_256,PSEUDO_NEGATIVE,26.789149159995908,94.51714511428032,,block_53_189,0
neg_257,PSEUDO_NEGATIVE,23.77354543000794,93.2460145175896,,block_47_186,0
neg_258,PSEUDO_NEGATIVE,28.996122848258082,95.47681034642194,,block_57_190,0
neg_259,PSEUDO_NEGATIVE,29.155027361775105,95.56338883919176,,block_58_191,0
neg_260,PSEUDO_NEGATIVE,25.26205845017275,90.41057336945073,,block_50_180,0
neg_261,PSEUDO_NEGATIVE,25.541002398925272,89.89943926768561,,block_51_179,0
neg_262,PSEUDO_NEGATIVE,26.57914546155014,93.51620668656567,,block_53_187,0
neg_263,PSEUDO_NEGATIVE,25.935915321969272,93.9966789900412,,block_51_187,0
neg_264,PSEUDO_NEGATIVE,24.340874536105666,94.07144042816854,,block_48_188,0
neg_265,PSEUDO_NEGATIVE,26.263413484132837,93.03043140279989,,block_52_186,0
neg_266,PSEUDO_NEGATIVE,27.395694354642416,96.8046921696559,,block_54_193,0
neg_267,PSEUDO_NEGATIVE,24.917158764515076,92.65660863482452,,block_49_185,0
neg_268,PSEUDO_NEGATIVE,28.937901704012965,96.24138577842848,,block_57_192,0
neg_269,PSEUDO_NEGATIVE,26.029083675033007,92.6427767512131,,block_52_185,0
neg_270,PSEUDO_NEGATIVE,29.03305981323063,95.99996154263317,,block_58_191,0
neg_271,PSEUDO_NEGATIVE,25.387749979845943,90.41828987415748,,block_50_180,0
neg_272,PSEUDO_NEGATIVE,28.70289961060353,94.61343612996122,,block_57_189,0
neg_273,PSEUDO_NEGATIVE,26.571153405893252,90.05980884879223,,block_53_180,0
neg_274,PSEUDO_NEGATIVE,27.58278476234651,93.69394611203725,,block_55_187,0
neg_275,PSEUDO_NEGATIVE,25.060426677277306,93.16280438289263,,block_50_186,0
neg_276,PSEUDO_NEGATIVE,25.478293384282768,93.05266626431609,,block_50_186,0
neg_277,PSEUDO_NEGATIVE,22.369361161430795,93.14790293788276,,block_44_186,0
neg_278,PSEUDO_NEGATIVE,25.741701626303726,93.38339573774194,,block_51_186,0
neg_279,PSEUDO_NEGATIVE,22.591156497832827,92.79752832790865,,block_45_185,0
neg_280,PSEUDO_NEGATIVE,25.800683608332474,92.29390567169163,,block_51_184,0
neg_281,PSEUDO_NEGATIVE,28.032556679413382,94.79883275035503,,block_56_189,0
neg_282,PSEUDO_NEGATIVE,27.568114069521798,93.43612589155494,,block_55_186,0
neg_283,PSEUDO_NEGATIVE,26.80869421753844,91.95140222549388,,block_53_183,0
neg_284,PSEUDO_NEGATIVE,24.754906056895106,94.41766532855449,,block_49_188,0
neg_285,PSEUDO_NEGATIVE,26.929623289753557,93.06942248083729,,block_53_186,0
neg_286,PSEUDO_NEGATIVE,23.256399580431246,93.05022977214122,,block_46_186,0
neg_287,PSEUDO_NEGATIVE,27.01859891910191,93.1177861868352,,block_54_186,0
neg_288,PSEUDO_NEGATIVE,23.781091492628693,91.2539015088837,,block_47_182,0
neg_289,PSEUDO_NEGATIVE,27.722006353105666,96.30731224534652,,block_55_192,0
neg_290,PSEUDO_NEGATIVE,26.444174324507195,94.32179987350699,,block_52_188,0
neg_291,PSEUDO_NEGATIVE,26.657547846127308,92.01568547356871,,block_53_184,0
neg_292,PSEUDO_NEGATIVE,29.05605671472253,94.3106197326098,,block_58_188,0
neg_293,PSEUDO_NEGATIVE,28.02389881550514,96.59856703386951,,block_56_193,0
neg_294,PSEUDO_NEGATIVE,27.404719822876334,93.25319447696177,,block_54_186,0
neg_295,PSEUDO_NEGATIVE,25.79740570418068,92.67440655514925,,block_51_185,0
neg_296,PSEUDO_NEGATIVE,25.045869296397544,93.28773243816494,,block_50_186,0
neg_297,PSEUDO_NEGATIVE,26.30148623788424,91.92523389141863,,block_52_183,0
neg_298,PSEUDO_NEGATIVE,28.144098741661907,97.08517771215324,,block_56_194,0
neg_299,PSEUDO_NEGATIVE,26.776877853430175,92.61159847625936,,block_53_185,0
neg_300,PSEUDO_NEGATIVE,28.33490011218869,96.88476824528846,,block_56_193,0
neg_301,PSEUDO_NEGATIVE,26.97843812978796,95.18478512957698,,block_53_190,0
neg_302,PSEUDO_NEGATIVE,24.73632526441977,93.80765121724195,,block_49_187,0
neg_303,PSEUDO_NEGATIVE,26.96733594460538,93.79528199419278,,block_53_187,0
neg_304,PSEUDO_NEGATIVE,25.57235156752587,92.58583120962888,,block_51_185,0
neg_305,PSEUDO_NEGATIVE,23.35868363313626,92.94868626276204,,block_46_185,0
neg_306,PSEUDO_NEGATIVE,24.98580831504153,93.31102051501091,,block_49_186,0
neg_307,PSEUDO_NEGATIVE,27.09871635357493,95.96995075909643,,block_54_191,0
neg_308,PSEUDO_NEGATIVE,22.62474994957755,92.9646963450315,,block_45_185,0
neg_309,PSEUDO_NEGATIVE,28.497688368420203,96.34301048612424,,block_56_192,0
neg_310,PSEUDO_NEGATIVE,26.361474391042112,95.07119201656053,,block_52_190,0
neg_311,PSEUDO_NEGATIVE,27.403643132716795,92.70745280539462,,block_54_185,0
neg_312,PSEUDO_NEGATIVE,27.77901736259805,88.27848119408455,,block_55_176,0
neg_313,PSEUDO_NEGATIVE,25.628586266442028,91.34462525843497,,block_51_182,0
neg_314,PSEUDO_NEGATIVE,27.06568092147001,94.21031593063984,,block_54_188,0
neg_315,PSEUDO_NEGATIVE,27.308746376317487,93.95866829045268,,block_54_187,0
neg_316,PSEUDO_NEGATIVE,24.118039869852037,91.6453158581569,,block_48_183,0
neg_317,PSEUDO_NEGATIVE,25.100377782271185,92.55177435097893,,block_50_185,0
neg_318,PSEUDO_NEGATIVE,28.097613572022823,96.07937959074786,,block_56_192,0
neg_319,PSEUDO_NEGATIVE,25.631655577979977,93.41326524727464,,block_51_186,0
neg_320,PSEUDO_NEGATIVE,23.742424655532353,91.53491984184699,,block_47_183,0
neg_321,PSEUDO_NEGATIVE,26.40092546030293,93.12891340323773,,block_52_186,0
neg_322,PSEUDO_NEGATIVE,27.081016011788666,93.17093207577625,,block_54_186,0
neg_323,PSEUDO_NEGATIVE,27.283589589546082,92.12147657050375,,block_54_184,0
neg_324,PSEUDO_NEGATIVE,28.124138316833886,95.47917425836198,,block_56_190,0
neg_325,PSEUDO_NEGATIVE,25.00947608586125,92.69345022371623,,block_50_185,0
neg_326,PSEUDO_NEGATIVE,26.713353901367842,90.27499897610551,,block_53_180,0
neg_327,PSEUDO_NEGATIVE,26.905838560845616,94.7232220782146,,block_53_189,0
neg_328,PSEUDO_NEGATIVE,27.89698340047248,88.69527227447351,,block_55_177,0
neg_329,PSEUDO_NEGATIVE,24.946118739703238,92.76215884447738,,block_49_185,0
neg_330,PSEUDO_NEGATIVE,28.894980602035048,94.50206333944222,,block_57_189,0
neg_331,PSEUDO_NEGATIVE,25.980485493786865,93.99889544990191,,block_51_187,0
neg_332,PSEUDO_NEGATIVE,25.78113942799034,92.8766990083839,,block_51_185,0
neg_333,PSEUDO_NEGATIVE,26.31193904598243,93.40721274374201,,block_52_186,0
neg_334,PSEUDO_NEGATIVE,25.287916991437292,91.67666118556853,,block_50_183,0
neg_335,PSEUDO_NEGATIVE,25.70353994030998,91.24269344343547,,block_51_182,0
neg_336,PSEUDO_NEGATIVE,25.360528027716665,89.94455286635815,,block_50_179,0
neg_337,PSEUDO_NEGATIVE,25.57023759072335,92.47592779336614,,block_51_184,0
neg_338,PSEUDO_NEGATIVE,25.230061130875004,94.54957469592246,,block_50_189,0
neg_339,PSEUDO_NEGATIVE,28.353768061156515,94.09091722241051,,block_56_188,0
neg_340,PSEUDO_NEGATIVE,23.662102160326718,91.80744590103438,,block_47_183,0
neg_341,PSEUDO_NEGATIVE,26.400744003538797,91.65505633534364,,block_52_183,0
neg_342,PSEUDO_NEGATIVE,27.617673764739735,95.60206001313385,,block_55_191,0
neg_343,PSEUDO_NEGATIVE,24.377485328151018,92.30097396873815,,block_48_184,0
neg_344,PSEUDO_NEGATIVE,25.91063414917115,94.00762070526181,,block_51_188,0
neg_345,PSEUDO_NEGATIVE,26.43697830255075,93.74629915870662,,block_52_187,0
neg_346,PSEUDO_NEGATIVE,26.361235830695655,91.2704915919055,,block_52_182,0
neg_347,PSEUDO_NEGATIVE,28.32593530028865,93.8032091857624,,block_56_187,0
neg_348,PSEUDO_NEGATIVE,28.0844107323831,94.63629059289222,,block_56_189,0
neg_349,PSEUDO_NEGATIVE,24.160580743715073,93.77615444770144,,block_48_187,0
neg_350,PSEUDO_NEGATIVE,25.78226900810242,91.93144759838583,,block_51_183,0
neg_351,PSEUDO_NEGATIVE,27.1700902416231,94.06544489375153,,block_54_188,0
neg_352,PSEUDO_NEGATIVE,24.290808111422415,92.23940912501853,,block_48_184,0
neg_353,PSEUDO_NEGATIVE,28.09564114896935,97.05999344050043,,block_56_194,0
neg_354,PSEUDO_NEGATIVE,25.741328949953093,92.6527165699442,,block_51_185,0
neg_355,PSEUDO_NEGATIVE,27.54313871466638,95.1996438164707,,block_55_190,0
neg_356,PSEUDO_NEGATIVE,27.364249832588328,93.13572078238647,,block_54_186,0
neg_357,PSEUDO_NEGATIVE,28.2085374457233,95.06264765059052,,block_56_190,0
neg_358,PSEUDO_NEGATIVE,25.317965805511143,91.27662358212976,,block_50_182,0
neg_359,PSEUDO_NEGATIVE,26.36822161702376,91.2959299064715,,block_52_182,0
neg_360,PSEUDO_NEGATIVE,27.301730092152876,93.9480439307151,,block_54_187,0
neg_361,PSEUDO_NEGATIVE,27.306600851177684,95.78772894536715,,block_54_191,0
neg_362,PSEUDO_NEGATIVE,27.68719926484691,94.3566048047795,,block_55_188,0
neg_363,PSEUDO_NEGATIVE,25.619886316958848,93.42779997545912,,block_51_186,0
neg_364,PSEUDO_NEGATIVE,23.942250355864893,91.89371584003136,,block_47_183,0
neg_365,PSEUDO_NEGATIVE,25.33513709138277,93.9561009754928,,block_50_187,0
neg_366,PSEUDO_NEGATIVE,25.81866238786651,90.61532146580677,,block_51_181,0
neg_367,PSEUDO_NEGATIVE,27.4687026017001,94.8707602123783,,block_54_189,0
neg_368,PSEUDO_NEGATIVE,25.384214350765852,94.24295191581932,,block_50_188,0
neg_369,PSEUDO_NEGATIVE,25.96162592934549,90.04760138914294,,block_51_180,0
neg_370,PSEUDO_NEGATIVE,24.466939179297984,93.43257621845295,,block_48_186,0
neg_371,PSEUDO_NEGATIVE,26.202680042970265,92.56217629767995,,block_52_185,0
neg_372,PSEUDO_NEGATIVE,24.512421116199906,94.41598810527614,,block_49_188,0
neg_373,PSEUDO_NEGATIVE,26.874868529582834,90.35365921836163,,block_53_180,0
neg_374,PSEUDO_NEGATIVE,23.15799060161101,91.725610729163,,block_46_183,0
neg_375,PSEUDO_NEGATIVE,28.110028604541068,97.28865614896417,,block_56_194,0
neg_376,PSEUDO_NEGATIVE,26.84015361999933,92.13693455533061,,block_53_184,0
neg_377,PSEUDO_NEGATIVE,27.39048340036885,93.90395236040449,,block_54_187,0
neg_378,PSEUDO_NEGATIVE,27.61858691376444,93.54199482695823,,block_55_187,0
neg_379,PSEUDO_NEGATIVE,26.105814401563947,93.64007395192301,,block_52_187,0
neg_380,PSEUDO_NEGATIVE,27.147618170111368,95.97018578173562,,block_54_191,0
neg_381,PSEUDO_NEGATIVE,25.834893371259003,92.7895121214783,,block_51_185,0
neg_382,PSEUDO_NEGATIVE,22.756851835788943,92.69607588796299,,block_45_185,0
neg_383,PSEUDO_NEGATIVE,26.413866237846694,92.96589310880013,,block_52_185,0
neg_384,PSEUDO_NEGATIVE,28.442186429919282,93.34277565446584,,block_56_186,0
neg_385,PSEUDO_NEGATIVE,24.67713471764555,94.4196552606228,,block_49_188,0
neg_386,PSEUDO_NEGATIVE,27.69671712800645,96.97185804904434,,block_55_193,0
neg_387,PSEUDO_NEGATIVE,27.898603992347496,92.76213968018432,,block_55_185,0
neg_388,PSEUDO_NEGATIVE,26.67713729006038,92.70986027576652,,block_53_185,0
neg_389,PSEUDO_NEGATIVE,22.526451370627306,93.04370927105815,,block_45_186,0
neg_390,PSEUDO_NEGATIVE,26.581957623067282,90.60819671590487,,block_53_181,0
neg_391,PSEUDO_NEGATIVE,25.97656531395988,91.67287612790248,,block_51_183,0
neg_392,PSEUDO_NEGATIVE,27.209936700201734,94.8616087478565,,block_54_189,0
neg_393,PSEUDO_NEGATIVE,25.345626001458285,93.72302460161798,,block_50_187,0
neg_394,PSEUDO_NEGATIVE,27.280044614097548,94.59409634550434,,block_54_189,0
neg_395,PSEUDO_NEGATIVE,27.762870207721146,88.27594876102435,,block_55_176,0
neg_396,PSEUDO_NEGATIVE,25.359503110363647,91.38516461790448,,block_50_182,0
neg_397,PSEUDO_NEGATIVE,25.69703604378651,93.32872960544144,,block_51_186,0
neg_398,PSEUDO_NEGATIVE,25.48541088079081,91.60000705905355,,block_50_183,0
neg_399,PSEUDO_NEGATIVE,28.84600228836058,94.96225878420182,,block_57_189,0
neg_400,PSEUDO_NEGATIVE,24.733342067207744,92.71918486006008,,block_49_185,0
neg_401,PSEUDO_NEGATIVE,28.01296894788655,97.22529032105005,,block_56_194,0
neg_402,PSEUDO_NEGATIVE,25.434715752168334,90.65368458383648,,block_50_181,0
neg_403,PSEUDO_NEGATIVE,23.425100766242462,93.29978336374737,,block_46_186,0
neg_404,PSEUDO_NEGATIVE,24.20971073523743,93.85354472458579,,block_48_187,0
neg_405,PSEUDO_NEGATIVE,25.425842848411794,93.56189478885727,,block_50_187,0
neg_406,PSEUDO_NEGATIVE,23.670782838134045,91.25638275875042,,block_47_182,0
neg_407,PSEUDO_NEGATIVE,28.280762452410922,96.2456669739648,,block_56_192,0
neg_408,PSEUDO_NEGATIVE,25.926590116856094,90.23877538849614,,block_51_180,0
neg_409,PSEUDO_NEGATIVE,26.21543753499798,92.08883905728887,,block_52_184,0
neg_410,PSEUDO_NEGATIVE,27.986207847196162,94.5868206994225,,block_55_189,0
neg_411,PSEUDO_NEGATIVE,23.14924985331824,92.38091805690462,,block_46_184,0
neg_412,PSEUDO_NEGATIVE,27.114016806423916,95.76803486663272,,block_54_191,0
neg_413,PSEUDO_NEGATIVE,28.210829722399232,97.23613203234605,,block_56_194,0
neg_414,PSEUDO_NEGATIVE,26.799606119384613,93.4738437332922,,block_53_186,0
neg_415,PSEUDO_NEGATIVE,26.605741771228807,90.31037692490531,,block_53_180,0
neg_416,PSEUDO_NEGATIVE,24.142799238797842,91.87272673918396,,block_48_183,0
neg_417,PSEUDO_NEGATIVE,25.896186842721125,93.92909125495271,,block_51_187,0
neg_418,PSEUDO_NEGATIVE,27.99647742906057,95.47155469643758,,block_55_190,0
neg_419,PSEUDO_NEGATIVE,24.629252034765493,93.11846737672009,,block_49_186,0
neg_420,PSEUDO_NEGATIVE,25.718188742132437,91.65078398095143,,block_51_183,0
neg_421,PSEUDO_NEGATIVE,27.816890938096407,88.55075756461432,,block_55_177,0
neg_422,PSEUDO_NEGATIVE,28.103767228226385,96.62223913616215,,block_56_193,0
neg_423,PSEUDO_NEGATIVE,28.27808911752491,95.94507648224304,,block_56_191,0
neg_424,PSEUDO_NEGATIVE,27.22426210547078,96.90705210965815,,block_54_193,0
neg_425,PSEUDO_NEGATIVE,26.18340929955227,93.29322357412178,,block_52_186,0
neg_426,PSEUDO_NEGATIVE,23.562947956855986,92.948616032996,,block_47_185,0
neg_427,PSEUDO_NEGATIVE,28.8709035208565,95.27904508890698,,block_57_190,0
neg_428,PSEUDO_NEGATIVE,28.333254745601423,96.09029298596059,,block_56_192,0
neg_429,PSEUDO_NEGATIVE,25.294387499143234,90.49299694129104,,block_50_180,0
neg_430,PSEUDO_NEGATIVE,24.778215568284367,93.13262529617748,,block_49_186,0
neg_431,PSEUDO_NEGATIVE,28.466785475561185,94.11911389326669,,block_56_188,0
neg_432,PSEUDO_NEGATIVE,23.192799543949047,91.52930411035197,,block_46_183,0
neg_433,PSEUDO_NEGATIVE,27.46308664806201,93.14223483095498,,block_54_186,0
neg_434,PSEUDO_NEGATIVE,26.41463213479592,93.7682604223216,,block_52_187,0
neg_435,PSEUDO_NEGATIVE,27.387489594775133,94.86175565330073,,block_54_189,0
neg_436,PSEUDO_NEGATIVE,23.06728350232718,91.39179185953637,,block_46_182,0
neg_437,PSEUDO_NEGATIVE,26.931353717674995,93.64202596332943,,block_53_187,0
neg_438,PSEUDO_NEGATIVE,22.59264026938516,93.114784674665,,block_45_186,0
neg_439,PSEUDO_NEGATIVE,28.76110673017757,94.71447357182538,,block_57_189,0
neg_440,PSEUDO_NEGATIVE,27.983422559077212,94.36882792441469,,block_55_188,0
neg_441,PSEUDO_NEGATIVE,27.877784855091065,93.8567445287348,,block_55_187,0
neg_442,PSEUDO_NEGATIVE,25.87147127941855,91.94418204171716,,block_51_183,0
neg_443,PSEUDO_NEGATIVE,26.368299412938548,95.12874744586213,,block_52_190,0
neg_444,PSEUDO_NEGATIVE,24.07430569077143,93.03495472277162,,block_48_186,0
neg_445,PSEUDO_NEGATIVE,24.8111303938656,92.56449704749151,,block_49_185,0
neg_446,PSEUDO_NEGATIVE,26.525780007050763,94.52041577977067,,block_53_189,0
neg_447,PSEUDO_NEGATIVE,27.567698630777436,96.65584883931795,,block_55_193,0
neg_448,PSEUDO_NEGATIVE,24.030634564203275,92.62122060557758,,block_48_185,0
neg_449,PSEUDO_NEGATIVE,25.067472730560908,94.06821522741986,,block_50_188,0
neg_450,PSEUDO_NEGATIVE,28.16216770033907,94.96488110984808,,block_56_189,0
neg_451,PSEUDO_NEGATIVE,27.67214904371955,96.15157632317212,,block_55_192,0
neg_452,PSEUDO_NEGATIVE,28.139732182228297,92.84353520452984,,block_56_185,0
neg_453,PSEUDO_NEGATIVE,28.369844591502662,96.26572635878264,,block_56_192,0
neg_454,PSEUDO_NEGATIVE,23.79612598606452,92.29061747100396,,block_47_184,0
neg_455,PSEUDO_NEGATIVE,28.877036126992483,94.62355908506835,,block_57_189,0
neg_456,PSEUDO_NEGATIVE,24.730747387668334,93.58400977845022,,block_49_187,0
neg_457,PSEUDO_NEGATIVE,26.360289888010442,91.28774307545976,,block_52_182,0
neg_458,PSEUDO_NEGATIVE,27.592104622085493,94.47519505358997,,block_55_188,0
neg_459,PSEUDO_NEGATIVE,24.066527260904188,91.63371730496526,,block_48_183,0
neg_460,PSEUDO_NEGATIVE,29.23337382993714,96.05684516192005,,block_58_192,0
neg_461,PSEUDO_NEGATIVE,26.820087177387265,94.37033531325513,,block_53_188,0
neg_462,PSEUDO_NEGATIVE,23.945035202444075,91.8493676470581,,block_47_183,0
neg_463,PSEUDO_NEGATIVE,28.827517329198024,94.08529260924523,,block_57_188,0
neg_464,PSEUDO_NEGATIVE,26.784826365805245,91.98378392620042,,block_53_183,0
neg_465,PSEUDO_NEGATIVE,23.815190190511856,92.38696134567383,,block_47_184,0
neg_466,PSEUDO_NEGATIVE,26.819800112490885,93.72507098359736,,block_53_187,0
neg_467,PSEUDO_NEGATIVE,28.73762154006576,95.57104033275519,,block_57_191,0
neg_468,PSEUDO_NEGATIVE,27.997964457841366,93.64031303076838,,block_55_187,0
neg_469,PSEUDO_NEGATIVE,26.92003045997658,94.3991040536414,,block_53_188,0
neg_470,PSEUDO_NEGATIVE,27.38175230170384,94.16076536234695,,block_54_188,0
neg_471,PSEUDO_NEGATIVE,26.24752249867999,89.7852025078667,,block_52_179,0
neg_472,PSEUDO_NEGATIVE,28.789601441838414,94.31556367404664,,block_57_188,0
neg_473,PSEUDO_NEGATIVE,28.28885407893264,96.23905097281585,,block_56_192,0
neg_474,PSEUDO_NEGATIVE,28.043413405482774,95.17143125220144,,block_56_190,0
neg_475,PSEUDO_NEGATIVE,25.00985803531599,93.35239372695047,,block_50_186,0
neg_476,PSEUDO_NEGATIVE,27.81995294849699,92.58325995003221,,block_55_185,0
neg_477,PSEUDO_NEGATIVE,26.714505309339714,91.79189871574074,,block_53_183,0
neg_478,PSEUDO_NEGATIVE,26.66282065790433,90.3389373550333,,block_53_180,0
neg_479,PSEUDO_NEGATIVE,26.432411381477817,91.17565042135458,,block_52_182,0
neg_480,PSEUDO_NEGATIVE,27.47898230676756,93.54311264711288,,block_54_187,0
neg_481,PSEUDO_NEGATIVE,24.78992859824987,93.14445441645191,,block_49_186,0
neg_482,PSEUDO_NEGATIVE,27.183459422078908,93.92492659753161,,block_54_187,0
neg_483,PSEUDO_NEGATIVE,25.672295821597505,89.95232345215318,,block_51_179,0
neg_484,PSEUDO_NEGATIVE,28.79228833645042,95.85118235347447,,block_57_191,0
neg_485,PSEUDO_NEGATIVE,22.584628319177025,92.8100302614678,,block_45_185,0
neg_486,PSEUDO_NEGATIVE,23.289807594307682,91.76730863423909,,block_46_183,0
neg_487,PSEUDO_NEGATIVE,27.97923313681202,94.09915694839928,,block_55_188,0
neg_488,PSEUDO_NEGATIVE,25.061810646394814,93.55305284810919,,block_50_187,0
neg_489,PSEUDO_NEGATIVE,27.99721235874273,94.37689548074253,,block_55_188,0
neg_490,PSEUDO_NEGATIVE,23.277580260083496,91.56965732368934,,block_46_183,0
neg_491,PSEUDO_NEGATIVE,27.101927413699194,95.88224287954286,,block_54_191,0
neg_492,PSEUDO_NEGATIVE,27.254718141252734,94.37253185758955,,block_54_188,0
neg_493,PSEUDO_NEGATIVE,27.73321825900332,93.42050067635977,,block_55_186,0
neg_494,PSEUDO_NEGATIVE,25.875584131707523,94.58545373239701,,block_51_189,0
neg_495,PSEUDO_NEGATIVE,23.789185160865376,91.25004518210054,,block_47_182,0
neg_496,PSEUDO_NEGATIVE,28.276650961346384,93.24843582500057,,block_56_186,0
neg_497,PSEUDO_NEGATIVE,28.351226368297606,96.00758882359303,,block_56_192,0
neg_498,PSEUDO_NEGATIVE,25.636524504697448,90.26438307695398,,block_51_180,0
neg_499,PSEUDO_NEGATIVE,26.604902768472506,90.8632208061743,,block_53_181,0
neg_500,PSEUDO_NEGATIVE,25.763366826427934,89.94440173918905,,block_51_179,0
neg_501,PSEUDO_NEGATIVE,26.157146422806118,93.8257249149646,,block_52_187,0
neg_502,PSEUDO_NEGATIVE,25.495815976311274,94.17737174045271,,block_50_188,0
neg_503,PSEUDO_NEGATIVE,28.264743404897132,93.53482441424028,,block_56_187,0
neg_504,PSEUDO_NEGATIVE,27.76830331964294,92.23474321141427,,block_55_184,0
neg_505,PSEUDO_NEGATIVE,22.923233709672807,92.68898923576455,,block_45_185,0
neg_506,PSEUDO_NEGATIVE,29.00834293432056,95.88487144038181,,block_58_191,0
neg_507,PSEUDO_NEGATIVE,25.57028292287304,92.77832925127571,,block_51_185,0
neg_508,PSEUDO_NEGATIVE,25.73123690708405,91.61582880419083,,block_51_183,0
neg_509,PSEUDO_NEGATIVE,25.036865593337907,94.58013427803299,,block_50_189,0
neg_510,PSEUDO_NEGATIVE,27.231356759096126,96.09065093361409,,block_54_192,0
neg_511,PSEUDO_NEGATIVE,26.707632962255204,89.88835737385824,,block_53_179,0
neg_512,PSEUDO_NEGATIVE,26.643673677960948,90.73144725750495,,block_53_181,0
neg_513,PSEUDO_NEGATIVE,24.524231214829214,94.32031290268239,,block_49_188,0
neg_514,PSEUDO_NEGATIVE,25.550811410168762,93.36399902597914,,block_51_186,0
neg_515,PSEUDO_NEGATIVE,27.58380229766206,95.90905944271897,,block_55_191,0
neg_516,PSEUDO_NEGATIVE,28.043116322882888,92.91366187036651,,block_56_185,0
neg_517,PSEUDO_NEGATIVE,28.279301789935303,94.4915915934217,,block_56_188,0
neg_518,PSEUDO_NEGATIVE,27.520142849313658,96.12950996092327,,block_55_192,0
neg_519,PSEUDO_NEGATIVE,27.54233679263374,93.27594319623363,,block_55_186,0
neg_520,PSEUDO_NEGATIVE,27.83502918585673,96.17911006782056,,block_55_192,0
neg_521,PSEUDO_NEGATIVE,28.2078744628591,96.56797194449315,,block_56_193,0
neg_522,PSEUDO_NEGATIVE,27.255180923585186,94.08774442417001,,block_54_188,0
neg_523,PSEUDO_NEGATIVE,27.63881855958498,93.13818228499167,,block_55_186,0
neg_524,PSEUDO_NEGATIVE,25.80523608108676,91.54566333429487,,block_51_183,0
neg_525,PSEUDO_NEGATIVE,25.15665938944558,93.23202703359613,,block_50_186,0
neg_526,PSEUDO_NEGATIVE,26.578625938354907,94.22176798307044,,block_53_188,0
neg_527,PSEUDO_NEGATIVE,25.628187152767943,93.38316371121634,,block_51_186,0
neg_528,PSEUDO_NEGATIVE,25.739066663468,91.90975369144196,,block_51_183,0
neg_529,PSEUDO_NEGATIVE,28.160031847031537,97.22265205758379,,block_56_194,0
neg_530,PSEUDO_NEGATIVE,26.564128337662037,93.83863795766216,,block_53_187,0
neg_531,PSEUDO_NEGATIVE,29.187615802161893,94.41598279122417,,block_58_188,0
neg_532,PSEUDO_NEGATIVE,26.005803578363466,90.65859254622634,,block_52_181,0
neg_533,PSEUDO_NEGATIVE,28.8261530423775,95.72782520385569,,block_57_191,0
neg_534,PSEUDO_NEGATIVE,27.779225224406503,96.13053804369873,,block_55_192,0
neg_535,PSEUDO_NEGATIVE,25.390111787976316,91.1181245293925,,block_50_182,0
neg_536,PSEUDO_NEGATIVE,27.936032381016766,93.24599152998742,,block_55_186,0
neg_537,PSEUDO_NEGATIVE,26.269713436397215,90.13986896845158,,block_52_180,0
neg_538,PSEUDO_NEGATIVE,23.865724488332933,91.64750647426085,,block_47_183,0
neg_539,PSEUDO_NEGATIVE,26.689651211155986,92.07043532560915,,block_53_184,0
neg_540,PSEUDO_NEGATIVE,26.599455127720574,95.10602960893468,,block_53_190,0
neg_541,PSEUDO_NEGATIVE,26.350620901181756,94.58829109500023,,block_52_189,0
neg_542,PSEUDO_NEGATIVE,27.716084231755516,92.11415580500132,,block_55_184,0
neg_543,PSEUDO_NEGATIVE,24.902860762537493,94.21079775012807,,block_49_188,0
neg_544,PSEUDO_NEGATIVE,25.50230634799643,93.01459697981728,,block_51_186,0
neg_545,PSEUDO_NEGATIVE,27.96088305753434,93.12981000522373,,block_55_186,0
neg_546,PSEUDO_NEGATIVE,27.94213012896669,94.85565102018894,,block_55_189,0
neg_547,PSEUDO_NEGATIVE,26.10678382700852,93.21765560901846,,block_52_186,0
neg_548,PSEUDO_NEGATIVE,26.43457714464531,93.04922925641193,,block_52_186,0
neg_549,PSEUDO_NEGATIVE,27.58705405916923,96.49333593416074,,block_55_192,0
neg_550,PSEUDO_NEGATIVE,26.809079427056666,92.81799532874732,,block_53_185,0
neg_551,PSEUDO_NEGATIVE,28.377108571032814,96.00304459079946,,block_56_192,0
neg_552,PSEUDO_NEGATIVE,25.405615548040913,93.16684733098417,,block_50_186,0
neg_553,PSEUDO_NEGATIVE,25.602647117016488,91.1099987578176,,block_51_182,0
neg_554,PSEUDO_NEGATIVE,25.324909434433504,93.79361884443887,,block_50_187,0
neg_555,PSEUDO_NEGATIVE,24.223133719491077,93.49119736874486,,block_48_186,0
neg_556,PSEUDO_NEGATIVE,26.198195260078833,91.42623829537912,,block_52_182,0
neg_557,PSEUDO_NEGATIVE,24.3041320121721,92.02608949382017,,block_48_184,0
neg_558,PSEUDO_NEGATIVE,25.99349708179297,90.47440571557968,,block_51_180,0
neg_559,PSEUDO_NEGATIVE,26.32236772775386,91.80826399498048,,block_52_183,0
neg_560,PSEUDO_NEGATIVE,26.0921143887988,93.10861164483032,,block_52_186,0
neg_561,PSEUDO_NEGATIVE,25.43172868049544,92.79787273743159,,block_50_185,0
neg_562,PSEUDO_NEGATIVE,24.915567198137776,92.72037233486445,,block_49_185,0
neg_563,PSEUDO_NEGATIVE,28.02970443265203,93.77193817966521,,block_56_187,0
neg_564,PSEUDO_NEGATIVE,23.1604109954444,92.83288479685399,,block_46_185,0
neg_565,PSEUDO_NEGATIVE,25.574625959528476,91.37267806515058,,block_51_182,0
neg_566,PSEUDO_NEGATIVE,25.46952414047759,92.27364842807195,,block_50_184,0
neg_567,PSEUDO_NEGATIVE,25.826638021409934,91.53749054180933,,block_51_183,0
neg_568,PSEUDO_NEGATIVE,25.600147876323735,92.53183484330339,,block_51_185,0
neg_569,PSEUDO_NEGATIVE,26.492003450171218,92.71726765402498,,block_52_185,0
neg_570,PSEUDO_NEGATIVE,28.064911983234495,94.77040319342453,,block_56_189,0
neg_571,PSEUDO_NEGATIVE,25.559526535360092,92.50085764156877,,block_51_185,0
neg_572,PSEUDO_NEGATIVE,26.455117173241465,93.2978842019562,,block_52_186,0
neg_573,PSEUDO_NEGATIVE,23.646584782558726,91.62334169777337,,block_47_183,0
neg_574,PSEUDO_NEGATIVE,27.85739858477464,92.73129455650152,,block_55_185,0
neg_575,PSEUDO_NEGATIVE,22.793124689968256,92.53306479005732,,block_45_185,0
neg_576,PSEUDO_NEGATIVE,28.189165517755757,96.4315081567668,,block_56_192,0
neg_577,PSEUDO_NEGATIVE,27.789015215315302,94.10277831000143,,block_55_188,0
neg_578,PSEUDO_NEGATIVE,25.86753614542781,91.48154803233854,,block_51_182,0
neg_579,PSEUDO_NEGATIVE,22.230130953357257,92.98027527803323,,block_44_185,0
neg_580,PSEUDO_NEGATIVE,26.37676545467317,94.9691039974531,,block_52_189,0
neg_581,PSEUDO_NEGATIVE,27.68769812556094,94.5490514696802,,block_55_189,0
neg_582,PSEUDO_NEGATIVE,25.526273401234505,90.18562117185296,,block_51_180,0
neg_583,PSEUDO_NEGATIVE,27.899610865518948,93.4330791705242,,block_55_186,0
neg_584,PSEUDO_NEGATIVE,26.8745505181043,94.4650073257111,,block_53_188,0
neg_585,PSEUDO_NEGATIVE,27.637786444634735,91.88434468798181,,block_55_183,0
neg_586,PSEUDO_NEGATIVE,24.713618563481518,93.21616674920429,,block_49_186,0
neg_587,PSEUDO_NEGATIVE,27.49194647259504,96.03698987454182,,block_54_192,0
neg_588,PSEUDO_NEGATIVE,26.91054965335914,95.02945343375094,,block_53_190,0
neg_589,PSEUDO_NEGATIVE,25.294121068355665,94.5735275575735,,block_50_189,0
neg_590,PSEUDO_NEGATIVE,26.566138489447024,92.89745210627326,,block_53_185,0
neg_591,PSEUDO_NEGATIVE,27.308204320988256,93.61624209985251,,block_54_187,0
neg_592,PSEUDO_NEGATIVE,29.087440519626618,95.71015010362528,,block_58_191,0
neg_593,PSEUDO_NEGATIVE,26.76621399042904,92.12633725628761,,block_53_184,0
neg_594,PSEUDO_NEGATIVE,25.820183599801496,90.17770714448979,,block_51_180,0
neg_595,PSEUDO_NEGATIVE,23.884417043106737,91.8270654854077,,block_47_183,0
neg_596,PSEUDO_NEGATIVE,28.002361043549914,96.99306788610158,,block_56_193,0
neg_597,PSEUDO_NEGATIVE,28.55845915144731,95.64358508629992,,block_57_191,0
neg_598,PSEUDO_NEGATIVE,26.269193478681707,94.52540349783023,,block_52_189,0
neg_599,PSEUDO_NEGATIVE,27.751750664777134,95.12024887943872,,block_55_190,0
neg_600,PSEUDO_NEGATIVE,25.40147535513029,93.51616926120981,,block_50_187,0
neg_601,PSEUDO_NEGATIVE,27.020104167541785,95.71810208122979,,block_54_191,0
neg_602,PSEUDO_NEGATIVE,25.5218214510786,91.32325650643202,,block_51_182,0
neg_603,PSEUDO_NEGATIVE,29.098097628882435,94.42120870012343,,block_58_188,0
neg_604,PSEUDO_NEGATIVE,27.0361721490616,94.23618633621223,,block_54_188,0
neg_605,PSEUDO_NEGATIVE,25.565419817127985,93.8342742634186,,block_51_187,0
neg_606,PSEUDO_NEGATIVE,28.71719827626904,96.16642705487081,,block_57_192,0
neg_607,PSEUDO_NEGATIVE,23.58790515140658,93.42065275166566,,block_47_186,0
neg_608,PSEUDO_NEGATIVE,25.53523258225153,93.08321868856318,,block_51_186,0
neg_609,PSEUDO_NEGATIVE,25.71881161212471,91.70093907481254,,block_51_183,0
neg_610,PSEUDO_NEGATIVE,25.39653648435287,94.47857916116071,,block_50_188,0
neg_611,PSEUDO_NEGATIVE,26.315662464243793,91.05910027920501,,block_52_182,0
neg_612,PSEUDO_NEGATIVE,26.55711353234946,90.4411872294488,,block_53_180,0
neg_613,PSEUDO_NEGATIVE,26.069081842881833,90.22910803357092,,block_52_180,0
neg_614,PSEUDO_NEGATIVE,25.48222477201226,93.76299000550141,,block_50_187,0
neg_615,PSEUDO_NEGATIVE,24.681023548526642,92.68843815613586,,block_49_185,0
neg_616,PSEUDO_NEGATIVE,23.242215302613058,92.6962195654514,,block_46_185,0
neg_617,PSEUDO_NEGATIVE,26.172252235745006,93.33764448052993,,block_52_186,0
neg_618,PSEUDO_NEGATIVE,25.318896624884818,91.14577146203689,,block_50_182,0
neg_619,PSEUDO_NEGATIVE,24.643311360018924,93.26729032725409,,block_49_186,0
neg_620,PSEUDO_NEGATIVE,27.01626558511986,92.582441196461,,block_54_185,0
neg_621,PSEUDO_NEGATIVE,27.49759885219238,96.36254502189928,,block_54_192,0
neg_622,PSEUDO_NEGATIVE,24.464151155991892,93.93397003826287,,block_48_187,0
neg_623,PSEUDO_NEGATIVE,26.79929662797943,90.54973215270269,,block_53_181,0
neg_624,PSEUDO_NEGATIVE,27.431070364886274,94.22301194940121,,block_54_188,0
neg_625,PSEUDO_NEGATIVE,29.047323763768766,94.58655112719204,,block_58_189,0
neg_626,PSEUDO_NEGATIVE,27.713972428215328,88.78256129307246,,block_55_177,0
neg_627,PSEUDO_NEGATIVE,24.059732128441475,93.88891843548619,,block_48_187,0
neg_628,PSEUDO_NEGATIVE,26.00843962658135,90.56069561955576,,block_52_181,0
neg_629,PSEUDO_NEGATIVE,26.44163991115786,93.93184671282596,,block_52_187,0
neg_630,PSEUDO_NEGATIVE,26.73246863683635,93.30145417518011,,block_53_186,0
neg_631,PSEUDO_NEGATIVE,25.171308380846174,90.75347256222244,,block_50_181,0
neg_632,PSEUDO_NEGATIVE,23.898650093391492,91.96905019788471,,block_47_183,0
neg_633,PSEUDO_NEGATIVE,28.815653466138563,95.59120444001921,,block_57_191,0
neg_634,PSEUDO_NEGATIVE,27.546244380196754,95.60280130153096,,block_55_191,0
neg_635,PSEUDO_NEGATIVE,26.740384592567434,93.80665649068365,,block_53_187,0
neg_636,PSEUDO_NEGATIVE,23.968219391432342,93.8538855345902,,block_47_187,0
neg_637,PSEUDO_NEGATIVE,23.04519607210091,92.63964780004001,,block_46_185,0
neg_638,PSEUDO_NEGATIVE,27.79496212141518,88.67101613064114,,block_55_177,0
neg_639,PSEUDO_NEGATIVE,28.295698588345974,95.68215680559597,,block_56_191,0
neg_640,PSEUDO_NEGATIVE,27.761312531007743,92.16383285614344,,block_55_184,0
neg_641,PSEUDO_NEGATIVE,27.505904495406664,88.31499674076059,,block_55_176,0
neg_642,PSEUDO_NEGATIVE,25.51205715858854,93.60439546895716,,block_51_187,0
neg_643,PSEUDO_NEGATIVE,27.230093864174822,95.43978269703301,,block_54_190,0
neg_644,PSEUDO_NEGATIVE,27.650901176330557,95.57193853991392,,block_55_191,0
neg_645,PSEUDO_NEGATIVE,25.5882962120351,92.11250003915156,,block_51_184,0
neg_646,PSEUDO_NEGATIVE,26.748998074570885,91.56300955486583,,block_53_183,0
neg_647,PSEUDO_NEGATIVE,28.41190259134003,95.29455573730063,,block_56_190,0
neg_648,PSEUDO_NEGATIVE,26.90299957208663,93.06619130297801,,block_53_186,0
neg_649,PSEUDO_NEGATIVE,24.84493038537359,92.92625582681825,,block_49_185,0
neg_650,PSEUDO_NEGATIVE,25.681373612728557,93.18379738814262,,block_51_186,0
neg_651,PSEUDO_NEGATIVE,26.559098241864003,91.03244037518027,,block_53_182,0
neg_652,PSEUDO_NEGATIVE,26.90020156296576,92.94272080857547,,block_53_185,0
neg_653,PSEUDO_NEGATIVE,27.987751612482718,88.57058176988889,,block_55_177,0
neg_654,PSEUDO_NEGATIVE,27.28409676583916,95.74224388300757,,block_54_191,0
neg_655,PSEUDO_NEGATIVE,25.899059365632098,90.33837247310773,,block_51_180,0
neg_656,PSEUDO_NEGATIVE,24.62052158062267,92.31197356882672,,block_49_184,0
neg_657,PSEUDO_NEGATIVE,25.266892491986987,91.31184630754112,,block_50_182,0
neg_658,PSEUDO_NEGATIVE,27.70780119607322,92.04752788369251,,block_55_184,0
neg_659,PSEUDO_NEGATIVE,27.41659439547529,93.71908568041617,,block_54_187,0
neg_660,PSEUDO_NEGATIVE,26.17989974131256,90.01092447881098,,block_52_180,0
neg_661,PSEUDO_NEGATIVE,27.719382469220562,96.70578107237098,,block_55_193,0
neg_662,PSEUDO_NEGATIVE,26.42779748234077,92.86552797309909,,block_52_185,0
neg_663,PSEUDO_NEGATIVE,28.14674341059807,94.48336032874862,,block_56_188,0
neg_664,PSEUDO_NEGATIVE,23.997274239251404,93.20443364088202,,block_47_186,0
neg_665,PSEUDO_NEGATIVE,24.689829986998085,93.47226363978278,,block_49_186,0
neg_666,PSEUDO_NEGATIVE,28.875901705417956,94.90209996644926,,block_57_189,0
neg_667,PSEUDO_NEGATIVE,27.399212003258313,95.45329942655424,,block_54_190,0
neg_668,PSEUDO_NEGATIVE,27.140922767979234,93.41658514070096,,block_54_186,0
neg_669,PSEUDO_NEGATIVE,26.861121792018665,93.66163536257551,,block_53_187,0
neg_670,PSEUDO_NEGATIVE,22.21298511644308,93.0753394567235,,block_44_186,0
neg_671,PSEUDO_NEGATIVE,25.2866833934306,93.5942425981715,,block_50_187,0
neg_672,PSEUDO_NEGATIVE,25.735943030451462,90.08760490462329,,block_51_180,0
neg_673,PSEUDO_NEGATIVE,24.10235102159082,91.70663059645382,,block_48_183,0
neg_674,PSEUDO_NEGATIVE,26.150650947582907,92.58589433816073,,block_52_185,0
neg_675,PSEUDO_NEGATIVE,26.581575965715935,94.91527688896603,,block_53_189,0
neg_676,PSEUDO_NEGATIVE,23.417607623403743,91.51391542901335,,block_46_183,0
neg_677,PSEUDO_NEGATIVE,27.65877674770727,96.01598296468448,,block_55_192,0
neg_678,PSEUDO_NEGATIVE,28.502517872501762,95.70925919044197,,block_57_191,0
neg_679,PSEUDO_NEGATIVE,25.988841480093093,89.91573271704009,,block_51_179,0
neg_680,PSEUDO_NEGATIVE,25.876820699145636,90.43138523220063,,block_51_180,0
neg_681,PSEUDO_NEGATIVE,27.897832558256408,93.80886889807914,,block_55_187,0
neg_682,PSEUDO_NEGATIVE,25.923556765298912,91.13555456552929,,block_51_182,0
neg_683,PSEUDO_NEGATIVE,26.65175537390768,90.2203247976478,,block_53_180,0
neg_684,PSEUDO_NEGATIVE,28.070385736758066,93.88244821892818,,block_56_187,0
neg_685,PSEUDO_NEGATIVE,28.57794728385282,96.36977960914037,,block_57_192,0
neg_686,PSEUDO_NEGATIVE,26.11753907213572,90.63382213950513,,block_52_181,0
neg_687,PSEUDO_NEGATIVE,26.554607789460803,93.87993124465137,,block_53_187,0
neg_688,PSEUDO_NEGATIVE,26.020976509164782,89.94351838181349,,block_52_179,0
neg_689,PSEUDO_NEGATIVE,22.953181603668877,93.08872597239954,,block_45_186,0
neg_690,PSEUDO_NEGATIVE,27.98079844964711,96.10832401885264,,block_55_192,0
neg_691,PSEUDO_NEGATIVE,28.585249724283617,94.8345476126458,,block_57_189,0
neg_692,PSEUDO_NEGATIVE,27.717306095525807,96.27323986102061,,block_55_192,0
neg_693,PSEUDO_NEGATIVE,27.694600876370536,93.75262701808883,,block_55_187,0
neg_694,PSEUDO_NEGATIVE,27.129873763968643,92.48006086841535,,block_54_184,0
neg_695,PSEUDO_NEGATIVE,25.717666864623506,93.68429054026586,,block_51_187,0
neg_696,PSEUDO_NEGATIVE,29.390770060856397,96.15101262480287,,block_58_192,0
neg_697,PSEUDO_NEGATIVE,25.377341463757013,90.31976810409891,,block_50_180,0
neg_698,PSEUDO_NEGATIVE,24.27802093472738,93.74814582189849,,block_48_187,0
neg_699,PSEUDO_NEGATIVE,27.54275569578038,93.58177453309222,,block_55_187,0
neg_700,PSEUDO_NEGATIVE,27.880590953623436,92.89410145750324,,block_55_185,0
neg_701,PSEUDO_NEGATIVE,25.84214015966509,91.71874524837739,,block_51_183,0
neg_702,PSEUDO_NEGATIVE,27.487292619782032,93.24238892824606,,block_54_186,0
neg_703,PSEUDO_NEGATIVE,25.82256279152047,93.92809639907158,,block_51_187,0
neg_704,PSEUDO_NEGATIVE,25.110712586623354,93.76346222489259,,block_50_187,0
neg_705,PSEUDO_NEGATIVE,22.314554667798,92.8595147125017,,block_44_185,0
neg_706,PSEUDO_NEGATIVE,29.02760267851422,94.54347293329408,,block_58_189,0
neg_707,PSEUDO_NEGATIVE,26.38639761220137,94.69876327827924,,block_52_189,0
neg_708,PSEUDO_NEGATIVE,28.79443471884109,95.48697049127179,,block_57_190,0
neg_709,PSEUDO_NEGATIVE,24.658369757595132,92.92388267702181,,block_49_185,0
neg_710,PSEUDO_NEGATIVE,27.738778460761353,96.57517612092805,,block_55_193,0
neg_711,PSEUDO_NEGATIVE,27.741591209943163,92.19482740100128,,block_55_184,0
neg_712,PSEUDO_NEGATIVE,26.631458492703796,90.37924316610957,,block_53_180,0
neg_713,PSEUDO_NEGATIVE,26.37535368660075,92.47169270414965,,block_52_184,0
neg_714,PSEUDO_NEGATIVE,26.460775992646475,90.30030381152315,,block_52_180,0
neg_715,PSEUDO_NEGATIVE,26.05979623283191,93.82580076537411,,block_52_187,0
neg_716,PSEUDO_NEGATIVE,28.389102582979827,94.26976750369424,,block_56_188,0
neg_717,PSEUDO_NEGATIVE,27.155503497413065,93.59270847126437,,block_54_187,0
neg_718,PSEUDO_NEGATIVE,25.36056749295402,93.44228314895759,,block_50_186,0
neg_719,PSEUDO_NEGATIVE,25.90560077387512,92.93167436698486,,block_51_185,0
neg_720,PSEUDO_NEGATIVE,27.188304179823305,93.75330520232718,,block_54_187,0
neg_721,PSEUDO_NEGATIVE,25.575838672391797,94.47335021559084,,block_51_188,0
neg_722,PSEUDO_NEGATIVE,24.082623508912377,93.72313930518405,,block_48_187,0
neg_723,PSEUDO_NEGATIVE,24.305313044588388,92.93867751811699,,block_48_185,0
neg_724,PSEUDO_NEGATIVE,26.531483758752678,94.6607184345319,,block_53_189,0
neg_725,PSEUDO_NEGATIVE,26.15915783737548,93.99253330972773,,block_52_187,0
neg_726,PSEUDO_NEGATIVE,24.239071374253616,92.7628824947025,,block_48_185,0
neg_727,PSEUDO_NEGATIVE,27.40541448536369,93.79033742416695,,block_54_187,0
neg_728,PSEUDO_NEGATIVE,27.959133317099827,94.06913087424701,,block_55_188,0
neg_729,PSEUDO_NEGATIVE,25.55936597571474,93.89568458445228,,block_51_187,0
neg_730,PSEUDO_NEGATIVE,25.97272961543694,89.957667219844,,block_51_179,0
neg_731,PSEUDO_NEGATIVE,27.10974908263286,95.51563213476653,,block_54_191,0
neg_732,PSEUDO_NEGATIVE,26.239460472786703,91.66192297459664,,block_52_183,0
neg_733,PSEUDO_NEGATIVE,27.611705585889062,94.62950213002789,,block_55_189,0
neg_734,PSEUDO_NEGATIVE,25.045408715752238,92.67231168332889,,block_50_185,0
neg_735,PSEUDO_NEGATIVE,27.865574272604302,95.31122967973147,,block_55_190,0
neg_736,PSEUDO_NEGATIVE,28.919639435964722,94.88494602750588,,block_57_189,0
neg_737,PSEUDO_NEGATIVE,28.14825273651837,96.81742415913774,,block_56_193,0
neg_738,PSEUDO_NEGATIVE,27.406736805124574,92.31806305977203,,block_54_184,0
neg_739,PSEUDO_NEGATIVE,27.32394816706,92.91004180825396,,block_54_185,0
neg_740,PSEUDO_NEGATIVE,27.121597713572847,93.58630325939973,,block_54_187,0
neg_741,PSEUDO_NEGATIVE,22.250662252184608,92.89343049378763,,block_44_185,0
neg_742,PSEUDO_NEGATIVE,26.28945474151189,90.93414324525891,,block_52_181,0
neg_743,PSEUDO_NEGATIVE,24.325538407811386,92.14648685387199,,block_48_184,0
neg_744,PSEUDO_NEGATIVE,26.63438171634939,92.83217022241897,,block_53_185,0
neg_745,PSEUDO_NEGATIVE,23.46998808475746,91.29299049648671,,block_46_182,0
neg_746,PSEUDO_NEGATIVE,26.560797914721427,91.1841455897795,,block_53_182,0
neg_747,PSEUDO_NEGATIVE,25.477590400464997,94.34966181571995,,block_50_188,0
neg_748,PSEUDO_NEGATIVE,26.430522355241305,93.57190850464274,,block_52_187,0
neg_749,PSEUDO_NEGATIVE,28.254925468898932,94.57403569959746,,block_56_189,0
neg_750,PSEUDO_NEGATIVE,26.58399656640548,90.93694212081971,,block_53_181,0
neg_751,PSEUDO_NEGATIVE,28.11255904067992,94.70124763644475,,block_56_189,0
neg_752,PSEUDO_NEGATIVE,26.99861401729791,93.0147583316142,,block_53_186,0
neg_753,PSEUDO_NEGATIVE,28.07766773475605,96.64507699584092,,block_56_193,0
neg_754,PSEUDO_NEGATIVE,25.45889688088893,92.28249120501937,,block_50_184,0
neg_755,PSEUDO_NEGATIVE,27.102032608520844,94.67602947954117,,block_54_189,0
neg_756,PSEUDO_NEGATIVE,25.43701388818136,90.17792560835193,,block_50_180,0
neg_757,PSEUDO_NEGATIVE,26.95537270091841,95.41451983967008,,block_53_190,0
neg_758,PSEUDO_NEGATIVE,24.57095023719784,92.33567182682606,,block_49_184,0
neg_759,PSEUDO_NEGATIVE,26.835830737196076,95.44885083168678,,block_53_190,0
neg_760,PSEUDO_NEGATIVE,25.948866301055318,91.76767486297368,,block_51_183,0
neg_761,PSEUDO_NEGATIVE,25.042158483066945,93.8362234852515,,block_50_187,0
neg_762,PSEUDO_NEGATIVE,28.08575935717564,93.55511987099645,,block_56_187,0
neg_763,PSEUDO_NEGATIVE,27.883683456485915,93.11855267379323,,block_55_186,0
neg_764,PSEUDO_NEGATIVE,26.26383101015751,92.57432488109644,,block_52_185,0
neg_765,PSEUDO_NEGATIVE,26.4004398266239,92.3513392825317,,block_52_184,0
neg_766,PSEUDO_NEGATIVE,28.08690707186372,95.25062776138438,,block_56_190,0
neg_767,PSEUDO_NEGATIVE,24.77972370153891,92.64637438552751,,block_49_185,0
neg_768,PSEUDO_NEGATIVE,28.10945528340166,96.34025844379677,,block_56_192,0
neg_769,PSEUDO_NEGATIVE,23.034044881482462,92.99380471810797,,block_46_185,0
neg_770,PSEUDO_NEGATIVE,24.86386821775398,93.43255530002193,,block_49_186,0
neg_771,PSEUDO_NEGATIVE,24.706093991161698,93.15952028407347,,block_49_186,0
neg_772,PSEUDO_NEGATIVE,28.445483581310437,96.1373885862018,,block_56_192,0
neg_773,PSEUDO_NEGATIVE,26.042902788558916,94.22738306693773,,block_52_188,0
neg_774,PSEUDO_NEGATIVE,25.598930160703084,92.10531008813355,,block_51_184,0
neg_775,PSEUDO_NEGATIVE,26.781046036818296,91.90904138300893,,block_53_183,0
neg_776,PSEUDO_NEGATIVE,26.493664296495645,92.00161920680505,,block_52_184,0
neg_777,PSEUDO_NEGATIVE,23.26646006594149,92.7885001956431,,block_46_185,0
neg_778,PSEUDO_NEGATIVE,26.09558023089575,92.2304302127385,,block_52_184,0
neg_779,PSEUDO_NEGATIVE,26.49475675565353,93.43262190731373,,block_52_186,0
neg_780,PSEUDO_NEGATIVE,25.713138917433493,91.86187544844826,,block_51_183,0
neg_781,PSEUDO_NEGATIVE,26.050863578768656,91.44951823737131,,block_52_182,0
neg_782,PSEUDO_NEGATIVE,25.559650106051613,94.4906742897078,,block_51_188,0
neg_783,PSEUDO_NEGATIVE,27.81680621267821,92.4073668172056,,block_55_184,0
neg_784,PSEUDO_NEGATIVE,25.79623963896944,92.41078448590096,,block_51_184,0
neg_785,PSEUDO_NEGATIVE,27.47699056058754,91.95755140719858,,block_54_183,0
neg_786,PSEUDO_NEGATIVE,28.913770322069805,95.04459762616654,,block_57_190,0
neg_787,PSEUDO_NEGATIVE,27.424985027061133,93.29883896893386,,block_54_186,0
neg_788,PSEUDO_NEGATIVE,26.644809241648506,90.696067151105,,block_53_181,0
neg_789,PSEUDO_NEGATIVE,22.527077267794624,92.7526034274884,,block_45_185,0
neg_790,PSEUDO_NEGATIVE,24.522575467920866,94.03725431476025,,block_49_188,0
neg_791,PSEUDO_NEGATIVE,23.17376301531876,91.7482011458023,,block_46_183,0
neg_792,PSEUDO_NEGATIVE,27.618451683302894,93.00569582429839,,block_55_186,0
neg_793,PSEUDO_NEGATIVE,28.87711932477132,96.06854332806432,,block_57_192,0
neg_794,PSEUDO_NEGATIVE,27.59309092937154,94.90254648414079,,block_55_189,0
neg_795,PSEUDO_NEGATIVE,26.374304612396504,89.83230143552684,,block_52_179,0
neg_796,PSEUDO_NEGATIVE,23.267366558170696,93.14755802079613,,block_46_186,0
neg_797,PSEUDO_NEGATIVE,28.70961239071505,94.53914415636713,,block_57_189,0
neg_798,PSEUDO_NEGATIVE,23.825351615538608,92.38938242650399,,block_47_184,0
neg_799,PSEUDO_NEGATIVE,25.248368729110272,92.62218479220992,,block_50_185,0
neg_800,PSEUDO_NEGATIVE,28.835830093592563,94.72476298685793,,block_57_189,0
neg_801,PSEUDO_NEGATIVE,26.24221865482139,90.35560569246135,,block_52_180,0
neg_802,PSEUDO_NEGATIVE,28.98999229883813,94.247294863094,,block_57_188,0
neg_803,PSEUDO_NEGATIVE,25.629163849606062,92.09894207415566,,block_51_184,0
neg_804,PSEUDO_NEGATIVE,28.314773567997157,95.34080814745569,,block_56_190,0
neg_805,PSEUDO_NEGATIVE,27.868900958692713,93.07720993997873,,block_55_186,0
neg_806,PSEUDO_NEGATIVE,24.627779282138807,94.40925591473717,,block_49_188,0
neg_807,PSEUDO_NEGATIVE,24.944672468449767,93.9433617500361,,block_49_187,0
neg_808,PSEUDO_NEGATIVE,27.725461481539053,94.08925017497937,,block_55_188,0
neg_809,PSEUDO_NEGATIVE,26.692689636611966,91.37705454210291,,block_53_182,0
neg_810,PSEUDO_NEGATIVE,26.406385256443073,92.59878597449075,,block_52_185,0
neg_811,PSEUDO_NEGATIVE,22.378743994420898,93.08118924385333,,block_44_186,0
neg_812,PSEUDO_NEGATIVE,24.238754685205215,93.01903643958693,,block_48_186,0
neg_813,PSEUDO_NEGATIVE,28.033988164136257,94.27277433214579,,block_56_188,0
neg_814,PSEUDO_NEGATIVE,25.383614772146064,94.3739315403989,,block_50_188,0
neg_815,PSEUDO_NEGATIVE,26.86911960352122,92.42946457659812,,block_53_184,0
neg_816,PSEUDO_NEGATIVE,28.067559826022453,97.23261187625324,,block_56_194,0
neg_817,PSEUDO_NEGATIVE,27.92757269159378,95.18374209425237,,block_55_190,0
neg_818,PSEUDO_NEGATIVE,26.40744792311044,91.15373504008566,,block_52_182,0
neg_819,PSEUDO_NEGATIVE,26.76267534836544,92.91701652283922,,block_53_185,0
neg_820,PSEUDO_NEGATIVE,23.268003549059557,92.6989437680935,,block_46_185,0
neg_821,PSEUDO_NEGATIVE,27.684574618187128,93.07339456804755,,block_55_186,0
neg_822,PSEUDO_NEGATIVE,28.019167926643824,95.1290353958278,,block_56_190,0
neg_823,PSEUDO_NEGATIVE,27.382663412247886,93.57144262529732,,block_54_187,0
neg_824,PSEUDO_NEGATIVE,23.57703696309645,92.42730844244262,,block_47_184,0
neg_825,PSEUDO_NEGATIVE,25.35793063158737,91.64090485655338,,block_50_183,0
neg_826,PSEUDO_NEGATIVE,26.748794025488024,93.74836405003394,,block_53_187,0
neg_827,PSEUDO_NEGATIVE,27.44813493530183,94.9200812757196,,block_54_189,0
neg_828,PSEUDO_NEGATIVE,23.727887343104893,93.24977748452827,,block_47_186,0
neg_829,PSEUDO_NEGATIVE,28.420208045355185,95.02449494813685,,block_56_190,0
neg_830,PSEUDO_NEGATIVE,27.76594605932788,96.21747095740936,,block_55_192,0
neg_831,PSEUDO_NEGATIVE,24.71519550058069,92.36438040149719,,block_49_184,0
neg_832,PSEUDO_NEGATIVE,27.938038524793928,95.4043033349205,,block_55_190,0
neg_833,PSEUDO_NEGATIVE,29.084448946386807,94.34173788593345,,block_58_188,0
neg_834,PSEUDO_NEGATIVE,24.678490527992558,93.81985443371698,,block_49_187,0
neg_835,PSEUDO_NEGATIVE,22.763038359080937,92.49783857115636,,block_45_184,0
neg_836,PSEUDO_NEGATIVE,25.595324479125594,92.95081643162565,,block_51_185,0
neg_837,PSEUDO_NEGATIVE,27.055143018609883,93.00884137343498,,block_54_186,0
neg_838,PSEUDO_NEGATIVE,24.121209083758558,93.83694191769192,,block_48_187,0
neg_839,PSEUDO_NEGATIVE,27.97926939068086,96.88643402990921,,block_55_193,0
neg_840,PSEUDO_NEGATIVE,28.04684866244675,96.8442333378004,,block_56_193,0
neg_841,PSEUDO_NEGATIVE,25.857226059108942,93.89639625410206,,block_51_187,0
neg_842,PSEUDO_NEGATIVE,26.799507437293737,91.869902257918,,block_53_183,0
neg_843,PSEUDO_NEGATIVE,24.505222837506082,94.07288152870647,,block_49_188,0
neg_844,PSEUDO_NEGATIVE,24.37992874454504,93.57755819752097,,block_48_187,0
neg_845,PSEUDO_NEGATIVE,27.19616321347105,95.9139339816243,,block_54_191,0
neg_846,PSEUDO_NEGATIVE,25.283947907990616,90.85837397971873,,block_50_181,0
neg_847,PSEUDO_NEGATIVE,27.75009800214994,88.44479800309524,,block_55_176,0
neg_848,PSEUDO_NEGATIVE,24.583718804726775,92.2857094495625,,block_49_184,0
neg_849,PSEUDO_NEGATIVE,29.296366278325998,95.88971776259129,,block_58_191,0
neg_850,PSEUDO_NEGATIVE,27.16573044416163,94.2637460803084,,block_54_188,0
neg_851,PSEUDO_NEGATIVE,25.501721119950925,90.72437551702777,,block_51_181,0
neg_852,PSEUDO_NEGATIVE,25.260002060040843,94.47798162591283,,block_50_188,0
neg_853,PSEUDO_NEGATIVE,27.46046796173049,96.46164000911088,,block_54_192,0
neg_854,PSEUDO_NEGATIVE,26.773976161205304,93.48425555041788,,block_53_186,0
neg_855,PSEUDO_NEGATIVE,25.991933435617614,92.18730597022471,,block_51_184,0
neg_856,PSEUDO_NEGATIVE,27.43168551286546,92.17567140437932,,block_54_184,0
neg_857,PSEUDO_NEGATIVE,23.479156809334132,92.46136342205699,,block_46_184,0
neg_858,PSEUDO_NEGATIVE,25.050306505927345,93.22465014266913,,block_50_186,0
neg_859,PSEUDO_NEGATIVE,27.29787725147727,95.09929122924655,,block_54_190,0
neg_860,PSEUDO_NEGATIVE,26.15053603070159,92.35644724153347,,block_52_184,0
neg_861,PSEUDO_NEGATIVE,25.070391468429783,92.62373313102019,,block_50_185,0
neg_862,PSEUDO_NEGATIVE,27.566298359255285,93.46201823887652,,block_55_186,0
neg_863,PSEUDO_NEGATIVE,26.67276996085746,92.47478270499433,,block_53_184,0
neg_864,PSEUDO_NEGATIVE,25.795196607488954,93.40747865412328,,block_51_186,0
neg_865,PSEUDO_NEGATIVE,27.619976649211594,93.11089595133443,,block_55_186,0
neg_866,PSEUDO_NEGATIVE,28.530567821884148,95.77212676810437,,block_57_191,0
neg_867,PSEUDO_NEGATIVE,27.109372267906018,94.47045843457963,,block_54_188,0
neg_868,PSEUDO_NEGATIVE,25.838097671708276,91.50633343399163,,block_51_183,0
neg_869,PSEUDO_NEGATIVE,25.89496146760978,93.00169914437788,,block_51_186,0
neg_870,PSEUDO_NEGATIVE,26.08845749599645,95.10928339022588,,block_52_190,0
neg_871,PSEUDO_NEGATIVE,28.109494144907057,96.36342802258781,,block_56_192,0
neg_872,PSEUDO_NEGATIVE,27.858625895150666,88.73071179670677,,block_55_177,0
neg_873,PSEUDO_NEGATIVE,27.78766154110683,95.1189399231503,,block_55_190,0
neg_874,PSEUDO_NEGATIVE,27.92721938054558,92.82670440953864,,block_55_185,0
neg_875,PSEUDO_NEGATIVE,26.97365681885235,95.09277255167912,,block_53_190,0
neg_876,PSEUDO_NEGATIVE,27.846018187260857,96.64892186564836,,block_55_193,0
neg_877,PSEUDO_NEGATIVE,25.704821556315544,94.84840844096088,,block_51_189,0
neg_878,PSEUDO_NEGATIVE,23.526516936686832,92.73943555505716,,block_47_185,0
neg_879,PSEUDO_NEGATIVE,26.379292340628474,92.13285879441456,,block_52_184,0
neg_880,PSEUDO_NEGATIVE,27.255954955450157,93.2370419546074,,block_54_186,0
neg_881,PSEUDO_NEGATIVE,26.462960264048917,90.932864961462,,block_52_181,0
neg_882,PSEUDO_NEGATIVE,26.109760772402172,90.7315396551687,,block_52_181,0
neg_883,PSEUDO_NEGATIVE,25.229243463070944,94.19035367488321,,block_50_188,0
neg_884,PSEUDO_NEGATIVE,24.94474458755763,93.55123798392091,,block_49_187,0
neg_885,PSEUDO_NEGATIVE,27.32255293593845,93.47003506556385,,block_54_186,0
neg_886,PSEUDO_NEGATIVE,26.793116953734387,91.76221397181835,,block_53_183,0
neg_887,PSEUDO_NEGATIVE,24.973771353849592,92.55460887705756,,block_49_185,0
neg_888,PSEUDO_NEGATIVE,27.612234073516813,95.21517782082083,,block_55_190,0
neg_889,PSEUDO_NEGATIVE,26.931908573091274,92.60835338641012,,block_53_185,0
neg_890,PSEUDO_NEGATIVE,24.760157878424426,92.32076864494549,,block_49_184,0
neg_891,PSEUDO_NEGATIVE,27.26604994868857,92.6199083212644,,block_54_185,0
neg_892,PSEUDO_NEGATIVE,27.03018680906451,94.20473873917437,,block_54_188,0
neg_893,PSEUDO_NEGATIVE,27.108843670035764,93.37877619427661,,block_54_186,0
neg_894,PSEUDO_NEGATIVE,25.75080637055339,91.67901730444935,,block_51_183,0
neg_895,PSEUDO_NEGATIVE,26.588741540471517,91.31597944054623,,block_53_182,0
neg_896,PSEUDO_NEGATIVE,27.53963421909622,88.25285852099078,,block_55_176,0
neg_897,PSEUDO_NEGATIVE,26.825429469138058,93.56979766784946,,block_53_187,0
neg_898,PSEUDO_NEGATIVE,24.45335271488993,92.72602411231173,,block_48_185,0
neg_899,PSEUDO_NEGATIVE,26.572691839012197,91.41534247035251,,block_53_182,0
neg_900,PSEUDO_NEGATIVE,25.213532605270785,92.67134608755391,,block_50_185,0
neg_901,PSEUDO_NEGATIVE,28.339739115560167,95.39920632174626,,block_56_190,0
neg_902,PSEUDO_NEGATIVE,28.286891714204405,93.03683982053663,,block_56_186,0
neg_903,PSEUDO_NEGATIVE,25.51203959022466,89.97154809135776,,block_51_179,0
neg_904,PSEUDO_NEGATIVE,27.94695329504183,94.12444604741891,,block_55_188,0
neg_905,PSEUDO_NEGATIVE,23.420585089540392,91.78162898392893,,block_46_183,0
neg_906,PSEUDO_NEGATIVE,26.64972545740609,92.26034889007111,,block_53_184,0
neg_907,PSEUDO_NEGATIVE,28.456594531369923,93.42232697526003,,block_56_186,0
neg_908,PSEUDO_NEGATIVE,27.54078088350283,92.39257594584375,,block_55_184,0
neg_909,PSEUDO_NEGATIVE,26.66336438398883,92.90933410589466,,block_53_185,0
neg_910,PSEUDO_NEGATIVE,24.182095128412,92.09265457135771,,block_48_184,0
neg_911,PSEUDO_NEGATIVE,26.80992416754693,90.4105983678731,,block_53_180,0
neg_912,PSEUDO_NEGATIVE,26.46936524953385,91.81513982893335,,block_52_183,0
neg_913,PSEUDO_NEGATIVE,25.427613726920676,93.26235509900864,,block_50_186,0
neg_914,PSEUDO_NEGATIVE,25.214610123689063,94.08106728131446,,block_50_188,0
neg_915,PSEUDO_NEGATIVE,29.06803227948069,94.8078038597245,,block_58_189,0
neg_916,PSEUDO_NEGATIVE,27.482051093890433,96.76959320555657,,block_54_193,0
neg_917,PSEUDO_NEGATIVE,26.34087927641717,91.66553628724003,,block_52_183,0
neg_918,PSEUDO_NEGATIVE,25.240013136741922,90.39047565245076,,block_50_180,0
neg_919,PSEUDO_NEGATIVE,26.380055177398273,92.6093706534402,,block_52_185,0
neg_920,PSEUDO_NEGATIVE,24.305323592928517,91.98354437547646,,block_48_183,0
neg_921,PSEUDO_NEGATIVE,28.295194545535875,94.22490028373933,,block_56_188,0
neg_922,PSEUDO_NEGATIVE,29.05044690084092,94.492415079654,,block_58_188,0
neg_923,PSEUDO_NEGATIVE,26.100732065168362,90.90712391589672,,block_52_181,0
neg_924,PSEUDO_NEGATIVE,28.488842307005093,96.0618831080093,,block_56_192,0
neg_925,PSEUDO_NEGATIVE,28.583951081134998,95.2073644657257,,block_57_190,0
neg_926,PSEUDO_NEGATIVE,28.484978871112453,95.73805913572679,,block_56_191,0
neg_927,PSEUDO_NEGATIVE,27.352133736088735,96.24155553604912,,block_54_192,0
neg_928,PSEUDO_NEGATIVE,28.13383395942305,95.74936813792011,,block_56_191,0
neg_929,PSEUDO_NEGATIVE,27.208464625353905,92.75954443085084,,block_54_185,0
neg_930,PSEUDO_NEGATIVE,24.574108234037578,93.65988985489888,,block_49_187,0
neg_931,PSEUDO_NEGATIVE,28.08205316784032,94.93518389367776,,block_56_189,0
neg_932,PSEUDO_NEGATIVE,26.675051676647076,90.94898494491434,,block_53_181,0
neg_933,PSEUDO_NEGATIVE,28.212722499175165,95.17372941093798,,block_56_190,0
neg_934,PSEUDO_NEGATIVE,28.336899266500193,94.44608175647984,,block_56_188,0
neg_935,PSEUDO_NEGATIVE,28.18344143099793,95.51556947863769,,block_56_191,0
neg_936,PSEUDO_NEGATIVE,28.40816673018191,93.64077819307391,,block_56_187,0
neg_937,PSEUDO_NEGATIVE,24.7092468204354,94.43211060974014,,block_49_188,0
neg_938,PSEUDO_NEGATIVE,27.16697904036504,94.45641302313541,,block_54_188,0
neg_939,PSEUDO_NEGATIVE,27.321353212852518,94.65945976658863,,block_54_189,0
neg_940,PSEUDO_NEGATIVE,26.60939986478631,90.84356914303247,,block_53_181,0
neg_941,PSEUDO_NEGATIVE,26.31170051517508,90.44674153027493,,block_52_180,0
neg_942,PSEUDO_NEGATIVE,24.311612139626906,92.98598372839048,,block_48_185,0
neg_943,PSEUDO_NEGATIVE,28.52476464955228,95.84715795547818,,block_57_191,0
neg_944,PSEUDO_NEGATIVE,27.583457594666633,96.70662819924064,,block_55_193,0
neg_945,PSEUDO_NEGATIVE,26.896388030339452,95.50326972258019,,block_53_191,0
neg_946,PSEUDO_NEGATIVE,25.587516309909326,92.6340923701034,,block_51_185,0
neg_947,PSEUDO_NEGATIVE,28.328371467219338,96.14866542362947,,block_56_192,0
neg_948,PSEUDO_NEGATIVE,26.351148253785155,93.4853454752359,,block_52_186,0
neg_949,PSEUDO_NEGATIVE,26.912498855940242,92.26812184234376,,block_53_184,0
neg_950,PSEUDO_NEGATIVE,26.225604112318408,89.98684849377588,,block_52_179,0
neg_951,PSEUDO_NEGATIVE,27.619445103806903,94.14820440895011,,block_55_188,0
neg_952,PSEUDO_NEGATIVE,25.52094161838623,93.29273652317526,,block_51_186,0
neg_953,PSEUDO_NEGATIVE,28.063557133068098,93.77035716438104,,block_56_187,0
neg_954,PSEUDO_NEGATIVE,25.422789054669025,90.10776399588242,,block_50_180,0
neg_955,PSEUDO_NEGATIVE,25.664449128563092,93.91786006453573,,block_51_187,0
neg_956,PSEUDO_NEGATIVE,25.887551157460905,90.73260843009696,,block_51_181,0
neg_957,PSEUDO_NEGATIVE,26.220434398781272,90.38177511201279,,block_52_180,0
neg_958,PSEUDO_NEGATIVE,23.284781822607773,91.69379897285575,,block_46_183,0
neg_959,PSEUDO_NEGATIVE,24.162121119990886,93.51975884889431,,block_48_187,0
neg_960,PSEUDO_NEGATIVE,25.35798592981616,94.30044274501138,,block_50_188,0
neg_961,PSEUDO_NEGATIVE,26.640958995666644,90.49169926351713,,block_53_180,0
neg_962,PSEUDO_NEGATIVE,29.247069163453958,96.19064129154427,,block_58_192,0
neg_963,PSEUDO_NEGATIVE,27.577422826473526,93.67809700993885,,block_55_187,0
neg_964,PSEUDO_NEGATIVE,25.526111041733913,94.50297856187717,,block_51_189,0
neg_965,PSEUDO_NEGATIVE,26.474344544983854,92.57519144301355,,block_52_185,0
neg_966,PSEUDO_NEGATIVE,24.64153875149066,94.33374954352924,,block_49_188,0
neg_967,PSEUDO_NEGATIVE,26.82953648495057,94.10755436474632,,block_53_188,0
neg_968,PSEUDO_NEGATIVE,25.211992400883744,93.88495602061585,,block_50_187,0
neg_969,PSEUDO_NEGATIVE,24.186975808813276,92.35620022112695,,block_48_184,0
neg_970,PSEUDO_NEGATIVE,27.239745603382744,97.0603485849458,,block_54_194,0
neg_971,PSEUDO_NEGATIVE,26.347719647318016,89.89258114823264,,block_52_179,0
neg_972,PSEUDO_NEGATIVE,29.34410072832713,95.97699285342999,,block_58_191,0
neg_973,PSEUDO_NEGATIVE,27.50179518161584,93.60089177543028,,block_55_187,0
neg_974,PSEUDO_NEGATIVE,26.11271439189166,90.73328060021969,,block_52_181,0
neg_975,PSEUDO_NEGATIVE,25.60497349975683,92.56934902985054,,block_51_185,0
neg_976,PSEUDO_NEGATIVE,26.391898494266478,93.7480557560298,,block_52_187,0
neg_977,PSEUDO_NEGATIVE,27.057876170266837,95.67687882748069,,block_54_191,0
neg_978,PSEUDO_NEGATIVE,25.608051366824537,94.7143290904956,,block_51_189,0
neg_979,PSEUDO_NEGATIVE,25.91514694798402,91.96684274687016,,block_51_183,0
neg_980,PSEUDO_NEGATIVE,25.49736858374439,92.65101472328118,,block_50_185,0
neg_981,PSEUDO_NEGATIVE,24.47756278965764,93.65974124835779,,block_48_187,0
neg_982,PSEUDO_NEGATIVE,28.302750222649525,94.17540648284252,,block_56_188,0
neg_983,PSEUDO_NEGATIVE,27.30652741318063,97.02215166180204,,block_54_194,0
neg_984,PSEUDO_NEGATIVE,28.231413668044635,94.32720856020974,,block_56_188,0
neg_985,PSEUDO_NEGATIVE,27.482843204870388,95.48214303880822,,block_54_190,0
neg_986,PSEUDO_NEGATIVE,27.97813844814268,95.93859406950357,,block_55_191,0
neg_987,PSEUDO_NEGATIVE,26.626002076080333,90.65509782353459,,block_53_181,0
neg_988,PSEUDO_NEGATIVE,27.594332693927424,94.2703306521413,,block_55_188,0
neg_989,PSEUDO_NEGATIVE,27.14503042578762,92.84464196175577,,block_54_185,0
neg_990,PSEUDO_NEGATIVE,26.988092765148572,94.64020622278726,,block_53_189,0
neg_991,PSEUDO_NEGATIVE,29.100114553974546,95.74193614339266,,block_58_191,0
neg_992,PSEUDO_NEGATIVE,24.120134706661414,92.1502683547323,,block_48_184,0
neg_993,PSEUDO_NEGATIVE,25.744814287034956,94.88598780470068,,block_51_189,0
neg_994,PSEUDO_NEGATIVE,27.626654499958022,91.96418876796832,,block_55_183,0
neg_995,PSEUDO_NEGATIVE,27.669862126424256,94.20565601938723,,block_55_188,0
neg_996,PSEUDO_NEGATIVE,27.321608329362704,94.20739933872704,,block_54_188,0
neg_997,PSEUDO_NEGATIVE,25.850315560342555,90.77980959371827,,block_51_181,0
neg_998,PSEUDO_NEGATIVE,24.955221417039255,94.40018417974882,,block_49_188,0
neg_999,PSEUDO_NEGATIVE,26.107439254514517,90.86063641594782,,block_52_181,0
neg_1000,PSEUDO_NEGATIVE,27.54450101542535,96.54677002009063,,block_55_193,0
neg_1001,PSEUDO_NEGATIVE,27.222242485507795,92.19417707661141,,block_54_184,0
neg_1002,PSEUDO_NEGATIVE,23.459015142512367,93.11759773544208,,block_46_186,0
neg_1003,PSEUDO_NEGATIVE,27.891396000223047,94.12914862153048,,block_55_188,0
neg_1004,PSEUDO_NEGATIVE,27.410749985750705,94.95649088971936,,block_54_189,0
neg_1005,PSEUDO_NEGATIVE,26.093572470345485,92.90055713208514,,block_52_185,0
neg_1006,PSEUDO_NEGATIVE,26.403027373299338,90.26859392391854,,block_52_180,0
neg_1007,PSEUDO_NEGATIVE,27.78359918229252,94.8291869161562,,block_55_189,0
neg_1008,PSEUDO_NEGATIVE,26.66512044561651,91.332049451499,,block_53_182,0
neg_1009,PSEUDO_NEGATIVE,27.500126087960762,92.25958330919158,,block_55_184,0
neg_1010,PSEUDO_NEGATIVE,25.952993789450584,93.59815979747532,,block_51_187,0
neg_1011,PSEUDO_NEGATIVE,27.864398397465067,94.71963200110196,,block_55_189,0
neg_1012,PSEUDO_NEGATIVE,27.010496895490462,94.71489920131906,,block_54_189,0
neg_1013,PSEUDO_NEGATIVE,25.849466520585818,90.32775331429491,,block_51_180,0
neg_1014,PSEUDO_NEGATIVE,24.39163691941674,93.47426903106287,,block_48_186,0
neg_1015,PSEUDO_NEGATIVE,25.51952334368498,92.19394241820189,,block_51_184,0
neg_1016,PSEUDO_NEGATIVE,24.706636043964703,92.9468026696584,,block_49_185,0
neg_1017,PSEUDO_NEGATIVE,26.37061988002181,92.87808299452776,,block_52_185,0
neg_1018,PSEUDO_NEGATIVE,25.69108752337921,91.98016863291868,,block_51_183,0
neg_1019,PSEUDO_NEGATIVE,23.516083296099946,92.44954228033505,,block_47_184,0
neg_1020,PSEUDO_NEGATIVE,27.573371925890306,96.87425387393573,,block_55_193,0
neg_1021,PSEUDO_NEGATIVE,26.472161624413843,91.841026675978,,block_52_183,0
neg_1022,PSEUDO_NEGATIVE,24.204776628570688,92.56770008104289,,block_48_185,0
neg_1023,PSEUDO_NEGATIVE,28.69632225572501,96.35713773865055,,block_57_192,0
neg_1024,PSEUDO_NEGATIVE,25.073571172780845,93.38675546281932,,block_50_186,0
neg_1025,PSEUDO_NEGATIVE,27.37225456488128,93.69367127603599,,block_54_187,0
neg_1026,PSEUDO_NEGATIVE,27.690829359388122,92.74478029595858,,block_55_185,0
neg_1027,PSEUDO_NEGATIVE,25.403114850735356,92.22933627867606,,block_50_184,0
neg_1028,PSEUDO_NEGATIVE,23.66944935352994,91.71673301448361,,block_47_183,0
neg_1029,PSEUDO_NEGATIVE,28.66432805484184,94.91758026784157,,block_57_189,0
neg_1030,PSEUDO_NEGATIVE,27.274785558793774,93.37675106021037,,block_54_186,0
neg_1031,PSEUDO_NEGATIVE,27.950806738913975,94.64954918103794,,block_55_189,0
neg_1032,PSEUDO_NEGATIVE,26.15108145659533,89.80881129338282,,block_52_179,0
neg_1033,PSEUDO_NEGATIVE,26.602150816604052,93.4224424818276,,block_53_186,0
neg_1034,PSEUDO_NEGATIVE,23.339408633889594,92.47285550627713,,block_46_184,0
neg_1035,PSEUDO_NEGATIVE,28.03259978335301,93.70443531879822,,block_56_187,0
neg_1036,PSEUDO_NEGATIVE,25.22133239039675,91.90040238072079,,block_50_183,0
neg_1037,PSEUDO_NEGATIVE,26.57001325864,91.05773254413683,,block_53_182,0
neg_1038,PSEUDO_NEGATIVE,27.616216416189335,93.50867332237226,,block_55_187,0
neg_1039,PSEUDO_NEGATIVE,24.99378112329157,92.5512121936062,,block_49_185,0
neg_1040,PSEUDO_NEGATIVE,23.772002328922113,93.2142500305517,,block_47_186,0
neg_1041,PSEUDO_NEGATIVE,25.985270786582348,91.98327309218578,,block_51_183,0
neg_1042,PSEUDO_NEGATIVE,26.70477274966934,93.50049616472745,,block_53_187,0
neg_1043,PSEUDO_NEGATIVE,27.51779038652091,93.29296683264815,,block_55_186,0
neg_1044,PSEUDO_NEGATIVE,26.129241019420633,90.62690800469984,,block_52_181,0
neg_1045,PSEUDO_NEGATIVE,25.340657416544108,90.3117258789048,,block_50_180,0
neg_1046,PSEUDO_NEGATIVE,25.394474995794475,93.63542847251519,,block_50_187,0
neg_1047,PSEUDO_NEGATIVE,28.704038146833504,94.61101694551394,,block_57_189,0
neg_1048,PSEUDO_NEGATIVE,27.69473583538243,93.05843566479385,,block_55_186,0
neg_1049,PSEUDO_NEGATIVE,27.88351978557612,94.10151439548959,,block_55_188,0
neg_1050,PSEUDO_NEGATIVE,28.223837371185645,94.31316293466584,,block_56_188,0
neg_1051,PSEUDO_NEGATIVE,28.077137479636527,95.77818824985864,,block_56_191,0
neg_1052,PSEUDO_NEGATIVE,27.736540417151225,94.5520832631564,,block_55_189,0
neg_1053,PSEUDO_NEGATIVE,26.56216458642332,90.84987820535225,,block_53_181,0
neg_1054,PSEUDO_NEGATIVE,25.652945904072027,91.41219228018733,,block_51_182,0
neg_1055,PSEUDO_NEGATIVE,26.225176958758198,92.6437064215726,,block_52_185,0
neg_1056,PSEUDO_NEGATIVE,26.199373563442634,94.41440585306243,,block_52_188,0
neg_1057,PSEUDO_NEGATIVE,23.632535331663664,92.91695161947347,,block_47_185,0
neg_1058,PSEUDO_NEGATIVE,27.16669219695614,93.00965026301066,,block_54_186,0
neg_1059,PSEUDO_NEGATIVE,23.822200149097817,93.26509018615751,,block_47_186,0
neg_1060,PSEUDO_NEGATIVE,25.44605912988162,91.39783532516819,,block_50_182,0
neg_1061,PSEUDO_NEGATIVE,27.66856503136703,96.3077429516574,,block_55_192,0
neg_1062,PSEUDO_NEGATIVE,26.403233856401435,93.88719281844476,,block_52_187,0
neg_1063,PSEUDO_NEGATIVE,26.652650557406744,93.44198401103444,,block_53_186,0
neg_1064,PSEUDO_NEGATIVE,25.258579865220153,90.83382809565174,,block_50_181,0
neg_1065,PSEUDO_NEGATIVE,27.049489876806764,93.25702568509213,,block_54_186,0
neg_1066,PSEUDO_NEGATIVE,28.5875300728798,93.82076721006642,,block_57_187,0
neg_1067,PSEUDO_NEGATIVE,27.85026144532403,92.26832157568485,,block_55_184,0
neg_1068,PSEUDO_NEGATIVE,26.74396439096052,90.40908936068921,,block_53_180,0
neg_1069,PSEUDO_NEGATIVE,25.27914478341503,90.28563329200539,,block_50_180,0
neg_1070,PSEUDO_NEGATIVE,27.95739443849726,88.56861711889654,,block_55_177,0
neg_1071,PSEUDO_NEGATIVE,24.268668121415146,92.09697240459458,,block_48_184,0
neg_1072,PSEUDO_NEGATIVE,26.35694333462673,94.3760235187355,,block_52_188,0
neg_1073,PSEUDO_NEGATIVE,28.247329466430987,96.07180073196672,,block_56_192,0
neg_1074,PSEUDO_NEGATIVE,26.975737056251692,94.53094682174404,,block_53_189,0
neg_1075,PSEUDO_NEGATIVE,24.41670530196477,93.43706103951716,,block_48_186,0
neg_1076,PSEUDO_NEGATIVE,28.628904944592648,94.75706473468449,,block_57_189,0
neg_1077,PSEUDO_NEGATIVE,24.482612946936932,93.2123465784793,,block_48_186,0
neg_1078,PSEUDO_NEGATIVE,28.30589879743452,96.56010013186327,,block_56_193,0
neg_1079,PSEUDO_NEGATIVE,28.052107054217622,94.21254192300724,,block_56_188,0
neg_1080,PSEUDO_NEGATIVE,27.946650592450478,96.2048040240162,,block_55_192,0
neg_1081,PSEUDO_NEGATIVE,26.802543888305394,92.78609006194846,,block_53_185,0
neg_1082,PSEUDO_NEGATIVE,25.68926709848331,92.36411240907451,,block_51_184,0
neg_1083,PSEUDO_NEGATIVE,27.17827352041794,94.72710880327276,,block_54_189,0
neg_1084,PSEUDO_NEGATIVE,25.66041939258994,90.52235330986348,,block_51_181,0
neg_1085,PSEUDO_NEGATIVE,25.278240397148114,91.30480454537026,,block_50_182,0
neg_1086,PSEUDO_NEGATIVE,26.33811290795122,92.37337924402404,,block_52_184,0
neg_1087,PSEUDO_NEGATIVE,26.620556230518535,92.00536202967778,,block_53_184,0
neg_1088,PSEUDO_NEGATIVE,26.791773433938687,95.38720898180004,,block_53_190,0
neg_1089,PSEUDO_NEGATIVE,28.09829232573859,94.42526970019351,,block_56_188,0
neg_1090,PSEUDO_NEGATIVE,27.61811351063109,94.95431745577888,,block_55_189,0
neg_1091,PSEUDO_NEGATIVE,24.98376447741796,93.45156553628577,,block_49_186,0
neg_1092,PSEUDO_NEGATIVE,26.880344656783116,92.436837541673,,block_53_184,0
neg_1093,PSEUDO_NEGATIVE,23.034536687862442,91.73654967948227,,block_46_183,0
neg_1094,PSEUDO_NEGATIVE,25.505730713727296,92.84875829456624,,block_51_185,0
neg_1095,PSEUDO_NEGATIVE,27.873407326637775,95.12164021287964,,block_55_190,0
neg_1096,PSEUDO_NEGATIVE,25.319786710160784,93.24940008284881,,block_50_186,0
neg_1097,PSEUDO_NEGATIVE,25.0855196001788,94.44617037530755,,block_50_188,0
neg_1098,PSEUDO_NEGATIVE,25.98579044846626,91.06514743653966,,block_51_182,0
neg_1099,PSEUDO_NEGATIVE,26.686778733681948,93.66822618834131,,block_53_187,0
neg_1100,PSEUDO_NEGATIVE,24.868834713728653,93.02421145910381,,block_49_186,0
neg_1101,PSEUDO_NEGATIVE,26.228314090600087,92.24443206941062,,block_52_184,0
neg_1102,PSEUDO_NEGATIVE,22.33664417268155,92.87419779378058,,block_44_185,0
neg_1103,PSEUDO_NEGATIVE,22.741654006998584,93.04265838066551,,block_45_186,0
neg_1104,PSEUDO_NEGATIVE,29.158735418820864,96.13757524297318,,block_58_192,0
neg_1105,PSEUDO_NEGATIVE,26.278608917422922,94.93053268236194,,block_52_189,0
neg_1106,PSEUDO_NEGATIVE,25.36793034252183,94.58297547340997,,block_50_189,0
neg_1107,PSEUDO_NEGATIVE,23.98069970538783,93.90398211072932,,block_47_187,0
neg_1108,PSEUDO_NEGATIVE,27.20513434351747,94.79064825833593,,block_54_189,0
neg_1109,PSEUDO_NEGATIVE,23.551137004095295,92.63878322590898,,block_47_185,0
neg_1110,PSEUDO_NEGATIVE,24.37769983348794,92.23879824392117,,block_48_184,0
neg_1111,PSEUDO_NEGATIVE,23.82102629822513,92.75700697466411,,block_47_185,0
neg_1112,PSEUDO_NEGATIVE,27.178091427197515,95.04751972661836,,block_54_190,0
neg_1113,PSEUDO_NEGATIVE,27.589937811555462,92.55673683089582,,block_55_185,0
neg_1114,PSEUDO_NEGATIVE,22.41860250105984,93.15522827935229,,block_44_186,0
neg_1115,PSEUDO_NEGATIVE,24.135499368187414,93.025746030879,,block_48_186,0
neg_1116,PSEUDO_NEGATIVE,27.703276757040623,94.36740153259466,,block_55_188,0
neg_1117,PSEUDO_NEGATIVE,27.195241963587296,95.86311072682612,,block_54_191,0
neg_1118,PSEUDO_NEGATIVE,28.067489877148315,94.02551457902696,,block_56_188,0
neg_1119,PSEUDO_NEGATIVE,27.344719292344948,96.4318928730954,,block_54_192,0
neg_1120,PSEUDO_NEGATIVE,27.770313683660373,95.21087384146703,,block_55_190,0
neg_1121,PSEUDO_NEGATIVE,28.605374037729085,95.4910871524559,,block_57_190,0
neg_1122,PSEUDO_NEGATIVE,26.171611290898745,89.78174683803267,,block_52_179,0
neg_1123,PSEUDO_NEGATIVE,23.474106796837507,93.09200494225026,,block_46_186,0
neg_1124,PSEUDO_NEGATIVE,23.524727898871365,91.35181746363385,,block_47_182,0
neg_1125,PSEUDO_NEGATIVE,23.21952383901148,91.78011120369682,,block_46_183,0
neg_1126,PSEUDO_NEGATIVE,28.09464517620413,94.10948295790514,,block_56_188,0
neg_1127,PSEUDO_NEGATIVE,22.673783283049136,93.04010638473811,,block_45_186,0
neg_1128,PSEUDO_NEGATIVE,27.191996781178545,94.3722649104208,,block_54_188,0
neg_1129,PSEUDO_NEGATIVE,24.423553759846953,93.97232244581083,,block_48_187,0
neg_1130,PSEUDO_NEGATIVE,24.446799657748123,93.7202132282687,,block_48_187,0
neg_1131,PSEUDO_NEGATIVE,26.34628054955399,91.59429115655755,,block_52_183,0
neg_1132,PSEUDO_NEGATIVE,26.768498856110764,90.18479948738329,,block_53_180,0
neg_1133,PSEUDO_NEGATIVE,27.50814095777708,95.11810998983182,,block_55_190,0
neg_1134,PSEUDO_NEGATIVE,24.013760969141824,94.04985947309082,,block_48_188,0
neg_1135,PSEUDO_NEGATIVE,27.67975350544614,92.89620488019831,,block_55_185,0
neg_1136,PSEUDO_NEGATIVE,28.79040363858904,94.25105657943142,,block_57_188,0
neg_1137,PSEUDO_NEGATIVE,27.368216869909872,93.71579405816968,,block_54_187,0
neg_1138,PSEUDO_NEGATIVE,28.217278677551235,96.75903928817145,,block_56_193,0
neg_1139,PSEUDO_NEGATIVE,24.068681964135212,92.21374920827614,,block_48_184,0
neg_1140,PSEUDO_NEGATIVE,26.73058866806811,90.55549137671888,,block_53_181,0
neg_1141,PSEUDO_NEGATIVE,27.8377958331771,88.75215013578179,,block_55_177,0
neg_1142,PSEUDO_NEGATIVE,25.740223412449627,94.90832418258672,,block_51_189,0
neg_1143,PSEUDO_NEGATIVE,27.678465929513248,95.70427579406888,,block_55_191,0
neg_1144,PSEUDO_NEGATIVE,27.93104536878471,88.18622412504357,,block_55_176,0
neg_1145,PSEUDO_NEGATIVE,27.667323250242124,96.66240549104047,,block_55_193,0
neg_1146,PSEUDO_NEGATIVE,25.42374938372105,92.26386919515075,,block_50_184,0
neg_1147,PSEUDO_NEGATIVE,24.751116325499712,93.69663835257245,,block_49_187,0
neg_1148,PSEUDO_NEGATIVE,24.735901222517224,92.60178047488199,,block_49_185,0
neg_1149,PSEUDO_NEGATIVE,26.771970286258814,93.53010465107563,,block_53_187,0
neg_1150,PSEUDO_NEGATIVE,26.198625299587505,89.8257450831811,,block_52_179,0
neg_1151,PSEUDO_NEGATIVE,25.215864384725215,90.39942911900536,,block_50_180,0
neg_1152,PSEUDO_NEGATIVE,28.839453563928515,94.78910575864197,,block_57_189,0
neg_1153,PSEUDO_NEGATIVE,25.77302356205416,92.59304532534487,,block_51_185,0
neg_1154,PSEUDO_NEGATIVE,27.132519403086395,94.54668087320346,,block_54_189,0
neg_1155,PSEUDO_NEGATIVE,26.69524062402433,94.3584006284595,,block_53_188,0
neg_1156,PSEUDO_NEGATIVE,27.200782810592166,94.06613524846817,,block_54_188,0
neg_1157,PSEUDO_NEGATIVE,26.73496988975889,95.30089647991076,,block_53_190,0
neg_1158,PSEUDO_NEGATIVE,27.590348550620632,96.742158539846,,block_55_193,0
neg_1159,PSEUDO_NEGATIVE,27.192006975230434,92.93464269428192,,block_54_185,0
neg_1160,PSEUDO_NEGATIVE,26.874361057515337,94.89059701748883,,block_53_189,0
neg_1161,PSEUDO_NEGATIVE,23.196820346568895,91.52172305399299,,block_46_183,0
neg_1162,PSEUDO_NEGATIVE,25.006822256368036,93.89227136807092,,block_50_187,0
neg_1163,PSEUDO_NEGATIVE,24.500354574810462,93.50507616107862,,block_49_187,0
neg_1164,PSEUDO_NEGATIVE,25.532018101867116,94.32436316720408,,block_51_188,0
neg_1165,PSEUDO_NEGATIVE,22.63599806729048,92.90994471641477,,block_45_185,0
neg_1166,PSEUDO_NEGATIVE,29.0515319551915,94.251735882056,,block_58_188,0
neg_1167,PSEUDO_NEGATIVE,27.207142849666948,94.81706976035952,,block_54_189,0
neg_1168,PSEUDO_NEGATIVE,26.599472886435727,94.19343538862928,,block_53_188,0
neg_1169,PSEUDO_NEGATIVE,29.177358284285116,95.63861904910598,,block_58_191,0
neg_1170,PSEUDO_NEGATIVE,24.373991515876824,92.17647789713331,,block_48_184,0
neg_1171,PSEUDO_NEGATIVE,26.511398924011548,91.76155279389414,,block_53_183,0
neg_1172,PSEUDO_NEGATIVE,28.413960001738353,96.50890596318457,,block_56_193,0
neg_1173,PSEUDO_NEGATIVE,25.852413659240142,93.37579067481833,,block_51_186,0
neg_1174,PSEUDO_NEGATIVE,27.62471915763613,94.20160396232563,,block_55_188,0
neg_1175,PSEUDO_NEGATIVE,28.960151929269777,96.48489607725148,,block_57_192,0
neg_1176,PSEUDO_NEGATIVE,23.857976924338104,92.47724178838831,,block_47_184,0
neg_1177,PSEUDO_NEGATIVE,22.93174888650175,93.02470704730864,,block_45_186,0
neg_1178,PSEUDO_NEGATIVE,28.981527659128517,95.20357143494611,,block_57_190,0
neg_1179,PSEUDO_NEGATIVE,26.465163595165826,94.05347348173203,,block_52_188,0
neg_1180,PSEUDO_NEGATIVE,26.779976740230786,93.28185948195109,,block_53_186,0
neg_1181,PSEUDO_NEGATIVE,28.406671688861497,95.59940633024019,,block_56_191,0
neg_1182,PSEUDO_NEGATIVE,27.52841726318541,96.80978011614584,,block_55_193,0
neg_1183,PSEUDO_NEGATIVE,27.95389630019617,92.88566299408065,,block_55_185,0
neg_1184,PSEUDO_NEGATIVE,26.472294054105113,90.08813063801756,,block_52_180,0
neg_1185,PSEUDO_NEGATIVE,24.904374117179458,93.05995366731437,,block_49_186,0
neg_1186,PSEUDO_NEGATIVE,29.065963305949115,95.86983655287102,,block_58_191,0
neg_1187,PSEUDO_NEGATIVE,25.698728254197945,92.28437458713202,,block_51_184,0
neg_1188,PSEUDO_NEGATIVE,27.24254775241772,93.62947489775203,,block_54_187,0
neg_1189,PSEUDO_NEGATIVE,27.269569235758382,92.49585782089922,,block_54_184,0
neg_1190,PSEUDO_NEGATIVE,27.468201579911188,95.61793533053752,,block_54_191,0
neg_1191,PSEUDO_NEGATIVE,25.605035352172,91.68299392023353,,block_51_183,0
neg_1192,PSEUDO_NEGATIVE,26.06436611251064,91.17165538795972,,block_52_182,0
neg_1193,PSEUDO_NEGATIVE,27.658627806412852,91.6759930899377,,block_55_183,0
neg_1194,PSEUDO_NEGATIVE,25.911617701674512,90.66057477782833,,block_51_181,0
neg_1195,PSEUDO_NEGATIVE,27.488423613826996,88.08584563735815,,block_54_176,0
neg_1196,PSEUDO_NEGATIVE,27.41727708955611,93.41141171126299,,block_54_186,0
neg_1197,PSEUDO_NEGATIVE,26.840743316505044,93.57788846848847,,block_53_187,0
neg_1198,PSEUDO_NEGATIVE,23.730501200366767,92.59308340136172,,block_47_185,0
neg_1199,PSEUDO_NEGATIVE,27.157640858984337,95.47605697143761,,block_54_190,0
neg_1200,PSEUDO_NEGATIVE,26.90474327117983,95.31066962449651,,block_53_190,0
neg_1201,PSEUDO_NEGATIVE,28.473207999902094,94.112922802506,,block_56_188,0
neg_1202,PSEUDO_NEGATIVE,23.99164190594654,94.14003745454633,,block_47_188,0
neg_1203,PSEUDO_NEGATIVE,22.528041128274737,92.59865334502793,,block_45_185,0
neg_1204,PSEUDO_NEGATIVE,26.98282079476443,92.79163587923638,,block_53_185,0
neg_1205,PSEUDO_NEGATIVE,26.25199229750177,90.57301318586634,,block_52_181,0
neg_1206,PSEUDO_NEGATIVE,27.564730640639397,95.46683091501194,,block_55_190,0
neg_1207,PSEUDO_NEGATIVE,23.27633411376249,92.55139988660491,,block_46_185,0
neg_1208,PSEUDO_NEGATIVE,26.7989345322609,92.07637089941365,,block_53_184,0
neg_1209,PSEUDO_NEGATIVE,26.126057244932035,93.04231782380239,,block_52_186,0
neg_1210,PSEUDO_NEGATIVE,25.843648481088085,93.49638247092388,,block_51_186,0
neg_1211,PSEUDO_NEGATIVE,27.324493344300166,95.4266363093703,,block_54_190,0
neg_1212,PSEUDO_NEGATIVE,23.26752542883502,93.21438462439171,,block_46_186,0
neg_1213,PSEUDO_NEGATIVE,24.663053269264836,93.11761521259747,,block_49_186,0
neg_1214,PSEUDO_NEGATIVE,27.849293862505377,94.19608123466791,,block_55_188,0
neg_1215,PSEUDO_NEGATIVE,25.281394185594458,93.4244718105358,,block_50_186,0
neg_1216,PSEUDO_NEGATIVE,27.18277135773237,92.91306284339251,,block_54_185,0
neg_1217,PSEUDO_NEGATIVE,25.99039209992056,89.97249135275591,,block_51_179,0
neg_1218,PSEUDO_NEGATIVE,23.541903752815365,91.37521252488732,,block_47_182,0
neg_1219,PSEUDO_NEGATIVE,23.831763389271458,91.99822762189712,,block_47_183,0
neg_1220,PSEUDO_NEGATIVE,27.178316818838223,93.03750060435661,,block_54_186,0
neg_1221,PSEUDO_NEGATIVE,23.3639683949186,91.49813723935362,,block_46_182,0
neg_1222,PSEUDO_NEGATIVE,26.895617202841194,95.71277715718313,,block_53_191,0
neg_1223,PSEUDO_NEGATIVE,26.49757966135984,91.9450528422202,,block_52_183,0
neg_1224,PSEUDO_NEGATIVE,26.76534891632351,91.4105031560876,,block_53_182,0
neg_1225,PSEUDO_NEGATIVE,25.6211013609626,92.97222511678683,,block_51_185,0
neg_1226,PSEUDO_NEGATIVE,26.09172096297152,93.71018927642123,,block_52_187,0
neg_1227,PSEUDO_NEGATIVE,29.306198835470866,94.65052270672295,,block_58_189,0
neg_1228,PSEUDO_NEGATIVE,25.7169422669696,90.59273595925117,,block_51_181,0
neg_1229,PSEUDO_NEGATIVE,28.598546596027692,95.65181855522381,,block_57_191,0
neg_1230,PSEUDO_NEGATIVE,26.11161428887305,92.63279501198576,,block_52_185,0
neg_1231,PSEUDO_NEGATIVE,25.122275539826237,92.78161420498006,,block_50_185,0
neg_1232,PSEUDO_NEGATIVE,27.454059984064514,92.50876590668685,,block_54_185,0
neg_1233,PSEUDO_NEGATIVE,28.649412057148748,94.56009035685734,,block_57_189,0
neg_1234,PSEUDO_NEGATIVE,24.98158303279908,93.79309410592712,,block_49_187,0
neg_1235,PSEUDO_NEGATIVE,28.822736682881565,95.01162225059069,,block_57_190,0
neg_1236,PSEUDO_NEGATIVE,27.327616554720993,94.60436210947226,,block_54_189,0
neg_1237,PSEUDO_NEGATIVE,28.15756179089603,96.27511982085146,,block_56_192,0
neg_1238,PSEUDO_NEGATIVE,25.91364677845682,93.72641991971543,,block_51_187,0
neg_1239,PSEUDO_NEGATIVE,25.87872476033024,90.11564463260214,,block_51_180,0
neg_1240,PSEUDO_NEGATIVE,27.508995488263224,93.34711427912147,,block_55_186,0
neg_1241,PSEUDO_NEGATIVE,25.419233053795647,93.80683770011743,,block_50_187,0
neg_1242,PSEUDO_NEGATIVE,25.610825103796834,91.34399420064223,,block_51_182,0
neg_1243,PSEUDO_NEGATIVE,26.57802988811351,91.08838693204892,,block_53_182,0
neg_1244,PSEUDO_NEGATIVE,22.841204128709652,92.58167425442456,,block_45_185,0
neg_1245,PSEUDO_NEGATIVE,23.618323769996387,91.71637296466909,,block_47_183,0
neg_1246,PSEUDO_NEGATIVE,24.174565639869623,92.02640981664224,,block_48_184,0
neg_1247,PSEUDO_NEGATIVE,27.553822300711442,96.4693794168316,,block_55_192,0
neg_1248,PSEUDO_NEGATIVE,23.920077113083163,91.95829603371946,,block_47_183,0
neg_1249,PSEUDO_NEGATIVE,27.709384592850245,96.2886053901824,,block_55_192,0
neg_1250,PSEUDO_NEGATIVE,27.504479825951304,92.08268804038923,,block_55_184,0
neg_1251,PSEUDO_NEGATIVE,24.09994638074113,92.56773489249184,,block_48_185,0
neg_1252,PSEUDO_NEGATIVE,23.05896750943578,92.80565445390707,,block_46_185,0
neg_1253,PSEUDO_NEGATIVE,28.055638760203816,94.59076256801407,,block_56_189,0
neg_1254,PSEUDO_NEGATIVE,26.722026657538997,90.15621140697849,,block_53_180,0
neg_1255,PSEUDO_NEGATIVE,25.139902625487938,93.79479316679127,,block_50_187,0
neg_1256,PSEUDO_NEGATIVE,26.71315581089962,90.17541989896213,,block_53_180,0
neg_1257,PSEUDO_NEGATIVE,23.511029387775128,92.43734674329681,,block_47_184,0
neg_1258,PSEUDO_NEGATIVE,25.919351683525925,91.49296747922578,,block_51_182,0
neg_1259,PSEUDO_NEGATIVE,28.832543920865017,94.15093849959706,,block_57_188,0
neg_1260,PSEUDO_NEGATIVE,26.054000573638668,91.22324090625256,,block_52_182,0
neg_1261,PSEUDO_NEGATIVE,26.08376718318599,90.37373977140274,,block_52_180,0
neg_1262,PSEUDO_NEGATIVE,28.565772603236876,96.02231996620617,,block_57_192,0
neg_1263,PSEUDO_NEGATIVE,27.351676646563856,96.56198228820847,,block_54_193,0
neg_1264,PSEUDO_NEGATIVE,27.937366889348645,94.52175134113278,,block_55_189,0
neg_1265,PSEUDO_NEGATIVE,27.529435495961117,91.73644198367926,,block_55_183,0
neg_1266,PSEUDO_NEGATIVE,27.60553121470299,91.61101394658898,,block_55_183,0
neg_1267,PSEUDO_NEGATIVE,27.278930561813723,92.93568810249154,,block_54_185,0
neg_1268,PSEUDO_NEGATIVE,27.282735753362708,93.19021865665594,,block_54_186,0
neg_1269,PSEUDO_NEGATIVE,27.90872201913261,94.0386833683567,,block_55_188,0
neg_1270,PSEUDO_NEGATIVE,27.261509051310245,93.16318568052321,,block_54_186,0
neg_1271,PSEUDO_NEGATIVE,26.547263457188045,91.05157032058727,,block_53_182,0
neg_1272,PSEUDO_NEGATIVE,27.567850396258212,91.59062118894732,,block_55_183,0
neg_1273,PSEUDO_NEGATIVE,26.72072211349753,93.17825135393363,,block_53_186,0
neg_1274,PSEUDO_NEGATIVE,28.038770503718272,95.07723835794148,,block_56_190,0
neg_1275,PSEUDO_NEGATIVE,28.040744722557015,93.67095905495779,,block_56_187,0
neg_1276,PSEUDO_NEGATIVE,28.181873086862232,95.17639010702716,,block_56_190,0
neg_1277,PSEUDO_NEGATIVE,25.551233272057065,93.2908016040062,,block_51_186,0
neg_1278,PSEUDO_NEGATIVE,28.620101742691315,95.73417777922137,,block_57_191,0
neg_1279,PSEUDO_NEGATIVE,23.25331510348302,92.98651802202713,,block_46_185,0
neg_1280,PSEUDO_NEGATIVE,26.45704728497846,94.38667313007488,,block_52_188,0
neg_1281,PSEUDO_NEGATIVE,28.86338110114862,94.22027812354011,,block_57_188,0
neg_1282,PSEUDO_NEGATIVE,28.989901939161474,95.620762499613,,block_57_191,0
neg_1283,PSEUDO_NEGATIVE,27.305930784866177,88.71787323069012,,block_54_177,0
neg_1284,PSEUDO_NEGATIVE,27.38221032363225,95.38413328362695,,block_54_190,0
neg_1285,PSEUDO_NEGATIVE,25.12112373156691,94.5181558455883,,block_50_189,0
neg_1286,PSEUDO_NEGATIVE,25.081813199631707,92.67276156741548,,block_50_185,0
neg_1287,PSEUDO_NEGATIVE,25.95665691602059,93.0052596646577,,block_51_186,0
neg_1288,PSEUDO_NEGATIVE,26.315325923512873,91.96530315394172,,block_52_183,0
neg_1289,PSEUDO_NEGATIVE,27.586954597137407,94.6090771453094,,block_55_189,0
neg_1290,PSEUDO_NEGATIVE,28.487471064312132,95.6986982532582,,block_56_191,0
neg_1291,PSEUDO_NEGATIVE,24.7248001576292,94.59317657646903,,block_49_189,0
neg_1292,PSEUDO_NEGATIVE,28.264522678508122,96.18248358582578,,block_56_192,0
neg_1293,PSEUDO_NEGATIVE,27.55104033250253,95.03220696865046,,block_55_190,0
neg_1294,PSEUDO_NEGATIVE,27.838616500056077,94.53532202932365,,block_55_189,0
neg_1295,PSEUDO_NEGATIVE,27.608610261374782,92.73097697427332,,block_55_185,0
neg_1296,PSEUDO_NEGATIVE,26.6047325791834,90.05772028183591,,block_53_180,0
neg_1297,PSEUDO_NEGATIVE,28.00537838059093,94.07848363956575,,block_56_188,0
neg_1298,PSEUDO_NEGATIVE,26.09285446653602,94.00085623364522,,block_52_188,0
neg_1299,PSEUDO_NEGATIVE,27.6140012574857,94.82146837372237,,block_55_189,0
neg_1300,PSEUDO_NEGATIVE,26.362533870712866,91.59185027840256,,block_52_183,0
neg_1301,PSEUDO_NEGATIVE,28.621455717376758,95.59027471844645,,block_57_191,0
neg_1302,PSEUDO_NEGATIVE,26.87207313977596,95.22696172263036,,block_53_190,0
neg_1303,PSEUDO_NEGATIVE,25.823886060277516,94.84997401328494,,block_51_189,0
neg_1304,PSEUDO_NEGATIVE,28.669167475528976,95.27724500759699,,block_57_190,0
neg_1305,PSEUDO_NEGATIVE,27.838985931895856,88.81937622941864,,block_55_177,0
neg_1306,PSEUDO_NEGATIVE,24.028891649704338,91.41528569848585,,block_48_182,0
neg_1307,PSEUDO_NEGATIVE,25.496783249351953,90.40664725283962,,block_50_180,0
neg_1308,PSEUDO_NEGATIVE,28.562599806186146,94.1127455807262,,block_57_188,0
neg_1309,PSEUDO_NEGATIVE,28.413207288902957,96.62111709414049,,block_56_193,0
neg_1310,PSEUDO_NEGATIVE,28.320750891768952,96.94922261199554,,block_56_193,0
neg_1311,PSEUDO_NEGATIVE,24.739991526562928,94.41268843027969,,block_49_188,0
neg_1312,PSEUDO_NEGATIVE,25.745162467812754,90.47057786768407,,block_51_180,0
neg_1313,PSEUDO_NEGATIVE,28.554077070455893,94.41602251232528,,block_57_188,0
neg_1314,PSEUDO_NEGATIVE,26.616664301071168,94.05234778178,,block_53_188,0
neg_1315,PSEUDO_NEGATIVE,23.102364110447585,91.7532359512597,,block_46_183,0
neg_1316,PSEUDO_NEGATIVE,27.237410372747213,92.47646300550304,,block_54_184,0
neg_1317,PSEUDO_NEGATIVE,23.083632493085084,92.4176949245321,,block_46_184,0
neg_1318,PSEUDO_NEGATIVE,26.765644502806463,91.00975422070282,,block_53_182,0
neg_1319,PSEUDO_NEGATIVE,25.51379557601994,94.47500663674072,,block_51_188,0
neg_1320,PSEUDO_NEGATIVE,27.85135004216971,93.61300920297552,,block_55_187,0
neg_1321,PSEUDO_NEGATIVE,26.58549404367127,91.043086202757,,block_53_182,0
neg_1322,PSEUDO_NEGATIVE,27.545556240318607,94.92516128786944,,block_55_189,0
neg_1323,PSEUDO_NEGATIVE,25.093338427640425,93.133210540408,,block_50_186,0
neg_1324,PSEUDO_NEGATIVE,23.162367813044558,91.54903177195557,,block_46_183,0
neg_1325,PSEUDO_NEGATIVE,25.365580886206093,91.85763602186928,,block_50_183,0
neg_1326,PSEUDO_NEGATIVE,24.576805277870687,93.0991899520381,,block_49_186,0
neg_1327,PSEUDO_NEGATIVE,26.421177757056014,93.10197106076208,,block_52_186,0
neg_1328,PSEUDO_NEGATIVE,27.13298498667882,92.11244051427103,,block_54_184,0
neg_1329,PSEUDO_NEGATIVE,24.05268755656409,93.83153900218215,,block_48_187,0
neg_1330,PSEUDO_NEGATIVE,28.931030536329068,96.05577431122002,,block_57_192,0
neg_1331,PSEUDO_NEGATIVE,26.58357882415485,91.86602884363046,,block_53_183,0
neg_1332,PSEUDO_NEGATIVE,25.275185509216392,93.46359567027676,,block_50_186,0
neg_1333,PSEUDO_NEGATIVE,25.3551870867019,91.5821504121744,,block_50_183,0
neg_1334,PSEUDO_NEGATIVE,23.38625781020674,92.41399787914145,,block_46_184,0
neg_1335,PSEUDO_NEGATIVE,27.532763232351428,88.0714882689148,,block_55_176,0
neg_1336,PSEUDO_NEGATIVE,28.106973287046856,95.70832326835176,,block_56_191,0
neg_1337,PSEUDO_NEGATIVE,26.45958712408527,91.14984541834788,,block_52_182,0
neg_1338,PSEUDO_NEGATIVE,28.196979236543292,95.53251747459352,,block_56_191,0
neg_1339,PSEUDO_NEGATIVE,25.831305792958823,92.11157491781647,,block_51_184,0
neg_1340,PSEUDO_NEGATIVE,25.732353553918248,93.93554604368789,,block_51_187,0
neg_1341,PSEUDO_NEGATIVE,27.86053783431122,95.92448883030129,,block_55_191,0
neg_1342,PSEUDO_NEGATIVE,26.66761970048142,90.44616315417719,,block_53_180,0
neg_1343,PSEUDO_NEGATIVE,25.224399895129274,93.91160478620458,,block_50_187,0
neg_1344,PSEUDO_NEGATIVE,25.348167589470147,93.93611684672045,,block_50_187,0
neg_1345,PSEUDO_NEGATIVE,25.969170874263877,90.30539152642592,,block_51_180,0
neg_1346,PSEUDO_NEGATIVE,27.828220040604027,95.3888530712888,,block_55_190,0
neg_1347,PSEUDO_NEGATIVE,27.75497604891394,94.19702233736544,,block_55_188,0
neg_1348,PSEUDO_NEGATIVE,26.66852886807822,94.00083375615701,,block_53_188,0
neg_1349,PSEUDO_NEGATIVE,25.38937069957489,93.6014077540728,,block_50_187,0
neg_1350,PSEUDO_NEGATIVE,25.656262388968017,91.39713478818209,,block_51_182,0
neg_1351,PSEUDO_NEGATIVE,28.80309823920337,95.60036111857276,,block_57_191,0
neg_1352,PSEUDO_NEGATIVE,27.536895900474548,96.70988188492493,,block_55_193,0
neg_1353,PSEUDO_NEGATIVE,27.430853632510996,96.83457217357945,,block_54_193,0
neg_1354,PSEUDO_NEGATIVE,23.933688045143075,92.5268037980261,,block_47_185,0
neg_1355,PSEUDO_NEGATIVE,26.091378067095775,90.76661624752143,,block_52_181,0
neg_1356,PSEUDO_NEGATIVE,27.56347786596782,92.66053603067236,,block_55_185,0
neg_1357,PSEUDO_NEGATIVE,25.796189755143427,91.75945622526163,,block_51_183,0
neg_1358,PSEUDO_NEGATIVE,24.036229006277186,91.69256369149096,,block_48_183,0
neg_1359,PSEUDO_NEGATIVE,27.577802452927244,95.66938667592584,,block_55_191,0
neg_1360,PSEUDO_NEGATIVE,26.634123313556977,93.70857911110394,,block_53_187,0
neg_1361,PSEUDO_NEGATIVE,24.742099699556825,93.94736559466878,,block_49_187,0
neg_1362,PSEUDO_NEGATIVE,26.36020624573933,90.75865133461723,,block_52_181,0
neg_1363,PSEUDO_NEGATIVE,28.182816781603663,94.06392092357244,,block_56_188,0
neg_1364,PSEUDO_NEGATIVE,24.39940735716127,92.37454029570677,,block_48_184,0
neg_1365,PSEUDO_NEGATIVE,27.943819600670526,96.44819335480705,,block_55_192,0
neg_1366,PSEUDO_NEGATIVE,26.16846843438884,91.6245543022899,,block_52_183,0
neg_1367,PSEUDO_NEGATIVE,26.47369452426233,92.95626619789121,,block_52_185,0
neg_1368,PSEUDO_NEGATIVE,26.28074501575263,90.67934699332461,,block_52_181,0
neg_1369,PSEUDO_NEGATIVE,27.62806132307847,91.76323682032385,,block_55_183,0
neg_1370,PSEUDO_NEGATIVE,26.129021530502005,90.94384181530695,,block_52_181,0
neg_1371,PSEUDO_NEGATIVE,26.55363691715712,91.69727842215725,,block_53_183,0
neg_1372,PSEUDO_NEGATIVE,27.193072735355408,92.27306836722317,,block_54_184,0
neg_1373,PSEUDO_NEGATIVE,28.349909577312605,97.09123376129892,,block_56_194,0
neg_1374,PSEUDO_NEGATIVE,27.125751730086844,92.09541514610952,,block_54_184,0
neg_1375,PSEUDO_NEGATIVE,28.999238705863306,96.15933980117303,,block_57_192,0
neg_1376,PSEUDO_NEGATIVE,27.62306468516134,96.34530507766787,,block_55_192,0
neg_1377,PSEUDO_NEGATIVE,25.90967585316284,93.43211638996387,,block_51_186,0
neg_1378,PSEUDO_NEGATIVE,26.912053910778614,94.91152182106016,,block_53_189,0
neg_1379,PSEUDO_NEGATIVE,26.387975557060383,92.95985959791331,,block_52_185,0
neg_1380,PSEUDO_NEGATIVE,28.42428714023179,95.14858680872013,,block_56_190,0
neg_1381,PSEUDO_NEGATIVE,24.26987326580803,92.26780647456438,,block_48_184,0
neg_1382,PSEUDO_NEGATIVE,23.07039183112482,92.74240724737352,,block_46_185,0
neg_1383,PSEUDO_NEGATIVE,28.55909139524786,95.0032443362167,,block_57_190,0
neg_1384,PSEUDO_NEGATIVE,26.930329829713173,92.2548246108621,,block_53_184,0
neg_1385,PSEUDO_NEGATIVE,26.82952528675773,94.88081512990138,,block_53_189,0
neg_1386,PSEUDO_NEGATIVE,24.960459984410573,93.58406215305405,,block_49_187,0
neg_1387,PSEUDO_NEGATIVE,25.924676926557762,92.63999253567319,,block_51_185,0
neg_1388,PSEUDO_NEGATIVE,25.195096597297507,94.40290893367523,,block_50_188,0
neg_1389,PSEUDO_NEGATIVE,22.616243507017188,92.73045743356016,,block_45_185,0
neg_1390,PSEUDO_NEGATIVE,27.22358132547214,92.48152829369495,,block_54_184,0
neg_1391,PSEUDO_NEGATIVE,26.332007321772345,92.59008900529336,,block_52_185,0
neg_1392,PSEUDO_NEGATIVE,28.123840935022905,93.33230726266231,,block_56_186,0
neg_1393,PSEUDO_NEGATIVE,25.597349184206724,91.42431971961452,,block_51_182,0
neg_1394,PSEUDO_NEGATIVE,27.786399846121082,96.05538790920527,,block_55_192,0
neg_1395,PSEUDO_NEGATIVE,27.43443812476458,88.19483641229766,,block_54_176,0
neg_1396,PSEUDO_NEGATIVE,29.33764452575463,96.04889592729809,,block_58_192,0
neg_1397,PSEUDO_NEGATIVE,25.68352495904919,90.2970573665894,,block_51_180,0
neg_1398,PSEUDO_NEGATIVE,28.5662946728198,94.3807343417571,,block_57_188,0
neg_1399,PSEUDO_NEGATIVE,25.852590770527353,91.22677976519773,,block_51_182,0
neg_1400,PSEUDO_NEGATIVE,26.553992466140578,92.07452045735813,,block_53_184,0
neg_1401,PSEUDO_NEGATIVE,27.11000291942206,92.38338424116877,,block_54_184,0
neg_1402,PSEUDO_NEGATIVE,26.640843014731036,94.24461101836341,,block_53_188,0
neg_1403,PSEUDO_NEGATIVE,24.22424340574954,92.04503458821179,,block_48_184,0
neg_1404,PSEUDO_NEGATIVE,23.81089431827264,91.29205141410223,,block_47_182,0
neg_1405,PSEUDO_NEGATIVE,26.95647759202707,95.22752255552294,,block_53_190,0
neg_1406,PSEUDO_NEGATIVE,25.496151035206797,91.33354303641653,,block_50_182,0
neg_1407,PSEUDO_NEGATIVE,28.068989073906852,93.98821969800193,,block_56_187,0
neg_1408,PSEUDO_NEGATIVE,26.185697848440732,94.38187818403367,,block_52_188,0
neg_1409,PSEUDO_NEGATIVE,24.3508472570277,93.43477372160746,,block_48_186,0
neg_1410,PSEUDO_NEGATIVE,26.20665468458907,93.90619697671274,,block_52_187,0
neg_1411,PSEUDO_NEGATIVE,26.048313136351318,91.5340798717336,,block_52_183,0
neg_1412,PSEUDO_NEGATIVE,26.575584984511515,90.84246586109953,,block_53_181,0
neg_1413,PSEUDO_NEGATIVE,22.867288940539673,93.10673378452046,,block_45_186,0
neg_1414,PSEUDO_NEGATIVE,26.19836696290463,90.75742595570712,,block_52_181,0
neg_1415,PSEUDO_NEGATIVE,27.640547317436454,91.69099763023702,,block_55_183,0
neg_1416,PSEUDO_NEGATIVE,28.036855800440655,96.22416220209955,,block_56_192,0
neg_1417,PSEUDO_NEGATIVE,25.559156042698817,91.11429140660579,,block_51_182,0
neg_1418,PSEUDO_NEGATIVE,27.025538795309057,94.9500161702882,,block_54_189,0
neg_1419,PSEUDO_NEGATIVE,25.66431535956756,90.10130968550959,,block_51_180,0
neg_1420,PSEUDO_NEGATIVE,25.585659095196768,94.46508215134277,,block_51_188,0
neg_1421,PSEUDO_NEGATIVE,28.297078106125703,93.13916092698688,,block_56_186,0
neg_1422,PSEUDO_NEGATIVE,28.14481708598864,94.40441220199928,,block_56_188,0
neg_1423,PSEUDO_NEGATIVE,28.430785547211848,93.80129007069802,,block_56_187,0
neg_1424,PSEUDO_NEGATIVE,25.185888110931757,93.9802533492713,,block_50_187,0
neg_1425,PSEUDO_NEGATIVE,27.536651874461604,93.13880164089278,,block_55_186,0
neg_1426,PSEUDO_NEGATIVE,25.51880383231897,90.72634017408505,,block_51_181,0
neg_1427,PSEUDO_NEGATIVE,25.373825327403555,93.30356539085982,,block_50_186,0
neg_1428,PSEUDO_NEGATIVE,25.724362722053595,91.27904036852699,,block_51_182,0
neg_1429,PSEUDO_NEGATIVE,25.485317577454428,94.19433501582981,,block_50_188,0
neg_1430,PSEUDO_NEGATIVE,27.79302478885411,92.93907872912828,,block_55_185,0
neg_1431,PSEUDO_NEGATIVE,26.59281018307161,91.79547421064346,,block_53_183,0
neg_1432,PSEUDO_NEGATIVE,28.682793668799356,95.10465041659181,,block_57_190,0
neg_1433,PSEUDO_NEGATIVE,27.701474818921447,93.7014130304319,,block_55_187,0
neg_1434,PSEUDO_NEGATIVE,28.289163099407343,96.68137794760042,,block_56_193,0
neg_1435,PSEUDO_NEGATIVE,26.260725428381253,89.87750362783483,,block_52_179,0
neg_1436,PSEUDO_NEGATIVE,26.3240203930754,93.91368723379392,,block_52_187,0
neg_1437,PSEUDO_NEGATIVE,28.056067239256766,96.39693550802187,,block_56_192,0
neg_1438,PSEUDO_NEGATIVE,28.823512601367792,94.03698434654365,,block_57_188,0
neg_1439,PSEUDO_NEGATIVE,26.234812527072247,92.45308897873754,,block_52_184,0
neg_1440,PSEUDO_NEGATIVE,24.57600599757796,93.81370131863433,,block_49_187,0
neg_1441,PSEUDO_NEGATIVE,22.95859357380996,93.14262106774424,,block_45_186,0
neg_1442,PSEUDO_NEGATIVE,27.47743228752188,96.68723806529523,,block_54_193,0
neg_1443,PSEUDO_NEGATIVE,27.243490311101276,95.19639769487368,,block_54_190,0
neg_1444,PSEUDO_NEGATIVE,26.842560960814048,92.05624629325696,,block_53_184,0
neg_1445,PSEUDO_NEGATIVE,28.06636008837018,93.02134709445019,,block_56_186,0
neg_1446,PSEUDO_NEGATIVE,28.438237983609376,94.41024743337776,,block_56_188,0
neg_1447,PSEUDO_NEGATIVE,27.508219132851963,93.19346202412568,,block_55_186,0
neg_1448,PSEUDO_NEGATIVE,26.373492801758477,90.13498333009196,,block_52_180,0
neg_1449,PSEUDO_NEGATIVE,27.580815238651073,96.35035217994981,,block_55_192,0
neg_1450,PSEUDO_NEGATIVE,27.92817440089027,93.33965694926925,,block_55_186,0
neg_1451,PSEUDO_NEGATIVE,27.37068405374445,95.63864578407039,,block_54_191,0
neg_1452,PSEUDO_NEGATIVE,24.557472728031588,94.15896414794022,,block_49_188,0
neg_1453,PSEUDO_NEGATIVE,26.50654122399853,92.4997928349769,,block_53_184,0
neg_1454,PSEUDO_NEGATIVE,25.661462314128425,94.91105510179842,,block_51_189,0
neg_1455,PSEUDO_NEGATIVE,25.904015827079387,90.51483134327287,,block_51_181,0
neg_1456,PSEUDO_NEGATIVE,27.203064824005853,92.73238678411509,,block_54_185,0
neg_1457,PSEUDO_NEGATIVE,27.261812731804564,93.84559473671283,,block_54_187,0
neg_1458,PSEUDO_NEGATIVE,23.50184920231167,91.50046585957826,,block_47_183,0
neg_1459,PSEUDO_NEGATIVE,26.839301456569572,92.26537206291127,,block_53_184,0
neg_1460,PSEUDO_NEGATIVE,22.768213624967643,92.68973040924561,,block_45_185,0
neg_1461,PSEUDO_NEGATIVE,26.534082714601723,92.65636048746985,,block_53_185,0
neg_1462,PSEUDO_NEGATIVE,26.015773667385965,91.26936266131628,,block_52_182,0
neg_1463,PSEUDO_NEGATIVE,28.796616828406222,95.61629065484698,,block_57_191,0
neg_1464,PSEUDO_NEGATIVE,26.391285562856012,95.11817083550278,,block_52_190,0
neg_1465,PSEUDO_NEGATIVE,27.442118619807847,94.91289618963425,,block_54_189,0
neg_1466,PSEUDO_NEGATIVE,26.25177940328474,93.3420487107986,,block_52_186,0
neg_1467,PSEUDO_NEGATIVE,26.57815909448602,91.39993174915183,,block_53_182,0
neg_1468,PSEUDO_NEGATIVE,28.057972176848992,93.71519225326172,,block_56_187,0
neg_1469,PSEUDO_NEGATIVE,24.00098710073185,93.73708810645051,,block_48_187,0
neg_1470,PSEUDO_NEGATIVE,28.440334109562244,93.45097272532392,,block_56_186,0
neg_1471,PSEUDO_NEGATIVE,26.464399175224422,91.28745871503753,,block_52_182,0
neg_1472,PSEUDO_NEGATIVE,25.783869932507137,90.22759988544877,,block_51_180,0
neg_1473,PSEUDO_NEGATIVE,25.00184539273516,94.12859519662207,,block_50_188,0
neg_1474,PSEUDO_NEGATIVE,25.762185257333147,93.4659730874054,,block_51_186,0
neg_1475,PSEUDO_NEGATIVE,26.265738278556356,93.15339048429685,,block_52_186,0
neg_1476,PSEUDO_NEGATIVE,25.885805338282537,92.14556369169973,,block_51_184,0
neg_1477,PSEUDO_NEGATIVE,24.650933678111205,92.28471903323586,,block_49_184,0
neg_1478,PSEUDO_NEGATIVE,24.575083031203405,92.75304836272129,,block_49_185,0
neg_1479,PSEUDO_NEGATIVE,28.85122989083422,94.1413013171483,,block_57_188,0
neg_1480,PSEUDO_NEGATIVE,26.49966123514368,92.22029940181419,,block_52_184,0
neg_1481,PSEUDO_NEGATIVE,25.083261747257417,93.35181719050942,,block_50_186,0
neg_1482,PSEUDO_NEGATIVE,26.707986222944804,95.26286277221277,,block_53_190,0
neg_1483,PSEUDO_NEGATIVE,28.739030758793348,96.23821355155297,,block_57_192,0
neg_1484,PSEUDO_NEGATIVE,28.968951257846786,94.98282752893385,,block_57_189,0
neg_1485,PSEUDO_NEGATIVE,24.95761305165781,93.23524334035433,,block_49_186,0
neg_1486,PSEUDO_NEGATIVE,28.720440038053976,96.44452658567147,,block_57_192,0
neg_1487,PSEUDO_NEGATIVE,26.395232816238376,93.79631818244647,,block_52_187,0
neg_1488,PSEUDO_NEGATIVE,25.311604599067003,91.84342241532967,,block_50_183,0
neg_1489,PSEUDO_NEGATIVE,24.098612676249566,92.48479684577188,,block_48_184,0
neg_1490,PSEUDO_NEGATIVE,27.721263421182645,96.61361336491255,,block_55_193,0
neg_1491,PSEUDO_NEGATIVE,24.711041706217035,94.10440474497643,,block_49_188,0
neg_1492,PSEUDO_NEGATIVE,25.765870653772744,93.52796024997097,,block_51_187,0
neg_1493,PSEUDO_NEGATIVE,23.501173237503217,92.87986872356839,,block_47_185,0
neg_1494,PSEUDO_NEGATIVE,26.271047454214365,93.78548847403417,,block_52_187,0
neg_1495,PSEUDO_NEGATIVE,28.926320479517628,94.26447595372133,,block_57_188,0
neg_1496,PSEUDO_NEGATIVE,28.274803968266443,95.0957285433055,,block_56_190,0
neg_1497,PSEUDO_NEGATIVE,26.240855235169974,94.88164053396397,,block_52_189,0
neg_1498,PSEUDO_NEGATIVE,25.277478480007396,92.06329991546723,,block_50_184,0
neg_1499,PSEUDO_NEGATIVE,25.753657312307972,90.59541548090102,,block_51_181,0
neg_1500,PSEUDO_NEGATIVE,26.692741960212327,92.82073466269348,,block_53_185,0
neg_1501,PSEUDO_NEGATIVE,27.805546338581088,94.64401213427345,,block_55_189,0
neg_1502,PSEUDO_NEGATIVE,28.29487590970169,94.21462601478227,,block_56_188,0
neg_1503,PSEUDO_NEGATIVE,29.06803399975294,94.32946773200763,,block_58_188,0
neg_1504,PSEUDO_NEGATIVE,28.085403274163582,94.8954704394134,,block_56_189,0
neg_1505,PSEUDO_NEGATIVE,28.41439165098187,95.04479217837287,,block_56_190,0
neg_1506,PSEUDO_NEGATIVE,26.13880242590048,89.96034153307907,,block_52_179,0
neg_1507,PSEUDO_NEGATIVE,23.899360986513454,91.57472816058731,,block_47_183,0
neg_1508,PSEUDO_NEGATIVE,26.33763206440091,93.99451749382776,,block_52_187,0
neg_1509,PSEUDO_NEGATIVE,25.431993085652575,90.99771597243668,,block_50_181,0
neg_1510,PSEUDO_NEGATIVE,27.256622887948453,95.27260874429652,,block_54_190,0
neg_1511,PSEUDO_NEGATIVE,25.01456772746113,93.38155354880428,,block_50_186,0
neg_1512,PSEUDO_NEGATIVE,26.561110182417263,91.09903125922847,,block_53_182,0
neg_1513,PSEUDO_NEGATIVE,27.3889382791556,95.54268105152524,,block_54_191,0
neg_1514,PSEUDO_NEGATIVE,28.832937090698813,95.20831527561339,,block_57_190,0
neg_1515,PSEUDO_NEGATIVE,26.101995847242566,94.15635687904525,,block_52_188,0
neg_1516,PSEUDO_NEGATIVE,25.841732388731252,91.40371886516692,,block_51_182,0
neg_1517,PSEUDO_NEGATIVE,27.85880744808697,94.15959401255145,,block_55_188,0
neg_1518,PSEUDO_NEGATIVE,27.69413354074996,91.90457222155817,,block_55_183,0
neg_1519,PSEUDO_NEGATIVE,27.492637825535894,95.45062805769268,,block_54_190,0
neg_1520,PSEUDO_NEGATIVE,23.90845165972705,94.16687666189888,,block_47_188,0
neg_1521,PSEUDO_NEGATIVE,25.482642683848837,90.73764334647078,,block_50_181,0
neg_1522,PSEUDO_NEGATIVE,26.16357156721532,92.54348547960502,,block_52_185,0
neg_1523,PSEUDO_NEGATIVE,25.6774651671159,91.70026470976845,,block_51_183,0
neg_1524,PSEUDO_NEGATIVE,23.664078162594496,91.47632328928992,,block_47_182,0
neg_1525,PSEUDO_NEGATIVE,26.179964834660353,94.04249451100627,,block_52_188,0
neg_1526,PSEUDO_NEGATIVE,25.49871139807912,94.79650468895369,,block_50_189,0
neg_1527,PSEUDO_NEGATIVE,26.206457961949855,90.18483972664156,,block_52_180,0
neg_1528,PSEUDO_NEGATIVE,27.638288270490705,95.470140433267,,block_55_190,0
neg_1529,PSEUDO_NEGATIVE,26.046474389721432,90.94235205366513,,block_52_181,0
neg_1530,PSEUDO_NEGATIVE,27.287398106387048,92.83565248709313,,block_54_185,0
neg_1531,PSEUDO_NEGATIVE,26.05784637911558,91.75441318815224,,block_52_183,0
neg_1532,PSEUDO_NEGATIVE,24.155307776433474,92.09350638359783,,block_48_184,0
neg_1533,PSEUDO_NEGATIVE,27.042792013737692,92.91131296627543,,block_54_185,0
neg_1534,PSEUDO_NEGATIVE,26.57476370305227,91.49333904012902,,block_53_182,0
neg_1535,PSEUDO_NEGATIVE,25.876709428475657,89.9219413082782,,block_51_179,0
neg_1536,PSEUDO_NEGATIVE,26.566398638748858,94.71606312013999,,block_53_189,0
neg_1537,PSEUDO_NEGATIVE,25.847286359923594,90.36165001122531,,block_51_180,0
neg_1538,PSEUDO_NEGATIVE,28.945804912413717,94.76922441843267,,block_57_189,0
neg_1539,PSEUDO_NEGATIVE,25.986759357789985,91.11173022605715,,block_51_182,0
neg_1540,PSEUDO_NEGATIVE,26.149586277554988,90.12467739762813,,block_52_180,0
neg_1541,PSEUDO_NEGATIVE,28.497508004597268,93.49400281947581,,block_56_186,0
neg_1542,PSEUDO_NEGATIVE,27.956322055828686,93.5207803805277,,block_55_187,0
neg_1543,PSEUDO_NEGATIVE,27.767037988348616,93.56639776293105,,block_55_187,0
neg_1544,PSEUDO_NEGATIVE,28.522158037727642,94.28387098719746,,block_57_188,0
neg_1545,PSEUDO_NEGATIVE,26.157103027318975,91.54670978542302,,block_52_183,0
neg_1546,PSEUDO_NEGATIVE,24.8300269258578,92.46009321463795,,block_49_184,0
neg_1547,PSEUDO_NEGATIVE,24.26938992719155,92.90666562303555,,block_48_185,0
neg_1548,PSEUDO_NEGATIVE,28.300653279018665,96.98038515866915,,block_56_193,0
neg_1549,PSEUDO_NEGATIVE,29.085723489646995,95.8358863786662,,block_58_191,0
neg_1550,PSEUDO_NEGATIVE,27.3062423518741,95.89483537457949,,block_54_191,0
neg_1551,PSEUDO_NEGATIVE,26.15969257769373,92.60687894324911,,block_52_185,0
neg_1552,PSEUDO_NEGATIVE,27.89613442349506,94.4424553001691,,block_55_188,0
neg_1553,PSEUDO_NEGATIVE,26.140078643248916,92.09288570530464,,block_52_184,0
neg_1554,PSEUDO_NEGATIVE,24.67922253385804,92.38111327771098,,block_49_184,0
neg_1555,PSEUDO_NEGATIVE,26.992297141474005,94.84782012988875,,block_53_189,0
neg_1556,PSEUDO_NEGATIVE,23.52472770131382,93.26206381348649,,block_47_186,0
neg_1557,PSEUDO_NEGATIVE,27.581976562480122,88.1003207641904,,block_55_176,0
neg_1558,PSEUDO_NEGATIVE,25.25981231289755,92.94442439103092,,block_50_185,0
neg_1559,PSEUDO_NEGATIVE,23.989630777215382,92.50010776627038,,block_47_185,0
neg_1560,PSEUDO_NEGATIVE,29.280669277523273,95.73926166211076,,block_58_191,0
neg_1561,PSEUDO_NEGATIVE,27.440073704916486,88.78930578248428,,block_54_177,0
neg_1562,PSEUDO_NEGATIVE,25.26983141853112,90.58993927925954,,block_50_181,0
neg_1563,PSEUDO_NEGATIVE,24.49503892618058,93.34082869782591,,block_48_186,0
neg_1564,PSEUDO_NEGATIVE,27.191820605503942,93.32217931259099,,block_54_186,0
neg_1565,PSEUDO_NEGATIVE,28.263543250968816,94.0377834801449,,block_56_188,0
neg_1566,PSEUDO_NEGATIVE,25.62313102110597,93.43974394364628,,block_51_186,0
neg_1567,PSEUDO_NEGATIVE,24.55132989488554,94.03316356179567,,block_49_188,0
neg_1568,PSEUDO_NEGATIVE,25.317515900017323,93.93164822800588,,block_50_187,0
neg_1569,PSEUDO_NEGATIVE,25.988410758392554,89.98023029224055,,block_51_179,0
neg_1570,PSEUDO_NEGATIVE,28.06290325211983,95.48495116765557,,block_56_190,0
neg_1571,PSEUDO_NEGATIVE,26.359837785770978,91.49945782795126,,block_52_182,0
neg_1572,PSEUDO_NEGATIVE,24.77211719306645,93.53087334835517,,block_49_187,0
neg_1573,PSEUDO_NEGATIVE,24.443814833154573,94.09008434629449,,block_48_188,0
neg_1574,PSEUDO_NEGATIVE,24.22769478586962,92.38830758437301,,block_48_184,0
neg_1575,PSEUDO_NEGATIVE,26.2773355281218,92.0887036835475,,block_52_184,0
neg_1576,PSEUDO_NEGATIVE,23.81956824882053,91.5082189161245,,block_47_183,0
neg_1577,PSEUDO_NEGATIVE,24.46787478079973,94.37842491247386,,block_48_188,0
neg_1578,PSEUDO_NEGATIVE,28.568488620077844,95.17382611622432,,block_57_190,0
neg_1579,PSEUDO_NEGATIVE,22.11701929901985,92.81472089263809,,block_44_185,0
neg_1580,PSEUDO_NEGATIVE,28.909887342784025,96.33399531401993,,block_57_192,0
neg_1581,PSEUDO_NEGATIVE,27.72025565113949,95.53400246540728,,block_55_191,0
neg_1582,PSEUDO_NEGATIVE,25.527815079770285,91.24029151453962,,block_51_182,0
neg_1583,PSEUDO_NEGATIVE,25.478085277815914,94.4557925217155,,block_50_188,0
neg_1584,PSEUDO_NEGATIVE,27.26730316463738,95.17272802903747,,block_54_190,0
neg_1585,PSEUDO_NEGATIVE,27.776779339358583,96.44140012906514,,block_55_192,0
neg_1586,PSEUDO_NEGATIVE,28.130412178695924,94.86549781116268,,block_56_189,0
neg_1587,PSEUDO_NEGATIVE,22.444591649146307,92.5901076905194,,block_44_185,0
neg_1588,PSEUDO_NEGATIVE,27.527261297208927,93.51243218073864,,block_55_187,0
neg_1589,PSEUDO_NEGATIVE,26.54030557985375,95.06583392428531,,block_53_190,0
neg_1590,PSEUDO_NEGATIVE,28.850853605473407,94.06842632414916,,block_57_188,0
neg_1591,PSEUDO_NEGATIVE,27.08578230091817,95.84178545326328,,block_54_191,0
neg_1592,PSEUDO_NEGATIVE,28.454745247021307,95.55337241429841,,block_56_191,0
neg_1593,PSEUDO_NEGATIVE,26.26758479366433,91.60950868316894,,block_52_183,0
neg_1594,PSEUDO_NEGATIVE,25.32205155354491,91.50455796525951,,block_50_183,0
neg_1595,PSEUDO_NEGATIVE,25.966183660816057,91.4297007996568,,block_51_182,0
neg_1596,PSEUDO_NEGATIVE,25.941008378364458,91.60463513866779,,block_51_183,0
neg_1597,PSEUDO_NEGATIVE,26.385162937339825,89.8575626644494,,block_52_179,0
neg_1598,PSEUDO_NEGATIVE,28.0775468309995,94.83971040545947,,block_56_189,0
neg_1599,PSEUDO_NEGATIVE,25.621122729017625,91.4507787367008,,block_51_182,0
neg_1600,PSEUDO_NEGATIVE,28.657661105356325,94.45204380207797,,block_57_188,0
neg_1601,PSEUDO_NEGATIVE,24.367207380104016,93.97823737960147,,block_48_187,0
neg_1602,PSEUDO_NEGATIVE,26.42791968322391,91.35809813201354,,block_52_182,0
neg_1603,PSEUDO_NEGATIVE,26.710192174838646,92.05234513723505,,block_53_184,0
neg_1604,PSEUDO_NEGATIVE,27.468427108494126,92.92145222685666,,block_54_185,0
neg_1605,PSEUDO_NEGATIVE,28.94854818909788,95.04310979275904,,block_57_190,0
neg_1606,PSEUDO_NEGATIVE,24.744196539799525,92.44543296264833,,block_49_184,0
neg_1607,PSEUDO_NEGATIVE,27.681464745921154,92.10728896098581,,block_55_184,0
neg_1608,PSEUDO_NEGATIVE,27.576210424567467,95.31610435654005,,block_55_190,0
neg_1609,PSEUDO_NEGATIVE,28.185009821511027,93.52639314647905,,block_56_187,0
neg_1610,PSEUDO_NEGATIVE,26.724272237150025,91.09026894189198,,block_53_182,0
neg_1611,PSEUDO_NEGATIVE,26.166075595360983,91.24581240848501,,block_52_182,0
neg_1612,PSEUDO_NEGATIVE,26.128940102866256,92.61311464088406,,block_52_185,0
neg_1613,PSEUDO_NEGATIVE,27.48190140604685,91.77049518801765,,block_54_183,0
neg_1614,PSEUDO_NEGATIVE,24.31509073538717,93.03489425782546,,block_48_186,0
neg_1615,PSEUDO_NEGATIVE,25.660732428371116,92.3607910550465,,block_51_184,0
neg_1616,PSEUDO_NEGATIVE,24.091899356434972,93.00705763549166,,block_48_186,0
neg_1617,PSEUDO_NEGATIVE,24.43881684689451,92.36180197274828,,block_48_184,0
neg_1618,PSEUDO_NEGATIVE,26.73676825032168,93.81743409117618,,block_53_187,0
neg_1619,PSEUDO_NEGATIVE,27.464324759741814,96.88759678166089,,block_54_193,0
neg_1620,PSEUDO_NEGATIVE,26.22672671939256,92.43598731333772,,block_52_184,0
neg_1621,PSEUDO_NEGATIVE,27.546536849217144,96.3050173165267,,block_55_192,0
neg_1622,PSEUDO_NEGATIVE,26.871281940929435,93.18933917884941,,block_53_186,0
neg_1623,PSEUDO_NEGATIVE,28.46213087042451,95.9929047285329,,block_56_191,0
neg_1624,PSEUDO_NEGATIVE,25.404964866413668,90.30344152619324,,block_50_180,0
neg_1625,PSEUDO_NEGATIVE,27.955327032091258,97.1443697015734,,block_55_194,0
neg_1626,PSEUDO_NEGATIVE,26.490451648591858,91.1138368069947,,block_52_182,0
neg_1627,PSEUDO_NEGATIVE,26.817878981813692,93.02120563029337,,block_53_186,0
neg_1628,PSEUDO_NEGATIVE,27.34634714609506,92.808661177122,,block_54_185,0
neg_1629,PSEUDO_NEGATIVE,26.837186516406746,92.02873225511448,,block_53_184,0
neg_1630,PSEUDO_NEGATIVE,25.635984672002635,90.30044737544371,,block_51_180,0
neg_1631,PSEUDO_NEGATIVE,27.216668709816076,93.3413731842325,,block_54_186,0
neg_1632,PSEUDO_NEGATIVE,23.579763700733306,91.48600051475518,,block_47_182,0
neg_1633,PSEUDO_NEGATIVE,26.717598807186143,92.46767751949237,,block_53_184,0
neg_1634,PSEUDO_NEGATIVE,25.242953883982583,90.7718683947008,,block_50_181,0
neg_1635,PSEUDO_NEGATIVE,27.552372063096684,94.53377565449775,,block_55_189,0
neg_1636,PSEUDO_NEGATIVE,24.820122724440125,93.98556590335392,,block_49_187,0
neg_1637,PSEUDO_NEGATIVE,24.202469911631653,93.4918068775045,,block_48_186,0
neg_1638,PSEUDO_NEGATIVE,24.984419205971097,93.81352391883759,,block_49_187,0
neg_1639,PSEUDO_NEGATIVE,23.185318665340134,92.93722658702205,,block_46_185,0
neg_1640,PSEUDO_NEGATIVE,27.812909134764894,95.41917791608095,,block_55_190,0
neg_1641,PSEUDO_NEGATIVE,28.327669103619556,95.36102191958012,,block_56_190,0
neg_1642,PSEUDO_NEGATIVE,25.883299333049532,90.14669041014427,,block_51_180,0
neg_1643,PSEUDO_NEGATIVE,26.104962054704032,93.02668640433322,,block_52_186,0
neg_1644,PSEUDO_NEGATIVE,27.533559945871986,96.20258676817123,,block_55_192,0
neg_1645,PSEUDO_NEGATIVE,26.206936424779972,90.33093629553994,,block_52_180,0
neg_1646,PSEUDO_NEGATIVE,27.141712691755103,94.1175878275984,,block_54_188,0
neg_1647,PSEUDO_NEGATIVE,26.52944658413381,93.18857115364284,,block_53_186,0
neg_1648,PSEUDO_NEGATIVE,26.35114817163923,93.46394211267273,,block_52_186,0
neg_1649,PSEUDO_NEGATIVE,25.428461825451656,93.04717626040744,,block_50_186,0
neg_1650,PSEUDO_NEGATIVE,23.400211438231594,93.09826703623037,,block_46_186,0
neg_1651,PSEUDO_NEGATIVE,26.226902446694513,93.46810732811468,,block_52_186,0
neg_1652,PSEUDO_NEGATIVE,28.637532873184067,95.30752112299723,,block_57_190,0
neg_1653,PSEUDO_NEGATIVE,26.569540942774168,92.28879171257492,,block_53_184,0
neg_1654,PSEUDO_NEGATIVE,26.470291513634088,92.63048831174228,,block_52_185,0
neg_1655,PSEUDO_NEGATIVE,23.24164225829884,92.76855403142295,,block_46_185,0
neg_1656,PSEUDO_NEGATIVE,26.165608813041995,90.90275776448595,,block_52_181,0
neg_1657,PSEUDO_NEGATIVE,25.268307332713015,93.99609996868233,,block_50_187,0
neg_1658,PSEUDO_NEGATIVE,27.818817630605466,95.17081489249279,,block_55_190,0
neg_1659,PSEUDO_NEGATIVE,23.520445009579674,92.71672890089906,,block_47_185,0
neg_1660,PSEUDO_NEGATIVE,24.332120542412966,92.98575548556173,,block_48_185,0
neg_1661,PSEUDO_NEGATIVE,26.53240282832249,93.36747920897409,,block_53_186,0
neg_1662,PSEUDO_NEGATIVE,27.72462010541129,95.38662459861268,,block_55_190,0
neg_1663,PSEUDO_NEGATIVE,28.37791536152637,93.73515835723545,,block_56_187,0
neg_1664,PSEUDO_NEGATIVE,27.894489606980304,95.32969617567065,,block_55_190,0
neg_1665,PSEUDO_NEGATIVE,27.563625910853105,92.22725402932882,,block_55_184,0
neg_1666,PSEUDO_NEGATIVE,24.373671080869833,92.50901736505364,,block_48_185,0
neg_1667,PSEUDO_NEGATIVE,27.381606242853,92.4167945351394,,block_54_184,0
neg_1668,PSEUDO_NEGATIVE,26.91157859090327,94.46532907948999,,block_53_188,0
neg_1669,PSEUDO_NEGATIVE,24.029083856200142,93.70302552364376,,block_48_187,0
neg_1670,PSEUDO_NEGATIVE,26.761177863213856,90.5948344726579,,block_53_181,0
neg_1671,PSEUDO_NEGATIVE,23.88146540396456,92.99165830822821,,block_47_185,0
neg_1672,PSEUDO_NEGATIVE,27.87284539427094,94.6871852855917,,block_55_189,0
neg_1673,PSEUDO_NEGATIVE,25.459280631917604,92.33155468854842,,block_50_184,0
neg_1674,PSEUDO_NEGATIVE,24.430891945304626,94.37008674093727,,block_48_188,0
neg_1675,PSEUDO_NEGATIVE,27.58214212870879,88.21750009595259,,block_55_176,0
neg_1676,PSEUDO_NEGATIVE,24.911940656051726,92.57176079081083,,block_49_185,0
neg_1677,PSEUDO_NEGATIVE,22.265036230688732,92.96693538849571,,block_44_185,0
neg_1678,PSEUDO_NEGATIVE,22.143838534462382,92.73958865409315,,block_44_185,0
neg_1679,PSEUDO_NEGATIVE,27.96691466037729,95.42729253370172,,block_55_190,0
neg_1680,PSEUDO_NEGATIVE,25.639271975667125,93.4032654131746,,block_51_186,0
neg_1681,PSEUDO_NEGATIVE,26.721241215691208,94.90367779515829,,block_53_189,0
neg_1682,PSEUDO_NEGATIVE,27.832470399541748,92.99856690978486,,block_55_185,0
neg_1683,PSEUDO_NEGATIVE,27.969291424025613,95.95521381202316,,block_55_191,0
neg_1684,PSEUDO_NEGATIVE,27.614495853747687,95.21088368020327,,block_55_190,0
neg_1685,PSEUDO_NEGATIVE,27.51591807869643,94.11417076070634,,block_55_188,0
neg_1686,PSEUDO_NEGATIVE,24.48255386539368,92.96051129655883,,block_48_185,0
neg_1687,PSEUDO_NEGATIVE,27.163654866962773,95.70996015158248,,block_54_191,0
neg_1688,PSEUDO_NEGATIVE,25.378925235327007,94.25477757813869,,block_50_188,0
neg_1689,PSEUDO_NEGATIVE,27.82392045384391,93.07671675887767,,block_55_186,0
neg_1690,PSEUDO_NEGATIVE,25.295774141944616,91.75227508893009,,block_50_183,0
neg_1691,PSEUDO_NEGATIVE,23.462805234338912,91.57674594929846,,block_46_183,0
neg_1692,PSEUDO_NEGATIVE,25.617224040842647,93.68557505286388,,block_51_187,0
neg_1693,PSEUDO_NEGATIVE,29.08756155636803,95.86342556635941,,block_58_191,0
neg_1694,PSEUDO_NEGATIVE,27.998090073426624,96.14364357258813,,block_55_192,0
neg_1695,PSEUDO_NEGATIVE,29.373602783341585,96.04772000940552,,block_58_192,0
neg_1696,PSEUDO_NEGATIVE,26.484860325989356,93.98643922959852,,block_52_187,0
neg_1697,PSEUDO_NEGATIVE,24.266874706890064,92.41317762028993,,block_48_184,0
neg_1698,PSEUDO_NEGATIVE,26.563432749212403,94.7333637498777,,block_53_189,0
neg_1699,PSEUDO_NEGATIVE,26.979508361890638,92.88721910162941,,block_53_185,0
neg_1700,PSEUDO_NEGATIVE,25.10735923683835,94.21529718611447,,block_50_188,0
neg_1701,PSEUDO_NEGATIVE,24.351246074505262,93.3776152872987,,block_48_186,0
neg_1702,PSEUDO_NEGATIVE,26.286731257162927,92.24977867105133,,block_52_184,0
neg_1703,PSEUDO_NEGATIVE,24.677209058713245,94.0375513183988,,block_49_188,0
neg_1704,PSEUDO_NEGATIVE,23.626150424857943,92.29987432213673,,block_47_184,0
neg_1705,PSEUDO_NEGATIVE,24.23343108176807,92.09994261116539,,block_48_184,0
neg_1706,PSEUDO_NEGATIVE,24.589917379575724,93.648801214482,,block_49_187,0
neg_1707,PSEUDO_NEGATIVE,23.810102231676815,93.22411935836323,,block_47_186,0
neg_1708,PSEUDO_NEGATIVE,27.7109062715465,95.58568979783861,,block_55_191,0
neg_1709,PSEUDO_NEGATIVE,27.8759776563329,94.07319547190285,,block_55_188,0
neg_1710,PSEUDO_NEGATIVE,27.521377885737017,96.87680639415818,,block_55_193,0
neg_1711,PSEUDO_NEGATIVE,27.009009323221253,95.1494951954351,,block_54_190,0
neg_1712,PSEUDO_NEGATIVE,26.67694759181286,92.42842772440987,,block_53_184,0
neg_1713,PSEUDO_NEGATIVE,25.445595202125013,93.49879859822606,,block_50_186,0
neg_1714,PSEUDO_NEGATIVE,28.55944165136055,94.49950707655965,,block_57_188,0
neg_1715,PSEUDO_NEGATIVE,26.45275706182902,91.4079641838979,,block_52_182,0
neg_1716,PSEUDO_NEGATIVE,28.507145786730476,94.25015974081009,,block_57_188,0
neg_1717,PSEUDO_NEGATIVE,28.258989290387575,97.05449753899342,,block_56_194,0
neg_1718,PSEUDO_NEGATIVE,25.1047232957971,93.99776312998523,,block_50_187,0
neg_1719,PSEUDO_NEGATIVE,23.8126981173904,92.77354138561337,,block_47_185,0
neg_1720,PSEUDO_NEGATIVE,23.74485606589883,92.65277517647333,,block_47_185,0
neg_1721,PSEUDO_NEGATIVE,26.392241734986225,94.25690778119929,,block_52_188,0
neg_1722,PSEUDO_NEGATIVE,27.284821073023608,93.27030514704006,,block_54_186,0
neg_1723,PSEUDO_NEGATIVE,24.64132629043555,94.32252830466233,,block_49_188,0
neg_1724,PSEUDO_NEGATIVE,28.376971053344356,93.38944227185895,,block_56_186,0
neg_1725,PSEUDO_NEGATIVE,28.080021102128,93.90431248245561,,block_56_187,0
neg_1726,PSEUDO_NEGATIVE,27.80999386669442,94.28924263668034,,block_55_188,0
neg_1727,PSEUDO_NEGATIVE,27.994403870520344,94.85313925513817,,block_55_189,0
neg_1728,PSEUDO_NEGATIVE,26.05931064283088,91.02568281712104,,block_52_182,0
neg_1729,PSEUDO_NEGATIVE,28.09756783923239,95.9403665505235,,block_56_191,0
neg_1730,PSEUDO_NEGATIVE,26.58466072448033,94.95467766648876,,block_53_189,0
neg_1731,PSEUDO_NEGATIVE,27.386749070043017,94.01084633482257,,block_54_188,0
neg_1732,PSEUDO_NEGATIVE,24.278225022000655,92.67361131467719,,block_48_185,0
neg_1733,PSEUDO_NEGATIVE,23.315060306712162,91.59734601155074,,block_46_183,0
neg_1734,PSEUDO_NEGATIVE,28.70792975386322,95.09484595579389,,block_57_190,0
neg_1735,PSEUDO_NEGATIVE,28.80711047833045,94.58214602945516,,block_57_189,0
neg_1736,PSEUDO_NEGATIVE,26.15968820937833,95.11364343064473,,block_52_190,0
neg_1737,PSEUDO_NEGATIVE,25.99073312991933,91.74092958430668,,block_51_183,0
neg_1738,PSEUDO_NEGATIVE,29.166169685093656,95.65698700725113,,block_58_191,0
neg_1739,PSEUDO_NEGATIVE,22.209873600817225,93.15107983393305,,block_44_186,0
neg_1740,PSEUDO_NEGATIVE,25.05039639046825,93.18152584720181,,block_50_186,0
neg_1741,PSEUDO_NEGATIVE,28.344076293268373,93.4604187634319,,block_56_186,0
neg_1742,PSEUDO_NEGATIVE,25.75664914089061,92.47193447226572,,block_51_184,0
neg_1743,PSEUDO_NEGATIVE,26.491096056487155,94.7689987188162,,block_52_189,0
neg_1744,PSEUDO_NEGATIVE,27.353490472855405,94.06268003716346,,block_54_188,0
neg_1745,PSEUDO_NEGATIVE,25.678210393280374,92.10013195282059,,block_51_184,0
neg_1746,PSEUDO_NEGATIVE,26.15568634426861,93.25456279004074,,block_52_186,0
neg_1747,PSEUDO_NEGATIVE,27.36340283526694,93.35568408793893,,block_54_186,0
neg_1748,PSEUDO_NEGATIVE,29.099868565899282,94.84094871326703,,block_58_189,0
neg_1749,PSEUDO_NEGATIVE,27.323452631703113,92.61361227370651,,block_54_185,0
neg_1750,PSEUDO_NEGATIVE,25.336049097438693,93.06091958547933,,block_50_186,0
neg_1751,PSEUDO_NEGATIVE,26.001055862377264,94.40442425844522,,block_52_188,0
neg_1752,PSEUDO_NEGATIVE,26.532917705197477,94.69386891046155,,block_53_189,0
neg_1753,PSEUDO_NEGATIVE,25.92626704234039,94.86557522055021,,block_51_189,0
neg_1754,PSEUDO_NEGATIVE,26.835493304275563,92.65276547707224,,block_53_185,0
neg_1755,PSEUDO_NEGATIVE,24.997563821806082,94.54630152031356,,block_49_189,0
neg_1756,PSEUDO_NEGATIVE,23.331385410091354,91.80027611993961,,block_46_183,0
neg_1757,PSEUDO_NEGATIVE,28.90054732599272,95.62252920962761,,block_57_191,0
neg_1758,PSEUDO_NEGATIVE,28.81347727934581,94.6517918876808,,block_57_189,0
neg_1759,PSEUDO_NEGATIVE,25.8508128992561,94.23701843883961,,block_51_188,0
neg_1760,PSEUDO_NEGATIVE,24.336203284041503,92.95697238960989,,block_48_185,0
neg_1761,PSEUDO_NEGATIVE,26.27065962356899,93.00010141211543,,block_52_186,0
neg_1762,PSEUDO_NEGATIVE,24.89580535704358,93.13598253463257,,block_49_186,0
neg_1763,PSEUDO_NEGATIVE,25.30407473297992,89.86159024800223,,block_50_179,0
neg_1764,PSEUDO_NEGATIVE,26.165522742861466,93.73083441894354,,block_52_187,0
neg_1765,PSEUDO_NEGATIVE,27.75762986676897,95.24592171929847,,block_55_190,0
neg_1766,PSEUDO_NEGATIVE,27.211652568123327,92.95897122035785,,block_54_185,0
neg_1767,PSEUDO_NEGATIVE,24.234110712855333,93.52221667490753,,block_48_187,0
neg_1768,PSEUDO_NEGATIVE,28.1729963421796,96.21282891838072,,block_56_192,0
neg_1769,PSEUDO_NEGATIVE,27.512904660877947,92.92545372234788,,block_55_185,0
neg_1770,PSEUDO_NEGATIVE,23.255004893738526,91.48574489357064,,block_46_182,0
neg_1771,PSEUDO_NEGATIVE,28.68190618517928,94.69665944286376,,block_57_189,0
neg_1772,PSEUDO_NEGATIVE,28.217910692942926,97.25337847072142,,block_56_194,0
neg_1773,PSEUDO_NEGATIVE,26.659047126427428,89.92583704023484,,block_53_179,0
neg_1774,PSEUDO_NEGATIVE,28.577975950877043,94.9243555425787,,block_57_189,0
neg_1775,PSEUDO_NEGATIVE,26.460985163444768,93.88944871358363,,block_52_187,0
neg_1776,PSEUDO_NEGATIVE,24.90556040046867,94.54241660394513,,block_49_189,0
neg_1777,PSEUDO_NEGATIVE,25.313374350812662,94.2318524858452,,block_50_188,0
neg_1778,PSEUDO_NEGATIVE,25.975576649434387,90.67622536153925,,block_51_181,0
neg_1779,PSEUDO_NEGATIVE,26.11609990025351,92.68089181994952,,block_52_185,0
neg_1780,PSEUDO_NEGATIVE,26.576438284060764,92.11822047785265,,block_53_184,0
neg_1781,PSEUDO_NEGATIVE,26.900892846889615,92.12539296923512,,block_53_184,0
neg_1782,PSEUDO_NEGATIVE,23.767898522113384,92.96843206215934,,block_47_185,0
neg_1783,PSEUDO_NEGATIVE,25.960480622445864,93.81471051702303,,block_51_187,0
neg_1784,PSEUDO_NEGATIVE,24.797221759155384,93.28948957137112,,block_49_186,0
neg_1785,PSEUDO_NEGATIVE,28.084166098722868,95.22573707200121,,block_56_190,0
neg_1786,PSEUDO_NEGATIVE,26.67497810622665,93.29820432758686,,block_53_186,0
neg_1787,PSEUDO_NEGATIVE,26.581973094786928,92.2269093569835,,block_53_184,0
neg_1788,PSEUDO_NEGATIVE,27.58532749568138,94.41908302315538,,block_55_188,0
neg_1789,PSEUDO_NEGATIVE,26.555824612828502,91.2443747834357,,block_53_182,0
neg_1790,PSEUDO_NEGATIVE,25.977055542795185,91.3852703832395,,block_51_182,0
neg_1791,PSEUDO_NEGATIVE,26.015388796275822,90.13366474272608,,block_52_180,0
neg_1792,PSEUDO_NEGATIVE,27.474214612227453,92.17259315067766,,block_54_184,0
neg_1793,PSEUDO_NEGATIVE,26.910877433116404,93.81743676227406,,block_53_187,0
neg_1794,PSEUDO_NEGATIVE,27.706222006826067,91.83715604486522,,block_55_183,0
neg_1795,PSEUDO_NEGATIVE,28.22994800257362,95.28103001698139,,block_56_190,0
neg_1796,PSEUDO_NEGATIVE,23.550553853559432,93.18591489169964,,block_47_186,0
neg_1797,PSEUDO_NEGATIVE,23.091067035595707,91.61233070946446,,block_46_183,0
neg_1798,PSEUDO_NEGATIVE,24.833377101363137,94.2697392509878,,block_49_188,0
neg_1799,PSEUDO_NEGATIVE,26.553669220451038,94.91198564994339,,block_53_189,0
neg_1800,PSEUDO_NEGATIVE,28.556965937229187,94.35618043923682,,block_57_188,0
neg_1801,PSEUDO_NEGATIVE,27.88091314805097,88.8060505494608,,block_55_177,0
neg_1802,PSEUDO_NEGATIVE,25.510663725238427,94.61387023811824,,block_51_189,0
neg_1803,PSEUDO_NEGATIVE,25.945519370717996,93.81191559024894,,block_51_187,0
neg_1804,PSEUDO_NEGATIVE,27.911353293799976,94.28769634405553,,block_55_188,0
neg_1805,PSEUDO_NEGATIVE,27.306702178903983,96.91836068029573,,block_54_193,0
neg_1806,PSEUDO_NEGATIVE,24.230434507129054,92.21995204064136,,block_48_184,0
neg_1807,PSEUDO_NEGATIVE,27.599981936534753,95.14179159829705,,block_55_190,0
neg_1808,PSEUDO_NEGATIVE,27.48327361911356,88.1805942926219,,block_54_176,0
neg_1809,PSEUDO_NEGATIVE,27.00646977464971,94.55044726227473,,block_54_189,0
neg_1810,PSEUDO_NEGATIVE,28.387562623260642,95.37073132984663,,block_56_190,0
neg_1811,PSEUDO_NEGATIVE,29.066087542708345,94.75970080538785,,block_58_189,0
neg_1812,PSEUDO_NEGATIVE,26.098108135656013,92.59500594323447,,block_52_185,0
neg_1813,PSEUDO_NEGATIVE,28.061738626486033,95.57853054824021,,block_56_191,0
neg_1814,PSEUDO_NEGATIVE,27.991073630756024,95.32144077138184,,block_55_190,0
neg_1815,PSEUDO_NEGATIVE,28.51321292599832,93.80413028494715,,block_57_187,0
neg_1816,PSEUDO_NEGATIVE,28.537850911280845,95.38963734843149,,block_57_190,0
neg_1817,PSEUDO_NEGATIVE,27.57008701743089,88.7628626357347,,block_55_177,0
neg_1818,PSEUDO_NEGATIVE,25.92293445664684,92.4748146301879,,block_51_184,0
neg_1819,PSEUDO_NEGATIVE,22.993585064069496,93.09478529251427,,block_45_186,0
neg_1820,PSEUDO_NEGATIVE,26.72825662757387,93.56769710920128,,block_53_187,0
neg_1821,PSEUDO_NEGATIVE,26.471810131768457,92.76255186365242,,block_52_185,0
neg_1822,PSEUDO_NEGATIVE,24.069062912901956,92.00931908904708,,block_48_184,0
neg_1823,PSEUDO_NEGATIVE,28.16596113607413,94.9131656502429,,block_56_189,0
neg_1824,PSEUDO_NEGATIVE,25.93218642214739,94.1555163724067,,block_51_188,0
neg_1825,PSEUDO_NEGATIVE,27.47014776810311,93.8265466518932,,block_54_187,0
neg_1826,PSEUDO_NEGATIVE,27.076214195801704,94.3750381769045,,block_54_188,0
neg_1827,PSEUDO_NEGATIVE,27.540664116765086,92.51621879102414,,block_55_185,0
neg_1828,PSEUDO_NEGATIVE,25.433580603359694,92.33941805697275,,block_50_184,0
neg_1829,PSEUDO_NEGATIVE,28.918189755465928,95.95692709598693,,block_57_191,0
neg_1830,PSEUDO_NEGATIVE,27.914450810941133,94.22065747313503,,block_55_188,0
neg_1831,PSEUDO_NEGATIVE,23.630818610218093,92.5734268509161,,block_47_185,0
neg_1832,PSEUDO_NEGATIVE,27.40034195328832,92.06884868063041,,block_54_184,0
neg_1833,PSEUDO_NEGATIVE,24.35694700305002,92.4809823581091,,block_48_184,0
neg_1834,PSEUDO_NEGATIVE,29.06936870929718,95.55404723461119,,block_58_191,0
neg_1835,PSEUDO_NEGATIVE,26.691488668029386,94.43014114062275,,block_53_188,0
neg_1836,PSEUDO_NEGATIVE,27.408151302020965,95.58696827495126,,block_54_191,0
neg_1837,PSEUDO_NEGATIVE,26.117967684490647,93.42586609767295,,block_52_186,0
neg_1838,PSEUDO_NEGATIVE,25.613268192716426,92.4156738934758,,block_51_184,0
neg_1839,PSEUDO_NEGATIVE,25.631147628400015,93.66443789947068,,block_51_187,0
neg_1840,PSEUDO_NEGATIVE,23.921655628894516,92.22515829400733,,block_47_184,0
neg_1841,PSEUDO_NEGATIVE,27.80849245688454,95.43804684458293,,block_55_190,0
neg_1842,PSEUDO_NEGATIVE,27.473991376610684,94.91365188149254,,block_54_189,0
neg_1843,PSEUDO_NEGATIVE,26.852425742852024,95.16631211609676,,block_53_190,0
neg_1844,PSEUDO_NEGATIVE,26.65676301496735,93.21948500629959,,block_53_186,0
neg_1845,PSEUDO_NEGATIVE,26.099570930197622,91.46692674854754,,block_52_182,0
neg_1846,PSEUDO_NEGATIVE,26.19868835620086,93.34417850799997,,block_52_186,0
neg_1847,PSEUDO_NEGATIVE,27.606465266114334,92.62908359442102,,block_55_185,0
neg_1848,PSEUDO_NEGATIVE,26.0428464954521,92.93198582912771,,block_52_185,0
neg_1849,PSEUDO_NEGATIVE,26.77782218159689,91.72230758167143,,block_53_183,0
neg_1850,PSEUDO_NEGATIVE,26.800165206154933,93.24223503491072,,block_53_186,0
neg_1851,PSEUDO_NEGATIVE,25.70443744680202,91.03573239030493,,block_51_182,0
neg_1852,PSEUDO_NEGATIVE,27.645319384492282,94.30047222614738,,block_55_188,0
neg_1853,PSEUDO_NEGATIVE,27.198148062479007,93.17029216467469,,block_54_186,0
neg_1854,PSEUDO_NEGATIVE,26.32003244087485,91.46031136502323,,block_52_182,0
neg_1855,PSEUDO_NEGATIVE,23.517115315475646,93.04056184045292,,block_47_186,0
neg_1856,PSEUDO_NEGATIVE,28.855525037425505,94.99598659764412,,block_57_189,0
neg_1857,PSEUDO_NEGATIVE,26.48559571619916,94.12324100669738,,block_52_188,0
neg_1858,PSEUDO_NEGATIVE,25.78971882054304,91.81349371316394,,block_51_183,0
neg_1859,PSEUDO_NEGATIVE,28.015232202493735,94.98244603403647,,block_56_189,0
neg_1860,PSEUDO_NEGATIVE,28.23026570709123,94.33753952991083,,block_56_188,0
neg_1861,PSEUDO_NEGATIVE,28.63855636796923,95.68788675108317,,block_57_191,0
neg_1862,PSEUDO_NEGATIVE,26.658494014639828,93.3283579779263,,block_53_186,0
neg_1863,PSEUDO_NEGATIVE,25.7843553139342,90.91307471481105,,block_51_181,0
neg_1864,PSEUDO_NEGATIVE,24.437883305313292,92.69617150798346,,block_48_185,0
neg_1865,PSEUDO_NEGATIVE,27.371559984632917,94.76771118549387,,block_54_189,0
neg_1866,PSEUDO_NEGATIVE,25.379920937718033,91.67309127790513,,block_50_183,0
neg_1867,PSEUDO_NEGATIVE,27.629325679361486,96.65569813863794,,block_55_193,0
neg_1868,PSEUDO_NEGATIVE,25.549334361123343,93.60935952128634,,block_51_187,0
neg_1869,PSEUDO_NEGATIVE,27.94202413484109,94.27002854540329,,block_55_188,0
neg_1870,PSEUDO_NEGATIVE,24.027837973631183,94.14408414371691,,block_48_188,0
neg_1871,PSEUDO_NEGATIVE,27.408548627678314,92.2792990280393,,block_54_184,0
neg_1872,PSEUDO_NEGATIVE,28.6369440436833,94.5322346243261,,block_57_189,0
neg_1873,PSEUDO_NEGATIVE,28.560456279920444,94.67307640050907,,block_57_189,0
neg_1874,PSEUDO_NEGATIVE,27.14153152260719,95.61732691689072,,block_54_191,0
neg_1875,PSEUDO_NEGATIVE,28.137427931955543,93.11915298060038,,block_56_186,0
neg_1876,PSEUDO_NEGATIVE,27.419109381644297,93.0832099420543,,block_54_186,0
neg_1877,PSEUDO_NEGATIVE,24.337405410315704,94.00955333605263,,block_48_188,0
neg_1878,PSEUDO_NEGATIVE,24.99321250708488,93.45399083924833,,block_49_186,0
neg_1879,PSEUDO_NEGATIVE,25.325842458964473,93.0685908608207,,block_50_186,0
neg_1880,PSEUDO_NEGATIVE,24.496539080929786,93.94735600069853,,block_48_187,0
neg_1881,PSEUDO_NEGATIVE,27.560433587518723,96.00031986466135,,block_55_192,0
neg_1882,PSEUDO_NEGATIVE,27.921311276884207,95.75204373982713,,block_55_191,0
neg_1883,PSEUDO_NEGATIVE,26.03437519907233,92.88394715618986,,block_52_185,0
neg_1884,PSEUDO_NEGATIVE,26.27353089474669,90.39434133458398,,block_52_180,0
neg_1885,PSEUDO_NEGATIVE,27.52180560621281,94.4297004839158,,block_55_188,0
neg_1886,PSEUDO_NEGATIVE,23.564942809830214,91.30066296494282,,block_47_182,0
neg_1887,PSEUDO_NEGATIVE,25.15678149093955,93.54309348645675,,block_50_187,0
neg_1888,PSEUDO_NEGATIVE,27.13329267846158,93.83017820923013,,block_54_187,0
neg_1889,PSEUDO_NEGATIVE,27.404517626112614,94.72671980361797,,block_54_189,0
neg_1890,PSEUDO_NEGATIVE,27.83434528570318,96.79405892907954,,block_55_193,0
neg_1891,PSEUDO_NEGATIVE,25.277667785623347,92.71948254632646,,block_50_185,0
neg_1892,PSEUDO_NEGATIVE,26.351024071084566,94.56323567671569,,block_52_189,0
neg_1893,PSEUDO_NEGATIVE,27.795624873477472,95.58394498189087,,block_55_191,0
neg_1894,PSEUDO_NEGATIVE,28.78111572073698,95.2611490871099,,block_57_190,0
neg_1895,PSEUDO_NEGATIVE,25.279464746594282,94.5873322465389,,block_50_189,0
neg_1896,PSEUDO_NEGATIVE,25.891331675815877,94.5218336452686,,block_51_189,0
neg_1897,PSEUDO_NEGATIVE,25.49980082403779,90.62168073729528,,block_50_181,0
neg_1898,PSEUDO_NEGATIVE,26.135339848217093,91.9691991942318,,block_52_183,0
neg_1899,PSEUDO_NEGATIVE,28.790283425538206,96.230009996092,,block_57_192,0
neg_1900,PSEUDO_NEGATIVE,26.235196744051645,94.24762492662117,,block_52_188,0
neg_1901,PSEUDO_NEGATIVE,26.15346602128553,90.18313395308707,,block_52_180,0
neg_1902,PSEUDO_NEGATIVE,27.231201655934708,88.10522003691995,,block_54_176,0
neg_1903,PSEUDO_NEGATIVE,28.897560601323384,96.0895054453288,,block_57_192,0
neg_1904,PSEUDO_NEGATIVE,25.508172598741155,92.50010292092526,,block_51_185,0
neg_1905,PSEUDO_NEGATIVE,26.71381387982835,93.08918660783553,,block_53_186,0
neg_1906,PSEUDO_NEGATIVE,26.202796310573582,90.3224375195298,,block_52_180,0
neg_1907,PSEUDO_NEGATIVE,27.62594447987277,95.89384690732406,,block_55_191,0
neg_1908,PSEUDO_NEGATIVE,27.83280319719895,88.26005322344969,,block_55_176,0
neg_1909,PSEUDO_NEGATIVE,24.86989933117252,93.70050321416484,,block_49_187,0
neg_1910,PSEUDO_NEGATIVE,28.488709238975346,95.03691996135245,,block_56_190,0
neg_1911,PSEUDO_NEGATIVE,26.809911297457077,95.10104356685459,,block_53_190,0
neg_1912,PSEUDO_NEGATIVE,26.77464092302031,91.4734986052473,,block_53_182,0
neg_1913,PSEUDO_NEGATIVE,28.031766524156627,96.62084120072377,,block_56_193,0
neg_1914,PSEUDO_NEGATIVE,24.206576352984204,93.03173496343032,,block_48_186,0
neg_1915,PSEUDO_NEGATIVE,27.132232839470092,94.5353458796871,,block_54_189,0
neg_1916,PSEUDO_NEGATIVE,26.923667076022937,93.39548824198778,,block_53_186,0
neg_1917,PSEUDO_NEGATIVE,25.6215340779105,91.21865423029473,,block_51_182,0
neg_1918,PSEUDO_NEGATIVE,25.802736119416362,90.94268535012087,,block_51_181,0
neg_1919,PSEUDO_NEGATIVE,28.784162235734232,96.52784573175386,,block_57_193,0
neg_1920,PSEUDO_NEGATIVE,26.201713426810695,91.2760242263973,,block_52_182,0
neg_1921,PSEUDO_NEGATIVE,23.905717132560756,91.98417225699899,,block_47_183,0
neg_1922,PSEUDO_NEGATIVE,26.9092445778212,95.22215210022559,,block_53_190,0
neg_1923,PSEUDO_NEGATIVE,26.025096978262546,91.01873939426218,,block_52_182,0
neg_1924,PSEUDO_NEGATIVE,27.965032868954893,93.46844084329203,,block_55_186,0
neg_1925,PSEUDO_NEGATIVE,28.558707095795157,94.00279637815099,,block_57_188,0
neg_1926,PSEUDO_NEGATIVE,26.82082774454943,92.67138346824785,,block_53_185,0
neg_1927,PSEUDO_NEGATIVE,23.95762775158046,93.34098022815097,,block_47_186,0
neg_1928,PSEUDO_NEGATIVE,26.50547655334757,90.37383552618053,,block_53_180,0
neg_1929,PSEUDO_NEGATIVE,29.245504147275323,95.64327656311113,,block_58_191,0
neg_1930,PSEUDO_NEGATIVE,26.42406548575611,92.47786065570577,,block_52_184,0
neg_1931,PSEUDO_NEGATIVE,23.276395932839556,91.39654837060846,,block_46_182,0
neg_1932,PSEUDO_NEGATIVE,27.98987838891032,88.51232016075943,,block_55_177,0
neg_1933,PSEUDO_NEGATIVE,26.068529317287297,90.52309432326085,,block_52_181,0
neg_1934,PSEUDO_NEGATIVE,27.85741684979773,96.70202941286875,,block_55_193,0
neg_1935,PSEUDO_NEGATIVE,26.64513617358168,90.60543376111514,,block_53_181,0
neg_1936,PSEUDO_NEGATIVE,26.599170450775517,93.36380074222558,,block_53_186,0
neg_1937,PSEUDO_NEGATIVE,23.92719190308207,93.19458846541781,,block_47_186,0
neg_1938,PSEUDO_NEGATIVE,26.108197892005087,90.97714726601617,,block_52_181,0
neg_1939,PSEUDO_NEGATIVE,24.24455619236431,93.4485931686492,,block_48_186,0
neg_1940,PSEUDO_NEGATIVE,26.457844141549472,91.63501095767285,,block_52_183,0
neg_1941,PSEUDO_NEGATIVE,24.822013956788602,93.7814974640051,,block_49_187,0
neg_1942,PSEUDO_NEGATIVE,24.789236019365504,93.08788744353895,,block_49_186,0
neg_1943,PSEUDO_NEGATIVE,25.881908889125246,91.02755215313084,,block_51_182,0
neg_1944,PSEUDO_NEGATIVE,25.692644347678502,93.7869956422319,,block_51_187,0
neg_1945,PSEUDO_NEGATIVE,28.27046404302597,93.70160699882668,,block_56_187,0
neg_1946,PSEUDO_NEGATIVE,24.734504001575107,94.61249004250136,,block_49_189,0
neg_1947,PSEUDO_NEGATIVE,26.467246964281365,94.56993114816262,,block_52_189,0
neg_1948,PSEUDO_NEGATIVE,26.463310833802463,92.41530243031798,,block_52_184,0
neg_1949,PSEUDO_NEGATIVE,24.795379088489376,92.61500023678798,,block_49_185,0
neg_1950,PSEUDO_NEGATIVE,27.40375651556618,96.54636753191721,,block_54_193,0
neg_1951,PSEUDO_NEGATIVE,23.637031954864593,91.4459906829076,,block_47_182,0
neg_1952,PSEUDO_NEGATIVE,26.80206800349422,93.63158907287422,,block_53_187,0
neg_1953,PSEUDO_NEGATIVE,28.057080366368687,95.95148394660023,,block_56_191,0
neg_1954,PSEUDO_NEGATIVE,25.343566318844427,90.75563641586423,,block_50_181,0
neg_1955,PSEUDO_NEGATIVE,24.2681474362789,92.89277491292151,,block_48_185,0
neg_1956,PSEUDO_NEGATIVE,27.860398452176838,96.96608550807824,,block_55_193,0
neg_1957,PSEUDO_NEGATIVE,27.315220884871188,88.63339176822201,,block_54_177,0
neg_1958,PSEUDO_NEGATIVE,27.724257192535433,92.82451154474225,,block_55_185,0
neg_1959,PSEUDO_NEGATIVE,28.240527391364054,93.39432632894577,,block_56_186,0
neg_1960,PSEUDO_NEGATIVE,26.015164046879004,91.79664554115125,,block_52_183,0
neg_1961,PSEUDO_NEGATIVE,26.501930421507254,94.7525450428851,,block_53_189,0
neg_1962,PSEUDO_NEGATIVE,27.595009090598744,95.06533386084021,,block_55_190,0
neg_1963,PSEUDO_NEGATIVE,25.87837516307989,91.83217594898356,,block_51_183,0
neg_1964,PSEUDO_NEGATIVE,25.723959366382985,92.69743096818517,,block_51_185,0
neg_1965,PSEUDO_NEGATIVE,26.45846645206087,91.454511892157,,block_52_182,0
neg_1966,PSEUDO_NEGATIVE,24.168160555348358,93.68132008686031,,block_48_187,0
neg_1967,PSEUDO_NEGATIVE,25.21008528687468,94.00146454910387,,block_50_188,0
neg_1968,PSEUDO_NEGATIVE,27.907984696079396,95.0427179330181,,block_55_190,0
neg_1969,PSEUDO_NEGATIVE,25.599496333556008,92.38368105367697,,block_51_184,0
neg_1970,PSEUDO_NEGATIVE,25.42107471966108,91.90852025613496,,block_50_183,0
neg_1971,PSEUDO_NEGATIVE,25.434679571623946,91.63363437159536,,block_50_183,0
neg_1972,PSEUDO_NEGATIVE,26.446597142771093,91.33487921296273,,block_52_182,0
neg_1973,PSEUDO_NEGATIVE,28.99822656108675,96.1651129496354,,block_57_192,0
neg_1974,PSEUDO_NEGATIVE,23.562072861143395,92.8982556990527,,block_47_185,0
neg_1975,PSEUDO_NEGATIVE,26.625472304833973,90.67831539555561,,block_53_181,0
neg_1976,PSEUDO_NEGATIVE,22.286964259216948,92.85977669287354,,block_44_185,0
neg_1977,PSEUDO_NEGATIVE,27.437849751799728,93.32369541045955,,block_54_186,0
neg_1978,PSEUDO_NEGATIVE,26.920683588299607,92.1346977194818,,block_53_184,0
neg_1979,PSEUDO_NEGATIVE,23.37815018877131,93.35137186065647,,block_46_186,0
neg_1980,PSEUDO_NEGATIVE,29.343881815881165,95.99558201289108,,block_58_191,0
neg_1981,PSEUDO_NEGATIVE,26.953555396807577,92.95106606083084,,block_53_185,0
neg_1982,PSEUDO_NEGATIVE,26.38232482338225,94.41645345704457,,block_52_188,0
neg_1983,PSEUDO_NEGATIVE,28.02703609848963,95.31598345509133,,block_56_190,0
neg_1984,PSEUDO_NEGATIVE,28.16292435768684,93.21713237987517,,block_56_186,0
neg_1985,PSEUDO_NEGATIVE,26.020790462526765,91.41213333665478,,block_52_182,0
neg_1986,PSEUDO_NEGATIVE,27.543179123393188,91.94134038482446,,block_55_183,0
neg_1987,PSEUDO_NEGATIVE,23.134585612529825,92.52303251114354,,block_46_185,0
neg_1988,PSEUDO_NEGATIVE,23.070749163240894,92.44783691314288,,block_46_184,0
neg_1989,PSEUDO_NEGATIVE,24.077153693501597,93.73938360633386,,block_48_187,0
neg_1990,PSEUDO_NEGATIVE,26.00681543988678,92.63089565655488,,block_52_185,0
neg_1991,PSEUDO_NEGATIVE,28.041548544914384,94.09091575464416,,block_56_188,0
neg_1992,PSEUDO_NEGATIVE,27.111028940807543,95.77151934042465,,block_54_191,0
neg_1993,PSEUDO_NEGATIVE,24.61510381297799,93.37677420394637,,block_49_186,0
neg_1994,PSEUDO_NEGATIVE,26.577306645811042,92.94522243644165,,block_53_185,0
neg_1995,PSEUDO_NEGATIVE,26.509275267279286,94.47690106084013,,block_53_188,0
neg_1996,PSEUDO_NEGATIVE,26.95406517712272,94.53214245172596,,block_53_189,0
neg_1997,PSEUDO_NEGATIVE,25.767456680004525,90.7603407334,,block_51_181,0
neg_1998,PSEUDO_NEGATIVE,27.12671613418775,93.44514086730024,,block_54_186,0
neg_1999,PSEUDO_NEGATIVE,27.361667648405845,92.09214744458257,,block_54_184,0
neg_2000,PSEUDO_NEGATIVE,23.494266274619708,92.44834583824954,,block_46_184,0
neg_2001,PSEUDO_NEGATIVE,24.920921229990633,94.66593226424008,,block_49_189,0
neg_2002,PSEUDO_NEGATIVE,27.218899877355323,88.0699238119292,,block_54_176,0
neg_2003,PSEUDO_NEGATIVE,27.852370769141324,96.97032197978828,,block_55_193,0
neg_2004,PSEUDO_NEGATIVE,25.06008785894844,92.57680552028043,,block_50_185,0
neg_2005,PSEUDO_NEGATIVE,26.905858872227988,94.92352736140857,,block_53_189,0
neg_2006,PSEUDO_NEGATIVE,25.737856662855965,92.99016953462726,,block_51_185,0
neg_2007,PSEUDO_NEGATIVE,26.554724778547843,93.75491035467843,,block_53_187,0
neg_2008,PSEUDO_NEGATIVE,27.365214777673863,93.14295790141685,,block_54_186,0
neg_2009,PSEUDO_NEGATIVE,25.994821119126712,95.10427162863688,,block_51_190,0
neg_2010,PSEUDO_NEGATIVE,24.99575587271775,93.89420168900345,,block_49_187,0
neg_2011,PSEUDO_NEGATIVE,26.390791854962977,92.22315057879824,,block_52_184,0
neg_2012,PSEUDO_NEGATIVE,24.182147055681796,94.12931414403282,,block_48_188,0
neg_2013,PSEUDO_NEGATIVE,23.916780942921086,92.98898249234763,,block_47_185,0
neg_2014,PSEUDO_NEGATIVE,28.089627552301835,93.13753173973575,,block_56_186,0
neg_2015,PSEUDO_NEGATIVE,25.067338440747633,92.71646728787073,,block_50_185,0
neg_2016,PSEUDO_NEGATIVE,26.7641493677255,90.87831876149527,,block_53_181,0
neg_2017,PSEUDO_NEGATIVE,24.397264121077946,93.12359459375861,,block_48_186,0
neg_2018,PSEUDO_NEGATIVE,26.021628514348244,93.1575982779772,,block_52_186,0
neg_2019,PSEUDO_NEGATIVE,28.536480815134574,96.01848469085073,,block_57_192,0
neg_2020,PSEUDO_NEGATIVE,27.81785301457777,95.46760930068352,,block_55_190,0
neg_2021,PSEUDO_NEGATIVE,29.08154945598615,94.81796328553065,,block_58_189,0
neg_2022,PSEUDO_NEGATIVE,22.687127340847926,92.81674566040266,,block_45_185,0
neg_2023,PSEUDO_NEGATIVE,27.778321689786715,95.02870282646369,,block_55_190,0
neg_2024,PSEUDO_NEGATIVE,27.758376525936157,91.6403906526328,,block_55_183,0
neg_2025,PSEUDO_NEGATIVE,26.830247868406136,91.90601661389684,,block_53_183,0
neg_2026,PSEUDO_NEGATIVE,28.265145287338846,97.11408705981523,,block_56_194,0
neg_2027,PSEUDO_NEGATIVE,28.306970121930746,93.58969582239415,,block_56_187,0
neg_2028,PSEUDO_NEGATIVE,22.931854295716185,92.64684683832303,,block_45_185,0
neg_2029,PSEUDO_NEGATIVE,24.489345321879707,93.87449755237844,,block_48_187,0
neg_2030,PSEUDO_NEGATIVE,22.465419106267277,92.99104588642405,,block_44_185,0
neg_2031,PSEUDO_NEGATIVE,26.081583748286878,93.08827951239012,,block_52_186,0
neg_2032,PSEUDO_NEGATIVE,28.430319608788487,95.62882475778797,,block_56_191,0
neg_2033,PSEUDO_NEGATIVE,26.07191740503602,93.42720167920608,,block_52_186,0
neg_2034,PSEUDO_NEGATIVE,26.09798726886539,90.79693296063017,,block_52_181,0
neg_2035,PSEUDO_NEGATIVE,28.704476176706986,95.07163815013618,,block_57_190,0
neg_2036,PSEUDO_NEGATIVE,25.093300794858877,94.18423661390473,,block_50_188,0
neg_2037,PSEUDO_NEGATIVE,24.64457431350286,93.09446547780018,,block_49_186,0
neg_2038,PSEUDO_NEGATIVE,26.828491751686034,93.34874311526534,,block_53_186,0
neg_2039,PSEUDO_NEGATIVE,28.48686067156077,93.92988544430683,,block_56_187,0
neg_2040,PSEUDO_NEGATIVE,29.175415833656004,96.11995778691033,,block_58_192,0
neg_2041,PSEUDO_NEGATIVE,23.36278563045109,92.96114277207434,,block_46_185,0
neg_2042,PSEUDO_NEGATIVE,27.45751888266738,94.4302407854077,,block_54_188,0
neg_2043,PSEUDO_NEGATIVE,26.85408277509777,94.74202314496993,,block_53_189,0
neg_2044,PSEUDO_NEGATIVE,27.870540861313458,96.1667307352,,block_55_192,0
neg_2045,PSEUDO_NEGATIVE,26.912353729779877,94.39495656330591,,block_53_188,0
neg_2046,PSEUDO_NEGATIVE,28.42166325744551,94.22565340609867,,block_56_188,0
neg_2047,PSEUDO_NEGATIVE,25.22462622502367,90.36984587780192,,block_50_180,0
neg_2048,PSEUDO_NEGATIVE,27.83858746555387,95.83668637842065,,block_55_191,0
neg_2049,PSEUDO_NEGATIVE,27.58726479922594,92.92825075922374,,block_55_185,0
neg_2050,PSEUDO_NEGATIVE,28.279956561505404,97.05697686129506,,block_56_194,0
neg_2051,PSEUDO_NEGATIVE,23.949260148551186,92.5152927016714,,block_47_185,0
neg_2052,PSEUDO_NEGATIVE,27.835659380120035,94.06507136350486,,block_55_188,0
neg_2053,PSEUDO_NEGATIVE,26.09327384437399,94.03375188841952,,block_52_188,0
neg_2054,PSEUDO_NEGATIVE,25.825252000062957,90.91604146820447,,block_51_181,0
neg_2055,PSEUDO_NEGATIVE,28.978424357066174,96.04499147808392,,block_57_192,0
neg_2056,PSEUDO_NEGATIVE,27.141247116398944,93.20640044022669,,block_54_186,0
neg_2057,PSEUDO_NEGATIVE,26.355061905949913,93.91116220636938,,block_52_187,0
neg_2058,PSEUDO_NEGATIVE,26.1956391206873,91.35474254863892,,block_52_182,0
neg_2059,PSEUDO_NEGATIVE,24.787403508917198,93.87142071161364,,block_49_187,0
neg_2060,PSEUDO_NEGATIVE,27.667841609067246,93.00536827545042,,block_55_186,0
neg_2061,PSEUDO_NEGATIVE,23.457691070063632,91.87618282458796,,block_46_183,0
neg_2062,PSEUDO_NEGATIVE,28.6624918953982,96.39516572628465,,block_57_192,0
neg_2063,PSEUDO_NEGATIVE,27.572774791577555,96.81975411588373,,block_55_193,0
neg_2064,PSEUDO_NEGATIVE,23.733195992825152,92.47451718059607,,block_47_184,0
neg_2065,PSEUDO_NEGATIVE,27.655680636231626,94.84944716438467,,block_55_189,0
neg_2066,PSEUDO_NEGATIVE,25.728123453482105,90.15569474170523,,block_51_180,0
neg_2067,PSEUDO_NEGATIVE,27.625288148506762,93.22909650014212,,block_55_186,0
neg_2068,PSEUDO_NEGATIVE,25.315949294826027,93.8152744014892,,block_50_187,0
neg_2069,PSEUDO_NEGATIVE,27.65007935977924,95.15427049112455,,block_55_190,0
neg_2070,PSEUDO_NEGATIVE,27.128170177942785,95.8360248824274,,block_54_191,0
neg_2071,PSEUDO_NEGATIVE,23.108923420312614,91.55400973760824,,block_46_183,0
neg_2072,PSEUDO_NEGATIVE,27.324097296252774,94.7089896918608,,block_54_189,0
neg_2073,PSEUDO_NEGATIVE,24.40837460709028,92.25871849864373,,block_48_184,0
neg_2074,PSEUDO_NEGATIVE,28.198694103798672,93.58613417006113,,block_56_187,0
neg_2075,PSEUDO_NEGATIVE,28.93921966235302,95.50403985571124,,block_57_191,0
neg_2076,PSEUDO_NEGATIVE,28.414536065310635,93.26460957456845,,block_56_186,0
neg_2077,PSEUDO_NEGATIVE,24.89901359163918,94.10675962610712,,block_49_188,0
neg_2078,PSEUDO_NEGATIVE,27.314612209840515,95.67702087812908,,block_54_191,0
neg_2079,PSEUDO_NEGATIVE,28.55607303799453,95.51006321004343,,block_57_191,0
neg_2080,PSEUDO_NEGATIVE,22.535115907916804,92.93571319470648,,block_45_185,0
neg_2081,PSEUDO_NEGATIVE,27.904213819472936,94.56848988518674,,block_55_189,0
neg_2082,PSEUDO_NEGATIVE,25.261842111817803,91.96795064789539,,block_50_183,0
neg_2083,PSEUDO_NEGATIVE,27.67706091736259,92.33245252927814,,block_55_184,0
neg_2084,PSEUDO_NEGATIVE,28.040588248085214,93.50690106423195,,block_56_187,0
neg_2085,PSEUDO_NEGATIVE,27.85573758480427,93.06689458703211,,block_55_186,0
neg_2086,PSEUDO_NEGATIVE,27.588385255349365,93.6857852760174,,block_55_187,0
neg_2087,PSEUDO_NEGATIVE,24.27761459708767,94.31847846271457,,block_48_188,0
neg_2088,PSEUDO_NEGATIVE,27.939640695962076,92.73778886697222,,block_55_185,0
neg_2089,PSEUDO_NEGATIVE,23.110485835718418,93.13028719305991,,block_46_186,0
neg_2090,PSEUDO_NEGATIVE,26.004101491149626,90.69952774358323,,block_52_181,0
neg_2091,PSEUDO_NEGATIVE,24.09622667886881,93.84355665601875,,block_48_187,0
neg_2092,PSEUDO_NEGATIVE,23.766657585442122,91.24631032932311,,block_47_182,0
neg_2093,PSEUDO_NEGATIVE,25.820769355376086,92.98233107931622,,block_51_185,0
neg_2094,PSEUDO_NEGATIVE,24.979393443991846,93.29221416529758,,block_49_186,0
neg_2095,PSEUDO_NEGATIVE,23.480165513060708,91.85572456165973,,block_46_183,0
neg_2096,PSEUDO_NEGATIVE,28.405794699996612,93.2476663151698,,block_56_186,0
neg_2097,PSEUDO_NEGATIVE,26.654395907915873,90.43141929838232,,block_53_180,0
neg_2098,PSEUDO_NEGATIVE,26.6049676057105,90.77442045676933,,block_53_181,0
neg_2099,PSEUDO_NEGATIVE,23.198620626070337,93.37135202783905,,block_46_186,0
neg_2100,PSEUDO_NEGATIVE,26.988163351036906,94.86718667663983,,block_53_189,0
neg_2101,PSEUDO_NEGATIVE,23.744643287984953,91.94611730658194,,block_47_183,0
neg_2102,PSEUDO_NEGATIVE,27.4117369564049,92.96621783115236,,block_54_185,0
neg_2103,PSEUDO_NEGATIVE,27.81504079039439,88.77238180445488,,block_55_177,0
neg_2104,PSEUDO_NEGATIVE,28.538175862356418,95.72714702388444,,block_57_191,0
neg_2105,PSEUDO_NEGATIVE,27.60222654968391,95.12198526510412,,block_55_190,0
neg_2106,PSEUDO_NEGATIVE,27.767480415974443,94.8693326892277,,block_55_189,0
neg_2107,PSEUDO_NEGATIVE,24.69962563391752,93.22724903490855,,block_49_186,0
neg_2108,PSEUDO_NEGATIVE,27.884035421466223,93.11715240966011,,block_55_186,0
neg_2109,PSEUDO_NEGATIVE,26.50906936686103,89.86701750208665,,block_53_179,0
neg_2110,PSEUDO_NEGATIVE,26.409214543512327,93.930211800192,,block_52_187,0
neg_2111,PSEUDO_NEGATIVE,28.396582837880825,94.79959165843056,,block_56_189,0
neg_2112,PSEUDO_NEGATIVE,26.550251270728463,92.74593257955212,,block_53_185,0
neg_2113,PSEUDO_NEGATIVE,25.70519465896246,91.82765646369596,,block_51_183,0
neg_2114,PSEUDO_NEGATIVE,23.75733235502105,91.54653655691601,,block_47_183,0
neg_2115,PSEUDO_NEGATIVE,25.48927488952826,94.60668287184168,,block_50_189,0
neg_2116,PSEUDO_NEGATIVE,23.52413341535171,91.4583055565624,,block_47_182,0
neg_2117,PSEUDO_NEGATIVE,24.079954895580606,93.06875568439878,,block_48_186,0
neg_2118,PSEUDO_NEGATIVE,23.6164150607456,91.73182006613129,,block_47_183,0
neg_2119,PSEUDO_NEGATIVE,26.35783383740955,95.11129916437842,,block_52_190,0
neg_2120,PSEUDO_NEGATIVE,27.39445078669752,96.85104129781206,,block_54_193,0
neg_2121,PSEUDO_NEGATIVE,26.509919334761282,92.75501433305513,,block_53_185,0
neg_2122,PSEUDO_NEGATIVE,24.134007711622107,92.88499428659222,,block_48_185,0
neg_2123,PSEUDO_NEGATIVE,28.204831361680874,93.92649280130706,,block_56_187,0
neg_2124,PSEUDO_NEGATIVE,25.64205402665214,91.71766757391016,,block_51_183,0
neg_2125,PSEUDO_NEGATIVE,23.444184782699107,91.67154355004136,,block_46_183,0
neg_2126,PSEUDO_NEGATIVE,26.24751543720573,92.56262955582109,,block_52_185,0
neg_2127,PSEUDO_NEGATIVE,27.93296641119834,97.26038084481539,,block_55_194,0
neg_2128,PSEUDO_NEGATIVE,28.836704493926394,94.92458630801003,,block_57_189,0
neg_2129,PSEUDO_NEGATIVE,25.917420481423765,91.83009812856864,,block_51_183,0
neg_2130,PSEUDO_NEGATIVE,28.14915216238002,92.76955504016193,,block_56_185,0
neg_2131,PSEUDO_NEGATIVE,24.96169850637959,93.6197934332335,,block_49_187,0
neg_2132,PSEUDO_NEGATIVE,25.097608195441786,93.87014868396166,,block_50_187,0
neg_2133,PSEUDO_NEGATIVE,28.041332447950516,96.17405192059931,,block_56_192,0
neg_2134,PSEUDO_NEGATIVE,26.777294827963534,95.13924965741427,,block_53_190,0
neg_2135,PSEUDO_NEGATIVE,27.56974448521556,94.35354098361601,,block_55_188,0
neg_2136,PSEUDO_NEGATIVE,27.684241439829705,96.02950032419191,,block_55_192,0
neg_2137,PSEUDO_NEGATIVE,26.302524823838105,93.98570385387683,,block_52_187,0
neg_2138,PSEUDO_NEGATIVE,26.196583023536014,90.76743051856734,,block_52_181,0
neg_2139,PSEUDO_NEGATIVE,27.769476215566186,96.34098105065657,,block_55_192,0
neg_2140,PSEUDO_NEGATIVE,28.27781645901908,95.58652769105164,,block_56_191,0
neg_2141,PSEUDO_NEGATIVE,25.37457937452805,91.9264143864812,,block_50_183,0
neg_2142,PSEUDO_NEGATIVE,28.676216949760573,94.03419797982797,,block_57_188,0
neg_2143,PSEUDO_NEGATIVE,28.799736103040672,94.11178212533326,,block_57_188,0
neg_2144,PSEUDO_NEGATIVE,26.895169770849492,93.27484093394813,,block_53_186,0
neg_2145,PSEUDO_NEGATIVE,28.014847991259284,95.37031487959682,,block_56_190,0
neg_2146,PSEUDO_NEGATIVE,26.084666020471584,93.38538480368244,,block_52_186,0
neg_2147,PSEUDO_NEGATIVE,24.5198524198877,93.92531662944228,,block_49_187,0
neg_2148,PSEUDO_NEGATIVE,28.605380269195535,95.20501544467132,,block_57_190,0
neg_2149,PSEUDO_NEGATIVE,27.775900867295597,95.98777726430367,,block_55_191,0
neg_2150,PSEUDO_NEGATIVE,28.39524061250576,95.82578164053479,,block_56_191,0
neg_2151,PSEUDO_NEGATIVE,25.805629412086947,93.64368894899134,,block_51_187,0
neg_2152,PSEUDO_NEGATIVE,28.15906012779581,95.7392529653894,,block_56_191,0
neg_2153,PSEUDO_NEGATIVE,27.506750652511307,88.51064122959589,,block_55_177,0
neg_2154,PSEUDO_NEGATIVE,26.326714521762877,92.16714801218724,,block_52_184,0
neg_2155,PSEUDO_NEGATIVE,27.328796806680224,92.22083581032675,,block_54_184,0
neg_2156,PSEUDO_NEGATIVE,28.458923902575002,94.31109819726848,,block_56_188,0
neg_2157,PSEUDO_NEGATIVE,26.431971274634208,91.23877454089335,,block_52_182,0
neg_2158,PSEUDO_NEGATIVE,28.530607412307823,94.81488877146441,,block_57_189,0
neg_2159,PSEUDO_NEGATIVE,28.177645817424796,96.67459166656471,,block_56_193,0
neg_2160,PSEUDO_NEGATIVE,28.798048174742412,94.37350735184232,,block_57_188,0
neg_2161,PSEUDO_NEGATIVE,25.454730592427293,93.13346020274085,,block_50_186,0
neg_2162,PSEUDO_NEGATIVE,24.233946693025153,93.57001722650477,,block_48_187,0
neg_2163,PSEUDO_NEGATIVE,25.176814056135544,90.6767498668457,,block_50_181,0
neg_2164,PSEUDO_NEGATIVE,27.083570422984337,95.8208039503931,,block_54_191,0
neg_2165,PSEUDO_NEGATIVE,24.92753279190529,93.0213091002245,,block_49_186,0
neg_2166,PSEUDO_NEGATIVE,28.95039802400378,96.50740225727952,,block_57_193,0
neg_2167,PSEUDO_NEGATIVE,27.530965089880823,92.69678808057604,,block_55_185,0
neg_2168,PSEUDO_NEGATIVE,23.369728997233118,92.88259020706641,,block_46_185,0
neg_2169,PSEUDO_NEGATIVE,26.050550545640625,94.90475093126018,,block_52_189,0
neg_2170,PSEUDO_NEGATIVE,25.63392445118277,94.87354816388878,,block_51_189,0
neg_2171,PSEUDO_NEGATIVE,26.50935506320205,90.19832643362923,,block_53_180,0
neg_2172,PSEUDO_NEGATIVE,28.56248727495886,95.97191507401931,,block_57_191,0
neg_2173,PSEUDO_NEGATIVE,27.870618412952325,93.53294896423239,,block_55_187,0
neg_2174,PSEUDO_NEGATIVE,25.34716028895409,94.58104853312847,,block_50_189,0
neg_2175,PSEUDO_NEGATIVE,23.69321937592607,91.80779607051467,,block_47_183,0
neg_2176,PSEUDO_NEGATIVE,29.02164659498071,94.45542643733428,,block_58_188,0
neg_2177,PSEUDO_NEGATIVE,26.23669881712239,91.07748992396854,,block_52_182,0
neg_2178,PSEUDO_NEGATIVE,23.94073285600294,92.04163410559526,,block_47_184,0
neg_2179,PSEUDO_NEGATIVE,26.5281056204298,90.71475844505045,,block_53_181,0
neg_2180,PSEUDO_NEGATIVE,27.445239604610748,94.22574764574007,,block_54_188,0
neg_2181,PSEUDO_NEGATIVE,26.44649394040784,94.49922044841387,,block_52_188,0
neg_2182,PSEUDO_NEGATIVE,25.75594537082984,90.74355554502222,,block_51_181,0
neg_2183,PSEUDO_NEGATIVE,25.334163805530224,93.12950844742974,,block_50_186,0
neg_2184,PSEUDO_NEGATIVE,28.83818224871215,94.53563541289739,,block_57_189,0
neg_2185,PSEUDO_NEGATIVE,25.25468223912015,91.35521597625542,,block_50_182,0
neg_2186,PSEUDO_NEGATIVE,26.578429825866586,90.58406041693847,,block_53_181,0
neg_2187,PSEUDO_NEGATIVE,27.829884247427717,97.05712220051757,,block_55_194,0
neg_2188,PSEUDO_NEGATIVE,25.944699538817858,91.61405936699049,,block_51_183,0
neg_2189,PSEUDO_NEGATIVE,26.283712484618775,92.64272731352898,,block_52_185,0
neg_2190,PSEUDO_NEGATIVE,27.598210047857222,95.43096330945994,,block_55_190,0
neg_2191,PSEUDO_NEGATIVE,25.9442690701688,94.40668969101635,,block_51_188,0
neg_2192,PSEUDO_NEGATIVE,27.085774322983035,95.44860920483119,,block_54_190,0
neg_2193,PSEUDO_NEGATIVE,24.7019749700593,94.53771529891846,,block_49_189,0
neg_2194,PSEUDO_NEGATIVE,28.610955502295663,94.2375590593393,,block_57_188,0
neg_2195,PSEUDO_NEGATIVE,28.49518515421983,95.1023311938945,,block_56_190,0
neg_2196,PSEUDO_NEGATIVE,24.42226467736553,92.2923732262136,,block_48_184,0
neg_2197,PSEUDO_NEGATIVE,23.28742590472217,92.92169782888763,,block_46_185,0
neg_2198,PSEUDO_NEGATIVE,25.40121220433206,91.70422985437071,,block_50_183,0
neg_2199,PSEUDO_NEGATIVE,27.094794473413703,94.94998891662732,,block_54_189,0
neg_2200,PSEUDO_NEGATIVE,28.335247683870186,95.42162987648713,,block_56_190,0
neg_2201,PSEUDO_NEGATIVE,27.68738637989721,94.79075590893763,,block_55_189,0
neg_2202,PSEUDO_NEGATIVE,26.52032555297604,94.45251226930684,,block_53_188,0
neg_2203,PSEUDO_NEGATIVE,25.60703968908507,94.39296881780524,,block_51_188,0
neg_2204,PSEUDO_NEGATIVE,25.793557505793103,93.42346705273086,,block_51_186,0
neg_2205,PSEUDO_NEGATIVE,22.256362750481987,92.90250037037157,,block_44_185,0
neg_2206,PSEUDO_NEGATIVE,27.255614475425148,93.47058341815001,,block_54_186,0
neg_2207,PSEUDO_NEGATIVE,25.347943157085567,91.07161760910924,,block_50_182,0
neg_2208,PSEUDO_NEGATIVE,28.634351530894293,95.6848648692902,,block_57_191,0
neg_2209,PSEUDO_NEGATIVE,25.886388319284258,90.23859906575646,,block_51_180,0
neg_2210,PSEUDO_NEGATIVE,27.198156977954262,94.04713320391176,,block_54_188,0
neg_2211,PSEUDO_NEGATIVE,27.92265241937519,88.33080658538294,,block_55_176,0
neg_2212,PSEUDO_NEGATIVE,24.589332259801537,92.2923499613968,,block_49_184,0
neg_2213,PSEUDO_NEGATIVE,25.53290503957213,90.55381105090137,,block_51_181,0
neg_2214,PSEUDO_NEGATIVE,28.049143929317488,95.60828238198962,,block_56_191,0
neg_2215,PSEUDO_NEGATIVE,25.318325499413557,92.15669400414569,,block_50_184,0
neg_2216,PSEUDO_NEGATIVE,26.986792168953006,93.08868492798821,,block_53_186,0
neg_2217,PSEUDO_NEGATIVE,24.48047514237424,93.53021946375421,,block_48_187,0
neg_2218,PSEUDO_NEGATIVE,28.367699855920357,96.2954059479414,,block_56_192,0
neg_2219,PSEUDO_NEGATIVE,28.568025182755385,96.30099022177816,,block_57_192,0
neg_2220,PSEUDO_NEGATIVE,28.185779271122627,95.51353376108557,,block_56_191,0
neg_2221,PSEUDO_NEGATIVE,26.710839048290175,93.22213287754847,,block_53_186,0
neg_2222,PSEUDO_NEGATIVE,26.743645894490854,92.14599997074896,,block_53_184,0
neg_2223,PSEUDO_NEGATIVE,24.683835214594904,92.84395178896953,,block_49_185,0
neg_2224,PSEUDO_NEGATIVE,23.154449464594617,92.4336109906274,,block_46_184,0
neg_2225,PSEUDO_NEGATIVE,24.660224234100532,93.90070457232687,,block_49_187,0
neg_2226,PSEUDO_NEGATIVE,25.577133469515044,91.56175027679426,,block_51_183,0
neg_2227,PSEUDO_NEGATIVE,24.37330021472713,93.81494824326188,,block_48_187,0
neg_2228,PSEUDO_NEGATIVE,26.990360155988114,92.26358885016055,,block_53_184,0
neg_2229,PSEUDO_NEGATIVE,28.936041834131515,94.1607232069672,,block_57_188,0
neg_2230,PSEUDO_NEGATIVE,26.208247075328792,93.77920649657045,,block_52_187,0
neg_2231,PSEUDO_NEGATIVE,27.53155877538581,96.2866518751473,,block_55_192,0
neg_2232,PSEUDO_NEGATIVE,29.160598996029467,94.8883682088162,,block_58_189,0
neg_2233,PSEUDO_NEGATIVE,27.975462511814055,94.17812276502218,,block_55_188,0
neg_2234,PSEUDO_NEGATIVE,26.34734319875209,94.0193606082355,,block_52_188,0
neg_2235,PSEUDO_NEGATIVE,26.86522946926997,94.60322035150993,,block_53_189,0
neg_2236,PSEUDO_NEGATIVE,26.12517543987699,90.89577730527309,,block_52_181,0
neg_2237,PSEUDO_NEGATIVE,25.07585300302796,92.59757032255075,,block_50_185,0
neg_2238,PSEUDO_NEGATIVE,26.799009319536452,94.92888038151267,,block_53_189,0
neg_2239,PSEUDO_NEGATIVE,28.061802319015474,95.2843510022931,,block_56_190,0
neg_2240,PSEUDO_NEGATIVE,26.54521758435466,94.81527988385336,,block_53_189,0
neg_2241,PSEUDO_NEGATIVE,28.169004726740518,96.08977382833733,,block_56_192,0
neg_2242,PSEUDO_NEGATIVE,25.90520052403988,92.67838857886484,,block_51_185,0
neg_2243,PSEUDO_NEGATIVE,22.755099478574117,92.60907847772863,,block_45_185,0
neg_2244,PSEUDO_NEGATIVE,27.908451675760976,96.11199471138666,,block_55_192,0
neg_2245,PSEUDO_NEGATIVE,26.111996138960013,93.701851675077,,block_52_187,0
neg_2246,PSEUDO_NEGATIVE,25.84154237379358,92.75560471205456,,block_51_185,0
neg_2247,PSEUDO_NEGATIVE,26.223801944640364,91.28354146201771,,block_52_182,0
neg_2248,PSEUDO_NEGATIVE,26.744446209564213,91.70685021198128,,block_53_183,0
neg_2249,PSEUDO_NEGATIVE,28.091512730361973,96.0387448882009,,block_56_192,0
neg_2250,PSEUDO_NEGATIVE,27.822075902254504,94.85980834553524,,block_55_189,0
neg_2251,PSEUDO_NEGATIVE,26.360284293402096,91.27352695049106,,block_52_182,0
neg_2252,PSEUDO_NEGATIVE,25.47273424437734,89.97792078149074,,block_50_179,0
neg_2253,PSEUDO_NEGATIVE,27.223055190569657,92.32724071782118,,block_54_184,0
neg_2254,PSEUDO_NEGATIVE,25.445801390113047,94.20571843618579,,block_50_188,0
neg_2255,PSEUDO_NEGATIVE,27.675635121211712,96.76458266777944,,block_55_193,0
neg_2256,PSEUDO_NEGATIVE,27.445575103365467,88.34801643460955,,block_54_176,0
neg_2257,PSEUDO_NEGATIVE,26.246317212749858,92.05561638753612,,block_52_184,0
neg_2258,PSEUDO_NEGATIVE,24.463580199955807,93.0397955129001,,block_48_186,0
neg_2259,PSEUDO_NEGATIVE,26.91856286048268,92.28022656229057,,block_53_184,0
neg_2260,PSEUDO_NEGATIVE,28.56423111151973,95.62583666617999,,block_57_191,0
neg_2261,PSEUDO_NEGATIVE,27.902761195925905,94.42059214048808,,block_55_188,0
neg_2262,PSEUDO_NEGATIVE,26.39464922153778,94.5858815249846,,block_52_189,0
neg_2263,PSEUDO_NEGATIVE,27.383963958112645,95.89267298456409,,block_54_191,0
neg_2264,PSEUDO_NEGATIVE,27.178660440700405,92.66764577732117,,block_54_185,0
neg_2265,PSEUDO_NEGATIVE,23.99351071305386,91.98430394225261,,block_47_183,0
neg_2266,PSEUDO_NEGATIVE,28.64957746896226,95.31809798380735,,block_57_190,0
neg_2267,PSEUDO_NEGATIVE,23.654131637790915,92.6516566441398,,block_47_185,0
neg_2268,PSEUDO_NEGATIVE,24.03863076296418,94.1108861407968,,block_48_188,0
neg_2269,PSEUDO_NEGATIVE,28.191034059802163,94.4338177229338,,block_56_188,0
neg_2270,PSEUDO_NEGATIVE,24.982104030773616,92.66603809524794,,block_49_185,0
neg_2271,PSEUDO_NEGATIVE,28.84796981990289,94.01448362949381,,block_57_188,0
neg_2272,PSEUDO_NEGATIVE,25.265373239553973,94.36444362041932,,block_50_188,0
neg_2273,PSEUDO_NEGATIVE,27.745592243229396,95.49423510257785,,block_55_190,0
neg_2274,PSEUDO_NEGATIVE,27.923227402087694,93.20612749875038,,block_55_186,0
neg_2275,PSEUDO_NEGATIVE,23.13024511352867,92.85303118974463,,block_46_185,0
neg_2276,PSEUDO_NEGATIVE,26.03723201230005,92.85840809580554,,block_52_185,0
neg_2277,PSEUDO_NEGATIVE,28.07375487032085,94.29982803793767,,block_56_188,0
neg_2278,PSEUDO_NEGATIVE,29.303928874467793,94.6204554540779,,block_58_189,0
neg_2279,PSEUDO_NEGATIVE,25.42226054550488,89.83756607009927,,block_50_179,0
neg_2280,PSEUDO_NEGATIVE,25.940856857087272,92.96434986261906,,block_51_185,0
neg_2281,PSEUDO_NEGATIVE,25.16408535935594,90.38535015183714,,block_50_180,0
neg_2282,PSEUDO_NEGATIVE,23.422778673566253,91.7842506145827,,block_46_183,0
neg_2283,PSEUDO_NEGATIVE,28.151649398766324,96.64288840460897,,block_56_193,0
neg_2284,PSEUDO_NEGATIVE,25.240019394509243,90.38967864722244,,block_50_180,0
neg_2285,PSEUDO_NEGATIVE,26.347118625692772,92.93138960496448,,block_52_185,0
neg_2286,PSEUDO_NEGATIVE,28.21326708384221,94.57508618999456,,block_56_189,0
neg_2287,PSEUDO_NEGATIVE,24.410521280497058,93.53955341156106,,block_48_187,0
neg_2288,PSEUDO_NEGATIVE,27.63872996952657,95.47397190701147,,block_55_190,0
neg_2289,PSEUDO_NEGATIVE,26.878784272048442,93.50430724187157,,block_53_187,0
neg_2290,PSEUDO_NEGATIVE,27.6553829619251,96.06445097662933,,block_55_192,0
neg_2291,PSEUDO_NEGATIVE,26.696166772342693,90.53382882920792,,block_53_181,0
neg_2292,PSEUDO_NEGATIVE,27.861878461451205,88.39759110064733,,block_55_176,0
neg_2293,PSEUDO_NEGATIVE,26.540243859792156,92.71725870040238,,block_53_185,0
neg_2294,PSEUDO_NEGATIVE,28.208995250942507,95.72408963345673,,block_56_191,0
neg_2295,PSEUDO_NEGATIVE,26.75550012662987,94.09145299056259,,block_53_188,0
neg_2296,PSEUDO_NEGATIVE,24.123881736216106,91.86233978223736,,block_48_183,0
neg_2297,PSEUDO_NEGATIVE,26.422922192493115,93.47892102259061,,block_52_186,0
neg_2298,PSEUDO_NEGATIVE,29.07222758976087,95.51234685321651,,block_58_191,0
neg_2299,PSEUDO_NEGATIVE,27.607035108473838,93.3726871745421,,block_55_186,0
neg_2300,PSEUDO_NEGATIVE,27.828299641935665,92.21665448447932,,block_55_184,0
neg_2301,PSEUDO_NEGATIVE,27.455271163252966,93.05251706789662,,block_54_186,0
neg_2302,PSEUDO_NEGATIVE,28.096423383315273,96.00316549438035,,block_56_192,0
neg_2303,PSEUDO_NEGATIVE,25.246687318318674,92.76437108601417,,block_50_185,0
neg_2304,PSEUDO_NEGATIVE,25.50473803604771,92.44878741253831,,block_51_184,0
neg_2305,PSEUDO_NEGATIVE,28.6715236052692,94.3388003504361,,block_57_188,0
neg_2306,PSEUDO_NEGATIVE,26.45925300341199,91.98066046134439,,block_52_183,0
neg_2307,PSEUDO_NEGATIVE,29.06885322923039,94.3005959461929,,block_58_188,0
neg_2308,PSEUDO_NEGATIVE,28.344286084370548,94.24708421358953,,block_56_188,0
neg_2309,PSEUDO_NEGATIVE,28.73686110223863,94.03787202635593,,block_57_188,0
neg_2310,PSEUDO_NEGATIVE,28.692597360495085,94.49474618435046,,block_57_188,0
neg_2311,PSEUDO_NEGATIVE,26.1422259159639,91.13308499153655,,block_52_182,0
neg_2312,PSEUDO_NEGATIVE,28.428349233542143,94.19113288893006,,block_56_188,0
neg_2313,PSEUDO_NEGATIVE,28.939325928720883,94.59890369335375,,block_57_189,0
neg_2314,PSEUDO_NEGATIVE,24.05110389252497,93.73235313696681,,block_48_187,0
neg_2315,PSEUDO_NEGATIVE,27.67637405878306,95.75988616589436,,block_55_191,0
neg_2316,PSEUDO_NEGATIVE,24.990395278421424,93.10062477692286,,block_49_186,0
neg_2317,PSEUDO_NEGATIVE,22.850438499470123,92.7238087616564,,block_45_185,0
neg_2318,PSEUDO_NEGATIVE,23.587219628847972,93.02544751585444,,block_47_186,0
neg_2319,PSEUDO_NEGATIVE,25.948546159973944,92.71700259404443,,block_51_185,0
neg_2320,PSEUDO_NEGATIVE,27.62200410669141,92.18463859452501,,block_55_184,0
neg_2321,PSEUDO_NEGATIVE,26.275701878353498,91.99419568633523,,block_52_183,0
neg_2322,PSEUDO_NEGATIVE,28.20569152875536,93.51308062987746,,block_56_187,0
neg_2323,PSEUDO_NEGATIVE,27.650833376914857,94.81284602086157,,block_55_189,0
neg_2324,PSEUDO_NEGATIVE,23.834295216510096,93.22916148009755,,block_47_186,0
neg_2325,PSEUDO_NEGATIVE,27.58116570485037,95.26055876797736,,block_55_190,0
neg_2326,PSEUDO_NEGATIVE,25.99062511292534,95.07827671422243,,block_51_190,0
neg_2327,PSEUDO_NEGATIVE,26.691700597985943,93.13902115587736,,block_53_186,0
neg_2328,PSEUDO_NEGATIVE,29.168838403354613,94.85716619213525,,block_58_189,0
neg_2329,PSEUDO_NEGATIVE,27.883304179617788,95.89350553355077,,block_55_191,0
neg_2330,PSEUDO_NEGATIVE,26.048954138223877,93.79480076308384,,block_52_187,0
neg_2331,PSEUDO_NEGATIVE,24.908289507726153,93.81432390932582,,block_49_187,0
neg_2332,PSEUDO_NEGATIVE,24.283023101890105,94.20312207537461,,block_48_188,0
neg_2333,PSEUDO_NEGATIVE,27.39010007495598,94.38751661999126,,block_54_188,0
neg_2334,PSEUDO_NEGATIVE,28.227182559144865,93.05548420753658,,block_56_186,0
neg_2335,PSEUDO_NEGATIVE,27.76182218357786,95.59053670102304,,block_55_191,0
neg_2336,PSEUDO_NEGATIVE,25.022000913445414,94.66795228188943,,block_50_189,0
neg_2337,PSEUDO_NEGATIVE,23.87528058953709,91.50045072313578,,block_47_183,0
neg_2338,PSEUDO_NEGATIVE,22.932739268766504,92.98531681843089,,block_45_185,0
neg_2339,PSEUDO_NEGATIVE,27.869930211179145,94.9612646452986,,block_55_189,0
neg_2340,PSEUDO_NEGATIVE,26.1313180376721,92.08813532482532,,block_52_184,0
neg_2341,PSEUDO_NEGATIVE,24.261639827430855,91.9817524055591,,block_48_183,0
neg_2342,PSEUDO_NEGATIVE,28.55673090888246,95.36282360575778,,block_57_190,0
neg_2343,PSEUDO_NEGATIVE,25.082378185968516,94.58562515615218,,block_50_189,0
neg_2344,PSEUDO_NEGATIVE,24.438415823785537,93.71745736347154,,block_48_187,0
neg_2345,PSEUDO_NEGATIVE,27.18042340489147,94.34751497506842,,block_54_188,0
neg_2346,PSEUDO_NEGATIVE,27.174017186392064,92.45511523127402,,block_54_184,0
neg_2347,PSEUDO_NEGATIVE,26.560875783202984,91.66734903053074,,block_53_183,0
neg_2348,PSEUDO_NEGATIVE,25.95390764814841,92.8604533091972,,block_51_185,0
neg_2349,PSEUDO_NEGATIVE,25.82365486221788,91.72316101881329,,block_51_183,0
neg_2350,PSEUDO_NEGATIVE,28.071116325482055,88.71571308213757,,block_56_177,0
neg_2351,PSEUDO_NEGATIVE,27.45139614375605,96.64350445231398,,block_54_193,0
neg_2352,PSEUDO_NEGATIVE,22.306381246071837,92.97036174656114,,block_44_185,0
neg_2353,PSEUDO_NEGATIVE,25.538285736742186,90.14297388674905,,block_51_180,0
neg_2354,PSEUDO_NEGATIVE,24.527466154790673,93.53417669875373,,block_49_187,0
neg_2355,PSEUDO_NEGATIVE,22.26551202464962,93.20861173490682,,block_44_186,0
neg_2356,PSEUDO_NEGATIVE,25.80682638085407,90.91177171321524,,block_51_181,0
neg_2357,PSEUDO_NEGATIVE,27.60895697599248,92.732549281779,,block_55_185,0
neg_2358,PSEUDO_NEGATIVE,25.16220314453491,90.87172897708804,,block_50_181,0
neg_2359,PSEUDO_NEGATIVE,26.572302289431242,94.92290243410423,,block_53_189,0
neg_2360,PSEUDO_NEGATIVE,27.7790077405117,95.18307837947482,,block_55_190,0
neg_2361,PSEUDO_NEGATIVE,26.775519033944146,94.97725803378047,,block_53_189,0
neg_2362,PSEUDO_NEGATIVE,27.328047499774982,94.15751508998333,,block_54_188,0
neg_2363,PSEUDO_NEGATIVE,26.511227991869227,91.63803379420767,,block_53_183,0
neg_2364,PSEUDO_NEGATIVE,24.400029970945134,93.97221146991106,,block_48_187,0
neg_2365,PSEUDO_NEGATIVE,27.365818221452994,92.7285883918374,,block_54_185,0
neg_2366,PSEUDO_NEGATIVE,28.419572399544172,96.1142943708602,,block_56_192,0
neg_2367,PSEUDO_NEGATIVE,27.887578326621693,94.95887925458005,,block_55_189,0
neg_2368,PSEUDO_NEGATIVE,23.888560992407392,92.01847628133581,,block_47_184,0
neg_2369,PSEUDO_NEGATIVE,25.966609641018973,91.39933857821882,,block_51_182,0
neg_2370,PSEUDO_NEGATIVE,27.11542711367401,95.10312658069488,,block_54_190,0
neg_2371,PSEUDO_NEGATIVE,25.717778112701637,94.2140624687172,,block_51_188,0
neg_2372,PSEUDO_NEGATIVE,28.543414328212936,94.91220673492825,,block_57_189,0
neg_2373,PSEUDO_NEGATIVE,28.009678905665513,93.33824626241051,,block_56_186,0
neg_2374,PSEUDO_NEGATIVE,25.134445672557554,93.51146292507889,,block_50_187,0
neg_2375,PSEUDO_NEGATIVE,28.639108578927367,94.4916392045408,,block_57_188,0
neg_2376,PSEUDO_NEGATIVE,24.290215799640347,93.44048662341334,,block_48_186,0
neg_2377,PSEUDO_NEGATIVE,23.98423046158304,92.2244929075362,,block_47_184,0
neg_2378,PSEUDO_NEGATIVE,27.439635359476263,93.6232432281986,,block_54_187,0
neg_2379,PSEUDO_NEGATIVE,27.58251234086344,91.58458201496633,,block_55_183,0
neg_2380,PSEUDO_NEGATIVE,28.7746450807779,95.8174305843817,,block_57_191,0
neg_2381,PSEUDO_NEGATIVE,26.830100865069923,93.56849321295013,,block_53_187,0
neg_2382,PSEUDO_NEGATIVE,26.912435440553445,92.69971026541879,,block_53_185,0
neg_2383,PSEUDO_NEGATIVE,27.003195048835508,93.24621906462143,,block_54_186,0
neg_2384,PSEUDO_NEGATIVE,25.56766763106259,91.95871752769173,,block_51_183,0
neg_2385,PSEUDO_NEGATIVE,27.608171059376755,96.04841676781413,,block_55_192,0
neg_2386,PSEUDO_NEGATIVE,27.9048016871676,88.3277705642157,,block_55_176,0
neg_2387,PSEUDO_NEGATIVE,26.371279827370042,92.11282782435758,,block_52_184,0
neg_2388,PSEUDO_NEGATIVE,27.136640226469833,92.09756959131954,,block_54_184,0
neg_2389,PSEUDO_NEGATIVE,28.038997714201802,93.09154613498562,,block_56_186,0
neg_2390,PSEUDO_NEGATIVE,27.770437025289716,92.41267750706078,,block_55_184,0
neg_2391,PSEUDO_NEGATIVE,27.774842401362235,95.14596259765092,,block_55_190,0
neg_2392,PSEUDO_NEGATIVE,25.960648327430178,93.33419968267721,,block_51_186,0
neg_2393,PSEUDO_NEGATIVE,25.912454072974672,93.07539477552787,,block_51_186,0
neg_2394,PSEUDO_NEGATIVE,26.14102849827109,92.88836672930745,,block_52_185,0
neg_2395,PSEUDO_NEGATIVE,26.770374242128746,95.34693924766059,,block_53_190,0
neg_2396,PSEUDO_NEGATIVE,28.35445296855108,93.93196155508295,,block_56_187,0
neg_2397,PSEUDO_NEGATIVE,25.403489908167515,91.15477537809811,,block_50_182,0
neg_2398,PSEUDO_NEGATIVE,25.400336898107824,92.2950306321189,,block_50_184,0
neg_2399,PSEUDO_NEGATIVE,27.266104190689425,94.30706356786759,,block_54_188,0
neg_2400,PSEUDO_NEGATIVE,28.244371185465575,93.18340266763973,,block_56_186,0
neg_2401,PSEUDO_NEGATIVE,24.030514704424554,93.72038571164042,,block_48_187,0
neg_2402,PSEUDO_NEGATIVE,24.440432440436805,93.52376784309605,,block_48_187,0
neg_2403,PSEUDO_NEGATIVE,24.13172842289245,92.56940171893184,,block_48_185,0
neg_2404,PSEUDO_NEGATIVE,28.211834478381743,94.67688221782828,,block_56_189,0
neg_2405,PSEUDO_NEGATIVE,28.932589847977184,96.44567838919468,,block_57_192,0
neg_2406,PSEUDO_NEGATIVE,25.39112199324925,89.98595792037577,,block_50_179,0
neg_2407,PSEUDO_NEGATIVE,23.138458003018215,93.26390607762076,,block_46_186,0
neg_2408,PSEUDO_NEGATIVE,29.084430996584494,95.67817459894029,,block_58_191,0
neg_2409,PSEUDO_NEGATIVE,28.92388946322623,95.47150824562335,,block_57_190,0
neg_2410,PSEUDO_NEGATIVE,24.73587634300796,92.52582105114732,,block_49_185,0
neg_2411,PSEUDO_NEGATIVE,28.588850748028673,94.99236084378985,,block_57_189,0
neg_2412,PSEUDO_NEGATIVE,27.93398270121571,88.50045704927791,,block_55_177,0
neg_2413,PSEUDO_NEGATIVE,26.228290261587862,89.87632996300006,,block_52_179,0
neg_2414,PSEUDO_NEGATIVE,25.16942855202949,90.95075495836558,,block_50_181,0
neg_2415,PSEUDO_NEGATIVE,26.16948527549551,91.07595076390946,,block_52_182,0
neg_2416,PSEUDO_NEGATIVE,25.45927163914109,93.57512193635203,,block_50_187,0
neg_2417,PSEUDO_NEGATIVE,27.72153241692714,91.88614426897112,,block_55_183,0
neg_2418,PSEUDO_NEGATIVE,27.927039658123423,92.83790177182509,,block_55_185,0
neg_2419,PSEUDO_NEGATIVE,22.973505147012112,92.45686828121941,,block_45_184,0
neg_2420,PSEUDO_NEGATIVE,28.01627846332263,95.62280582831164,,block_56_191,0
neg_2421,PSEUDO_NEGATIVE,27.412681730674137,88.66479841719496,,block_54_177,0
neg_2422,PSEUDO_NEGATIVE,24.573642065283597,93.27791520388041,,block_49_186,0
neg_2423,PSEUDO_NEGATIVE,26.541881426162576,90.08472296323822,,block_53_180,0
neg_2424,PSEUDO_NEGATIVE,23.292136723714155,92.40175742796494,,block_46_184,0
neg_2425,PSEUDO_NEGATIVE,27.855903828211694,94.84669710683424,,block_55_189,0
neg_2426,PSEUDO_NEGATIVE,25.227663003994934,92.92576838568631,,block_50_185,0
neg_2427,PSEUDO_NEGATIVE,25.927541581240398,91.81293676721465,,block_51_183,0
neg_2428,PSEUDO_NEGATIVE,27.963231558344727,93.92784658304635,,block_55_187,0
neg_2429,PSEUDO_NEGATIVE,24.43834297361489,92.18785113597856,,block_48_184,0
neg_2430,PSEUDO_NEGATIVE,25.276934604684197,90.60098205673744,,block_50_181,0
neg_2431,PSEUDO_NEGATIVE,26.611047179626546,91.31292864793971,,block_53_182,0
neg_2432,PSEUDO_NEGATIVE,28.16735481376925,93.58422622918886,,block_56_187,0
neg_2433,PSEUDO_NEGATIVE,26.01040036023089,91.13308108211864,,block_52_182,0
neg_2434,PSEUDO_NEGATIVE,25.649722257107307,94.5784694247622,,block_51_189,0
neg_2435,PSEUDO_NEGATIVE,27.452711014519842,94.26117467214958,,block_54_188,0
neg_2436,PSEUDO_NEGATIVE,29.062464038904068,94.4105853338332,,block_58_188,0
neg_2437,PSEUDO_NEGATIVE,28.98447324363272,94.56714641631149,,block_57_189,0
neg_2438,PSEUDO_NEGATIVE,26.875540340069897,94.45209991581056,,block_53_188,0
neg_2439,PSEUDO_NEGATIVE,25.424086485219743,93.17699861873288,,block_50_186,0
neg_2440,PSEUDO_NEGATIVE,28.973702492485778,94.6579917057286,,block_57_189,0
neg_2441,PSEUDO_NEGATIVE,26.383142658493984,91.44188028315295,,block_52_182,0
neg_2442,PSEUDO_NEGATIVE,25.749265368640177,94.5680591206227,,block_51_189,0
neg_2443,PSEUDO_NEGATIVE,26.024984111481743,93.8924933594931,,block_52_187,0
neg_2444,PSEUDO_NEGATIVE,24.74087863872787,93.33057274073657,,block_49_186,0
neg_2445,PSEUDO_NEGATIVE,26.289828646921862,94.05477800950916,,block_52_188,0
neg_2446,PSEUDO_NEGATIVE,28.846454501950237,95.7479293565935,,block_57_191,0
neg_2447,PSEUDO_NEGATIVE,27.350179062323015,92.48850610308364,,block_54_184,0
neg_2448,PSEUDO_NEGATIVE,23.736432924646742,92.50243063948278,,block_47_185,0
neg_2449,PSEUDO_NEGATIVE,27.34658898683043,96.99031654035566,,block_54_193,0
neg_2450,PSEUDO_NEGATIVE,26.932813923606464,93.36059438566726,,block_53_186,0
neg_2451,PSEUDO_NEGATIVE,24.09621783443802,93.46189975417822,,block_48_186,0
neg_2452,PSEUDO_NEGATIVE,25.629901494714762,91.54358333149828,,block_51_183,0
neg_2453,PSEUDO_NEGATIVE,22.70383576967773,93.05004577930904,,block_45_186,0
neg_2454,PSEUDO_NEGATIVE,27.502938666825422,88.30031397320617,,block_55_176,0
neg_2455,PSEUDO_NEGATIVE,27.708721247978296,93.08553031552127,,block_55_186,0
neg_2456,PSEUDO_NEGATIVE,28.414794977743266,96.09061527661264,,block_56_192,0
neg_2457,PSEUDO_NEGATIVE,26.411334883124393,91.98087867446124,,block_52_183,0
neg_2458,PSEUDO_NEGATIVE,27.959780249479284,96.31659634206906,,block_55_192,0
neg_2459,PSEUDO_NEGATIVE,25.410772465714107,92.3556525957981,,block_50_184,0
neg_2460,PSEUDO_NEGATIVE,27.87114023079087,92.90918733764289,,block_55_185,0
neg_2461,PSEUDO_NEGATIVE,27.11660545156836,93.31610788023438,,block_54_186,0
neg_2462,PSEUDO_NEGATIVE,25.723809967321394,89.98749839986851,,block_51_179,0
neg_2463,PSEUDO_NEGATIVE,27.1460321172578,92.42218468915155,,block_54_184,0
neg_2464,PSEUDO_NEGATIVE,26.489441526840693,90.02990392618914,,block_52_180,0
neg_2465,PSEUDO_NEGATIVE,26.06091562391132,91.52911448569127,,block_52_183,0
neg_2466,PSEUDO_NEGATIVE,22.31020497791473,93.18127849704969,,block_44_186,0
neg_2467,PSEUDO_NEGATIVE,24.008424738932096,92.58038209886543,,block_48_185,0
neg_2468,PSEUDO_NEGATIVE,29.021995096127654,94.54125838431058,,block_58_189,0
neg_2469,PSEUDO_NEGATIVE,27.348740349230845,92.68145400566047,,block_54_185,0
neg_2470,PSEUDO_NEGATIVE,27.355677731887408,88.3894310343713,,block_54_176,0
neg_2471,PSEUDO_NEGATIVE,22.62924891296327,93.05032928070354,,block_45_186,0
neg_2472,PSEUDO_NEGATIVE,26.446433656524174,91.90767939103232,,block_52_183,0
neg_2473,PSEUDO_NEGATIVE,28.61429899169844,94.44640458968158,,block_57_188,0
neg_2474,PSEUDO_NEGATIVE,27.541452286858924,92.4149587199558,,block_55_184,0
neg_2475,PSEUDO_NEGATIVE,24.773712824102024,93.7163135229367,,block_49_187,0
neg_2476,PSEUDO_NEGATIVE,27.59296379137023,92.99032773264345,,block_55_185,0
neg_2477,PSEUDO_NEGATIVE,27.538242784985997,95.71907283807928,,block_55_191,0
neg_2478,PSEUDO_NEGATIVE,22.80071736269054,92.5763700495029,,block_45_185,0
neg_2479,PSEUDO_NEGATIVE,25.708262807314586,91.44878940444522,,block_51_182,0
neg_2480,PSEUDO_NEGATIVE,26.13456835094441,91.46459938814556,,block_52_182,0
neg_2481,PSEUDO_NEGATIVE,27.623886208722727,96.3746925293017,,block_55_192,0
neg_2482,PSEUDO_NEGATIVE,25.79230191492872,91.70093406739292,,block_51_183,0
neg_2483,PSEUDO_NEGATIVE,25.251412058892647,92.05596068263242,,block_50_184,0
neg_2484,PSEUDO_NEGATIVE,23.60786994631143,91.91822327547986,,block_47_183,0
neg_2485,PSEUDO_NEGATIVE,26.874549801770748,94.53700759420751,,block_53_189,0
neg_2486,PSEUDO_NEGATIVE,25.956887164604936,92.6341277265694,,block_51_185,0
neg_2487,PSEUDO_NEGATIVE,26.59451430995356,94.9551097724891,,block_53_189,0
neg_2488,PSEUDO_NEGATIVE,26.465967010995683,94.41736385505277,,block_52_188,0
neg_2489,PSEUDO_NEGATIVE,25.940378515366177,90.11418075641924,,block_51_180,0
neg_2490,PSEUDO_NEGATIVE,28.095797582447396,95.60381803573317,,block_56_191,0
neg_2491,PSEUDO_NEGATIVE,28.24184911832524,95.97439118834984,,block_56_191,0
neg_2492,PSEUDO_NEGATIVE,25.920415197284985,91.81327722119615,,block_51_183,0
neg_2493,PSEUDO_NEGATIVE,24.71044149818353,92.38890213159176,,block_49_184,0
neg_2494,PSEUDO_NEGATIVE,27.431007973604444,96.61169347378905,,block_54_193,0
neg_2495,PSEUDO_NEGATIVE,26.184237688266187,90.52449211697405,,block_52_181,0
neg_2496,PSEUDO_NEGATIVE,24.41427129842417,92.2631952522169,,block_48_184,0
neg_2497,PSEUDO_NEGATIVE,27.767873996234197,96.473985150547,,block_55_192,0
neg_2498,PSEUDO_NEGATIVE,24.717463078266487,92.43856849161241,,block_49_184,0
neg_2499,PSEUDO_NEGATIVE,26.429178558913804,91.03710714424668,,block_52_182,0
neg_2500,PSEUDO_NEGATIVE,26.334761204459824,90.3294363144845,,block_52_180,0
neg_2501,PSEUDO_NEGATIVE,27.359796853012654,88.52486347002066,,block_54_177,0
neg_2502,PSEUDO_NEGATIVE,26.205941470981642,90.06810074585069,,block_52_180,0
neg_2503,PSEUDO_NEGATIVE,29.203984213595827,94.39829442720465,,block_58_188,0
neg_2504,PSEUDO_NEGATIVE,29.045114776747745,95.72634539566128,,block_58_191,0
neg_2505,PSEUDO_NEGATIVE,23.088779950062005,91.40983220984837,,block_46_182,0
neg_2506,PSEUDO_NEGATIVE,28.784411053670148,95.49659849651273,,block_57_190,0
neg_2507,PSEUDO_NEGATIVE,26.843700048075846,94.37989853532405,,block_53_188,0
neg_2508,PSEUDO_NEGATIVE,22.0923945609883,92.972945575883,,block_44_185,0
neg_2509,PSEUDO_NEGATIVE,27.95440802719386,96.22793355714184,,block_55_192,0
neg_2510,PSEUDO_NEGATIVE,25.279792752245612,92.2578836742143,,block_50_184,0
neg_2511,PSEUDO_NEGATIVE,26.28751584640002,91.76286700524766,,block_52_183,0
neg_2512,PSEUDO_NEGATIVE,28.823803216746338,94.06963167620972,,block_57_188,0
neg_2513,PSEUDO_NEGATIVE,27.22202130790081,95.66373627359798,,block_54_191,0
neg_2514,PSEUDO_NEGATIVE,28.083902628264543,96.76483285462777,,block_56_193,0
neg_2515,PSEUDO_NEGATIVE,24.692906076264943,94.10132529050077,,block_49_188,0
neg_2516,PSEUDO_NEGATIVE,27.699285097604765,92.97341400070158,,block_55_185,0
neg_2517,PSEUDO_NEGATIVE,26.630501233254076,91.3000056092915,,block_53_182,0
neg_2518,PSEUDO_NEGATIVE,27.419533050036982,96.04588484134982,,block_54_192,0
neg_2519,PSEUDO_NEGATIVE,26.763518396530372,95.24606355024879,,block_53_190,0
neg_2520,PSEUDO_NEGATIVE,25.264473966687767,94.57351884983419,,block_50_189,0
neg_2521,PSEUDO_NEGATIVE,23.344791245397353,92.90879717224735,,block_46_185,0
neg_2522,PSEUDO_NEGATIVE,24.663288367403798,92.4526053271978,,block_49_184,0
neg_2523,PSEUDO_NEGATIVE,28.220134553966318,95.34947178161119,,block_56_190,0
neg_2524,PSEUDO_NEGATIVE,25.143843235537542,92.76839350082037,,block_50_185,0
neg_2525,PSEUDO_NEGATIVE,27.823065327549596,92.49767787220225,,block_55_184,0
neg_2526,PSEUDO_NEGATIVE,29.426960434725004,96.06580476434029,,block_58_192,0
neg_2527,PSEUDO_NEGATIVE,26.202158775721124,94.7431361277957,,block_52_189,0
neg_2528,PSEUDO_NEGATIVE,26.95403079636525,94.4420839379322,,block_53_188,0
neg_2529,PSEUDO_NEGATIVE,28.71787516794563,95.42934444537283,,block_57_190,0
neg_2530,PSEUDO_NEGATIVE,25.939952066698716,90.55262661375184,,block_51_181,0
neg_2531,PSEUDO_NEGATIVE,25.590307905408874,90.9633998986608,,block_51_181,0
neg_2532,PSEUDO_NEGATIVE,27.768493590707983,94.14009089976427,,block_55_188,0
neg_2533,PSEUDO_NEGATIVE,27.451781538904093,95.43308908399756,,block_54_190,0
neg_2534,PSEUDO_NEGATIVE,29.019554522329493,94.20106940740759,,block_58_188,0
neg_2535,PSEUDO_NEGATIVE,26.402430536480402,89.98828763332058,,block_52_179,0
neg_2536,PSEUDO_NEGATIVE,24.966855897880762,93.00061484519674,,block_49_186,0
neg_2537,PSEUDO_NEGATIVE,26.81922372467566,91.81624434397784,,block_53_183,0
neg_2538,PSEUDO_NEGATIVE,26.20459967298189,92.91826651737783,,block_52_185,0
neg_2539,PSEUDO_NEGATIVE,25.628176173480544,92.5484036458615,,block_51_185,0
neg_2540,PSEUDO_NEGATIVE,26.855460796948268,94.34453078797178,,block_53_188,0
neg_2541,PSEUDO_NEGATIVE,27.18544183659177,97.06004645515925,,block_54_194,0
neg_2542,PSEUDO_NEGATIVE,25.96421520653698,92.46645063384052,,block_51_184,0
neg_2543,PSEUDO_NEGATIVE,26.039694347938223,91.3127186226098,,block_52_182,0
neg_2544,PSEUDO_NEGATIVE,28.289016533227702,96.79811221029793,,block_56_193,0
neg_2545,PSEUDO_NEGATIVE,29.049355101550635,94.43841526637718,,block_58_188,0
neg_2546,PSEUDO_NEGATIVE,28.74083009779757,94.56386572803488,,block_57_189,0
neg_2547,PSEUDO_NEGATIVE,29.1489782176536,94.31786681574407,,block_58_188,0
neg_2548,PSEUDO_NEGATIVE,27.870846602279393,93.98718141874514,,block_55_187,0
neg_2549,PSEUDO_NEGATIVE,27.786927624443184,92.57112556987263,,block_55_185,0
neg_2550,PSEUDO_NEGATIVE,26.17910672176359,92.2872911894,,block_52_184,0
neg_2551,PSEUDO_NEGATIVE,24.946944083741705,93.3805210561273,,block_49_186,0
neg_2552,PSEUDO_NEGATIVE,26.19435192676147,93.79471178466702,,block_52_187,0
neg_2553,PSEUDO_NEGATIVE,26.411089852014424,94.7587489357203,,block_52_189,0
neg_2554,PSEUDO_NEGATIVE,28.385272806782297,93.77236627881095,,block_56_187,0
neg_2555,PSEUDO_NEGATIVE,26.15289246132798,93.35721769017306,,block_52_186,0
neg_2556,PSEUDO_NEGATIVE,25.203146444893658,90.80624878809095,,block_50_181,0
neg_2557,PSEUDO_NEGATIVE,26.377070798418448,95.07802606158057,,block_52_190,0
neg_2558,PSEUDO_NEGATIVE,25.32676705246177,90.12830055806225,,block_50_180,0
neg_2559,PSEUDO_NEGATIVE,28.594973218808008,96.24449019620738,,block_57_192,0
neg_2560,PSEUDO_NEGATIVE,23.90483709969028,92.94275065314221,,block_47_185,0
neg_2561,PSEUDO_NEGATIVE,27.037764420803363,94.1793970493698,,block_54_188,0
neg_2562,PSEUDO_NEGATIVE,25.09297464024356,93.69112426784434,,block_50_187,0
neg_2563,PSEUDO_NEGATIVE,22.775090820634375,92.5001296427833,,block_45_185,0
neg_2564,PSEUDO_NEGATIVE,24.01384625961487,92.06867067943224,,block_48_184,0
neg_2565,PSEUDO_NEGATIVE,26.32586211982445,93.90324177569809,,block_52_187,0
neg_2566,PSEUDO_NEGATIVE,28.28082993613396,97.06011820451751,,block_56_194,0
neg_2567,PSEUDO_NEGATIVE,26.120867001588607,92.04429470692584,,block_52_184,0
neg_2568,PSEUDO_NEGATIVE,28.02684966176374,96.67336003625724,,block_56_193,0
neg_2569,PSEUDO_NEGATIVE,23.884295104177323,91.38866439457219,,block_47_182,0
neg_2570,PSEUDO_NEGATIVE,26.019502146434398,91.48727414348531,,block_52_182,0
neg_2571,PSEUDO_NEGATIVE,26.303786304289158,92.74168613679443,,block_52_185,0
neg_2572,PSEUDO_NEGATIVE,27.167912905875284,95.52936473925045,,block_54_191,0
neg_2573,PSEUDO_NEGATIVE,26.84855080235618,94.68110284398315,,block_53_189,0
neg_2574,PSEUDO_NEGATIVE,26.936247728685437,92.58057815967985,,block_53_185,0
neg_2575,PSEUDO_NEGATIVE,27.93393804441728,95.84632271860659,,block_55_191,0
neg_2576,PSEUDO_NEGATIVE,28.09450719840111,93.72931833026267,,block_56_187,0
neg_2577,PSEUDO_NEGATIVE,24.03051500624526,91.67392839327754,,block_48_183,0
neg_2578,PSEUDO_NEGATIVE,27.446728636535024,95.08658196530824,,block_54_190,0
neg_2579,PSEUDO_NEGATIVE,26.6394244732587,90.19746732628049,,block_53_180,0
neg_2580,PSEUDO_NEGATIVE,23.82765555607539,92.40339265424869,,block_47_184,0
neg_2581,PSEUDO_NEGATIVE,22.979157837457084,92.49684833087714,,block_45_184,0
neg_2582,PSEUDO_NEGATIVE,26.5357047754529,95.05849535800523,,block_53_190,0
neg_2583,PSEUDO_NEGATIVE,27.748826807463132,95.67100849884585,,block_55_191,0
neg_2584,PSEUDO_NEGATIVE,27.922268565012185,88.43866709764544,,block_55_176,0
neg_2585,PSEUDO_NEGATIVE,26.005396594476988,92.3094550493371,,block_52_184,0
neg_2586,PSEUDO_NEGATIVE,29.093764911508273,95.5158162345466,,block_58_191,0
neg_2587,PSEUDO_NEGATIVE,28.05219563569599,95.49333474184853,,block_56_190,0
neg_2588,PSEUDO_NEGATIVE,27.388813784295785,96.61314314763591,,block_54_193,0
neg_2589,PSEUDO_NEGATIVE,26.78066766287441,94.49524791430538,,block_53_188,0
neg_2590,PSEUDO_NEGATIVE,24.634181765188444,93.09126549614568,,block_49_186,0
neg_2591,PSEUDO_NEGATIVE,26.679809534008566,91.19109695668831,,block_53_182,0
neg_2592,PSEUDO_NEGATIVE,28.000249827384717,93.4983728256095,,block_56_186,0
neg_2593,PSEUDO_NEGATIVE,23.835890699572275,92.76705241808479,,block_47_185,0
neg_2594,PSEUDO_NEGATIVE,27.520181726816965,96.90325056259044,,block_55_193,0
neg_2595,PSEUDO_NEGATIVE,25.589555173316512,93.89568988802797,,block_51_187,0
neg_2596,PSEUDO_NEGATIVE,22.258311701611547,92.99060901183012,,block_44_185,0
neg_2597,PSEUDO_NEGATIVE,27.54487934014089,88.46996822278447,,block_55_176,0
neg_2598,PSEUDO_NEGATIVE,27.17125325705117,95.50061483171007,,block_54_191,0
neg_2599,PSEUDO_NEGATIVE,24.579165512227448,93.5249153668677,,block_49_187,0
neg_2600,PSEUDO_NEGATIVE,26.607640331172227,90.36710004603701,,block_53_180,0
neg_2601,PSEUDO_NEGATIVE,24.597693307357588,93.6228696435123,,block_49_187,0
neg_2602,PSEUDO_NEGATIVE,27.487661745635393,96.43555892545425,,block_54_192,0
neg_2603,PSEUDO_NEGATIVE,29.084633002783054,95.03531995559153,,block_58_190,0
neg_2604,PSEUDO_NEGATIVE,23.79827738459685,93.24102933460023,,block_47_186,0
neg_2605,PSEUDO_NEGATIVE,27.061366749076697,94.43993260132181,,block_54_188,0
neg_2606,PSEUDO_NEGATIVE,28.806664373608456,94.95635634152474,,block_57_189,0
neg_2607,PSEUDO_NEGATIVE,24.137650086697327,92.16249501292234,,block_48_184,0
neg_2608,PSEUDO_NEGATIVE,25.71674547187012,92.87451039620862,,block_51_185,0
neg_2609,PSEUDO_NEGATIVE,25.76516674871798,93.45303972416384,,block_51_186,0
neg_2610,PSEUDO_NEGATIVE,28.43737865123042,93.770186872939,,block_56_187,0
neg_2611,PSEUDO_NEGATIVE,24.769176013926117,92.77037629807691,,block_49_185,0
neg_2612,PSEUDO_NEGATIVE,24.55514260338562,93.75352789462532,,block_49_187,0
neg_2613,PSEUDO_NEGATIVE,27.082219602214412,92.6702508465898,,block_54_185,0
neg_2614,PSEUDO_NEGATIVE,24.919183236705166,93.96581187236731,,block_49_187,0
neg_2615,PSEUDO_NEGATIVE,26.442768225313834,90.97540461937099,,block_52_181,0
neg_2616,PSEUDO_NEGATIVE,26.871310704972814,93.3834234149471,,block_53_186,0
neg_2617,PSEUDO_NEGATIVE,27.656626375412852,94.5906353731954,,block_55_189,0
neg_2618,PSEUDO_NEGATIVE,28.182677867490163,94.79356673351373,,block_56_189,0
neg_2619,PSEUDO_NEGATIVE,26.875729740345136,95.14666131736736,,block_53_190,0
neg_2620,PSEUDO_NEGATIVE,28.19915124262875,95.35184309271673,,block_56_190,0
neg_2621,PSEUDO_NEGATIVE,24.383046302141945,93.22895697839556,,block_48_186,0
neg_2622,PSEUDO_NEGATIVE,25.683492932923553,93.99984090126696,,block_51_187,0
neg_2623,PSEUDO_NEGATIVE,27.59190091462449,95.28566544507702,,block_55_190,0
neg_2624,PSEUDO_NEGATIVE,27.33292851946675,92.09951590300676,,block_54_184,0
neg_2625,PSEUDO_NEGATIVE,26.549180191176465,92.9998368668512,,block_53_185,0
neg_2626,PSEUDO_NEGATIVE,27.468815816123346,96.81401252153628,,block_54_193,0
neg_2627,PSEUDO_NEGATIVE,28.450229636729773,96.13890633025778,,block_56_192,0
neg_2628,PSEUDO_NEGATIVE,24.987509659452506,93.72845742988719,,block_49_187,0
neg_2629,PSEUDO_NEGATIVE,29.0154710851236,95.0311599829507,,block_58_190,0
neg_2630,PSEUDO_NEGATIVE,27.815485932608095,95.21267987450786,,block_55_190,0
neg_2631,PSEUDO_NEGATIVE,28.152025648028804,95.1090932182952,,block_56_190,0
neg_2632,PSEUDO_NEGATIVE,28.995074125043292,96.06326895456837,,block_57_192,0
neg_2633,PSEUDO_NEGATIVE,28.660468974499025,96.2909328415808,,block_57_192,0
neg_2634,PSEUDO_NEGATIVE,28.839187262699543,95.05039982032199,,block_57_190,0
neg_2635,PSEUDO_NEGATIVE,25.357056063384835,90.32962230354624,,block_50_180,0
neg_2636,PSEUDO_NEGATIVE,22.65353507038209,93.08130404637753,,block_45_186,0
neg_2637,PSEUDO_NEGATIVE,27.502515728478567,94.84623532777802,,block_55_189,0
neg_2638,PSEUDO_NEGATIVE,27.28267775124316,95.18398614615994,,block_54_190,0
neg_2639,PSEUDO_NEGATIVE,24.830884864343602,94.11604061729028,,block_49_188,0
neg_2640,PSEUDO_NEGATIVE,24.713778938904145,93.47081102855692,,block_49_186,0
neg_2641,PSEUDO_NEGATIVE,27.754466418701845,93.83899716137272,,block_55_187,0
neg_2642,PSEUDO_NEGATIVE,28.384538853560624,94.04656412691868,,block_56_188,0
neg_2643,PSEUDO_NEGATIVE,26.011735153683432,90.80974064237974,,block_52_181,0
neg_2644,PSEUDO_NEGATIVE,28.511069830429957,93.40261376795672,,block_57_186,0
neg_2645,PSEUDO_NEGATIVE,26.477814180206494,94.30892725952313,,block_52_188,0
neg_2646,PSEUDO_NEGATIVE,25.276966133789145,90.79989831696442,,block_50_181,0
neg_2647,PSEUDO_NEGATIVE,25.227832951866958,93.81611736659526,,block_50_187,0
neg_2648,PSEUDO_NEGATIVE,25.581677232415316,93.28689713505032,,block_51_186,0
neg_2649,PSEUDO_NEGATIVE,26.104668050572545,93.59571655615026,,block_52_187,0
neg_2650,PSEUDO_NEGATIVE,23.837316765260248,91.30826734039552,,block_47_182,0
neg_2651,PSEUDO_NEGATIVE,26.595332688574658,93.36719861978092,,block_53_186,0
neg_2652,PSEUDO_NEGATIVE,27.995068215064105,95.96161095232762,,block_55_191,0
neg_2653,PSEUDO_NEGATIVE,24.09621197563117,92.30835412352147,,block_48_184,0
neg_2654,PSEUDO_NEGATIVE,25.956151856574813,90.49307832811883,,block_51_180,0
neg_2655,PSEUDO_NEGATIVE,28.027146901176785,96.23287983010098,,block_56_192,0
neg_2656,PSEUDO_NEGATIVE,28.251276433065428,97.27390060048663,,block_56_194,0
neg_2657,PSEUDO_NEGATIVE,25.385975053139344,91.72905162544562,,block_50_183,0
neg_2658,PSEUDO_NEGATIVE,24.10307268650729,93.65719553289026,,block_48_187,0
neg_2659,PSEUDO_NEGATIVE,23.26147535187194,93.02562809761986,,block_46_186,0
neg_2660,PSEUDO_NEGATIVE,23.820236282982872,92.88878450528624,,block_47_185,0
neg_2661,PSEUDO_NEGATIVE,28.567174667873548,93.3874633284071,,block_57_186,0
neg_2662,PSEUDO_NEGATIVE,26.967355416659316,93.08405676916252,,block_53_186,0
neg_2663,PSEUDO_NEGATIVE,27.373549256971984,95.14185953424094,,block_54_190,0
neg_2664,PSEUDO_NEGATIVE,28.50773456332842,93.6065380777819,,block_57_187,0
neg_2665,PSEUDO_NEGATIVE,24.12515720082741,93.24480661343006,,block_48_186,0
neg_2666,PSEUDO_NEGATIVE,25.230889390695722,93.08880567141388,,block_50_186,0
neg_2667,PSEUDO_NEGATIVE,25.72016745049426,92.51061228060288,,block_51_185,0
neg_2668,PSEUDO_NEGATIVE,27.37970164219456,88.18335336405113,,block_54_176,0
neg_2669,PSEUDO_NEGATIVE,25.04978497828707,94.04174712713265,,block_50_188,0
neg_2670,PSEUDO_NEGATIVE,27.600913759699026,92.02063185498264,,block_55_184,0
neg_2671,PSEUDO_NEGATIVE,26.545741919725458,92.1001668170026,,block_53_184,0
neg_2672,PSEUDO_NEGATIVE,25.530419631605188,90.96500796202515,,block_51_181,0
neg_2673,PSEUDO_NEGATIVE,26.52831192955486,91.11878105564097,,block_53_182,0
neg_2674,PSEUDO_NEGATIVE,26.91528952301445,92.13202215921436,,block_53_184,0
neg_2675,PSEUDO_NEGATIVE,22.12343666229777,92.6896970353175,,block_44_185,0
neg_2676,PSEUDO_NEGATIVE,26.01299728895098,94.43650240289713,,block_52_188,0
neg_2677,PSEUDO_NEGATIVE,24.37517030559463,93.6145046017667,,block_48_187,0
neg_2678,PSEUDO_NEGATIVE,26.465945259643775,91.06682132486098,,block_52_182,0
neg_2679,PSEUDO_NEGATIVE,27.53176963547945,91.70723261982667,,block_55_183,0
neg_2680,PSEUDO_NEGATIVE,27.350196748386388,92.43963339795313,,block_54_184,0
neg_2681,PSEUDO_NEGATIVE,26.71313570865482,92.35515566654311,,block_53_184,0
neg_2682,PSEUDO_NEGATIVE,25.974144977951713,93.1284313878131,,block_51_186,0
neg_2683,PSEUDO_NEGATIVE,23.772493877208902,91.25714747029126,,block_47_182,0
neg_2684,PSEUDO_NEGATIVE,26.34186510355256,90.86957409233544,,block_52_181,0
neg_2685,PSEUDO_NEGATIVE,25.30660010763422,90.88820934393185,,block_50_181,0
neg_2686,PSEUDO_NEGATIVE,26.753577161078617,91.35224688247105,,block_53_182,0
neg_2687,PSEUDO_NEGATIVE,25.919825410557394,94.98748907163623,,block_51_189,0
neg_2688,PSEUDO_NEGATIVE,28.02391016966004,93.36811504601647,,block_56_186,0
neg_2689,PSEUDO_NEGATIVE,24.433612297165368,92.5903056695992,,block_48_185,0
neg_2690,PSEUDO_NEGATIVE,25.96079851262396,90.08910805907261,,block_51_180,0
neg_2691,PSEUDO_NEGATIVE,27.439932934350065,92.53673066671475,,block_54_185,0
neg_2692,PSEUDO_NEGATIVE,28.023905232252865,92.81146402560192,,block_56_185,0
neg_2693,PSEUDO_NEGATIVE,25.535582931553837,90.74985121655936,,block_51_181,0
neg_2694,PSEUDO_NEGATIVE,27.48767706783004,92.1613149760491,,block_54_184,0
neg_2695,PSEUDO_NEGATIVE,28.048948489285465,93.53519313754245,,block_56_187,0
neg_2696,PSEUDO_NEGATIVE,23.49524111586517,91.7229055053263,,block_46_183,0
neg_2697,PSEUDO_NEGATIVE,26.366221864484018,93.41056254219528,,block_52_186,0
neg_2698,PSEUDO_NEGATIVE,28.653806952075186,93.91358686135969,,block_57_187,0
neg_2699,PSEUDO_NEGATIVE,24.495058381558977,93.73015901090871,,block_48_187,0
neg_2700,PSEUDO_NEGATIVE,25.945221451866537,93.20857370494808,,block_51_186,0
neg_2701,PSEUDO_NEGATIVE,25.545648262887077,93.42793075859132,,block_51_186,0
neg_2702,PSEUDO_NEGATIVE,25.937817034758616,90.19915390779828,,block_51_180,0
neg_2703,PSEUDO_NEGATIVE,28.976540243600024,94.66338027566357,,block_57_189,0
neg_2704,PSEUDO_NEGATIVE,27.608227580321127,96.46887367732899,,block_55_192,0
neg_2705,PSEUDO_NEGATIVE,26.991938780803594,94.80745316522956,,block_53_189,0
neg_2706,PSEUDO_NEGATIVE,26.329575833807976,92.11757996383717,,block_52_184,0
neg_2707,PSEUDO_NEGATIVE,28.161527638815272,96.36442963487369,,block_56_192,0
neg_2708,PSEUDO_NEGATIVE,24.548824037106158,92.88705330035339,,block_49_185,0
neg_2709,PSEUDO_NEGATIVE,29.085403725051705,94.97383420649858,,block_58_189,0
neg_2710,PSEUDO_NEGATIVE,28.32753545937777,95.8827614463523,,block_56_191,0
neg_2711,PSEUDO_NEGATIVE,24.39406311887992,93.45763528327448,,block_48_186,0
neg_2712,PSEUDO_NEGATIVE,28.933348084228925,95.62232073194896,,block_57_191,0
neg_2713,PSEUDO_NEGATIVE,27.903297469173793,95.47116732376865,,block_55_190,0
neg_2714,PSEUDO_NEGATIVE,23.466441181551296,92.66559359393392,,block_46_185,0
neg_2715,PSEUDO_NEGATIVE,24.8732614358032,92.91967861641366,,block_49_185,0
neg_2716,PSEUDO_NEGATIVE,27.941443826933824,94.17289700373297,,block_55_188,0
neg_2717,PSEUDO_NEGATIVE,28.485144151316128,95.9308743802404,,block_56_191,0
neg_2718,PSEUDO_NEGATIVE,26.285900669970772,91.48182134156566,,block_52_182,0
neg_2719,PSEUDO_NEGATIVE,24.279415387349594,92.74317010388921,,block_48_185,0
neg_2720,PSEUDO_NEGATIVE,27.606520642020353,95.09271516640467,,block_55_190,0
neg_2721,PSEUDO_NEGATIVE,27.742896735330092,94.28799799526571,,block_55_188,0
neg_2722,PSEUDO_NEGATIVE,27.39865278633012,88.39726783927752,,block_54_176,0
neg_2723,PSEUDO_NEGATIVE,22.348938143585933,92.99251662853395,,block_44_185,0
neg_2724,PSEUDO_NEGATIVE,28.18027353335982,95.49745031259958,,block_56_190,0
neg_2725,PSEUDO_NEGATIVE,28.402447964380624,94.74148128149182,,block_56_189,0
neg_2726,PSEUDO_NEGATIVE,27.198415974099696,95.39796728633895,,block_54_190,0
neg_2727,PSEUDO_NEGATIVE,25.67103905948159,91.56367769480306,,block_51_183,0
neg_2728,PSEUDO_NEGATIVE,25.773393206870153,93.63608821160247,,block_51_187,0
neg_2729,PSEUDO_NEGATIVE,26.21945952076189,89.96446645647556,,block_52_179,0
neg_2730,PSEUDO_NEGATIVE,27.25279025773756,93.8903344969326,,block_54_187,0
neg_2731,PSEUDO_NEGATIVE,29.321948654276845,95.91060907786593,,block_58_191,0
neg_2732,PSEUDO_NEGATIVE,25.16953373168887,91.44714968017466,,block_50_182,0
neg_2733,PSEUDO_NEGATIVE,28.441883746775524,95.71186675675506,,block_56_191,0
neg_2734,PSEUDO_NEGATIVE,23.719506788584233,92.58102807656034,,block_47_185,0
neg_2735,PSEUDO_NEGATIVE,24.105347611534256,91.6931414037293,,block_48_183,0
neg_2736,PSEUDO_NEGATIVE,26.039737279103772,91.96514756805915,,block_52_183,0
neg_2737,PSEUDO_NEGATIVE,24.141888020529432,92.89965610781867,,block_48_185,0
neg_2738,PSEUDO_NEGATIVE,26.986519028675893,93.14051161267975,,block_53_186,0
neg_2739,PSEUDO_NEGATIVE,27.040884790245222,92.26090381213245,,block_54_184,0
neg_2740,PSEUDO_NEGATIVE,25.919400955273446,93.44270916552259,,block_51_186,0
neg_2741,PSEUDO_NEGATIVE,25.664258014084417,90.44520064692662,,block_51_180,0
neg_2742,PSEUDO_NEGATIVE,27.646903125496827,96.62396165279442,,block_55_193,0
neg_2743,PSEUDO_NEGATIVE,28.43802967527339,93.89094405973543,,block_56_187,0
neg_2744,PSEUDO_NEGATIVE,23.22012304749945,92.75316934618252,,block_46_185,0
neg_2745,PSEUDO_NEGATIVE,26.56386229298652,92.27084062839636,,block_53_184,0
neg_2746,PSEUDO_NEGATIVE,27.27253016384083,95.81288663309415,,block_54_191,0
neg_2747,PSEUDO_NEGATIVE,27.728586188687007,93.05379320112613,,block_55_186,0
neg_2748,PSEUDO_NEGATIVE,25.63129585189352,92.26301987394163,,block_51_184,0
neg_2749,PSEUDO_NEGATIVE,27.895154982827627,95.12105422025343,,block_55_190,0
neg_2750,PSEUDO_NEGATIVE,28.277492287188494,95.71515274306608,,block_56_191,0
neg_2751,PSEUDO_NEGATIVE,27.795013441729612,95.1972661360547,,block_55_190,0
neg_2752,PSEUDO_NEGATIVE,25.649974268392867,93.15474109960346,,block_51_186,0
neg_2753,PSEUDO_NEGATIVE,23.67867682896415,91.80420799754015,,block_47_183,0
neg_2754,PSEUDO_NEGATIVE,27.68345512456605,92.22536697336206,,block_55_184,0
neg_2755,PSEUDO_NEGATIVE,27.35269695568128,93.68740281400898,,block_54_187,0
neg_2756,PSEUDO_NEGATIVE,28.17687539488493,96.2094679857778,,block_56_192,0
neg_2757,PSEUDO_NEGATIVE,24.606356065136175,92.34115772440386,,block_49_184,0
neg_2758,PSEUDO_NEGATIVE,27.145073722005517,94.48099024266536,,block_54_188,0
neg_2759,PSEUDO_NEGATIVE,28.285434071618102,94.04651754131663,,block_56_188,0
neg_2760,PSEUDO_NEGATIVE,27.60496167321178,93.11346972845428,,block_55_186,0
neg_2761,PSEUDO_NEGATIVE,25.438682301446985,93.52138808417159,,block_50_187,0
neg_2762,PSEUDO_NEGATIVE,27.48887818933248,92.46189276143625,,block_54_184,0
neg_2763,PSEUDO_NEGATIVE,28.478181158699794,93.39876080769758,,block_56_186,0
neg_2764,PSEUDO_NEGATIVE,28.664561644745014,94.06945006348506,,block_57_188,0
neg_2765,PSEUDO_NEGATIVE,23.52628541372846,91.94063054276243,,block_47_183,0
neg_2766,PSEUDO_NEGATIVE,26.24143342330285,89.84798243676975,,block_52_179,0
neg_2767,PSEUDO_NEGATIVE,25.406601015053898,93.7841578106426,,block_50_187,0
neg_2768,PSEUDO_NEGATIVE,22.213549006347783,92.78757124872932,,block_44_185,0
neg_2769,PSEUDO_NEGATIVE,28.622956199752807,94.1578081776542,,block_57_188,0
neg_2770,PSEUDO_NEGATIVE,27.778402248940548,94.98872621678278,,block_55_189,0
neg_2771,PSEUDO_NEGATIVE,28.038847407291502,97.06548257502158,,block_56_194,0
neg_2772,PSEUDO_NEGATIVE,28.170399464029295,95.14001694496292,,block_56_190,0
neg_2773,PSEUDO_NEGATIVE,27.467519707570627,96.80328064892142,,block_54_193,0
neg_2774,PSEUDO_NEGATIVE,27.451232777009412,93.48340579236309,,block_54_186,0
neg_2775,PSEUDO_NEGATIVE,26.775801247014666,91.31934909499122,,block_53_182,0
neg_2776,PSEUDO_NEGATIVE,27.37352072771381,88.2266005614609,,block_54_176,0
neg_2777,PSEUDO_NEGATIVE,29.104941345912163,95.77531568188364,,block_58_191,0
neg_2778,PSEUDO_NEGATIVE,24.629086244411994,93.07646904362069,,block_49_186,0
neg_2779,PSEUDO_NEGATIVE,26.007743766117102,91.803272093368,,block_52_183,0
neg_2780,PSEUDO_NEGATIVE,26.510542327893795,93.0370898941012,,block_53_186,0
neg_2781,PSEUDO_NEGATIVE,25.043541478665727,92.50231326391119,,block_50_185,0
neg_2782,PSEUDO_NEGATIVE,25.70151914949673,90.53080222854345,,block_51_181,0
neg_2783,PSEUDO_NEGATIVE,27.593930895279954,92.12022678938601,,block_55_184,0
neg_2784,PSEUDO_NEGATIVE,27.70709383801414,96.77292568195217,,block_55_193,0
neg_2785,PSEUDO_NEGATIVE,27.740865507665106,96.85844395876052,,block_55_193,0
neg_2786,PSEUDO_NEGATIVE,25.77494747431242,90.54193878636544,,block_51_181,0
neg_2787,PSEUDO_NEGATIVE,27.329560834938217,88.09144642934815,,block_54_176,0
neg_2788,PSEUDO_NEGATIVE,27.550450395972142,92.62167897560747,,block_55_185,0
neg_2789,PSEUDO_NEGATIVE,22.038120166725907,92.87857321458229,,block_44_185,0
neg_2790,PSEUDO_NEGATIVE,27.622561133164965,93.90109059982986,,block_55_187,0
neg_2791,PSEUDO_NEGATIVE,27.540450643902165,93.47053932643375,,block_55_186,0
neg_2792,PSEUDO_NEGATIVE,27.423343240430327,94.95611877988124,,block_54_189,0
neg_2793,PSEUDO_NEGATIVE,26.59509697213727,91.64912307175786,,block_53_183,0
neg_2794,PSEUDO_NEGATIVE,26.017505356991222,94.89071943287762,,block_52_189,0
neg_2795,PSEUDO_NEGATIVE,25.548219677804482,90.42532428243737,,block_51_180,0
neg_2796,PSEUDO_NEGATIVE,28.90233111482197,95.66979508926632,,block_57_191,0
neg_2797,PSEUDO_NEGATIVE,28.246248092180643,96.95906722537646,,block_56_193,0
neg_2798,PSEUDO_NEGATIVE,26.932361291284714,93.21978206090749,,block_53_186,0
neg_2799,PSEUDO_NEGATIVE,26.514792657933768,90.3535988618717,,block_53_180,0
neg_2800,PSEUDO_NEGATIVE,26.323235457899703,94.61810416854456,,block_52_189,0
neg_2801,PSEUDO_NEGATIVE,28.59738277863051,94.7775666933559,,block_57_189,0
neg_2802,PSEUDO_NEGATIVE,28.056861170072267,94.63959570406314,,block_56_189,0
neg_2803,PSEUDO_NEGATIVE,26.85989878245399,92.8253859117578,,block_53_185,0
neg_2804,PSEUDO_NEGATIVE,25.9346762168001,92.70749287560642,,block_51_185,0
neg_2805,PSEUDO_NEGATIVE,27.764080422044575,96.9339269959271,,block_55_193,0
neg_2806,PSEUDO_NEGATIVE,26.092619560131936,91.12094626283287,,block_52_182,0
neg_2807,PSEUDO_NEGATIVE,26.072035590433217,94.45421518486384,,block_52_188,0
neg_2808,PSEUDO_NEGATIVE,27.875893539188464,97.16079664883928,,block_55_194,0
neg_2809,PSEUDO_NEGATIVE,26.16783776165174,92.91029295733011,,block_52_185,0
neg_2810,PSEUDO_NEGATIVE,27.397887759508475,95.00899353272713,,block_54_190,0
neg_2811,PSEUDO_NEGATIVE,25.945872186396336,91.51805584511435,,block_51_183,0
neg_2812,PSEUDO_NEGATIVE,25.682964530507153,92.03620228239242,,block_51_184,0
neg_2813,PSEUDO_NEGATIVE,28.093215154606618,96.37733158369977,,block_56_192,0
neg_2814,PSEUDO_NEGATIVE,28.842192669205428,95.08684238069027,,block_57_190,0
neg_2815,PSEUDO_NEGATIVE,26.62749814294022,91.12922516334072,,block_53_182,0
neg_2816,PSEUDO_NEGATIVE,27.550764835394745,93.88366233438651,,block_55_187,0
neg_2817,PSEUDO_NEGATIVE,23.685076187982332,93.24834212239358,,block_47_186,0
neg_2818,PSEUDO_NEGATIVE,25.10610368722203,92.61698893302848,,block_50_185,0
neg_2819,PSEUDO_NEGATIVE,29.045529538509715,95.11450560506161,,block_58_190,0
neg_2820,PSEUDO_NEGATIVE,26.63894438319082,92.44906684004192,,block_53_184,0
neg_2821,PSEUDO_NEGATIVE,28.207006912022447,94.22647974864134,,block_56_188,0
neg_2822,PSEUDO_NEGATIVE,26.29417632860452,94.00765228384971,,block_52_188,0
neg_2823,PSEUDO_NEGATIVE,25.777975174077906,92.70562633810101,,block_51_185,0
neg_2824,PSEUDO_NEGATIVE,28.467117560403434,95.62993324375945,,block_56_191,0
neg_2825,PSEUDO_NEGATIVE,28.119538502904433,95.20430037798742,,block_56_190,0
neg_2826,PSEUDO_NEGATIVE,26.083277402895238,92.99324631526669,,block_52_185,0
neg_2827,PSEUDO_NEGATIVE,27.896058152504278,92.70416226848704,,block_55_185,0
neg_2828,PSEUDO_NEGATIVE,28.46640059516166,95.57914058626025,,block_56_191,0
neg_2829,PSEUDO_NEGATIVE,27.402518967481505,92.96540983809592,,block_54_185,0
neg_2830,PSEUDO_NEGATIVE,27.447853977070274,96.19957352242784,,block_54_192,0
neg_2831,PSEUDO_NEGATIVE,27.581292885181686,93.54312366495114,,block_55_187,0
neg_2832,PSEUDO_NEGATIVE,27.68025309969843,96.83512343864828,,block_55_193,0
neg_2833,PSEUDO_NEGATIVE,27.609544497197454,88.47872826147474,,block_55_176,0
neg_2834,PSEUDO_NEGATIVE,27.03756742619675,95.86893717326389,,block_54_191,0
neg_2835,PSEUDO_NEGATIVE,22.945773839379555,92.39903085699824,,block_45_184,0
neg_2836,PSEUDO_NEGATIVE,27.6794412227527,94.72155339964448,,block_55_189,0
neg_2837,PSEUDO_NEGATIVE,26.85012201333335,94.28981895566278,,block_53_188,0
neg_2838,PSEUDO_NEGATIVE,25.220673023984226,94.48687928105076,,block_50_188,0
neg_2839,PSEUDO_NEGATIVE,27.589115368880204,96.24823565980216,,block_55_192,0
neg_2840,PSEUDO_NEGATIVE,27.49207908568788,95.8840578960015,,block_54_191,0
neg_2841,PSEUDO_NEGATIVE,28.699333315091263,95.74044344846011,,block_57_191,0
neg_2842,PSEUDO_NEGATIVE,27.72801252276458,96.3922075386989,,block_55_192,0
neg_2843,PSEUDO_NEGATIVE,27.241403696576043,94.5314785603997,,block_54_189,0
neg_2844,PSEUDO_NEGATIVE,26.29194351912176,90.7124489388853,,block_52_181,0
neg_2845,PSEUDO_NEGATIVE,28.837847885595565,94.94274794009188,,block_57_189,0
neg_2846,PSEUDO_NEGATIVE,25.519660912973308,91.42844707055626,,block_51_182,0
neg_2847,PSEUDO_NEGATIVE,28.03732493094156,93.17046535684258,,block_56_186,0
neg_2848,PSEUDO_NEGATIVE,25.689883789395125,90.44002075959631,,block_51_180,0
neg_2849,PSEUDO_NEGATIVE,28.133997983811234,93.5009533524516,,block_56_187,0
neg_2850,PSEUDO_NEGATIVE,25.31270481122893,92.63118535352832,,block_50_185,0
neg_2851,PSEUDO_NEGATIVE,28.391022654887667,94.01122303030473,,block_56_188,0
neg_2852,PSEUDO_NEGATIVE,27.694446953408374,95.6337228896204,,block_55_191,0
neg_2853,PSEUDO_NEGATIVE,25.410134318634114,90.13457784729383,,block_50_180,0
neg_2854,PSEUDO_NEGATIVE,27.63571010945569,92.51843283322938,,block_55_185,0
neg_2855,PSEUDO_NEGATIVE,24.364813945912953,92.3147762456101,,block_48_184,0
neg_2856,PSEUDO_NEGATIVE,26.17593091512444,91.12390940368076,,block_52_182,0
neg_2857,PSEUDO_NEGATIVE,27.756391403922663,91.70761603296818,,block_55_183,0
neg_2858,PSEUDO_NEGATIVE,25.823077567947518,90.82241941669656,,block_51_181,0
neg_2859,PSEUDO_NEGATIVE,23.47224562088406,92.49540709472147,,block_46_184,0
neg_2860,PSEUDO_NEGATIVE,23.555949625281134,92.9727299381318,,block_47_185,0
neg_2861,PSEUDO_NEGATIVE,27.387470261976254,95.85741858383064,,block_54_191,0
neg_2862,PSEUDO_NEGATIVE,26.516099122137565,91.82050753251951,,block_53_183,0
neg_2863,PSEUDO_NEGATIVE,25.87719817125593,91.69781267313975,,block_51_183,0
neg_2864,PSEUDO_NEGATIVE,27.173804996483234,95.33361771615486,,block_54_190,0
neg_2865,PSEUDO_NEGATIVE,27.767221694442675,92.4580944618593,,block_55_184,0
neg_2866,PSEUDO_NEGATIVE,26.29059983773315,94.97671483298984,,block_52_189,0
neg_2867,PSEUDO_NEGATIVE,24.34468463009114,92.23217932539482,,block_48_184,0
neg_2868,PSEUDO_NEGATIVE,27.499264913797703,92.70180128363192,,block_54_185,0
neg_2869,PSEUDO_NEGATIVE,28.2169191117402,92.95350617349831,,block_56_185,0
neg_2870,PSEUDO_NEGATIVE,23.496439970570666,91.78294729624722,,block_46_183,0
neg_2871,PSEUDO_NEGATIVE,27.687983129695695,95.85761615312855,,block_55_191,0
neg_2872,PSEUDO_NEGATIVE,28.20900543048633,94.1217389713069,,block_56_188,0
neg_2873,PSEUDO_NEGATIVE,25.62472772029817,93.7034244830497,,block_51_187,0
neg_2874,PSEUDO_NEGATIVE,25.128717375253807,93.43869751895903,,block_50_186,0
neg_2875,PSEUDO_NEGATIVE,27.671996412775542,96.66295680426623,,block_55_193,0
neg_2876,PSEUDO_NEGATIVE,28.027298065894996,88.75561965376573,,block_56_177,0
neg_2877,PSEUDO_NEGATIVE,27.8168460778815,96.348819211266,,block_55_192,0
neg_2878,PSEUDO_NEGATIVE,23.58942224443004,93.29052343298201,,block_47_186,0
neg_2879,PSEUDO_NEGATIVE,27.534890328515388,95.10858157380301,,block_55_190,0
neg_2880,PSEUDO_NEGATIVE,28.595420669454594,93.78835295325636,,block_57_187,0
neg_2881,PSEUDO_NEGATIVE,26.18041305698448,92.03483684479667,,block_52_184,0
neg_2882,PSEUDO_NEGATIVE,26.36965199499067,90.48888490840964,,block_52_180,0
neg_2883,PSEUDO_NEGATIVE,27.591781115250093,93.51201080167418,,block_55_187,0
neg_2884,PSEUDO_NEGATIVE,27.626883878835685,95.9569827689808,,block_55_191,0
neg_2885,PSEUDO_NEGATIVE,28.3177621730071,93.59320547608063,,block_56_187,0
neg_2886,PSEUDO_NEGATIVE,28.77129949348172,95.30031735865495,,block_57_190,0
neg_2887,PSEUDO_NEGATIVE,28.052864972086404,96.51516107863617,,block_56_193,0
neg_2888,PSEUDO_NEGATIVE,27.356142702627352,96.43614388044081,,block_54_192,0
neg_2889,PSEUDO_NEGATIVE,23.617876062545204,91.80530918583584,,block_47_183,0
neg_2890,PSEUDO_NEGATIVE,25.7326316757501,93.21120959222495,,block_51_186,0
neg_2891,PSEUDO_NEGATIVE,26.157992250954816,94.53434046628816,,block_52_189,0
neg_2892,PSEUDO_NEGATIVE,25.984267632682304,91.26010443795255,,block_51_182,0
neg_2893,PSEUDO_NEGATIVE,27.574320134723067,93.06063869445265,,block_55_186,0
neg_2894,PSEUDO_NEGATIVE,28.22056499824656,95.41340532401934,,block_56_190,0
neg_2895,PSEUDO_NEGATIVE,27.82857567171292,95.06275433916879,,block_55_190,0
neg_2896,PSEUDO_NEGATIVE,26.549136836593526,93.77900787039574,,block_53_187,0
neg_2897,PSEUDO_NEGATIVE,23.405468164175225,92.5225479015856,,block_46_185,0
neg_2898,PSEUDO_NEGATIVE,28.488928094791866,94.02462200726065,,block_56_188,0
neg_2899,PSEUDO_NEGATIVE,23.641008054904987,92.52720525339502,,block_47_185,0
neg_2900,PSEUDO_NEGATIVE,23.66410541453479,91.76735336783695,,block_47_183,0
neg_2901,PSEUDO_NEGATIVE,29.07557128681985,96.03672647727603,,block_58_192,0
neg_2902,PSEUDO_NEGATIVE,27.72503934306742,88.24862720550887,,block_55_176,0
neg_2903,PSEUDO_NEGATIVE,27.537882899367304,93.0106333708944,,block_55_186,0
neg_2904,PSEUDO_NEGATIVE,27.25914408866167,88.5902692267748,,block_54_177,0
neg_2905,PSEUDO_NEGATIVE,22.610024805464292,93.12540820256554,,block_45_186,0
neg_2906,PSEUDO_NEGATIVE,28.98145857529137,95.43743910065992,,block_57_190,0
neg_2907,PSEUDO_NEGATIVE,26.024759719309053,92.63079880766277,,block_52_185,0
neg_2908,PSEUDO_NEGATIVE,25.1788076441332,93.96004513347683,,block_50_187,0
neg_2909,PSEUDO_NEGATIVE,26.14224416068187,91.33032741766858,,block_52_182,0
neg_2910,PSEUDO_NEGATIVE,24.620560153065725,93.80460546658864,,block_49_187,0
neg_2911,PSEUDO_NEGATIVE,27.344728515491283,94.25581438932166,,block_54_188,0
neg_2912,PSEUDO_NEGATIVE,27.48783074920935,92.98580519114279,,block_54_185,0
neg_2913,PSEUDO_NEGATIVE,28.204521703831936,93.08996717493895,,block_56_186,0
neg_2914,PSEUDO_NEGATIVE,27.829059884295795,96.22402148691931,,block_55_192,0
neg_2915,PSEUDO_NEGATIVE,27.502065041933687,88.75343912680384,,block_55_177,0
neg_2916,PSEUDO_NEGATIVE,25.952955643784016,91.31508627575457,,block_51_182,0
neg_2917,PSEUDO_NEGATIVE,27.94818955245637,96.77796640079407,,block_55_193,0
neg_2918,PSEUDO_NEGATIVE,27.679640721640254,96.27963173161919,,block_55_192,0
neg_2919,PSEUDO_NEGATIVE,26.501682470265468,94.15816802177244,,block_53_188,0
neg_2920,PSEUDO_NEGATIVE,28.277490317820586,97.05100670202596,,block_56_194,0
neg_2921,PSEUDO_NEGATIVE,23.56900576253711,91.48491406867166,,block_47_182,0
neg_2922,PSEUDO_NEGATIVE,26.3983354157855,91.59382208295519,,block_52_183,0
neg_2923,PSEUDO_NEGATIVE,22.991102852722012,92.56702323254432,,block_45_185,0
neg_2924,PSEUDO_NEGATIVE,27.58755346817291,95.8109624795698,,block_55_191,0
neg_2925,PSEUDO_NEGATIVE,23.55975364287352,92.9417828299429,,block_47_185,0
neg_2926,PSEUDO_NEGATIVE,26.25056608970679,90.14573020452612,,block_52_180,0
neg_2927,PSEUDO_NEGATIVE,25.877527632946467,92.48012262686794,,block_51_184,0
neg_2928,PSEUDO_NEGATIVE,24.121612913671594,93.86255147577803,,block_48_187,0
neg_2929,PSEUDO_NEGATIVE,25.657548373266245,93.78566035857455,,block_51_187,0
neg_2930,PSEUDO_NEGATIVE,23.564584642960714,91.24629427661722,,block_47_182,0
neg_2931,PSEUDO_NEGATIVE,27.83487644007677,95.48362735097024,,block_55_190,0
neg_2932,PSEUDO_NEGATIVE,28.54351318053906,95.26348218946922,,block_57_190,0
neg_2933,PSEUDO_NEGATIVE,23.923275143507617,94.13666738803407,,block_47_188,0
neg_2934,PSEUDO_NEGATIVE,24.475666964994648,92.70808222308257,,block_48_185,0
neg_2935,PSEUDO_NEGATIVE,23.225296192574604,91.67365941424268,,block_46_183,0
neg_2936,PSEUDO_NEGATIVE,27.965432046704073,93.46657987938462,,block_55_186,0
neg_2937,PSEUDO_NEGATIVE,23.574846244043577,93.01612689442884,,block_47_186,0
neg_2938,PSEUDO_NEGATIVE,23.890061845681878,92.0170058866528,,block_47_184,0
neg_2939,PSEUDO_NEGATIVE,26.72669167459231,94.92816849561271,,block_53_189,0
neg_2940,PSEUDO_NEGATIVE,23.996135991910975,92.29614242823091,,block_47_184,0
neg_2941,PSEUDO_NEGATIVE,26.02096476643203,92.24289928768924,,block_52_184,0
neg_2942,PSEUDO_NEGATIVE,28.049427503720672,97.06795144492534,,block_56_194,0
neg_2943,PSEUDO_NEGATIVE,24.73302925679997,92.86477443439902,,block_49_185,0
neg_2944,PSEUDO_NEGATIVE,27.201032738786992,94.10823354056345,,block_54_188,0
neg_2945,PSEUDO_NEGATIVE,23.92926888579753,91.99317432914762,,block_47_183,0
neg_2946,PSEUDO_NEGATIVE,25.769889997444437,89.98597586344383,,block_51_179,0
neg_2947,PSEUDO_NEGATIVE,24.91232115381328,94.05935387563927,,block_49_188,0
neg_2948,PSEUDO_NEGATIVE,24.97459152921754,94.58792459547304,,block_49_189,0
neg_2949,PSEUDO_NEGATIVE,28.41792477378882,96.56551082433447,,block_56_193,0
neg_2950,PSEUDO_NEGATIVE,26.78203540546589,95.29535431388061,,block_53_190,0
neg_2951,PSEUDO_NEGATIVE,27.67544904726838,94.35677612587266,,block_55_188,0
neg_2952,PSEUDO_NEGATIVE,25.477534277073048,89.92931427495797,,block_50_179,0
neg_2953,PSEUDO_NEGATIVE,28.08036924962413,94.54593047530466,,block_56_189,0
neg_2954,PSEUDO_NEGATIVE,25.72823422063243,92.52683193744471,,block_51_185,0
neg_2955,PSEUDO_NEGATIVE,26.824128893829894,93.27372363487126,,block_53_186,0
neg_2956,PSEUDO_NEGATIVE,27.71395621688073,95.1895179206941,,block_55_190,0
neg_2957,PSEUDO_NEGATIVE,26.042494337028423,91.7738435925414,,block_52_183,0
neg_2958,PSEUDO_NEGATIVE,27.396992559471297,88.27955174019239,,block_54_176,0
neg_2959,PSEUDO_NEGATIVE,27.698845735473412,93.43207608126674,,block_55_186,0
neg_2960,PSEUDO_NEGATIVE,28.052842220735894,93.46473062088137,,block_56_186,0
neg_2961,PSEUDO_NEGATIVE,27.727206450410424,92.7843197382202,,block_55_185,0
neg_2962,PSEUDO_NEGATIVE,26.57939360893294,94.3252966862533,,block_53_188,0
neg_2963,PSEUDO_NEGATIVE,26.206542675231756,93.04317317714239,,block_52_186,0
neg_2964,PSEUDO_NEGATIVE,23.89435038048237,91.809116313761,,block_47_183,0
neg_2965,PSEUDO_NEGATIVE,27.356521067660047,93.55876900579248,,block_54_187,0
neg_2966,PSEUDO_NEGATIVE,27.12092066144923,94.24976388218644,,block_54_188,0
neg_2967,PSEUDO_NEGATIVE,27.760228641363085,97.0018279960174,,block_55_194,0
neg_2968,PSEUDO_NEGATIVE,26.5397680091545,91.93433984239867,,block_53_183,0
neg_2969,PSEUDO_NEGATIVE,28.834717144787206,94.97949199745263,,block_57_189,0
neg_2970,PSEUDO_NEGATIVE,28.069095265959994,94.55532248451533,,block_56_189,0
neg_2971,PSEUDO_NEGATIVE,27.849356012224376,94.52113562357403,,block_55_189,0
neg_2972,PSEUDO_NEGATIVE,28.464100582469996,95.13106064265642,,block_56_190,0
neg_2973,PSEUDO_NEGATIVE,26.84373453011324,90.37441883456225,,block_53_180,0
neg_2974,PSEUDO_NEGATIVE,27.770230853669215,96.65747586483883,,block_55_193,0
neg_2975,PSEUDO_NEGATIVE,25.999601353995395,92.86526502536123,,block_51_185,0
neg_2976,PSEUDO_NEGATIVE,26.849743117488195,95.24170562760708,,block_53_190,0
neg_2977,PSEUDO_NEGATIVE,26.303847546437012,91.18546319561638,,block_52_182,0
neg_2978,PSEUDO_NEGATIVE,26.193596430102478,94.03090779841207,,block_52_188,0
neg_2979,PSEUDO_NEGATIVE,25.448642739640388,90.5907347756243,,block_50_181,0
neg_2980,PSEUDO_NEGATIVE,22.471990960717257,93.07446684554601,,block_44_186,0
neg_2981,PSEUDO_NEGATIVE,25.114665856373684,93.56796138020587,,block_50_187,0
neg_2982,PSEUDO_NEGATIVE,28.69703153763023,96.07064788219094,,block_57_192,0
neg_2983,PSEUDO_NEGATIVE,23.20332782923094,92.43912985487103,,block_46_184,0
neg_2984,PSEUDO_NEGATIVE,25.367800033329583,93.97466471135358,,block_50_187,0
neg_2985,PSEUDO_NEGATIVE,28.01393143036775,97.346094753404,,block_56_194,0
neg_2986,PSEUDO_NEGATIVE,25.10172215312048,94.32166765237403,,block_50_188,0
neg_2987,PSEUDO_NEGATIVE,24.799287453216515,94.1190309310591,,block_49_188,0
neg_2988,PSEUDO_NEGATIVE,26.77863018157647,91.13967408675109,,block_53_182,0
neg_2989,PSEUDO_NEGATIVE,24.143786729573076,94.22208507765976,,block_48_188,0
neg_2990,PSEUDO_NEGATIVE,25.1293484713465,92.71158230667302,,block_50_185,0
neg_2991,PSEUDO_NEGATIVE,29.05639117446317,94.3888949062893,,block_58_188,0
neg_2992,PSEUDO_NEGATIVE,25.687938561220836,92.86704516763035,,block_51_185,0
neg_2993,PSEUDO_NEGATIVE,26.319223868542394,93.32930758354074,,block_52_186,0
neg_2994,PSEUDO_NEGATIVE,25.02154013726066,93.826896435103,,block_50_187,0
neg_2995,PSEUDO_NEGATIVE,27.484509271597044,96.13251635537932,,block_54_192,0
neg_2996,PSEUDO_NEGATIVE,27.29687827948693,92.23883420335204,,block_54_184,0
neg_2997,PSEUDO_NEGATIVE,25.197095376952852,90.83041404292979,,block_50_181,0
neg_2998,PSEUDO_NEGATIVE,23.77764882994095,92.9368035511901,,block_47_185,0
neg_2999,PSEUDO_NEGATIVE,28.03684354060264,96.41500035610261,,block_56_192,0
neg_3000,PSEUDO_NEGATIVE,23.42107971447506,92.96207385519695,,block_46_185,0
neg_3001,PSEUDO_NEGATIVE,27.92231177924345,94.96719761438217,,block_55_189,0
neg_3002,PSEUDO_NEGATIVE,26.186574770044153,90.04663527328431,,block_52_180,0
neg_3003,PSEUDO_NEGATIVE,26.394919117227353,93.07737418775946,,block_52_186,0
neg_3004,PSEUDO_NEGATIVE,27.872872742043306,96.83432351763972,,block_55_193,0
neg_3005,PSEUDO_NEGATIVE,25.582042401651137,92.01028580087578,,block_51_184,0
neg_3006,PSEUDO_NEGATIVE,26.63012794233044,90.45357652792165,,block_53_180,0
neg_3007,PSEUDO_NEGATIVE,24.712163930069405,93.0191122296308,,block_49_186,0
neg_3008,PSEUDO_NEGATIVE,25.89906127805011,93.37558691004017,,block_51_186,0
neg_3009,PSEUDO_NEGATIVE,27.71005773657891,96.6043080977043,,block_55_193,0
neg_3010,PSEUDO_NEGATIVE,26.778860173547574,95.24969380147435,,block_53_190,0
neg_3011,PSEUDO_NEGATIVE,25.67112486157908,92.66115995978284,,block_51_185,0
neg_3012,PSEUDO_NEGATIVE,26.27455040357741,94.23446449254293,,block_52_188,0
neg_3013,PSEUDO_NEGATIVE,28.252270797171427,93.61763017914441,,block_56_187,0
neg_3014,PSEUDO_NEGATIVE,25.30901003314737,93.16953168752772,,block_50_186,0
neg_3015,PSEUDO_NEGATIVE,25.17751454260284,92.17295571005381,,block_50_184,0
neg_3016,PSEUDO_NEGATIVE,28.624897903494915,94.50318526675733,,block_57_189,0
neg_3017,PSEUDO_NEGATIVE,25.475313844851367,91.02071599600042,,block_50_182,0
neg_3018,PSEUDO_NEGATIVE,27.808180431676078,93.71802764289193,,block_55_187,0
neg_3019,PSEUDO_NEGATIVE,27.876849746564396,93.92082441241064,,block_55_187,0
neg_3020,PSEUDO_NEGATIVE,25.99041803857297,91.26286485148592,,block_51_182,0
neg_3021,PSEUDO_NEGATIVE,23.93668251836845,91.60515062220622,,block_47_183,0
neg_3022,PSEUDO_NEGATIVE,28.08596719024812,93.24843728893241,,block_56_186,0
neg_3023,PSEUDO_NEGATIVE,27.439790156470288,95.59294870121107,,block_54_191,0
neg_3024,PSEUDO_NEGATIVE,26.605574603246485,94.28932271926111,,block_53_188,0
neg_3025,PSEUDO_NEGATIVE,25.63841669441433,92.44427189994836,,block_51_184,0
neg_3026,PSEUDO_NEGATIVE,27.684660249126694,93.67954566983374,,block_55_187,0
neg_3027,PSEUDO_NEGATIVE,27.892312018647857,93.13175796126087,,block_55_186,0
neg_3028,PSEUDO_NEGATIVE,27.730569323467197,94.94110682066544,,block_55_189,0
neg_3029,PSEUDO_NEGATIVE,22.203282405532597,92.82917027245774,,block_44_185,0
neg_3030,PSEUDO_NEGATIVE,24.344889199708426,93.71595666825367,,block_48_187,0
neg_3031,PSEUDO_NEGATIVE,27.74152653803885,92.06082395152293,,block_55_184,0
neg_3032,PSEUDO_NEGATIVE,26.498905261186938,92.53989852315607,,block_52_185,0
neg_3033,PSEUDO_NEGATIVE,28.149667990691533,93.9144938970046,,block_56_187,0
neg_3034,PSEUDO_NEGATIVE,29.34101972985507,96.13713556148234,,block_58_192,0
neg_3035,PSEUDO_NEGATIVE,23.138871241231282,91.75380256522527,,block_46_183,0
neg_3036,PSEUDO_NEGATIVE,26.414396954976787,91.79081208783445,,block_52_183,0
neg_3037,PSEUDO_NEGATIVE,26.464709684832968,92.42160714249562,,block_52_184,0
neg_3038,PSEUDO_NEGATIVE,27.771574412626464,96.63421841428713,,block_55_193,0
neg_3039,PSEUDO_NEGATIVE,27.56882362185462,95.73501811478522,,block_55_191,0
neg_3040,PSEUDO_NEGATIVE,26.249441529632243,94.85442985365152,,block_52_189,0
neg_3041,PSEUDO_NEGATIVE,26.282001072685976,91.9595107558232,,block_52_183,0
neg_3042,PSEUDO_NEGATIVE,27.924308479524953,95.55672106029368,,block_55_191,0
neg_3043,PSEUDO_NEGATIVE,27.243734867632206,93.4164493809172,,block_54_186,0
neg_3044,PSEUDO_NEGATIVE,25.594829769272017,93.22192572450511,,block_51_186,0
neg_3045,PSEUDO_NEGATIVE,25.308025092222735,90.03116917553831,,block_50_180,0
neg_3046,PSEUDO_NEGATIVE,27.455098668000502,96.33873461653343,,block_54_192,0
neg_3047,PSEUDO_NEGATIVE,28.432816413375008,93.51443162420196,,block_56_187,0
neg_3048,PSEUDO_NEGATIVE,27.732183629013292,92.32463955518287,,block_55_184,0
neg_3049,PSEUDO_NEGATIVE,24.71980851829067,92.39441447662912,,block_49_184,0
neg_3050,PSEUDO_NEGATIVE,26.440664154191893,90.17389303043635,,block_52_180,0
neg_3051,PSEUDO_NEGATIVE,23.318714292092142,91.68877764039937,,block_46_183,0
neg_3052,PSEUDO_NEGATIVE,28.066033936124242,97.22593496831914,,block_56_194,0
neg_3053,PSEUDO_NEGATIVE,27.35958359066384,93.59528387233111,,block_54_187,0
neg_3054,PSEUDO_NEGATIVE,28.3240386556888,95.16363717543788,,block_56_190,0
neg_3055,PSEUDO_NEGATIVE,28.48886427339794,93.61290888388082,,block_56_187,0
neg_3056,PSEUDO_NEGATIVE,25.64925821934369,92.65339070627041,,block_51_185,0
neg_3057,PSEUDO_NEGATIVE,22.377947491268745,92.73729803884447,,block_44_185,0
neg_3058,PSEUDO_NEGATIVE,25.25326499455449,94.38627296852214,,block_50_188,0
neg_3059,PSEUDO_NEGATIVE,24.380619155896376,92.1579737822069,,block_48_184,0
neg_3060,PSEUDO_NEGATIVE,28.06854370259525,94.527328106957,,block_56_189,0
neg_3061,PSEUDO_NEGATIVE,25.887817606649623,93.41044055965737,,block_51_186,0
neg_3062,PSEUDO_NEGATIVE,29.01914352389139,95.96755657161732,,block_58_191,0
neg_3063,PSEUDO_NEGATIVE,26.108340226012402,89.83119791211489,,block_52_179,0
neg_3064,PSEUDO_NEGATIVE,24.349245460498864,93.70836824217457,,block_48_187,0
neg_3065,PSEUDO_NEGATIVE,27.45587790812654,93.09537230800373,,block_54_186,0
neg_3066,PSEUDO_NEGATIVE,26.782156684711488,93.29842232275547,,block_53_186,0
neg_3067,PSEUDO_NEGATIVE,27.699457902054327,95.6654852160138,,block_55_191,0
neg_3068,PSEUDO_NEGATIVE,29.004262033921457,96.42023350047333,,block_58_192,0
neg_3069,PSEUDO_NEGATIVE,25.39743891103619,93.80272823034959,,block_50_187,0
neg_3070,PSEUDO_NEGATIVE,23.15656804843731,92.44993895317162,,block_46_184,0
neg_3071,PSEUDO_NEGATIVE,28.492743055298348,94.12603230269625,,block_56_188,0
neg_3072,PSEUDO_NEGATIVE,25.823619262275415,90.75734976306573,,block_51_181,0
neg_3073,PSEUDO_NEGATIVE,26.914806107704162,93.68370960470514,,block_53_187,0
neg_3074,PSEUDO_NEGATIVE,27.141919012599242,93.84995588550521,,block_54_187,0
neg_3075,PSEUDO_NEGATIVE,28.225770901064887,95.41286276037137,,block_56_190,0
neg_3076,PSEUDO_NEGATIVE,25.18696934540572,93.87891804436028,,block_50_187,0
neg_3077,PSEUDO_NEGATIVE,27.821027910293367,96.5879430100757,,block_55_193,0
neg_3078,PSEUDO_NEGATIVE,25.64499982755961,92.39393051556128,,block_51_184,0
neg_3079,PSEUDO_NEGATIVE,27.448860749854763,88.26580521687734,,block_54_176,0
neg_3080,PSEUDO_NEGATIVE,25.726017547031727,90.8598135983315,,block_51_181,0
neg_3081,PSEUDO_NEGATIVE,28.16309603665554,94.018943909149,,block_56_188,0
neg_3082,PSEUDO_NEGATIVE,27.665441816954772,92.75959178186835,,block_55_185,0
neg_3083,PSEUDO_NEGATIVE,23.7628380043065,91.80547689344404,,block_47_183,0
neg_3084,PSEUDO_NEGATIVE,28.016861932452848,94.22618152522931,,block_56_188,0
neg_3085,PSEUDO_NEGATIVE,26.259942136730302,90.51229844064694,,block_52_181,0
neg_3086,PSEUDO_NEGATIVE,26.42209582694865,94.06947541021005,,block_52_188,0
neg_3087,PSEUDO_NEGATIVE,27.75256737722136,94.3862766634927,,block_55_188,0
neg_3088,PSEUDO_NEGATIVE,27.589068236684778,95.88324283280838,,block_55_191,0
neg_3089,PSEUDO_NEGATIVE,27.28131272577682,95.91586734186266,,block_54_191,0
neg_3090,PSEUDO_NEGATIVE,26.45043993700743,94.63701761035033,,block_52_189,0
neg_3091,PSEUDO_NEGATIVE,25.14709488944188,93.53920671609694,,block_50_187,0
neg_3092,PSEUDO_NEGATIVE,26.61367849077623,90.96094421632853,,block_53_181,0
neg_3093,PSEUDO_NEGATIVE,27.790589384959556,92.10327488026044,,block_55_184,0
neg_3094,PSEUDO_NEGATIVE,25.955872629004865,94.11861526296676,,block_51_188,0
neg_3095,PSEUDO_NEGATIVE,28.183002793492587,96.73395317783627,,block_56_193,0
neg_3096,PSEUDO_NEGATIVE,23.128277070758195,91.73830172063593,,block_46_183,0
neg_3097,PSEUDO_NEGATIVE,25.4043231582163,92.73774775969373,,block_50_185,0
neg_3098,PSEUDO_NEGATIVE,27.78506944633291,92.9477416867661,,block_55_185,0
neg_3099,PSEUDO_NEGATIVE,24.104935545565063,91.64656870445812,,block_48_183,0
neg_3100,PSEUDO_NEGATIVE,27.397358512440142,93.41002476691364,,block_54_186,0
neg_3101,PSEUDO_NEGATIVE,27.581709860596938,93.40457138296149,,block_55_186,0
neg_3102,PSEUDO_NEGATIVE,27.06380590250128,92.84395062943388,,block_54_185,0
neg_3103,PSEUDO_NEGATIVE,27.118908823825812,93.86120212325298,,block_54_187,0
neg_3104,PSEUDO_NEGATIVE,23.071656217650418,91.71273178128494,,block_46_183,0
neg_3105,PSEUDO_NEGATIVE,27.46665723485575,94.43320791543822,,block_54_188,0
neg_3106,PSEUDO_NEGATIVE,22.297503681009655,92.92348401692705,,block_44_185,0
neg_3107,PSEUDO_NEGATIVE,25.053429264899417,92.99097217354819,,block_50_185,0
neg_3108,PSEUDO_NEGATIVE,27.750785743396136,93.53404712490179,,block_55_187,0
neg_3109,PSEUDO_NEGATIVE,25.489551686424356,90.78339734112039,,block_50_181,0
neg_3110,PSEUDO_NEGATIVE,23.433045279473742,92.97526648060558,,block_46_185,0
neg_3111,PSEUDO_NEGATIVE,28.257380229375574,95.7134730265852,,block_56_191,0
neg_3112,PSEUDO_NEGATIVE,26.54712277049364,93.0259366311087,,block_53_186,0
neg_3113,PSEUDO_NEGATIVE,28.53214237475861,95.01905126609007,,block_57_190,0
neg_3114,PSEUDO_NEGATIVE,25.51479098001467,92.55703479021238,,block_51_185,0
neg_3115,PSEUDO_NEGATIVE,28.319216386874395,95.71992962521348,,block_56_191,0
neg_3116,PSEUDO_NEGATIVE,26.2765086521958,92.5775994603957,,block_52_185,0
neg_3117,PSEUDO_NEGATIVE,23.49406137731371,91.65886161422948,,block_46_183,0
neg_3118,PSEUDO_NEGATIVE,24.77007022584691,94.49823506642986,,block_49_188,0
neg_3119,PSEUDO_NEGATIVE,28.19574140289667,95.15592257496688,,block_56_190,0
neg_3120,PSEUDO_NEGATIVE,26.589133527185076,90.54048959153224,,block_53_181,0
neg_3121,PSEUDO_NEGATIVE,26.84511945118411,95.6021766264153,,block_53_191,0
neg_3122,PSEUDO_NEGATIVE,27.55517353522882,94.25088621618198,,block_55_188,0
neg_3123,PSEUDO_NEGATIVE,25.480853913510895,93.0063496895566,,block_50_186,0
neg_3124,PSEUDO_NEGATIVE,25.398096602824058,93.73082720364494,,block_50_187,0
neg_3125,PSEUDO_NEGATIVE,27.192118417536484,95.57622051099735,,block_54_191,0
neg_3126,PSEUDO_NEGATIVE,24.64051826813477,93.15718021796191,,block_49_186,0
neg_3127,PSEUDO_NEGATIVE,27.344879480694235,95.11339366459502,,block_54_190,0
neg_3128,PSEUDO_NEGATIVE,25.270239519050495,94.57806221711178,,block_50_189,0
neg_3129,PSEUDO_NEGATIVE,26.386701703247702,94.17771047417895,,block_52_188,0
neg_3130,PSEUDO_NEGATIVE,26.78103573733689,94.4049922809947,,block_53_188,0
neg_3131,PSEUDO_NEGATIVE,27.709107433903913,92.40614694568734,,block_55_184,0
neg_3132,PSEUDO_NEGATIVE,25.704960760003463,90.7720698604139,,block_51_181,0
neg_3133,PSEUDO_NEGATIVE,23.014778732778804,91.58595716908044,,block_46_183,0
neg_3134,PSEUDO_NEGATIVE,24.274310451364723,93.8548609223838,,block_48_187,0
neg_3135,PSEUDO_NEGATIVE,25.32235580345631,92.72431693740856,,block_50_185,0
neg_3136,PSEUDO_NEGATIVE,27.06275339640071,93.3881632978631,,block_54_186,0
neg_3137,PSEUDO_NEGATIVE,27.698117988083908,92.02708484808929,,block_55_184,0
neg_3138,PSEUDO_NEGATIVE,28.16180767471171,96.20545834239468,,block_56_192,0
neg_3139,PSEUDO_NEGATIVE,27.329951922002145,93.90026141401354,,block_54_187,0
neg_3140,PSEUDO_NEGATIVE,25.33849099346993,89.97523084394655,,block_50_179,0
neg_3141,PSEUDO_NEGATIVE,25.807831344782915,91.31577821584004,,block_51_182,0
neg_3142,PSEUDO_NEGATIVE,27.692002536451646,93.8955626478173,,block_55_187,0
neg_3143,PSEUDO_NEGATIVE,29.192084656122294,94.44132971541937,,block_58_188,0
neg_3144,PSEUDO_NEGATIVE,26.41195144529287,94.4038323553091,,block_52_188,0
neg_3145,PSEUDO_NEGATIVE,27.876269640595023,93.66469605909182,,block_55_187,0
neg_3146,PSEUDO_NEGATIVE,26.703464761807822,91.13715258195505,,block_53_182,0
neg_3147,PSEUDO_NEGATIVE,25.874760074102678,91.63748561862815,,block_51_183,0
neg_3148,PSEUDO_NEGATIVE,26.883040815289682,95.16672866436795,,block_53_190,0
neg_3149,PSEUDO_NEGATIVE,28.044003118588044,94.09924644960975,,block_56_188,0
neg_3150,PSEUDO_NEGATIVE,27.268944778192747,94.22988401606047,,block_54_188,0
neg_3151,PSEUDO_NEGATIVE,28.35648388652956,94.21671765637106,,block_56_188,0
neg_3152,PSEUDO_NEGATIVE,26.516786760509856,92.26874132648416,,block_53_184,0
neg_3153,PSEUDO_NEGATIVE,25.397836648552467,93.77332423246949,,block_50_187,0
neg_3154,PSEUDO_NEGATIVE,28.453116735377083,95.35964158667844,,block_56_190,0
neg_3155,PSEUDO_NEGATIVE,23.35166779586096,91.33054442920431,,block_46_182,0
neg_3156,PSEUDO_NEGATIVE,27.72116039766479,95.8947248143754,,block_55_191,0
neg_3157,PSEUDO_NEGATIVE,26.704154684577745,94.40464824985774,,block_53_188,0
neg_3158,PSEUDO_NEGATIVE,27.73400129392011,92.13579594161749,,block_55_184,0
neg_3159,PSEUDO_NEGATIVE,26.792176657255496,92.93309750629476,,block_53_185,0
neg_3160,PSEUDO_NEGATIVE,27.51754529842803,92.85583591590952,,block_55_185,0
neg_3161,PSEUDO_NEGATIVE,25.76916629734785,89.9668238325708,,block_51_179,0
neg_3162,PSEUDO_NEGATIVE,24.245122688613876,92.54393438353505,,block_48_185,0
neg_3163,PSEUDO_NEGATIVE,26.66947926602716,91.35730867093582,,block_53_182,0
neg_3164,PSEUDO_NEGATIVE,25.79407372041502,90.47600313181377,,block_51_180,0
neg_3165,PSEUDO_NEGATIVE,29.148719205454288,95.65539315047488,,block_58_191,0
neg_3166,PSEUDO_NEGATIVE,23.561586408046683,92.68692574617789,,block_47_185,0
neg_3167,PSEUDO_NEGATIVE,26.9871357017718,94.22793601548905,,block_53_188,0
neg_3168,PSEUDO_NEGATIVE,23.67476283009276,92.78501319809948,,block_47_185,0
neg_3169,PSEUDO_NEGATIVE,26.930354844873236,94.0398098315192,,block_53_188,0
neg_3170,PSEUDO_NEGATIVE,28.394476916970728,94.92204727608542,,block_56_189,0
neg_3171,PSEUDO_NEGATIVE,27.51538275728077,93.05291513149385,,block_55_186,0
neg_3172,PSEUDO_NEGATIVE,24.820684981598323,92.42686141479595,,block_49_184,0
neg_3173,PSEUDO_NEGATIVE,26.249494417840225,93.12083187896232,,block_52_186,0
neg_3174,PSEUDO_NEGATIVE,26.093766621840896,94.06798605353247,,block_52_188,0
neg_3175,PSEUDO_NEGATIVE,25.54429664714776,94.57107449144108,,block_51_189,0
neg_3176,PSEUDO_NEGATIVE,25.60008587362279,92.22763579119247,,block_51_184,0
neg_3177,PSEUDO_NEGATIVE,26.395334128728308,94.75827625601463,,block_52_189,0
neg_3178,PSEUDO_NEGATIVE,26.27104857800654,94.07061068490401,,block_52_188,0
neg_3179,PSEUDO_NEGATIVE,28.065938732184375,96.66416203157212,,block_56_193,0
neg_3180,PSEUDO_NEGATIVE,23.577374774011858,91.95717462591297,,block_47_183,0
neg_3181,PSEUDO_NEGATIVE,26.568438200268652,91.07753961985833,,block_53_182,0
neg_3182,PSEUDO_NEGATIVE,26.73105174834774,90.59513487409035,,block_53_181,0
neg_3183,PSEUDO_NEGATIVE,28.048429808500373,95.64742752979649,,block_56_191,0
neg_3184,PSEUDO_NEGATIVE,23.558208156416423,93.33554954748475,,block_47_186,0
neg_3185,PSEUDO_NEGATIVE,26.55378819418075,91.14763784368739,,block_53_182,0
neg_3186,PSEUDO_NEGATIVE,28.423193986434274,95.45244040221657,,block_56_190,0
neg_3187,PSEUDO_NEGATIVE,27.82410539830452,96.69838021117042,,block_55_193,0
neg_3188,PSEUDO_NEGATIVE,23.844216694310578,93.16366907472688,,block_47_186,0
neg_3189,PSEUDO_NEGATIVE,23.82045114808642,91.39525373126818,,block_47_182,0
neg_3190,PSEUDO_NEGATIVE,25.380712124686475,92.86035104532267,,block_50_185,0
neg_3191,PSEUDO_NEGATIVE,26.381305261415513,90.97806259101904,,block_52_181,0
neg_3192,PSEUDO_NEGATIVE,25.666158060318224,92.09319923813867,,block_51_184,0
neg_3193,PSEUDO_NEGATIVE,27.207574504728296,95.56127693590055,,block_54_191,0
neg_3194,PSEUDO_NEGATIVE,27.395458618514223,93.03758739766462,,block_54_186,0
neg_3195,PSEUDO_NEGATIVE,23.639183691828098,92.52498219927915,,block_47_185,0
neg_3196,PSEUDO_NEGATIVE,25.035401261585278,93.93428894412902,,block_50_187,0
neg_3197,PSEUDO_NEGATIVE,27.96808175868262,88.72959266721197,,block_55_177,0
neg_3198,PSEUDO_NEGATIVE,27.002548768229467,93.93010099329317,,block_54_187,0
neg_3199,PSEUDO_NEGATIVE,24.41308048504214,92.26893027637993,,block_48_184,0
neg_3200,PSEUDO_NEGATIVE,28.464308828498307,95.72650053974203,,block_56_191,0
neg_3201,PSEUDO_NEGATIVE,28.04563037368129,88.67775878235328,,block_56_177,0
neg_3202,PSEUDO_NEGATIVE,27.547149445794055,88.11503137648029,,block_55_176,0
neg_3203,PSEUDO_NEGATIVE,26.94073712540878,93.77112269193366,,block_53_187,0
neg_3204,PSEUDO_NEGATIVE,24.212522502326188,92.70561463056089,,block_48_185,0
neg_3205,PSEUDO_NEGATIVE,26.531530485783964,92.02504986118288,,block_53_184,0
neg_3206,PSEUDO_NEGATIVE,27.445587028248774,93.48342657042372,,block_54_186,0
neg_3207,PSEUDO_NEGATIVE,25.34900970785764,94.29819698968085,,block_50_188,0
neg_3208,PSEUDO_NEGATIVE,26.081113136120283,93.87581355712501,,block_52_187,0
neg_3209,PSEUDO_NEGATIVE,23.247836759134465,92.43583849821648,,block_46_184,0
neg_3210,PSEUDO_NEGATIVE,23.663605400228548,91.80479906534768,,block_47_183,0
neg_3211,PSEUDO_NEGATIVE,23.249483701432638,91.60629435650455,,block_46_183,0
neg_3212,PSEUDO_NEGATIVE,27.885259987948764,96.19997196355507,,block_55_192,0
neg_3213,PSEUDO_NEGATIVE,28.35236973479537,94.56091041927174,,block_56_189,0
neg_3214,PSEUDO_NEGATIVE,27.808655693698398,96.92033893574381,,block_55_193,0
neg_3215,PSEUDO_NEGATIVE,27.369561761730413,94.26907952124817,,block_54_188,0
neg_3216,PSEUDO_NEGATIVE,24.4692853926396,93.2752143506502,,block_48_186,0
neg_3217,PSEUDO_NEGATIVE,27.210440048869238,94.57727137136291,,block_54_189,0
neg_3218,PSEUDO_NEGATIVE,28.59329048261516,93.4199153079359,,block_57_186,0
neg_3219,PSEUDO_NEGATIVE,28.821952144606136,95.0967952408264,,block_57_190,0
neg_3220,PSEUDO_NEGATIVE,25.378265969171565,94.06169622957495,,block_50_188,0
neg_3221,PSEUDO_NEGATIVE,27.561594640852903,93.14229148889683,,block_55_186,0
neg_3222,PSEUDO_NEGATIVE,26.068818599706734,92.7019861179693,,block_52_185,0
neg_3223,PSEUDO_NEGATIVE,24.88905249799446,93.060959116987,,block_49_186,0
neg_3224,PSEUDO_NEGATIVE,26.755757655176282,93.7895644882257,,block_53_187,0
neg_3225,PSEUDO_NEGATIVE,27.61558575004029,95.1338197345731,,block_55_190,0
neg_3226,PSEUDO_NEGATIVE,27.883691118622384,88.72534122544256,,block_55_177,0
neg_3227,PSEUDO_NEGATIVE,27.02096220845124,92.70087481873514,,block_54_185,0
neg_3228,PSEUDO_NEGATIVE,25.816044805824145,89.84930150456428,,block_51_179,0
neg_3229,PSEUDO_NEGATIVE,25.502276901856586,91.56767211820147,,block_51_183,0
neg_3230,PSEUDO_NEGATIVE,22.62518297792531,93.0412714121291,,block_45_186,0
neg_3231,PSEUDO_NEGATIVE,25.11945338689043,92.53055144856798,,block_50_185,0
neg_3232,PSEUDO_NEGATIVE,27.462557730754824,93.39410385605142,,block_54_186,0
neg_3233,PSEUDO_NEGATIVE,28.27129753750219,95.03745339836654,,block_56_190,0
neg_3234,PSEUDO_NEGATIVE,24.85336315633807,94.6037939651866,,block_49_189,0
neg_3235,PSEUDO_NEGATIVE,28.973682743658145,96.08940104530262,,block_57_192,0
neg_3236,PSEUDO_NEGATIVE,26.252196529457045,92.75289482889264,,block_52_185,0
neg_3237,PSEUDO_NEGATIVE,24.120200439619964,92.3255470978562,,block_48_184,0
neg_3238,PSEUDO_NEGATIVE,26.61520630356658,92.24407960550488,,block_53_184,0
neg_3239,PSEUDO_NEGATIVE,24.39763790128469,93.64077405365417,,block_48_187,0
neg_3240,PSEUDO_NEGATIVE,27.777515980163706,88.2588750114123,,block_55_176,0
neg_3241,PSEUDO_NEGATIVE,26.21441725024881,90.55782137718042,,block_52_181,0
neg_3242,PSEUDO_NEGATIVE,25.51940911541937,94.25930538580614,,block_51_188,0
neg_3243,PSEUDO_NEGATIVE,28.232553774591064,94.17383974284688,,block_56_188,0
neg_3244,PSEUDO_NEGATIVE,24.050235882367183,94.15185637680848,,block_48_188,0
neg_3245,PSEUDO_NEGATIVE,26.386393012390787,94.18232756987629,,block_52_188,0
neg_3246,PSEUDO_NEGATIVE,27.764608867387146,88.44707007240619,,block_55_176,0
neg_3247,PSEUDO_NEGATIVE,28.600921621702174,96.02022846728372,,block_57_192,0
neg_3248,PSEUDO_NEGATIVE,29.232604466005327,96.23600758638932,,block_58_192,0
neg_3249,PSEUDO_NEGATIVE,26.476885186885458,90.31660935539449,,block_52_180,0
neg_3250,PSEUDO_NEGATIVE,28.26373408986633,96.72454096944463,,block_56_193,0
neg_3251,PSEUDO_NEGATIVE,25.66589421690737,89.91081485035201,,block_51_179,0
neg_3252,PSEUDO_NEGATIVE,26.330547469720415,90.90870848824453,,block_52_181,0
neg_3253,PSEUDO_NEGATIVE,28.002832393195888,88.82969005644087,,block_56_177,0
neg_3254,PSEUDO_NEGATIVE,25.58279946668102,94.55368357975617,,block_51_189,0
neg_3255,PSEUDO_NEGATIVE,27.77181363898303,93.71117664429093,,block_55_187,0
neg_3256,PSEUDO_NEGATIVE,25.776580744986372,92.6140792666175,,block_51_185,0
neg_3257,PSEUDO_NEGATIVE,24.13868662817341,92.02981089921825,,block_48_184,0
neg_3258,PSEUDO_NEGATIVE,26.499491919169436,90.24511591798523,,block_52_180,0
neg_3259,PSEUDO_NEGATIVE,27.8934969553819,88.74909624571045,,block_55_177,0
neg_3260,PSEUDO_NEGATIVE,26.289724627066732,90.69091966294945,,block_52_181,0
neg_3261,PSEUDO_NEGATIVE,25.1934027831269,94.22176230210165,,block_50_188,0
neg_3262,PSEUDO_NEGATIVE,27.6582154258006,92.67037225181,,block_55_185,0
neg_3263,PSEUDO_NEGATIVE,23.996970992956552,92.94169116765316,,block_47_185,0
neg_3264,PSEUDO_NEGATIVE,26.494268612158905,92.76282555729154,,block_52_185,0
neg_3265,PSEUDO_NEGATIVE,24.666868668161754,92.745738287156,,block_49_185,0
neg_3266,PSEUDO_NEGATIVE,28.637496503493924,96.00633515351204,,block_57_192,0
neg_3267,PSEUDO_NEGATIVE,28.119929510901535,92.78689380805083,,block_56_185,0
neg_3268,PSEUDO_NEGATIVE,27.22329604544364,92.18374929661658,,block_54_184,0
neg_3269,PSEUDO_NEGATIVE,28.041002878396334,96.24331861472422,,block_56_192,0
neg_3270,PSEUDO_NEGATIVE,26.456238454940603,94.31976866689524,,block_52_188,0
neg_3271,PSEUDO_NEGATIVE,22.969461316306727,92.43409640663752,,block_45_184,0
neg_3272,PSEUDO_NEGATIVE,23.180604021702127,92.71412066943259,,block_46_185,0
neg_3273,PSEUDO_NEGATIVE,23.643200384717222,93.1908133997916,,block_47_186,0
neg_3274,PSEUDO_NEGATIVE,25.89766717153636,91.36440911590519,,block_51_182,0
neg_3275,PSEUDO_NEGATIVE,26.505567238420397,93.59765743757268,,block_53_187,0
neg_3276,PSEUDO_NEGATIVE,27.84134033004587,94.62259188954037,,block_55_189,0
neg_3277,PSEUDO_NEGATIVE,26.787776625399708,93.56525755251772,,block_53_187,0
neg_3278,PSEUDO_NEGATIVE,24.631319985310874,92.60012569450834,,block_49_185,0
neg_3279,PSEUDO_NEGATIVE,25.42914558935054,90.25848242845073,,block_50_180,0
neg_3280,PSEUDO_NEGATIVE,22.869955741185098,93.0802243915321,,block_45_186,0
neg_3281,PSEUDO_NEGATIVE,24.180774718356748,93.84736094701563,,block_48_187,0
neg_3282,PSEUDO_NEGATIVE,28.81625471850549,94.69557337661303,,block_57_189,0
neg_3283,PSEUDO_NEGATIVE,22.546018615930166,92.79343028915574,,block_45_185,0
neg_3284,PSEUDO_NEGATIVE,26.121538056732504,93.73628568722876,,block_52_187,0
neg_3285,PSEUDO_NEGATIVE,26.150265020749067,94.6774638198304,,block_52_189,0
neg_3286,PSEUDO_NEGATIVE,25.43140954854462,93.5007185225727,,block_50_187,0
neg_3287,PSEUDO_NEGATIVE,27.412928620556347,94.75601107015869,,block_54_189,0
neg_3288,PSEUDO_NEGATIVE,28.088841120322762,93.19396619824865,,block_56_186,0
neg_3289,PSEUDO_NEGATIVE,27.86028358957037,93.56815095825756,,block_55_187,0
neg_3290,PSEUDO_NEGATIVE,26.039957557414915,90.61561915094988,,block_52_181,0
neg_3291,PSEUDO_NEGATIVE,26.276935487988776,94.92376528982989,,block_52_189,0
neg_3292,PSEUDO_NEGATIVE,28.239278373011754,93.66578265479683,,block_56_187,0
neg_3293,PSEUDO_NEGATIVE,25.16743321943979,93.99374806328927,,block_50_187,0
neg_3294,PSEUDO_NEGATIVE,24.419851896128634,92.32115882680992,,block_48_184,0
neg_3295,PSEUDO_NEGATIVE,24.030681922121566,92.50175992544835,,block_48_185,0
neg_3296,PSEUDO_NEGATIVE,24.92835883707803,93.7695377477322,,block_49_187,0
neg_3297,PSEUDO_NEGATIVE,27.781427213281127,92.68963313163076,,block_55_185,0
neg_3298,PSEUDO_NEGATIVE,27.553994428145685,96.46896881427618,,block_55_192,0
neg_3299,PSEUDO_NEGATIVE,25.962786613174362,90.96405768774626,,block_51_181,0
neg_3300,PSEUDO_NEGATIVE,28.23913228655089,93.29313616010943,,block_56_186,0
neg_3301,PSEUDO_NEGATIVE,27.94069444364549,94.35117132841026,,block_55_188,0
neg_3302,PSEUDO_NEGATIVE,28.193858896662615,93.6879481396808,,block_56_187,0
neg_3303,PSEUDO_NEGATIVE,27.14520504095404,93.64088575878793,,block_54_187,0
neg_3304,PSEUDO_NEGATIVE,28.276411576217217,93.51187267657205,,block_56_187,0
neg_3305,PSEUDO_NEGATIVE,25.700848689252126,90.83946132210944,,block_51_181,0
neg_3306,PSEUDO_NEGATIVE,27.82978616599679,95.72044196701007,,block_55_191,0
neg_3307,PSEUDO_NEGATIVE,26.604363340998187,92.60044484942732,,block_53_185,0
neg_3308,PSEUDO_NEGATIVE,25.602823113233743,93.67480645016481,,block_51_187,0
neg_3309,PSEUDO_NEGATIVE,24.03387454837639,92.62695645393066,,block_48_185,0
neg_3310,PSEUDO_NEGATIVE,25.807332918224564,91.46358243023333,,block_51_182,0
neg_3311,PSEUDO_NEGATIVE,27.425915177286996,93.44605089110516,,block_54_186,0
neg_3312,PSEUDO_NEGATIVE,27.825234039242403,94.83338935044209,,block_55_189,0
neg_3313,PSEUDO_NEGATIVE,26.84676069594314,92.40599699449128,,block_53_184,0
neg_3314,PSEUDO_NEGATIVE,23.243643100612864,92.42675516674045,,block_46_184,0
neg_3315,PSEUDO_NEGATIVE,25.536299255177997,93.14268801204618,,block_51_186,0
neg_3316,PSEUDO_NEGATIVE,26.68191639689269,92.49153964479673,,block_53_184,0
neg_3317,PSEUDO_NEGATIVE,25.595837361630736,93.0680201064342,,block_51_186,0
neg_3318,PSEUDO_NEGATIVE,25.827807172205365,90.6741485154848,,block_51_181,0
neg_3319,PSEUDO_NEGATIVE,25.34702463678534,91.16452930469323,,block_50_182,0
neg_3320,PSEUDO_NEGATIVE,26.90616247922484,92.72072558256755,,block_53_185,0
neg_3321,PSEUDO_NEGATIVE,29.229757360136748,94.70789277571316,,block_58_189,0
neg_3322,PSEUDO_NEGATIVE,25.0367825106009,93.35917205119756,,block_50_186,0
neg_3323,PSEUDO_NEGATIVE,28.09039087703487,95.55598750650236,,block_56_191,0
neg_3324,PSEUDO_NEGATIVE,24.125562070297576,92.05217625039887,,block_48_184,0
neg_3325,PSEUDO_NEGATIVE,28.480069688163123,96.24214903765241,,block_56_192,0
neg_3326,PSEUDO_NEGATIVE,28.241612881252756,94.32282747393226,,block_56_188,0
neg_3327,PSEUDO_NEGATIVE,23.877350619583613,92.14809611742427,,block_47_184,0
neg_3328,PSEUDO_NEGATIVE,24.130639321163088,92.00308858827935,,block_48_184,0
neg_3329,PSEUDO_NEGATIVE,24.385131899352288,93.01801966228193,,block_48_186,0
neg_3330,PSEUDO_NEGATIVE,25.64064409258109,93.6144042214735,,block_51_187,0
neg_3331,PSEUDO_NEGATIVE,28.567751428832192,96.14484379814373,,block_57_192,0
neg_3332,PSEUDO_NEGATIVE,24.124576336045894,92.6382203544513,,block_48_185,0
neg_3333,PSEUDO_NEGATIVE,29.005377877466167,94.57280673295575,,block_58_189,0
neg_3334,PSEUDO_NEGATIVE,26.88133830424205,92.31418138912125,,block_53_184,0
neg_3335,PSEUDO_NEGATIVE,25.34115499125275,94.39796238470252,,block_50_188,0
neg_3336,PSEUDO_NEGATIVE,26.21213381968623,94.60970586639216,,block_52_189,0
neg_3337,PSEUDO_NEGATIVE,27.44681332248471,88.11045672980686,,block_54_176,0
neg_3338,PSEUDO_NEGATIVE,27.8570572781894,95.59531214751354,,block_55_191,0
neg_3339,PSEUDO_NEGATIVE,28.144966027241402,95.90550854102297,,block_56_191,0
neg_3340,PSEUDO_NEGATIVE,28.674193977934692,94.76838929320392,,block_57_189,0
neg_3341,PSEUDO_NEGATIVE,25.8367419140082,92.73177003882971,,block_51_185,0
neg_3342,PSEUDO_NEGATIVE,23.940005452643344,91.64436358869675,,block_47_183,0
neg_3343,PSEUDO_NEGATIVE,26.027841543755724,89.92317198464872,,block_52_179,0
neg_3344,PSEUDO_NEGATIVE,27.62080931376758,91.97488031522694,,block_55_183,0
neg_3345,PSEUDO_NEGATIVE,25.330327334517854,93.41681769774587,,block_50_186,0
neg_3346,PSEUDO_NEGATIVE,26.005955834686127,91.81143378085191,,block_52_183,0
neg_3347,PSEUDO_NEGATIVE,27.400740602795054,93.99849205766964,,block_54_187,0
neg_3348,PSEUDO_NEGATIVE,28.373842037844046,94.01708091024665,,block_56_188,0
neg_3349,PSEUDO_NEGATIVE,28.668959308452763,96.24105597295033,,block_57_192,0
neg_3350,PSEUDO_NEGATIVE,26.18583315217507,90.0224003487638,,block_52_180,0
neg_3351,PSEUDO_NEGATIVE,27.881832039633316,92.98760548922952,,block_55_185,0
neg_3352,PSEUDO_NEGATIVE,27.15101568399954,94.65972787765749,,block_54_189,0
neg_3353,PSEUDO_NEGATIVE,23.547202232722977,92.92487305028166,,block_47_185,0
neg_3354,PSEUDO_NEGATIVE,25.772740206016493,94.0058699199477,,block_51_188,0
neg_3355,PSEUDO_NEGATIVE,27.434723743708908,88.33578978394648,,block_54_176,0
neg_3356,PSEUDO_NEGATIVE,27.12198719697583,95.83619572895485,,block_54_191,0
neg_3357,PSEUDO_NEGATIVE,25.82402914672059,90.98695486475134,,block_51_181,0
neg_3358,PSEUDO_NEGATIVE,28.653187146154654,95.42891233989472,,block_57_190,0
neg_3359,PSEUDO_NEGATIVE,26.5079510093188,94.52279958763937,,block_53_189,0
neg_3360,PSEUDO_NEGATIVE,27.233123189073154,92.09775565175744,,block_54_184,0
neg_3361,PSEUDO_NEGATIVE,25.83192910426126,91.97051425323288,,block_51_183,0
neg_3362,PSEUDO_NEGATIVE,25.86200358819165,94.24155852550669,,block_51_188,0
neg_3363,PSEUDO_NEGATIVE,28.510366990542423,94.76252127748704,,block_57_189,0
neg_3364,PSEUDO_NEGATIVE,23.340893977451575,91.35144846923697,,block_46_182,0
neg_3365,PSEUDO_NEGATIVE,25.997300762750214,93.52778705708019,,block_51_187,0
neg_3366,PSEUDO_NEGATIVE,27.755524314822573,92.78629069874502,,block_55_185,0
neg_3367,PSEUDO_NEGATIVE,24.045393848494363,91.6462253821022,,block_48_183,0
neg_3368,PSEUDO_NEGATIVE,28.78120369243252,94.58375137098575,,block_57_189,0
neg_3369,PSEUDO_NEGATIVE,27.078027803524634,93.07060304623253,,block_54_186,0
neg_3370,PSEUDO_NEGATIVE,23.934403305207432,91.99803064630117,,block_47_183,0
neg_3371,PSEUDO_NEGATIVE,26.06520285669765,93.6846720514347,,block_52_187,0
neg_3372,PSEUDO_NEGATIVE,25.167981005483902,93.26565081495434,,block_50_186,0
neg_3373,PSEUDO_NEGATIVE,26.81985235577104,90.3974348975462,,block_53_180,0
neg_3374,PSEUDO_NEGATIVE,25.96729864897088,93.30444731477098,,block_51_186,0
neg_3375,PSEUDO_NEGATIVE,28.302012819503194,94.00574054340119,,block_56_188,0
neg_3376,PSEUDO_NEGATIVE,28.474221740917763,95.93934449977445,,block_56_191,0
neg_3377,PSEUDO_NEGATIVE,27.466907006901195,94.13324829144159,,block_54_188,0
neg_3378,PSEUDO_NEGATIVE,27.829768989825972,88.57789806932978,,block_55_177,0
neg_3379,PSEUDO_NEGATIVE,27.15722063059237,92.2021314476675,,block_54_184,0
neg_3380,PSEUDO_NEGATIVE,28.240061800570707,95.36681048490891,,block_56_190,0
neg_3381,PSEUDO_NEGATIVE,27.051703468003428,93.47610364057445,,block_54_186,0
neg_3382,PSEUDO_NEGATIVE,27.76629357807773,91.78477725412587,,block_55_183,0
neg_3383,PSEUDO_NEGATIVE,25.359968047522525,90.78235892789442,,block_50_181,0
neg_3384,PSEUDO_NEGATIVE,27.830518066045546,93.86694418551575,,block_55_187,0
neg_3385,PSEUDO_NEGATIVE,28.26719317041822,93.44688088680674,,block_56_186,0
neg_3386,PSEUDO_NEGATIVE,25.534629743586407,90.28651863009136,,block_51_180,0
neg_3387,PSEUDO_NEGATIVE,26.159990372850274,94.7470173803269,,block_52_189,0
neg_3388,PSEUDO_NEGATIVE,28.462729524284025,96.63403017391691,,block_56_193,0
neg_3389,PSEUDO_NEGATIVE,26.2354581912025,92.43674046664881,,block_52_184,0
neg_3390,PSEUDO_NEGATIVE,25.74071526991849,91.88377554013239,,block_51_183,0
neg_3391,PSEUDO_NEGATIVE,23.011520501360067,92.87340815316647,,block_46_185,0
neg_3392,PSEUDO_NEGATIVE,24.258872370314783,93.06402486213209,,block_48_186,0
neg_3393,PSEUDO_NEGATIVE,27.137966360840245,94.90559197625393,,block_54_189,0
neg_3394,PSEUDO_NEGATIVE,26.378134871893128,93.25909640340126,,block_52_186,0
neg_3395,PSEUDO_NEGATIVE,24.94489737490657,94.12600261202032,,block_49_188,0
neg_3396,PSEUDO_NEGATIVE,27.445211848865092,96.2636175264617,,block_54_192,0
neg_3397,PSEUDO_NEGATIVE,28.32211967543852,96.55001664489852,,block_56_193,0
neg_3398,PSEUDO_NEGATIVE,22.24089709310625,92.95123691149618,,block_44_185,0
neg_3399,PSEUDO_NEGATIVE,27.090365397813542,93.84339283967162,,block_54_187,0
neg_3400,PSEUDO_NEGATIVE,27.267706102704633,93.95355789340084,,block_54_187,0
neg_3401,PSEUDO_NEGATIVE,27.754389655387996,91.70273620636539,,block_55_183,0
neg_3402,PSEUDO_NEGATIVE,26.727439627506428,92.88718041053214,,block_53_185,0
neg_3403,PSEUDO_NEGATIVE,23.84890309456875,92.30518616259067,,block_47_184,0
neg_3404,PSEUDO_NEGATIVE,26.068449103804454,89.99365487649162,,block_52_179,0
neg_3405,PSEUDO_NEGATIVE,26.602377425351516,90.7280296176678,,block_53_181,0
neg_3406,PSEUDO_NEGATIVE,24.98207395503996,92.56672458510938,,block_49_185,0
neg_3407,PSEUDO_NEGATIVE,25.769062049417354,92.4999326075793,,block_51_184,0
neg_3408,PSEUDO_NEGATIVE,25.186560718268726,92.94406733003922,,block_50_185,0
neg_3409,PSEUDO_NEGATIVE,28.581143527456522,95.35377793174143,,block_57_190,0
neg_3410,PSEUDO_NEGATIVE,25.811896624521157,94.49662068068878,,block_51_188,0
neg_3411,PSEUDO_NEGATIVE,26.082256738599412,94.02374414846993,,block_52_188,0
neg_3412,PSEUDO_NEGATIVE,27.037435096346805,94.71278148036518,,block_54_189,0
neg_3413,PSEUDO_NEGATIVE,28.04401853693077,93.31664543325701,,block_56_186,0
neg_3414,PSEUDO_NEGATIVE,26.63090032951773,92.51455916739718,,block_53_185,0
neg_3415,PSEUDO_NEGATIVE,26.484788301238332,92.6624524069854,,block_52_185,0
neg_3416,PSEUDO_NEGATIVE,24.152532212358153,93.16101945402387,,block_48_186,0
neg_3417,PSEUDO_NEGATIVE,23.328503404052746,93.23621074908942,,block_46_186,0
neg_3418,PSEUDO_NEGATIVE,24.84524001557698,92.53875187176092,,block_49_185,0
neg_3419,PSEUDO_NEGATIVE,26.32861377471968,93.37357736421919,,block_52_186,0
neg_3420,PSEUDO_NEGATIVE,29.17522263834207,96.11193898404619,,block_58_192,0
neg_3421,PSEUDO_NEGATIVE,22.60537543342495,93.00904227308311,,block_45_186,0
neg_3422,PSEUDO_NEGATIVE,24.55681384846445,92.35272203928776,,block_49_184,0
neg_3423,PSEUDO_NEGATIVE,24.95140129497583,94.04540296380841,,block_49_188,0
neg_3424,PSEUDO_NEGATIVE,23.212984222737763,91.61801028491078,,block_46_183,0
neg_3425,PSEUDO_NEGATIVE,27.23329253582261,93.39764661670911,,block_54_186,0
neg_3426,PSEUDO_NEGATIVE,24.66244830949647,92.41399122539754,,block_49_184,0
neg_3427,PSEUDO_NEGATIVE,27.923798194410693,93.96952960871037,,block_55_187,0
neg_3428,PSEUDO_NEGATIVE,27.146884604538716,95.58354038622089,,block_54_191,0
neg_3429,PSEUDO_NEGATIVE,27.804993221932726,92.66275537165772,,block_55_185,0
neg_3430,PSEUDO_NEGATIVE,28.76445768584606,95.41646677969261,,block_57_190,0
neg_3431,PSEUDO_NEGATIVE,26.07219543316507,93.0427163170949,,block_52_186,0
neg_3432,PSEUDO_NEGATIVE,28.441142775407172,95.62719802655874,,block_56_191,0
neg_3433,PSEUDO_NEGATIVE,25.492993229429285,92.93053420802501,,block_50_185,0
neg_3434,PSEUDO_NEGATIVE,26.528003342520673,90.29080996435314,,block_53_180,0
neg_3435,PSEUDO_NEGATIVE,27.775860696412963,94.11417713940162,,block_55_188,0
neg_3436,PSEUDO_NEGATIVE,27.7630467572196,93.73478982353222,,block_55_187,0
neg_3437,PSEUDO_NEGATIVE,26.43767865037819,91.16983491737615,,block_52_182,0
neg_3438,PSEUDO_NEGATIVE,25.970346860890988,91.34669203775766,,block_51_182,0
neg_3439,PSEUDO_NEGATIVE,27.70000815319161,95.4301883434702,,block_55_190,0
neg_3440,PSEUDO_NEGATIVE,27.662002973159133,95.12978006484971,,block_55_190,0
neg_3441,PSEUDO_NEGATIVE,26.173685016602434,90.92952766844144,,block_52_181,0
neg_3442,PSEUDO_NEGATIVE,28.424390962172385,95.12926496347599,,block_56_190,0
neg_3443,PSEUDO_NEGATIVE,26.278393857343964,90.58284954682985,,block_52_181,0
neg_3444,PSEUDO_NEGATIVE,27.966216100659793,95.74369328724784,,block_55_191,0
neg_3445,PSEUDO_NEGATIVE,26.656153209613596,93.49524297253946,,block_53_186,0
neg_3446,PSEUDO_NEGATIVE,27.365477635611175,95.16746696213772,,block_54_190,0
neg_3447,PSEUDO_NEGATIVE,27.57844315221589,95.15387514977738,,block_55_190,0
neg_3448,PSEUDO_NEGATIVE,27.62475655693407,88.27022512576534,,block_55_176,0
neg_3449,PSEUDO_NEGATIVE,26.600345067252352,91.15865502304071,,block_53_182,0
neg_3450,PSEUDO_NEGATIVE,28.849284463722743,94.61664886326794,,block_57_189,0
neg_3451,PSEUDO_NEGATIVE,28.009100514349953,96.90784271231658,,block_56_193,0
neg_3452,PSEUDO_NEGATIVE,27.840499124985584,95.78117576456631,,block_55_191,0
neg_3453,PSEUDO_NEGATIVE,25.935719780550595,93.22690227767505,,block_51_186,0
neg_3454,PSEUDO_NEGATIVE,26.897537259886544,94.11200118982184,,block_53_188,0
neg_3455,PSEUDO_NEGATIVE,23.840672926657728,92.43097814471298,,block_47_184,0
neg_3456,PSEUDO_NEGATIVE,27.73002581015415,92.15069610445805,,block_55_184,0
neg_3457,PSEUDO_NEGATIVE,25.445842807028598,93.69995818235397,,block_50_187,0
neg_3458,PSEUDO_NEGATIVE,27.275084489164776,94.08082946845929,,block_54_188,0
neg_3459,PSEUDO_NEGATIVE,27.015914198119717,92.39637504284525,,block_54_184,0
neg_3460,PSEUDO_NEGATIVE,29.195579023524846,95.60363982173632,,block_58_191,0
neg_3461,PSEUDO_NEGATIVE,25.147941430460918,94.44189841281778,,block_50_188,0
neg_3462,PSEUDO_NEGATIVE,25.725989953560422,90.14872732690655,,block_51_180,0
neg_3463,PSEUDO_NEGATIVE,26.412149922397592,90.31414467493042,,block_52_180,0
neg_3464,PSEUDO_NEGATIVE,26.790366839016475,91.25481671090544,,block_53_182,0
neg_3465,PSEUDO_NEGATIVE,26.42091210803156,93.81625396684247,,block_52_187,0
neg_3466,PSEUDO_NEGATIVE,25.65719112617993,93.761427422774,,block_51_187,0
neg_3467,PSEUDO_NEGATIVE,28.641613102101957,95.00089533505769,,block_57_190,0
neg_3468,PSEUDO_NEGATIVE,25.72279180167775,92.25433747288275,,block_51_184,0
neg_3469,PSEUDO_NEGATIVE,26.494861044992657,94.75696994970428,,block_52_189,0
neg_3470,PSEUDO_NEGATIVE,23.463437361090502,91.83601729003739,,block_46_183,0
neg_3471,PSEUDO_NEGATIVE,27.142280097977896,94.38654790126581,,block_54_188,0
neg_3472,PSEUDO_NEGATIVE,27.894938355849142,93.09201321413289,,block_55_186,0
neg_3473,PSEUDO_NEGATIVE,23.751260640537694,93.16492917128868,,block_47_186,0
neg_3474,PSEUDO_NEGATIVE,22.64890447099628,93.0329216478826,,block_45_186,0
neg_3475,PSEUDO_NEGATIVE,26.056477299964786,91.39962327989404,,block_52_182,0
neg_3476,PSEUDO_NEGATIVE,26.081316706730156,89.85167647630222,,block_52_179,0
neg_3477,PSEUDO_NEGATIVE,27.457150994119495,96.28594812952916,,block_54_192,0
neg_3478,PSEUDO_NEGATIVE,27.00809965833418,92.91593564259,,block_54_185,0
neg_3479,PSEUDO_NEGATIVE,27.399852677628303,93.98944405961113,,block_54_187,0
neg_3480,PSEUDO_NEGATIVE,23.70544858638033,93.31419868440425,,block_47_186,0
neg_3481,PSEUDO_NEGATIVE,23.766050875268302,91.57553076477488,,block_47_183,0
neg_3482,PSEUDO_NEGATIVE,26.40308334357198,90.8788115225088,,block_52_181,0
neg_3483,PSEUDO_NEGATIVE,25.59429878038109,92.53214168944479,,block_51_185,0
neg_3484,PSEUDO_NEGATIVE,27.351262494607983,95.33710728044308,,block_54_190,0
neg_3485,PSEUDO_NEGATIVE,25.371315280105645,92.07679510019403,,block_50_184,0
neg_3486,PSEUDO_NEGATIVE,23.944356327211686,91.43272820555269,,block_47_182,0
neg_3487,PSEUDO_NEGATIVE,27.936505578530152,95.46788502297984,,block_55_190,0
neg_3488,PSEUDO_NEGATIVE,27.836213413174974,95.08266363260695,,block_55_190,0
neg_3489,PSEUDO_NEGATIVE,26.460302622721265,92.26308354751163,,block_52_184,0
neg_3490,PSEUDO_NEGATIVE,25.68872387554258,90.22147733217771,,block_51_180,0
neg_3491,PSEUDO_NEGATIVE,25.29071895764133,94.43294012116107,,block_50_188,0
neg_3492,PSEUDO_NEGATIVE,26.343372767368354,91.76744483263482,,block_52_183,0
neg_3493,PSEUDO_NEGATIVE,28.201776701962867,96.68246613068727,,block_56_193,0
neg_3494,PSEUDO_NEGATIVE,25.531487998966437,90.69305789126265,,block_51_181,0
neg_3495,PSEUDO_NEGATIVE,28.94998288640491,95.1573932780357,,block_57_190,0
neg_3496,PSEUDO_NEGATIVE,25.656216952386483,89.92505914150699,,block_51_179,0
neg_3497,PSEUDO_NEGATIVE,24.280272320404784,93.0632896049574,,block_48_186,0
neg_3498,PSEUDO_NEGATIVE,26.196862028129352,93.5756592452439,,block_52_187,0
neg_3499,PSEUDO_NEGATIVE,25.596802273319113,93.67150307784246,,block_51_187,0
neg_3500,PSEUDO_NEGATIVE,26.769293097641793,91.77470685282353,,block_53_183,0
neg_3501,PSEUDO_NEGATIVE,27.717859543996433,93.42053949363513,,block_55_186,0
neg_3502,PSEUDO_NEGATIVE,27.823929107618298,94.6453005975903,,block_55_189,0
neg_3503,PSEUDO_NEGATIVE,26.7932529782822,92.53601001046148,,block_53_185,0
neg_3504,PSEUDO_NEGATIVE,27.54548365413006,94.444557696316,,block_55_188,0
neg_3505,PSEUDO_NEGATIVE,23.09227424661681,92.51025385384504,,block_46_185,0
neg_3506,PSEUDO_NEGATIVE,25.977199042350176,92.1956902663955,,block_51_184,0
neg_3507,PSEUDO_NEGATIVE,25.306316876383377,93.76052660534921,,block_50_187,0
neg_3508,PSEUDO_NEGATIVE,25.52568876145306,90.67767899831661,,block_51_181,0
neg_3509,PSEUDO_NEGATIVE,26.568683178803674,93.86825198562826,,block_53_187,0
neg_3510,PSEUDO_NEGATIVE,28.387871532962205,95.43095789519002,,block_56_190,0
neg_3511,PSEUDO_NEGATIVE,27.50704718173592,93.1971842782663,,block_55_186,0
neg_3512,PSEUDO_NEGATIVE,25.18828105468279,92.62965051819263,,block_50_185,0
neg_3513,PSEUDO_NEGATIVE,26.70200345282252,94.43628669849832,,block_53_188,0
neg_3514,PSEUDO_NEGATIVE,29.177522943734793,94.64171914715917,,block_58_189,0
neg_3515,PSEUDO_NEGATIVE,27.560832773053487,95.08096802752858,,block_55_190,0
neg_3516,PSEUDO_NEGATIVE,26.526898437142055,90.04843484749819,,block_53_180,0
neg_3517,PSEUDO_NEGATIVE,27.30000780287257,94.09374038472149,,block_54_188,0
neg_3518,PSEUDO_NEGATIVE,25.696892230094477,92.00457150724841,,block_51_184,0
neg_3519,PSEUDO_NEGATIVE,25.904313866075977,90.5169522452125,,block_51_181,0
neg_3520,PSEUDO_NEGATIVE,23.141400699097378,91.35821719354026,,block_46_182,0
neg_3521,PSEUDO_NEGATIVE,24.14848687070566,92.84935213848453,,block_48_185,0
neg_3522,PSEUDO_NEGATIVE,26.442534829450594,93.50836798960486,,block_52_187,0
neg_3523,PSEUDO_NEGATIVE,25.56190109003072,90.61744559252554,,block_51_181,0
neg_3524,PSEUDO_NEGATIVE,27.467135867889873,93.67531242625346,,block_54_187,0
neg_3525,PSEUDO_NEGATIVE,27.80668742734315,96.38457567404987,,block_55_192,0
neg_3526,PSEUDO_NEGATIVE,25.650835789696217,91.95713529468689,,block_51_183,0
neg_3527,PSEUDO_NEGATIVE,28.123643694404024,97.3197024696518,,block_56_194,0
neg_3528,PSEUDO_NEGATIVE,24.903253759241544,93.37161423730404,,block_49_186,0
neg_3529,PSEUDO_NEGATIVE,26.11692629987625,90.99238687453635,,block_52_181,0
neg_3530,PSEUDO_NEGATIVE,27.797454595570873,93.66921280084698,,block_55_187,0
neg_3531,PSEUDO_NEGATIVE,25.47422955441028,91.75946250036638,,block_50_183,0
neg_3532,PSEUDO_NEGATIVE,26.362288949323684,94.54017707272662,,block_52_189,0
neg_3533,PSEUDO_NEGATIVE,26.30264085599544,92.36925069745442,,block_52_184,0
neg_3534,PSEUDO_NEGATIVE,27.239898356928265,92.33248119610904,,block_54_184,0
neg_3535,PSEUDO_NEGATIVE,25.341441594203932,92.49525909206763,,block_50_184,0
neg_3536,PSEUDO_NEGATIVE,26.81217883898015,94.90876767634786,,block_53_189,0
neg_3537,PSEUDO_NEGATIVE,26.03651384978796,94.0988470348305,,block_52_188,0
neg_3538,PSEUDO_NEGATIVE,26.98745567715092,94.28064019001785,,block_53_188,0
neg_3539,PSEUDO_NEGATIVE,28.044674786624004,95.08701446546497,,block_56_190,0
neg_3540,PSEUDO_NEGATIVE,25.23805868868739,91.29975046958467,,block_50_182,0
neg_3541,PSEUDO_NEGATIVE,26.97913821631948,92.83868613393969,,block_53_185,0
neg_3542,PSEUDO_NEGATIVE,26.556433356557562,93.41400646775266,,block_53_186,0
neg_3543,PSEUDO_NEGATIVE,23.362281888124183,93.0680260079234,,block_46_186,0
neg_3544,PSEUDO_NEGATIVE,25.45268155556827,91.00723852905507,,block_50_182,0
neg_3545,PSEUDO_NEGATIVE,27.10126670609509,93.86173836979675,,block_54_187,0
neg_3546,PSEUDO_NEGATIVE,28.75381593887321,95.33107435750688,,block_57_190,0
neg_3547,PSEUDO_NEGATIVE,24.81331449172191,93.79512724065317,,block_49_187,0
neg_3548,PSEUDO_NEGATIVE,23.66101733508089,91.60699962136704,,block_47_183,0
neg_3549,PSEUDO_NEGATIVE,27.043735418643383,95.85628170846736,,block_54_191,0
neg_3550,PSEUDO_NEGATIVE,27.927176491556796,95.36435147571206,,block_55_190,0
neg_3551,PSEUDO_NEGATIVE,28.025246014291795,94.34073071676112,,block_56_188,0
neg_3552,PSEUDO_NEGATIVE,25.994864471213965,90.16267832928416,,block_51_180,0
neg_3553,PSEUDO_NEGATIVE,28.04363439940648,95.63219259311944,,block_56_191,0
neg_3554,PSEUDO_NEGATIVE,26.171351982221918,91.60695892029628,,block_52_183,0
neg_3555,PSEUDO_NEGATIVE,28.229765222705808,93.42960669623693,,block_56_186,0
neg_3556,PSEUDO_NEGATIVE,28.37949214765252,93.95585480848067,,block_56_187,0
neg_3557,PSEUDO_NEGATIVE,29.013195538336554,95.58543015153522,,block_58_191,0
neg_3558,PSEUDO_NEGATIVE,28.310812798141093,96.1369108027042,,block_56_192,0
neg_3559,PSEUDO_NEGATIVE,23.790413915565747,92.01304802583668,,block_47_184,0
neg_3560,PSEUDO_NEGATIVE,28.77273436932544,96.21207040120333,,block_57_192,0
neg_3561,PSEUDO_NEGATIVE,27.99951498937461,92.91651659230327,,block_55_185,0
neg_3562,PSEUDO_NEGATIVE,22.93644421833484,92.78139219377694,,block_45_185,0
neg_3563,PSEUDO_NEGATIVE,26.53995666282197,91.77847244493249,,block_53_183,0
neg_3564,PSEUDO_NEGATIVE,25.165716077534864,93.53700282622577,,block_50_187,0
neg_3565,PSEUDO_NEGATIVE,26.545808056022,90.42721258324131,,block_53_180,0
neg_3566,PSEUDO_NEGATIVE,23.533185303717836,92.92183501907195,,block_47_185,0
neg_3567,PSEUDO_NEGATIVE,27.95049474858212,96.94025824165902,,block_55_193,0
neg_3568,PSEUDO_NEGATIVE,24.376022028925952,94.13462083476664,,block_48_188,0
neg_3569,PSEUDO_NEGATIVE,26.761425461424206,92.08841092444618,,block_53_184,0
neg_3570,PSEUDO_NEGATIVE,26.807418886921855,95.34647447797829,,block_53_190,0
neg_3571,PSEUDO_NEGATIVE,25.00481652999094,94.64964928045998,,block_50_189,0
neg_3572,PSEUDO_NEGATIVE,28.218934709898086,93.04835829828365,,block_56_186,0
neg_3573,PSEUDO_NEGATIVE,25.287339804658476,90.82622955303103,,block_50_181,0
neg_3574,PSEUDO_NEGATIVE,26.681806069058684,95.14955678660598,,block_53_190,0
neg_3575,PSEUDO_NEGATIVE,24.99474961557858,93.25730413318291,,block_49_186,0
neg_3576,PSEUDO_NEGATIVE,27.70736668910009,92.12918451549972,,block_55_184,0
neg_3577,PSEUDO_NEGATIVE,26.29360257139825,93.650172477473,,block_52_187,0
neg_3578,PSEUDO_NEGATIVE,28.49852359047634,94.656262582566,,block_56_189,0
neg_3579,PSEUDO_NEGATIVE,25.393465064928783,92.92730010401345,,block_50_185,0
neg_3580,PSEUDO_NEGATIVE,27.668298807806117,88.45846295342159,,block_55_176,0
neg_3581,PSEUDO_NEGATIVE,26.679396993838356,90.4267507656506,,block_53_180,0
neg_3582,PSEUDO_NEGATIVE,25.765892287602355,93.61884428969537,,block_51_187,0
neg_3583,PSEUDO_NEGATIVE,27.57878406356645,94.75606974586314,,block_55_189,0
neg_3584,PSEUDO_NEGATIVE,23.66798154709959,93.0498394420462,,block_47_186,0
neg_3585,PSEUDO_NEGATIVE,25.104759876986645,92.4817112245575,,block_50_184,0
neg_3586,PSEUDO_NEGATIVE,28.300812593438945,96.48045776672275,,block_56_192,0
neg_3587,PSEUDO_NEGATIVE,25.308548351446124,90.06650395005245,,block_50_180,0
neg_3588,PSEUDO_NEGATIVE,25.27817103333912,90.9437201779204,,block_50_181,0
neg_3589,PSEUDO_NEGATIVE,25.718509088588895,91.1422535024611,,block_51_182,0
neg_3590,PSEUDO_NEGATIVE,25.29055095388945,92.32114051580271,,block_50_184,0
neg_3591,PSEUDO_NEGATIVE,25.091175933462026,92.46800609562614,,block_50_184,0
neg_3592,PSEUDO_NEGATIVE,24.241752896722208,92.18443029148045,,block_48_184,0
neg_3593,PSEUDO_NEGATIVE,24.30988441805017,92.42913476977787,,block_48_184,0
neg_3594,PSEUDO_NEGATIVE,27.894624294680494,94.04748743732047,,block_55_188,0
neg_3595,PSEUDO_NEGATIVE,27.51240871738328,95.48530226383349,,block_55_190,0
neg_3596,PSEUDO_NEGATIVE,25.74742884293284,90.27638067008355,,block_51_180,0
neg_3597,PSEUDO_NEGATIVE,27.983725542834733,94.15412482155797,,block_55_188,0
neg_3598,PSEUDO_NEGATIVE,27.50015508382006,88.65931205126152,,block_55_177,0
neg_3599,PSEUDO_NEGATIVE,27.490653346970028,95.66036785909571,,block_54_191,0
neg_3600,PSEUDO_NEGATIVE,26.34534876883745,95.08256464345264,,block_52_190,0
neg_3601,PSEUDO_NEGATIVE,26.443691133068263,93.33634830236996,,block_52_186,0
neg_3602,PSEUDO_NEGATIVE,27.490546901771253,95.83535187061852,,block_54_191,0
neg_3603,PSEUDO_NEGATIVE,27.449263396328213,92.42160803688739,,block_54_184,0
neg_3604,PSEUDO_NEGATIVE,26.785555149668994,94.09035191713728,,block_53_188,0
neg_3605,PSEUDO_NEGATIVE,25.784525156767234,94.28793802261772,,block_51_188,0
neg_3606,PSEUDO_NEGATIVE,24.033047436745157,92.33864776559867,,block_48_184,0
neg_3607,PSEUDO_NEGATIVE,26.33498284465243,91.75901568464501,,block_52_183,0
neg_3608,PSEUDO_NEGATIVE,26.846828658316994,95.35055008112343,,block_53_190,0
neg_3609,PSEUDO_NEGATIVE,27.359300899855356,94.5930061890714,,block_54_189,0
neg_3610,PSEUDO_NEGATIVE,28.270136869378074,94.39584559108697,,block_56_188,0
neg_3611,PSEUDO_NEGATIVE,26.63587716569176,91.96991167249166,,block_53_183,0
neg_3612,PSEUDO_NEGATIVE,28.718654835759953,96.21335637210801,,block_57_192,0
neg_3613,PSEUDO_NEGATIVE,23.61501845397875,91.35907857660841,,block_47_182,0
neg_3614,PSEUDO_NEGATIVE,27.08288534967287,95.09495259879809,,block_54_190,0
neg_3615,PSEUDO_NEGATIVE,29.01105394666593,95.29270987702061,,block_58_190,0
neg_3616,PSEUDO_NEGATIVE,28.031156828336886,88.54412695767843,,block_56_177,0
neg_3617,PSEUDO_NEGATIVE,26.28775627889566,90.85373245951004,,block_52_181,0
neg_3618,PSEUDO_NEGATIVE,28.63506457171117,95.46033956520692,,block_57_190,0
neg_3619,PSEUDO_NEGATIVE,28.280224418207645,97.14621208261175,,block_56_194,0
neg_3620,PSEUDO_NEGATIVE,27.71726321512459,94.88399215729221,,block_55_189,0
neg_3621,PSEUDO_NEGATIVE,24.711813264818286,92.35511667429574,,block_49_184,0
neg_3622,PSEUDO_NEGATIVE,28.292999132278833,97.19390419105748,,block_56_194,0
neg_3623,PSEUDO_NEGATIVE,28.33713671859628,95.8999149868169,,block_56_191,0
neg_3624,PSEUDO_NEGATIVE,26.772461240800652,91.40696617543925,,block_53_182,0
neg_3625,PSEUDO_NEGATIVE,26.565726484154347,90.84894420235047,,block_53_181,0
neg_3626,PSEUDO_NEGATIVE,29.034572674821668,96.06225776005903,,block_58_192,0
neg_3627,PSEUDO_NEGATIVE,26.444428539488054,91.20768609073303,,block_52_182,0
neg_3628,PSEUDO_NEGATIVE,26.769445425957954,94.48620417407959,,block_53_188,0
neg_3629,PSEUDO_NEGATIVE,27.6285410191881,95.89790078541884,,block_55_191,0
neg_3630,PSEUDO_NEGATIVE,27.237632452867906,92.94850118594329,,block_54_185,0
neg_3631,PSEUDO_NEGATIVE,28.164123965995604,96.69551908361831,,block_56_193,0
neg_3632,PSEUDO_NEGATIVE,27.84444591176375,95.85518635371226,,block_55_191,0
neg_3633,PSEUDO_NEGATIVE,26.220453705796118,91.58571023325081,,block_52_183,0
neg_3634,PSEUDO_NEGATIVE,26.698846668448482,92.66775186349147,,block_53_185,0
neg_3635,PSEUDO_NEGATIVE,27.977195253120588,94.65911432811389,,block_55_189,0
neg_3636,PSEUDO_NEGATIVE,27.567740392904764,88.10455084625981,,block_55_176,0
neg_3637,PSEUDO_NEGATIVE,27.977362561371184,93.95351261400691,,block_55_187,0
neg_3638,PSEUDO_NEGATIVE,26.08963845049932,92.28513159351103,,block_52_184,0
neg_3639,PSEUDO_NEGATIVE,28.018467159974925,93.23111035341738,,block_56_186,0
neg_3640,PSEUDO_NEGATIVE,26.78314704131571,94.64107220276914,,block_53_189,0
neg_3641,PSEUDO_NEGATIVE,24.183312895422482,92.4847972354055,,block_48_184,0
neg_3642,PSEUDO_NEGATIVE,27.16368438188694,93.70567947388267,,block_54_187,0
neg_3643,PSEUDO_NEGATIVE,26.34161974071303,91.1065309576327,,block_52_182,0
neg_3644,PSEUDO_NEGATIVE,24.880283541368836,94.46542056679802,,block_49_188,0
neg_3645,PSEUDO_NEGATIVE,23.576237621252663,93.25332161058552,,block_47_186,0
neg_3646,PSEUDO_NEGATIVE,28.948835076758236,95.92745138824608,,block_57_191,0
neg_3647,PSEUDO_NEGATIVE,23.37082548905682,91.59259129081475,,block_46_183,0
neg_3648,PSEUDO_NEGATIVE,26.377324987246958,94.25484597146824,,block_52_188,0
neg_3649,PSEUDO_NEGATIVE,27.627856582316575,93.78474761802691,,block_55_187,0
neg_3650,PSEUDO_NEGATIVE,27.45009973606666,96.05427617543127,,block_54_192,0
neg_3651,PSEUDO_NEGATIVE,27.71625441053626,94.86061496519584,,block_55_189,0
neg_3652,PSEUDO_NEGATIVE,26.228487379870167,90.89557327844298,,block_52_181,0
neg_3653,PSEUDO_NEGATIVE,26.37732212398845,95.082764696681,,block_52_190,0
neg_3654,PSEUDO_NEGATIVE,26.16203630729914,93.53212519413998,,block_52_187,0
neg_3655,PSEUDO_NEGATIVE,27.44916827226585,92.63818929697253,,block_54_185,0
neg_3656,PSEUDO_NEGATIVE,25.780050031613243,92.86043795494523,,block_51_185,0
neg_3657,PSEUDO_NEGATIVE,28.09166295799315,92.9699730145426,,block_56_185,0
neg_3658,PSEUDO_NEGATIVE,27.753692665289517,95.84630362925637,,block_55_191,0
neg_3659,PSEUDO_NEGATIVE,26.934451067927856,94.23736718255557,,block_53_188,0
neg_3660,PSEUDO_NEGATIVE,28.787372434527406,94.73889896305874,,block_57_189,0
neg_3661,PSEUDO_NEGATIVE,28.748133123012177,95.14528364376018,,block_57_190,0
neg_3662,PSEUDO_NEGATIVE,25.21960091312908,92.79356047387309,,block_50_185,0
neg_3663,PSEUDO_NEGATIVE,24.505645186051083,93.03067162363556,,block_49_186,0
neg_3664,PSEUDO_NEGATIVE,26.757453401115452,92.72238914648919,,block_53_185,0
neg_3665,PSEUDO_NEGATIVE,26.54217001507494,91.75270245088856,,block_53_183,0
neg_3666,PSEUDO_NEGATIVE,24.362003058887996,93.1856421966614,,block_48_186,0
neg_3667,PSEUDO_NEGATIVE,25.54518800526188,90.52672773525283,,block_51_181,0
neg_3668,PSEUDO_NEGATIVE,26.268795138668814,91.14639575017733,,block_52_182,0
neg_3669,PSEUDO_NEGATIVE,27.220153679938306,92.59232029304398,,block_54_185,0
neg_3670,PSEUDO_NEGATIVE,25.984612740463653,92.29912761356279,,block_51_184,0
neg_3671,PSEUDO_NEGATIVE,25.646950254033847,90.41741573472072,,block_51_180,0
neg_3672,PSEUDO_NEGATIVE,27.73302384557014,95.31930746010293,,block_55_190,0
neg_3673,PSEUDO_NEGATIVE,26.546467777081574,92.14163730871864,,block_53_184,0
neg_3674,PSEUDO_NEGATIVE,26.451273364152282,90.23327876174773,,block_52_180,0
neg_3675,PSEUDO_NEGATIVE,27.391955340357985,96.58704058083947,,block_54_193,0
neg_3676,PSEUDO_NEGATIVE,24.387335732390095,92.46875984319115,,block_48_184,0
neg_3677,PSEUDO_NEGATIVE,26.214714699805263,92.88706013860663,,block_52_185,0
neg_3678,PSEUDO_NEGATIVE,26.716639621885566,92.75781734977504,,block_53_185,0
neg_3679,PSEUDO_NEGATIVE,28.392925087628466,96.18238981262022,,block_56_192,0
neg_3680,PSEUDO_NEGATIVE,25.233615163586347,90.27490170540246,,block_50_180,0
neg_3681,PSEUDO_NEGATIVE,27.938659959261837,92.95364548379064,,block_55_185,0
neg_3682,PSEUDO_NEGATIVE,23.885231647428114,91.91819137691752,,block_47_183,0
neg_3683,PSEUDO_NEGATIVE,23.07223207043835,91.6937388120926,,block_46_183,0
neg_3684,PSEUDO_NEGATIVE,26.574412348628304,92.11173328574615,,block_53_184,0
neg_3685,PSEUDO_NEGATIVE,28.40401967489465,96.75511285833078,,block_56_193,0
neg_3686,PSEUDO_NEGATIVE,27.22391509895902,92.66026252119772,,block_54_185,0
neg_3687,PSEUDO_NEGATIVE,27.150641977518745,94.67961506835168,,block_54_189,0
neg_3688,PSEUDO_NEGATIVE,25.277800890919064,93.88945132121128,,block_50_187,0
neg_3689,PSEUDO_NEGATIVE,27.089282801502087,95.54838390732057,,block_54_191,0
neg_3690,PSEUDO_NEGATIVE,27.39217696140787,95.98804005664496,,block_54_191,0
neg_3691,PSEUDO_NEGATIVE,26.832460552245934,94.16977729532552,,block_53_188,0
neg_3692,PSEUDO_NEGATIVE,27.01918989552683,92.26749416439034,,block_54_184,0
neg_3693,PSEUDO_NEGATIVE,25.53046309109213,92.81278589002603,,block_51_185,0
neg_3694,PSEUDO_NEGATIVE,24.093142361102633,91.71698560881437,,block_48_183,0
neg_3695,PSEUDO_NEGATIVE,25.288163827843647,93.72939689831107,,block_50_187,0
neg_3696,PSEUDO_NEGATIVE,27.837702199758592,93.28821952306846,,block_55_186,0
neg_3697,PSEUDO_NEGATIVE,25.737030500855468,92.28719738977239,,block_51_184,0
neg_3698,PSEUDO_NEGATIVE,27.67565005912246,92.86308294041352,,block_55_185,0
neg_3699,PSEUDO_NEGATIVE,26.795105172367506,94.23185773016085,,block_53_188,0
neg_3700,PSEUDO_NEGATIVE,25.516602376610493,92.13576307879723,,block_51_184,0
neg_3701,PSEUDO_NEGATIVE,25.558706859815416,91.39946062464826,,block_51_182,0
neg_3702,PSEUDO_NEGATIVE,24.20274208122611,93.75991635378634,,block_48_187,0
neg_3703,PSEUDO_NEGATIVE,26.82968051756036,94.65861386341095,,block_53_189,0
neg_3704,PSEUDO_NEGATIVE,26.753717511509485,90.87562550971626,,block_53_181,0
neg_3705,PSEUDO_NEGATIVE,25.477704711221488,92.63071441916657,,block_50_185,0
neg_3706,PSEUDO_NEGATIVE,27.41702228799696,95.80264322961322,,block_54_191,0
neg_3707,PSEUDO_NEGATIVE,29.094228154539376,94.522975774596,,block_58_189,0
neg_3708,PSEUDO_NEGATIVE,27.72539811869559,93.7768786403004,,block_55_187,0
neg_3709,PSEUDO_NEGATIVE,28.12171870170292,94.19707410832271,,block_56_188,0
neg_3710,PSEUDO_NEGATIVE,27.176181364639497,92.54731206636745,,block_54_185,0
neg_3711,PSEUDO_NEGATIVE,25.459067992200136,92.70452627514008,,block_50_185,0
neg_3712,PSEUDO_NEGATIVE,24.503826854040938,94.09268322649744,,block_49_188,0
neg_3713,PSEUDO_NEGATIVE,27.457339301835656,92.58530113179083,,block_54_185,0
neg_3714,PSEUDO_NEGATIVE,22.623753161658794,93.0192920244538,,block_45_186,0
neg_3715,PSEUDO_NEGATIVE,27.791877126124113,95.04884095394229,,block_55_190,0
neg_3716,PSEUDO_NEGATIVE,27.871748311493963,95.864748415602,,block_55_191,0
neg_3717,PSEUDO_NEGATIVE,25.593481538265674,93.61936373735422,,block_51_187,0
neg_3718,PSEUDO_NEGATIVE,27.49407150283104,95.39872769151556,,block_54_190,0
neg_3719,PSEUDO_NEGATIVE,26.749435656479246,92.17397215230525,,block_53_184,0
neg_3720,PSEUDO_NEGATIVE,24.184430895288628,92.37113177743973,,block_48_184,0
neg_3721,PSEUDO_NEGATIVE,24.110431061283425,93.22612746271055,,block_48_186,0
neg_3722,PSEUDO_NEGATIVE,27.323697686396518,93.3759129255744,,block_54_186,0
neg_3723,PSEUDO_NEGATIVE,24.544303022920246,94.3713623709504,,block_49_188,0
neg_3724,PSEUDO_NEGATIVE,25.9204157529456,90.94987090074345,,block_51_181,0
neg_3725,PSEUDO_NEGATIVE,27.915104772280408,93.50254537304993,,block_55_187,0
neg_3726,PSEUDO_NEGATIVE,25.283289136392714,94.3624456118783,,block_50_188,0
neg_3727,PSEUDO_NEGATIVE,24.696909623457902,94.3337832888848,,block_49_188,0
neg_3728,PSEUDO_NEGATIVE,24.605948383693065,92.95556874116403,,block_49_185,0
neg_3729,PSEUDO_NEGATIVE,25.991314664702344,90.53885192665048,,block_51_181,0
neg_3730,PSEUDO_NEGATIVE,27.98642545212124,95.7105646386804,,block_55_191,0
neg_3731,PSEUDO_NEGATIVE,27.624939893731916,93.7536625196683,,block_55_187,0
neg_3732,PSEUDO_NEGATIVE,24.255144772334102,92.62948967644108,,block_48_185,0
neg_3733,PSEUDO_NEGATIVE,24.254145623850917,93.77617312171373,,block_48_187,0
neg_3734,PSEUDO_NEGATIVE,27.31323284109213,94.835491728314,,block_54_189,0
neg_3735,PSEUDO_NEGATIVE,24.667960160104656,93.91156904479382,,block_49_187,0
neg_3736,PSEUDO_NEGATIVE,28.310454860122178,93.27076648510499,,block_56_186,0
neg_3737,PSEUDO_NEGATIVE,27.443894165595278,95.61191433786003,,block_54_191,0
neg_3738,PSEUDO_NEGATIVE,29.089415776800852,94.65089473513511,,block_58_189,0
neg_3739,PSEUDO_NEGATIVE,26.60209171902475,90.87765928139207,,block_53_181,0
neg_3740,PSEUDO_NEGATIVE,25.331437585686025,90.4825957947542,,block_50_180,0
neg_3741,PSEUDO_NEGATIVE,26.681277755451557,91.54889847336939,,block_53_183,0
neg_3742,PSEUDO_NEGATIVE,27.770737025329822,93.00384068532205,,block_55_186,0
neg_3743,PSEUDO_NEGATIVE,28.360012908356705,96.50780070532159,,block_56_193,0
neg_3744,PSEUDO_NEGATIVE,28.174024016598732,94.04860147889573,,block_56_188,0
neg_3745,PSEUDO_NEGATIVE,26.92664188931951,92.54178369860063,,block_53_185,0
neg_3746,PSEUDO_NEGATIVE,26.872994089846678,95.4809455675311,,block_53_190,0
neg_3747,PSEUDO_NEGATIVE,23.85093980932357,92.03635741317511,,block_47_184,0
neg_3748,PSEUDO_NEGATIVE,24.168680650218057,93.53492992193266,,block_48_187,0
neg_3749,PSEUDO_NEGATIVE,27.35622272556406,94.43605130222198,,block_54_188,0
neg_3750,PSEUDO_NEGATIVE,27.950243553979604,93.3498019345998,,block_55_186,0
neg_3751,PSEUDO_NEGATIVE,29.235946466704114,94.76159046345025,,block_58_189,0
neg_3752,PSEUDO_NEGATIVE,27.605235124362444,94.06462548483445,,block_55_188,0
neg_3753,PSEUDO_NEGATIVE,27.259273410633902,93.60412067052654,,block_54_187,0
neg_3754,PSEUDO_NEGATIVE,24.91800593398789,93.12139425379556,,block_49_186,0
neg_3755,PSEUDO_NEGATIVE,26.304786516529134,92.36674061396835,,block_52_184,0
neg_3756,PSEUDO_NEGATIVE,26.745883980766642,91.74094759113402,,block_53_183,0
neg_3757,PSEUDO_NEGATIVE,27.65115749679981,93.17378767917818,,block_55_186,0
neg_3758,PSEUDO_NEGATIVE,25.776334886713077,91.44828097411299,,block_51_182,0
neg_3759,PSEUDO_NEGATIVE,25.726490362654822,90.80159970973408,,block_51_181,0
neg_3760,PSEUDO_NEGATIVE,27.086566510631815,93.84264142218618,,block_54_187,0
neg_3761,PSEUDO_NEGATIVE,25.800526902314235,93.96698832272979,,block_51_187,0
neg_3762,PSEUDO_NEGATIVE,27.26965614903459,93.322856880985,,block_54_186,0
neg_3763,PSEUDO_NEGATIVE,28.040998612072976,96.10583492120536,,block_56_192,0
neg_3764,PSEUDO_NEGATIVE,25.348848014770027,92.63215006390291,,block_50_185,0
neg_3765,PSEUDO_NEGATIVE,28.797415560730382,96.39656611075563,,block_57_192,0
neg_3766,PSEUDO_NEGATIVE,28.816578557265775,94.56728224598376,,block_57_189,0
neg_3767,PSEUDO_NEGATIVE,24.88041911665806,93.08418390159326,,block_49_186,0
neg_3768,PSEUDO_NEGATIVE,26.12013273305099,91.01514559509634,,block_52_182,0
neg_3769,PSEUDO_NEGATIVE,28.305216102521772,96.75346610336713,,block_56_193,0
neg_3770,PSEUDO_NEGATIVE,28.30496493733093,94.00709589099921,,block_56_188,0
neg_3771,PSEUDO_NEGATIVE,26.309095317225626,91.94986938562333,,block_52_183,0
neg_3772,PSEUDO_NEGATIVE,24.03488677752374,93.01329527551368,,block_48_186,0
neg_3773,PSEUDO_NEGATIVE,27.995145377895575,95.93075457737174,,block_55_191,0
neg_3774,PSEUDO_NEGATIVE,28.350196150213023,96.37540408245768,,block_56_192,0
neg_3775,PSEUDO_NEGATIVE,24.635077630087554,93.44938112758338,,block_49_186,0
neg_3776,PSEUDO_NEGATIVE,28.66226221823401,95.54581500505506,,block_57_191,0
neg_3777,PSEUDO_NEGATIVE,24.23071800393207,92.22600495072707,,block_48_184,0
neg_3778,PSEUDO_NEGATIVE,23.052925199752952,91.64157084540547,,block_46_183,0
neg_3779,PSEUDO_NEGATIVE,26.282275584315293,90.78280690733308,,block_52_181,0
neg_3780,PSEUDO_NEGATIVE,27.070281793087283,95.12719064437036,,block_54_190,0
neg_3781,PSEUDO_NEGATIVE,26.30777207373951,93.723237681167,,block_52_187,0
neg_3782,PSEUDO_NEGATIVE,25.916027958116405,91.27942317106906,,block_51_182,0
neg_3783,PSEUDO_NEGATIVE,24.780066358291307,93.5472479064151,,block_49_187,0
neg_3784,PSEUDO_NEGATIVE,29.149319444147153,94.74759003602925,,block_58_189,0
neg_3785,PSEUDO_NEGATIVE,27.733225966643513,92.16287747697255,,block_55_184,0
neg_3786,PSEUDO_NEGATIVE,25.249375217905765,92.2884230071821,,block_50_184,0
neg_3787,PSEUDO_NEGATIVE,26.43068976437187,92.40284137714113,,block_52_184,0
neg_3788,PSEUDO_NEGATIVE,27.56526187464608,95.13271327074098,,block_55_190,0
neg_3789,PSEUDO_NEGATIVE,27.800000156746123,88.48772600148067,,block_55_176,0
neg_3790,PSEUDO_NEGATIVE,28.08940461116735,96.36221171959328,,block_56_192,0
neg_3791,PSEUDO_NEGATIVE,28.242340362415057,96.94816813251316,,block_56_193,0
neg_3792,PSEUDO_NEGATIVE,24.49177877400897,93.05424591952246,,block_48_186,0
neg_3793,PSEUDO_NEGATIVE,25.744447182205487,90.27893694590409,,block_51_180,0
neg_3794,PSEUDO_NEGATIVE,27.86957106968243,96.09796730159175,,block_55_192,0
neg_3795,PSEUDO_NEGATIVE,23.913248273200868,92.99198761974532,,block_47_185,0
neg_3796,PSEUDO_NEGATIVE,27.711482075427718,92.89065218838338,,block_55_185,0
neg_3797,PSEUDO_NEGATIVE,26.084929105849994,93.99289138339088,,block_52_187,0
neg_3798,PSEUDO_NEGATIVE,27.38801102999372,96.9389804737462,,block_54_193,0
neg_3799,PSEUDO_NEGATIVE,27.79521246837707,94.22123149959859,,block_55_188,0
neg_3800,PSEUDO_NEGATIVE,26.00358645442453,92.43656817912375,,block_52_184,0
neg_3801,PSEUDO_NEGATIVE,25.88607437538501,92.54993979855708,,block_51_185,0
neg_3802,PSEUDO_NEGATIVE,28.022299846662843,93.33340910826293,,block_56_186,0
neg_3803,PSEUDO_NEGATIVE,24.183169648594408,92.01483674554837,,block_48_184,0
neg_3804,PSEUDO_NEGATIVE,26.01845504813626,92.76164906220373,,block_52_185,0
neg_3805,PSEUDO_NEGATIVE,25.90573996086626,90.93486290858439,,block_51_181,0
neg_3806,PSEUDO_NEGATIVE,27.452731211074763,94.16718560062468,,block_54_188,0
neg_3807,PSEUDO_NEGATIVE,23.944857048124145,91.90149277029273,,block_47_183,0
neg_3808,PSEUDO_NEGATIVE,27.52188299995727,95.33123803226759,,block_55_190,0
neg_3809,PSEUDO_NEGATIVE,27.072149127280394,92.20477495474299,,block_54_184,0
neg_3810,PSEUDO_NEGATIVE,25.965306193939263,94.0560828395067,,block_51_188,0
neg_3811,PSEUDO_NEGATIVE,22.922824453191108,92.56300966970241,,block_45_185,0
neg_3812,PSEUDO_NEGATIVE,26.619302073273325,92.32685192276159,,block_53_184,0
neg_3813,PSEUDO_NEGATIVE,26.59243126944722,91.29373704114535,,block_53_182,0
neg_3814,PSEUDO_NEGATIVE,26.700409368462953,91.49636781808857,,block_53_182,0
neg_3815,PSEUDO_NEGATIVE,26.49312091252972,92.17013841705658,,block_52_184,0
neg_3816,PSEUDO_NEGATIVE,28.061340406200692,95.77122298806388,,block_56_191,0
neg_3817,PSEUDO_NEGATIVE,25.830199168884295,93.12688784178127,,block_51_186,0
neg_3818,PSEUDO_NEGATIVE,26.685450782726683,91.22051383468005,,block_53_182,0
neg_3819,PSEUDO_NEGATIVE,25.52180224387656,91.17304940743472,,block_51_182,0
neg_3820,PSEUDO_NEGATIVE,24.986364609900065,94.68343734594622,,block_49_189,0
neg_3821,PSEUDO_NEGATIVE,28.485772326143476,94.08734078708514,,block_56_188,0
neg_3822,PSEUDO_NEGATIVE,28.245375505021638,93.76580336994247,,block_56_187,0
neg_3823,PSEUDO_NEGATIVE,26.819282985796015,94.02264968298519,,block_53_188,0
neg_3824,PSEUDO_NEGATIVE,26.66128003770367,94.77735287747151,,block_53_189,0
neg_3825,PSEUDO_NEGATIVE,25.570262102285135,92.49209318982719,,block_51_184,0
neg_3826,PSEUDO_NEGATIVE,24.98193344550406,94.5285145664553,,block_49_189,0
neg_3827,PSEUDO_NEGATIVE,29.264441747020363,95.83292015717296,,block_58_191,0
neg_3828,PSEUDO_NEGATIVE,25.03569455401871,93.63619633444199,,block_50_187,0
neg_3829,PSEUDO_NEGATIVE,28.209399947407995,97.16069858037893,,block_56_194,0
neg_3830,PSEUDO_NEGATIVE,28.834018149688422,94.38043716640492,,block_57_188,0
neg_3831,PSEUDO_NEGATIVE,24.39476699829393,93.37283210988932,,block_48_186,0
neg_3832,PSEUDO_NEGATIVE,27.888492266065526,96.26073888471976,,block_55_192,0
neg_3833,PSEUDO_NEGATIVE,26.719421533494387,92.90401155575674,,block_53_185,0
neg_3834,PSEUDO_NEGATIVE,27.8851263673802,95.49415345178433,,block_55_190,0
neg_3835,PSEUDO_NEGATIVE,28.837095633468,94.972486247355,,block_57_189,0
neg_3836,PSEUDO_NEGATIVE,26.177033893174187,93.40170395192948,,block_52_186,0
neg_3837,PSEUDO_NEGATIVE,27.244099654127375,93.97985660078123,,block_54_187,0
neg_3838,PSEUDO_NEGATIVE,28.299463629762432,94.6332500402177,,block_56_189,0
neg_3839,PSEUDO_NEGATIVE,24.317551562000347,94.1913919688791,,block_48_188,0
neg_3840,PSEUDO_NEGATIVE,24.9441978745628,92.63146754523885,,block_49_185,0
neg_3841,PSEUDO_NEGATIVE,29.12277095887068,95.62739303345202,,block_58_191,0
neg_3842,PSEUDO_NEGATIVE,23.93405993573575,93.36650078230767,,block_47_186,0
neg_3843,PSEUDO_NEGATIVE,26.626993342437164,90.87430399198833,,block_53_181,0
neg_3844,PSEUDO_NEGATIVE,23.65710227487769,93.40094472290805,,block_47_186,0
neg_3845,PSEUDO_NEGATIVE,26.364863808051552,90.60546009691781,,block_52_181,0
neg_3846,PSEUDO_NEGATIVE,28.387904477203552,94.9498122313023,,block_56_189,0
neg_3847,PSEUDO_NEGATIVE,27.913002311693138,94.47556254759088,,block_55_188,0
neg_3848,PSEUDO_NEGATIVE,23.2263328395912,92.40681277397721,,block_46_184,0
neg_3849,PSEUDO_NEGATIVE,25.55865438108571,90.60600147247044,,block_51_181,0
neg_3850,PSEUDO_NEGATIVE,23.737129135051006,91.26030302212634,,block_47_182,0
neg_3851,PSEUDO_NEGATIVE,25.960842783226937,92.68736917904695,,block_51_185,0
neg_3852,PSEUDO_NEGATIVE,28.010185805462044,96.98660842540689,,block_56_193,0
neg_3853,PSEUDO_NEGATIVE,28.704743344500585,95.68750480457041,,block_57_191,0
neg_3854,PSEUDO_NEGATIVE,28.07889289281657,96.04499872493336,,block_56_192,0
neg_3855,PSEUDO_NEGATIVE,27.985961328269745,88.33457723594438,,block_55_176,0
neg_3856,PSEUDO_NEGATIVE,25.595987226495744,92.85860153219444,,block_51_185,0
neg_3857,PSEUDO_NEGATIVE,28.14944609572834,94.88794439250935,,block_56_189,0
neg_3858,PSEUDO_NEGATIVE,26.174065338167782,91.62287563762936,,block_52_183,0
neg_3859,PSEUDO_NEGATIVE,28.04593521896448,94.27585947312438,,block_56_188,0
neg_3860,PSEUDO_NEGATIVE,27.11237350433965,94.51166565913641,,block_54_189,0
neg_3861,PSEUDO_NEGATIVE,25.739416482444476,95.00453135367738,,block_51_190,0
neg_3862,PSEUDO_NEGATIVE,27.632758322162502,94.88770116793246,,block_55_189,0
neg_3863,PSEUDO_NEGATIVE,28.356801357719444,94.88718774643213,,block_56_189,0
neg_3864,PSEUDO_NEGATIVE,26.45920744784829,92.56456654080708,,block_52_185,0
neg_3865,PSEUDO_NEGATIVE,28.70831723637594,94.17057008949708,,block_57_188,0
neg_3866,PSEUDO_NEGATIVE,25.874820688854907,91.8317387036139,,block_51_183,0
neg_3867,PSEUDO_NEGATIVE,25.76274689730856,94.65258250262718,,block_51_189,0
neg_3868,PSEUDO_NEGATIVE,25.537610424595613,92.92565081508594,,block_51_185,0
neg_3869,PSEUDO_NEGATIVE,23.50191535259006,91.94776464743576,,block_47_183,0
neg_3870,PSEUDO_NEGATIVE,27.426353239310295,94.692055834398,,block_54_189,0
neg_3871,PSEUDO_NEGATIVE,22.118715188590045,93.01459235762272,,block_44_186,0
neg_3872,PSEUDO_NEGATIVE,27.67778640499677,93.48948993765431,,block_55_186,0
neg_3873,PSEUDO_NEGATIVE,26.775728576930646,91.25878681975051,,block_53_182,0
neg_3874,PSEUDO_NEGATIVE,24.058822693061032,93.15707228125292,,block_48_186,0
neg_3875,PSEUDO_NEGATIVE,23.87761351872395,92.51957614329676,,block_47_185,0
neg_3876,PSEUDO_NEGATIVE,24.77977807226851,92.84196031241304,,block_49_185,0
neg_3877,PSEUDO_NEGATIVE,27.946599691937614,95.7176519675583,,block_55_191,0
neg_3878,PSEUDO_NEGATIVE,25.235606160702325,93.53256995946748,,block_50_187,0
neg_3879,PSEUDO_NEGATIVE,22.923740633250205,92.97500618880993,,block_45_185,0
neg_3880,PSEUDO_NEGATIVE,27.756030803694674,94.61295503588084,,block_55_189,0
neg_3881,PSEUDO_NEGATIVE,25.56404335825871,90.27436948100647,,block_51_180,0
neg_3882,PSEUDO_NEGATIVE,25.66298086661918,93.23776939601969,,block_51_186,0
neg_3883,PSEUDO_NEGATIVE,24.052101938136257,92.51657326168566,,block_48_185,0
neg_3884,PSEUDO_NEGATIVE,24.499971525728583,93.54462747819716,,block_48_187,0
neg_3885,PSEUDO_NEGATIVE,27.37140107659424,94.25859502626733,,block_54_188,0
neg_3886,PSEUDO_NEGATIVE,26.354733638315352,93.1752779731419,,block_52_186,0
neg_3887,PSEUDO_NEGATIVE,25.855255787640917,92.49611747764038,,block_51_184,0
neg_3888,PSEUDO_NEGATIVE,24.012645682754442,92.11421929985988,,block_48_184,0
neg_3889,PSEUDO_NEGATIVE,25.791083347096286,92.6673891582784,,block_51_185,0
neg_3890,PSEUDO_NEGATIVE,26.502829346568873,91.54936583693002,,block_53_183,0
neg_3891,PSEUDO_NEGATIVE,28.451635666578944,96.2960798899623,,block_56_192,0
neg_3892,PSEUDO_NEGATIVE,25.607254394939194,93.20125744762109,,block_51_186,0
neg_3893,PSEUDO_NEGATIVE,27.76206327448132,92.56759324943964,,block_55_185,0
neg_3894,PSEUDO_NEGATIVE,26.568006323692988,93.48681023593704,,block_53_186,0
neg_3895,PSEUDO_NEGATIVE,26.120442613465578,90.35998380217625,,block_52_180,0
neg_3896,PSEUDO_NEGATIVE,26.036070748840125,91.69313091486016,,block_52_183,0
neg_3897,PSEUDO_NEGATIVE,25.40731991964401,92.34302185417718,,block_50_184,0
neg_3898,PSEUDO_NEGATIVE,29.066966734527927,95.87342276166673,,block_58_191,0
neg_3899,PSEUDO_NEGATIVE,27.06070368061161,93.93420542567453,,block_54_187,0
neg_3900,PSEUDO_NEGATIVE,28.072517196279428,96.64881482778162,,block_56_193,0
neg_3901,PSEUDO_NEGATIVE,27.88869566711459,93.6802581292763,,block_55_187,0
neg_3902,PSEUDO_NEGATIVE,27.88846661972339,96.20956078851812,,block_55_192,0
neg_3903,PSEUDO_NEGATIVE,28.21422646920913,95.65707747231063,,block_56_191,0
neg_3904,PSEUDO_NEGATIVE,28.01220453438848,93.78700276744983,,block_56_187,0
neg_3905,PSEUDO_NEGATIVE,27.47564646599066,95.96178972804049,,block_54_191,0
neg_3906,PSEUDO_NEGATIVE,24.77557463995173,94.18310864686586,,block_49_188,0
neg_3907,PSEUDO_NEGATIVE,28.419776591625777,96.03601664070943,,block_56_192,0
neg_3908,PSEUDO_NEGATIVE,26.714509481095686,90.9332744113449,,block_53_181,0
neg_3909,PSEUDO_NEGATIVE,25.281500511180194,93.52011595580024,,block_50_187,0
neg_3910,PSEUDO_NEGATIVE,27.922125243865136,95.58271826500926,,block_55_191,0
neg_3911,PSEUDO_NEGATIVE,25.386661878242414,89.99919323809866,,block_50_179,0
neg_3912,PSEUDO_NEGATIVE,27.66898930481741,92.23865062218587,,block_55_184,0
neg_3913,PSEUDO_NEGATIVE,25.956997178341904,91.81683604608229,,block_51_183,0
neg_3914,PSEUDO_NEGATIVE,26.73038988437308,93.48845503682867,,block_53_186,0
neg_3915,PSEUDO_NEGATIVE,25.843072823369198,90.55326443450448,,block_51_181,0
neg_3916,PSEUDO_NEGATIVE,25.365561259271846,92.40423192856409,,block_50_184,0
neg_3917,PSEUDO_NEGATIVE,27.626551077856135,92.17844836243312,,block_55_184,0
neg_3918,PSEUDO_NEGATIVE,23.586618865796922,92.51643204498342,,block_47_185,0
neg_3919,PSEUDO_NEGATIVE,26.263327283387213,90.91345777957046,,block_52_181,0
neg_3920,PSEUDO_NEGATIVE,28.224320107666685,97.3313845838847,,block_56_194,0
neg_3921,PSEUDO_NEGATIVE,26.398577383263728,92.20874575693585,,block_52_184,0
neg_3922,PSEUDO_NEGATIVE,27.065765769790886,95.69430906612047,,block_54_191,0
neg_3923,PSEUDO_NEGATIVE,28.792223438692044,96.23848035041932,,block_57_192,0
neg_3924,PSEUDO_NEGATIVE,27.179961568541458,93.50526591156354,,block_54_187,0
neg_3925,PSEUDO_NEGATIVE,27.52171383993342,92.48965177005074,,block_55_184,0
neg_3926,PSEUDO_NEGATIVE,26.216230095958743,90.85232264977304,,block_52_181,0
neg_3927,PSEUDO_NEGATIVE,23.975151850654985,92.65591336001438,,block_47_185,0
neg_3928,PSEUDO_NEGATIVE,27.393085571803134,96.73348788195504,,block_54_193,0
neg_3929,PSEUDO_NEGATIVE,26.157196991535965,91.28056223504615,,block_52_182,0
neg_3930,PSEUDO_NEGATIVE,27.71480670318155,96.62366329822098,,block_55_193,0
neg_3931,PSEUDO_NEGATIVE,25.17120029661479,91.43373815134223,,block_50_182,0
neg_3932,PSEUDO_NEGATIVE,28.53262345299397,95.75271136166634,,block_57_191,0
neg_3933,PSEUDO_NEGATIVE,27.200893349700785,93.52201061724534,,block_54_187,0
neg_3934,PSEUDO_NEGATIVE,26.403225121400297,94.52323955299049,,block_52_189,0
neg_3935,PSEUDO_NEGATIVE,26.808750239686653,91.38982067531629,,block_53_182,0
neg_3936,PSEUDO_NEGATIVE,26.45467831978082,90.230968103968,,block_52_180,0
neg_3937,PSEUDO_NEGATIVE,26.926731155854718,92.4690993080939,,block_53_184,0
neg_3938,PSEUDO_NEGATIVE,26.01164887465753,91.71412538838989,,block_52_183,0
neg_3939,PSEUDO_NEGATIVE,28.124526945086217,94.27189001176319,,block_56_188,0
neg_3940,PSEUDO_NEGATIVE,27.59882901028476,88.78174339897168,,block_55_177,0
neg_3941,PSEUDO_NEGATIVE,26.638498201695647,92.83413814730844,,block_53_185,0
neg_3942,PSEUDO_NEGATIVE,27.522988735332437,92.8127416187179,,block_55_185,0
neg_3943,PSEUDO_NEGATIVE,28.388077696431132,94.26048853346875,,block_56_188,0
neg_3944,PSEUDO_NEGATIVE,28.13138124243308,96.01535553936559,,block_56_192,0
neg_3945,PSEUDO_NEGATIVE,26.67353747980365,93.904418673541,,block_53_187,0
neg_3946,PSEUDO_NEGATIVE,25.084331090253407,93.69553905205375,,block_50_187,0
neg_3947,PSEUDO_NEGATIVE,26.671214474114407,93.71097655478206,,block_53_187,0
neg_3948,PSEUDO_NEGATIVE,26.243895304051875,90.14429014914288,,block_52_180,0
neg_3949,PSEUDO_NEGATIVE,27.89179414240803,93.01640704126909,,block_55_186,0
neg_3950,PSEUDO_NEGATIVE,28.629885035307858,93.96960717415354,,block_57_187,0
neg_3951,PSEUDO_NEGATIVE,26.47902248670934,92.33429652215413,,block_52_184,0
neg_3952,PSEUDO_NEGATIVE,27.577145403522497,92.0345232055142,,block_55_184,0
neg_3953,PSEUDO_NEGATIVE,27.246407594869357,93.09600859201744,,block_54_186,0
neg_3954,PSEUDO_NEGATIVE,26.497998486289728,92.88553009204944,,block_52_185,0
neg_3955,PSEUDO_NEGATIVE,26.915438133039977,94.52596802655154,,block_53_189,0
neg_3956,PSEUDO_NEGATIVE,27.7590180342372,96.55255509207674,,block_55_193,0
neg_3957,PSEUDO_NEGATIVE,25.55926112855162,92.50174656311624,,block_51_185,0
neg_3958,PSEUDO_NEGATIVE,23.924994481015396,91.66763084802726,,block_47_183,0
neg_3959,PSEUDO_NEGATIVE,26.630914589971376,91.24018502968701,,block_53_182,0
neg_3960,PSEUDO_NEGATIVE,26.606136498449168,93.33707473533636,,block_53_186,0
neg_3961,PSEUDO_NEGATIVE,28.212395363512805,97.1814112469206,,block_56_194,0
neg_3962,PSEUDO_NEGATIVE,24.53155100429509,93.30465532272832,,block_49_186,0
neg_3963,PSEUDO_NEGATIVE,23.559976743159282,92.96043689401111,,block_47_185,0
neg_3964,PSEUDO_NEGATIVE,24.672235822717603,93.22274327532678,,block_49_186,0
neg_3965,PSEUDO_NEGATIVE,26.02710751240332,91.39804122105593,,block_52_182,0
neg_3966,PSEUDO_NEGATIVE,29.102770601675232,94.57459820340452,,block_58_189,0
neg_3967,PSEUDO_NEGATIVE,22.95879692946151,92.38357386512915,,block_45_184,0
neg_3968,PSEUDO_NEGATIVE,29.20776927254541,95.88246840332636,,block_58_191,0
neg_3969,PSEUDO_NEGATIVE,28.648617896325472,94.41974795558674,,block_57_188,0
neg_3970,PSEUDO_NEGATIVE,25.86493850639616,89.905594211685,,block_51_179,0
neg_3971,PSEUDO_NEGATIVE,26.682152892695782,91.0667231278307,,block_53_182,0
neg_3972,PSEUDO_NEGATIVE,29.17316243918303,96.31901735483991,,block_58_192,0
neg_3973,PSEUDO_NEGATIVE,24.20716682399534,93.05500194448743,,block_48_186,0
neg_3974,PSEUDO_NEGATIVE,28.773550983123815,94.29485614414614,,block_57_188,0
neg_3975,PSEUDO_NEGATIVE,25.212795196259947,90.48069005649296,,block_50_180,0
neg_3976,PSEUDO_NEGATIVE,26.054125921310458,90.72740874003263,,block_52_181,0
neg_3977,PSEUDO_NEGATIVE,27.481294015927517,93.19179893030385,,block_54_186,0
neg_3978,PSEUDO_NEGATIVE,28.257075184840392,94.65847387101738,,block_56_189,0
neg_3979,PSEUDO_NEGATIVE,24.730831739414175,94.56243038996084,,block_49_189,0
neg_3980,PSEUDO_NEGATIVE,27.928193281926948,93.19514010543537,,block_55_186,0
neg_3981,PSEUDO_NEGATIVE,22.264755911121267,92.730214755774,,block_44_185,0
neg_3982,PSEUDO_NEGATIVE,26.824204464125692,93.97803359522753,,block_53_187,0
neg_3983,PSEUDO_NEGATIVE,23.40842744207523,91.42284460394974,,block_46_182,0
neg_3984,PSEUDO_NEGATIVE,27.764071053336952,88.81723241723051,,block_55_177,0
neg_3985,PSEUDO_NEGATIVE,28.851229379363744,95.29715885293542,,block_57_190,0
neg_3986,PSEUDO_NEGATIVE,27.11225602112006,95.84734550347048,,block_54_191,0
neg_3987,PSEUDO_NEGATIVE,25.283080751451394,92.99632762613203,,block_50_185,0
neg_3988,PSEUDO_NEGATIVE,27.997796571689193,93.01627955864672,,block_55_186,0
neg_3989,PSEUDO_NEGATIVE,27.670165551504997,92.42634577234602,,block_55_184,0
neg_3990,PSEUDO_NEGATIVE,27.974472352528842,95.98572917079859,,block_55_191,0
neg_3991,PSEUDO_NEGATIVE,26.18283469000023,92.16377389147168,,block_52_184,0
neg_3992,PSEUDO_NEGATIVE,27.072707648810656,95.38139226900489,,block_54_190,0
neg_3993,PSEUDO_NEGATIVE,27.66533054797592,92.39671736262564,,block_55_184,0
neg_3994,PSEUDO_NEGATIVE,24.85681510272826,93.16522737561075,,block_49_186,0
neg_3995,PSEUDO_NEGATIVE,29.33968552336646,95.9793614428674,,block_58_191,0
neg_3996,PSEUDO_NEGATIVE,27.649496084664953,96.25502863732821,,block_55_192,0
neg_3997,PSEUDO_NEGATIVE,26.422856479168512,91.53403345772182,,block_52_183,0
neg_3998,PSEUDO_NEGATIVE,23.96943895432836,92.06665581762144,,block_47_184,0
neg_3999,PSEUDO_NEGATIVE,25.757663506498268,93.43101076892277,,block_51_186,0
neg_4000,PSEUDO_NEGATIVE,25.823234403573032,93.8038198633661,,block_51_187,0
neg_4001,PSEUDO_NEGATIVE,28.759029307993412,94.96045162154898,,block_57_189,0
neg_4002,PSEUDO_NEGATIVE,27.582528211718554,94.86691266498532,,block_55_189,0
neg_4003,PSEUDO_NEGATIVE,27.043368122664837,95.03278182063572,,block_54_190,0
neg_4004,PSEUDO_NEGATIVE,28.602654107993633,94.36028558549285,,block_57_188,0
neg_4005,PSEUDO_NEGATIVE,24.677762919496676,94.0414592925788,,block_49_188,0
neg_4006,PSEUDO_NEGATIVE,29.06972488062265,96.09133464082207,,block_58_192,0
neg_4007,PSEUDO_NEGATIVE,25.791973696752535,92.81777755415763,,block_51_185,0
neg_4008,PSEUDO_NEGATIVE,26.272890951874317,91.72170177510947,,block_52_183,0
neg_4009,PSEUDO_NEGATIVE,29.34965627379021,95.98674026846726,,block_58_191,0
neg_4010,PSEUDO_NEGATIVE,27.74130103762915,95.80523921797999,,block_55_191,0
neg_4011,PSEUDO_NEGATIVE,24.403362670961886,93.89074177433704,,block_48_187,0
neg_4012,PSEUDO_NEGATIVE,27.300852201527793,93.33630271973654,,block_54_186,0
neg_4013,PSEUDO_NEGATIVE,27.250725039462758,93.37963577420703,,block_54_186,0
neg_4014,PSEUDO_NEGATIVE,25.161869066696198,92.75904667405544,,block_50_185,0
neg_4015,PSEUDO_NEGATIVE,24.288115655059663,92.76940154961856,,block_48_185,0
neg_4016,PSEUDO_NEGATIVE,27.95999839750265,88.67720760373113,,block_55_177,0
neg_4017,PSEUDO_NEGATIVE,25.524830201264336,90.90864230962379,,block_51_181,0
neg_4018,PSEUDO_NEGATIVE,28.16096560997825,97.31523582698316,,block_56_194,0
neg_4019,PSEUDO_NEGATIVE,26.897675917998765,94.03403509027012,,block_53_188,0
neg_4020,PSEUDO_NEGATIVE,28.965694468038883,94.42374089308775,,block_57_188,0
neg_4021,PSEUDO_NEGATIVE,25.385365729093447,90.94748255258013,,block_50_181,0
neg_4022,PSEUDO_NEGATIVE,25.60347134894697,90.74498040068508,,block_51_181,0
neg_4023,PSEUDO_NEGATIVE,29.021335434119717,95.45388897648634,,block_58_190,0
neg_4024,PSEUDO_NEGATIVE,23.11689254953771,93.17951579912717,,block_46_186,0
neg_4025,PSEUDO_NEGATIVE,27.871286032411795,95.92174551735576,,block_55_191,0
neg_4026,PSEUDO_NEGATIVE,24.369450767527848,92.11343495479572,,block_48_184,0
neg_4027,PSEUDO_NEGATIVE,26.887235887323644,93.94381194001659,,block_53_187,0
neg_4028,PSEUDO_NEGATIVE,23.85069121434864,91.47533815983024,,block_47_182,0
neg_4029,PSEUDO_NEGATIVE,24.999963441588502,94.63351225352739,,block_49_189,0
neg_4030,PSEUDO_NEGATIVE,25.158149671929245,92.69739051375642,,block_50_185,0
neg_4031,PSEUDO_NEGATIVE,25.603393133267897,93.06597557882758,,block_51_186,0
neg_4032,PSEUDO_NEGATIVE,26.464605787910855,90.47081772518692,,block_52_180,0
neg_4033,PSEUDO_NEGATIVE,24.765425436784568,94.2104808363369,,block_49_188,0
neg_4034,PSEUDO_NEGATIVE,26.17732448974272,89.72717201040157,,block_52_179,0
neg_4035,PSEUDO_NEGATIVE,26.18817669581869,91.52053257465093,,block_52_183,0
neg_4036,PSEUDO_NEGATIVE,27.112589810835548,95.09614641108232,,block_54_190,0
neg_4037,PSEUDO_NEGATIVE,28.11602162537875,93.52876225788968,,block_56_187,0
neg_4038,PSEUDO_NEGATIVE,28.890972471775306,95.36204834951984,,block_57_190,0
neg_4039,PSEUDO_NEGATIVE,26.857995026715752,92.1780315297605,,block_53_184,0
neg_4040,PSEUDO_NEGATIVE,26.153414452549395,92.61535820895567,,block_52_185,0
neg_4041,PSEUDO_NEGATIVE,27.579409027420123,88.24244580286641,,block_55_176,0
neg_4042,PSEUDO_NEGATIVE,25.102552198006997,93.4230617910774,,block_50_186,0
neg_4043,PSEUDO_NEGATIVE,25.724847674406192,91.04601329781957,,block_51_182,0
neg_4044,PSEUDO_NEGATIVE,25.34316912130157,92.37829819717886,,block_50_184,0
neg_4045,PSEUDO_NEGATIVE,24.317411032594663,92.40016556163575,,block_48_184,0
neg_4046,PSEUDO_NEGATIVE,27.793314887532645,88.49686284172289,,block_55_176,0
neg_4047,PSEUDO_NEGATIVE,26.572644796267248,92.70115772860228,,block_53_185,0
neg_4048,PSEUDO_NEGATIVE,27.368603322961377,94.64997137824201,,block_54_189,0
neg_4049,PSEUDO_NEGATIVE,23.388651041531705,92.63130103424638,,block_46_185,0
neg_4050,PSEUDO_NEGATIVE,27.35098856257936,93.10183820906225,,block_54_186,0
neg_4051,PSEUDO_NEGATIVE,27.1438001452305,97.0587342085531,,block_54_194,0
neg_4052,PSEUDO_NEGATIVE,28.269664162355546,93.97818772645725,,block_56_187,0
neg_4053,PSEUDO_NEGATIVE,28.272257335720305,95.44295060462694,,block_56_190,0
neg_4054,PSEUDO_NEGATIVE,25.5444920059426,94.09932385811604,,block_51_188,0
neg_4055,PSEUDO_NEGATIVE,26.064585939051632,91.50610686600871,,block_52_183,0
neg_4056,PSEUDO_NEGATIVE,25.499020716863793,94.44912909394839,,block_50_188,0
neg_4057,PSEUDO_NEGATIVE,26.82800894604187,94.339725650195,,block_53_188,0
neg_4058,PSEUDO_NEGATIVE,26.45351036793875,91.0201364188867,,block_52_182,0
neg_4059,PSEUDO_NEGATIVE,24.037732957554553,91.80195726805633,,block_48_183,0
neg_4060,PSEUDO_NEGATIVE,26.555834891139437,90.1598329228382,,block_53_180,0
neg_4061,PSEUDO_NEGATIVE,25.275453019138812,91.98323778275014,,block_50_183,0
neg_4062,PSEUDO_NEGATIVE,27.612116117816935,94.97065084718339,,block_55_189,0
neg_4063,PSEUDO_NEGATIVE,27.762992509853795,94.45523414399098,,block_55_188,0
neg_4064,PSEUDO_NEGATIVE,25.299393910786776,93.01558811428394,,block_50_186,0
neg_4065,PSEUDO_NEGATIVE,27.55092167808155,96.46479022757119,,block_55_192,0
neg_4066,PSEUDO_NEGATIVE,25.929478320730873,91.22894740899058,,block_51_182,0
neg_4067,PSEUDO_NEGATIVE,27.727845471142736,95.59834428190977,,block_55_191,0
neg_4068,PSEUDO_NEGATIVE,25.37931864178894,93.62788980885307,,block_50_187,0
neg_4069,PSEUDO_NEGATIVE,25.81786122652271,89.98752553303856,,block_51_179,0
neg_4070,PSEUDO_NEGATIVE,26.19352442838803,93.42905283453842,,block_52_186,0
neg_4071,PSEUDO_NEGATIVE,24.72678052548449,94.51402626707451,,block_49_189,0
neg_4072,PSEUDO_NEGATIVE,22.438234404566995,93.02178198957951,,block_44_186,0
neg_4073,PSEUDO_NEGATIVE,25.788757328939656,93.2066883033673,,block_51_186,0
neg_4074,PSEUDO_NEGATIVE,25.03157911073537,92.70075292781353,,block_50_185,0
neg_4075,PSEUDO_NEGATIVE,26.84634137220671,94.51589173680355,,block_53_189,0
neg_4076,PSEUDO_NEGATIVE,27.671132778399528,96.31664757034368,,block_55_192,0
neg_4077,PSEUDO_NEGATIVE,23.91169891042233,91.25395462805238,,block_47_182,0
neg_4078,PSEUDO_NEGATIVE,28.17938116823239,95.73277802765217,,block_56_191,0
neg_4079,PSEUDO_NEGATIVE,28.4699196664617,94.75165942856462,,block_56_189,0
neg_4080,PSEUDO_NEGATIVE,27.380042274013825,96.63719853587045,,block_54_193,0
neg_4081,PSEUDO_NEGATIVE,25.166328562772065,92.30530531646102,,block_50_184,0
neg_4082,PSEUDO_NEGATIVE,25.69267734999368,93.03215226565109,,block_51_186,0
neg_4083,PSEUDO_NEGATIVE,26.01736213853954,92.33362728836133,,block_52_184,0
neg_4084,PSEUDO_NEGATIVE,25.47684218967621,90.7560241417627,,block_50_181,0
neg_4085,PSEUDO_NEGATIVE,25.33458504203362,90.77216323081312,,block_50_181,0
neg_4086,PSEUDO_NEGATIVE,28.868738082235932,94.49780468706754,,block_57_188,0
neg_4087,PSEUDO_NEGATIVE,26.31884402622909,90.36097808437529,,block_52_180,0
neg_4088,PSEUDO_NEGATIVE,26.4907254505325,91.96616383311458,,block_52_183,0
neg_4089,PSEUDO_NEGATIVE,28.84328742730853,94.72544880847845,,block_57_189,0
neg_4090,PSEUDO_NEGATIVE,25.045308408376737,94.09778154136494,,block_50_188,0
neg_4091,PSEUDO_NEGATIVE,28.447988463014106,95.51812700018995,,block_56_191,0
neg_4092,PSEUDO_NEGATIVE,26.137765026621516,92.58973831439101,,block_52_185,0
neg_4093,PSEUDO_NEGATIVE,27.663050649049815,88.44636909155551,,block_55_176,0
neg_4094,PSEUDO_NEGATIVE,26.631630013506282,92.80017643060158,,block_53_185,0
neg_4095,PSEUDO_NEGATIVE,25.80335571356254,91.54106439931303,,block_51_183,0
neg_4096,PSEUDO_NEGATIVE,28.394309396948014,94.39822275421905,,block_56_188,0
neg_4097,PSEUDO_NEGATIVE,25.877167974093453,93.07876816975714,,block_51_186,0
neg_4098,PSEUDO_NEGATIVE,28.93247816266381,95.84130240791653,,block_57_191,0
neg_4099,PSEUDO_NEGATIVE,26.562240952782837,91.66706479593903,,block_53_183,0
neg_4100,PSEUDO_NEGATIVE,27.164360809246524,93.00658721854833,,block_54_186,0
neg_4101,PSEUDO_NEGATIVE,27.026289558958034,95.65621813981832,,block_54_191,0
neg_4102,PSEUDO_NEGATIVE,27.568020352803167,96.62886317936811,,block_55_193,0
neg_4103,PSEUDO_NEGATIVE,28.963952477518564,95.04033759174484,,block_57_190,0
neg_4104,PSEUDO_NEGATIVE,29.08003216472266,94.60278029766665,,block_58_189,0
neg_4105,PSEUDO_NEGATIVE,27.54968524616304,91.82297903381861,,block_55_183,0
neg_4106,PSEUDO_NEGATIVE,27.25216990112476,92.51518337787351,,block_54_185,0
neg_4107,PSEUDO_NEGATIVE,28.4267157890802,96.00287301010383,,block_56_192,0
neg_4108,PSEUDO_NEGATIVE,27.72998621074695,88.52578589315773,,block_55_177,0
neg_4109,PSEUDO_NEGATIVE,24.609041775490816,93.48970577579941,,block_49_186,0
neg_4110,PSEUDO_NEGATIVE,27.420984002963294,94.58336422912011,,block_54_189,0
neg_4111,PSEUDO_NEGATIVE,26.336737975493637,93.99373901019109,,block_52_187,0
neg_4112,PSEUDO_NEGATIVE,26.801418348385273,90.18875873356944,,block_53_180,0
neg_4113,PSEUDO_NEGATIVE,28.723104128320745,95.01360226950507,,block_57_190,0
neg_4114,PSEUDO_NEGATIVE,26.477386216150506,91.31114319582132,,block_52_182,0
neg_4115,PSEUDO_NEGATIVE,25.43586160672419,94.48103477444062,,block_50_188,0
neg_4116,PSEUDO_NEGATIVE,26.119205112153757,91.03649093165616,,block_52_182,0
neg_4117,PSEUDO_NEGATIVE,27.382189097884673,92.74281271017128,,block_54_185,0
neg_4118,PSEUDO_NEGATIVE,26.732748405524504,92.22860677700803,,block_53_184,0
neg_4119,PSEUDO_NEGATIVE,27.195965672772694,93.4648408210068,,block_54_186,0
neg_4120,PSEUDO_NEGATIVE,25.659244371866897,93.34245208521665,,block_51_186,0
neg_4121,PSEUDO_NEGATIVE,26.548201116415278,91.48602344525507,,block_53_182,0
neg_4122,PSEUDO_NEGATIVE,24.363997092945777,94.09625988644295,,block_48_188,0
neg_4123,PSEUDO_NEGATIVE,26.17990212884962,93.93648784592749,,block_52_187,0
neg_4124,PSEUDO_NEGATIVE,25.267639378249424,90.82340751313488,,block_50_181,0
neg_4125,PSEUDO_NEGATIVE,28.28279179167233,96.43716366960469,,block_56_192,0
neg_4126,PSEUDO_NEGATIVE,26.149545867028436,93.86809690924552,,block_52_187,0
neg_4127,PSEUDO_NEGATIVE,29.059654092933595,94.48298077092812,,block_58_188,0
neg_4128,PSEUDO_NEGATIVE,28.696072562652724,95.27221715136007,,block_57_190,0
neg_4129,PSEUDO_NEGATIVE,26.80380673871583,92.70586246953786,,block_53_185,0
neg_4130,PSEUDO_NEGATIVE,27.788799480875852,88.69847555240214,,block_55_177,0
neg_4131,PSEUDO_NEGATIVE,27.900139103322708,94.24922404195189,,block_55_188,0
neg_4132,PSEUDO_NEGATIVE,25.49924055928834,91.62574255758018,,block_50_183,0
neg_4133,PSEUDO_NEGATIVE,26.634504836059957,90.46352442766991,,block_53_180,0
neg_4134,PSEUDO_NEGATIVE,27.43874179090603,94.4220987757108,,block_54_188,0
neg_4135,PSEUDO_NEGATIVE,26.794291677696805,95.46640938511698,,block_53_190,0
neg_4136,PSEUDO_NEGATIVE,28.15282921040615,96.47107539597587,,block_56_192,0
neg_4137,PSEUDO_NEGATIVE,23.15222144042866,92.49503490011199,,block_46_184,0
neg_4138,PSEUDO_NEGATIVE,24.30908215366869,93.34092109035423,,block_48_186,0
neg_4139,PSEUDO_NEGATIVE,28.111475774915828,93.71315211343112,,block_56_187,0
neg_4140,PSEUDO_NEGATIVE,25.717780275616033,91.44876377616913,,block_51_182,0
neg_4141,PSEUDO_NEGATIVE,27.730242076595864,93.86007981646516,,block_55_187,0
neg_4142,PSEUDO_NEGATIVE,22.28561862279505,93.1233358119459,,block_44_186,0
neg_4143,PSEUDO_NEGATIVE,24.883418665290733,93.27892610009286,,block_49_186,0
neg_4144,PSEUDO_NEGATIVE,27.678852576582802,96.28141439190678,,block_55_192,0
neg_4145,PSEUDO_NEGATIVE,26.65786832444416,92.59712737132642,,block_53_185,0
neg_4146,PSEUDO_NEGATIVE,27.30758863902069,94.54026239894934,,block_54_189,0
neg_4147,PSEUDO_NEGATIVE,27.388544919827403,95.34818262527547,,block_54_190,0
neg_4148,PSEUDO_NEGATIVE,23.90257436411452,91.4580705049683,,block_47_182,0
neg_4149,PSEUDO_NEGATIVE,22.11140118302358,92.63507167339448,,block_44_185,0
neg_4150,PSEUDO_NEGATIVE,23.846373632529232,92.8808431406516,,block_47_185,0
neg_4151,PSEUDO_NEGATIVE,25.390150203968442,90.12528031399303,,block_50_180,0
neg_4152,PSEUDO_NEGATIVE,28.17387281408656,95.10548480314038,,block_56_190,0
neg_4153,PSEUDO_NEGATIVE,23.48815351198842,91.70711502317575,,block_46_183,0
neg_4154,PSEUDO_NEGATIVE,28.381100853577017,94.99691991493158,,block_56_189,0
neg_4155,PSEUDO_NEGATIVE,28.654977509708715,95.09740542122147,,block_57_190,0
neg_4156,PSEUDO_NEGATIVE,26.25731647202068,91.56368757695935,,block_52_183,0
neg_4157,PSEUDO_NEGATIVE,27.763294625013206,88.56801336400613,,block_55_177,0
neg_4158,PSEUDO_NEGATIVE,24.91881966603386,93.68320287397732,,block_49_187,0
neg_4159,PSEUDO_NEGATIVE,22.10085288292157,92.65748769750066,,block_44_185,0
neg_4160,PSEUDO_NEGATIVE,27.17052045165456,93.18935848631978,,block_54_186,0
neg_4161,PSEUDO_NEGATIVE,26.635189311594246,94.12025185829651,,block_53_188,0
neg_4162,PSEUDO_NEGATIVE,27.464783960875508,95.90285829626796,,block_54_191,0
neg_4163,PSEUDO_NEGATIVE,27.112815240332015,93.17385051763189,,block_54_186,0
neg_4164,PSEUDO_NEGATIVE,27.841094802184696,97.06023952080943,,block_55_194,0
neg_4165,PSEUDO_NEGATIVE,25.15557821517161,93.101013194557,,block_50_186,0
neg_4166,PSEUDO_NEGATIVE,25.616696893315282,91.72596505622211,,block_51_183,0
neg_4167,PSEUDO_NEGATIVE,26.175701397605447,93.96811544604287,,block_52_187,0
neg_4168,PSEUDO_NEGATIVE,25.831181008171512,94.93771015337344,,block_51_189,0
neg_4169,PSEUDO_NEGATIVE,24.886000696977607,92.61628155862692,,block_49_185,0
neg_4170,PSEUDO_NEGATIVE,23.632685625574986,92.2992632979856,,block_47_184,0
neg_4171,PSEUDO_NEGATIVE,25.261213773891125,91.75657700561564,,block_50_183,0
neg_4172,PSEUDO_NEGATIVE,24.194513380803308,92.82098738083484,,block_48_185,0
neg_4173,PSEUDO_NEGATIVE,25.23953408118185,93.11407120421346,,block_50_186,0
neg_4174,PSEUDO_NEGATIVE,27.271175485612485,94.68658917705159,,block_54_189,0
neg_4175,PSEUDO_NEGATIVE,28.87249018725725,96.08162797736739,,block_57_192,0
neg_4176,PSEUDO_NEGATIVE,27.58871955340655,88.20807161746416,,block_55_176,0
neg_4177,PSEUDO_NEGATIVE,26.692503431804937,91.56338811316093,,block_53_183,0
neg_4178,PSEUDO_NEGATIVE,27.53554054667501,92.70729657199905,,block_55_185,0
neg_4179,PSEUDO_NEGATIVE,23.7756692475549,92.76163748859436,,block_47_185,0
neg_4180,PSEUDO_NEGATIVE,27.819243438387453,95.9488819861537,,block_55_191,0
neg_4181,PSEUDO_NEGATIVE,27.042604926768337,93.93970342612464,,block_54_187,0
neg_4182,PSEUDO_NEGATIVE,22.94626779523959,92.66750451243745,,block_45_185,0
neg_4183,PSEUDO_NEGATIVE,25.483982164367568,90.51032325668407,,block_50_181,0
neg_4184,PSEUDO_NEGATIVE,23.66133080770524,91.45591475953408,,block_47_182,0
neg_4185,PSEUDO_NEGATIVE,27.8743870604644,88.52033508164905,,block_55_177,0
neg_4186,PSEUDO_NEGATIVE,26.259259169148326,91.82004283234403,,block_52_183,0
neg_4187,PSEUDO_NEGATIVE,25.030160764655577,94.5158299552856,,block_50_189,0
neg_4188,PSEUDO_NEGATIVE,23.990718428816447,92.96028752257398,,block_47_185,0
neg_4189,PSEUDO_NEGATIVE,25.60130777845114,93.36187725893232,,block_51_186,0
neg_4190,PSEUDO_NEGATIVE,27.315214236243254,93.41817526185967,,block_54_186,0
neg_4191,PSEUDO_NEGATIVE,28.065887953172936,93.58282719532967,,block_56_187,0
neg_4192,PSEUDO_NEGATIVE,27.591234053244474,92.02081963431188,,block_55_184,0
neg_4193,PSEUDO_NEGATIVE,27.194914358984242,95.92015272033171,,block_54_191,0
neg_4194,PSEUDO_NEGATIVE,25.206936536664312,92.46171621547843,,block_50_184,0
neg_4195,PSEUDO_NEGATIVE,28.96965992780695,96.35654010596022,,block_57_192,0
neg_4196,PSEUDO_NEGATIVE,28.648287745374397,94.75342924240852,,block_57_189,0
neg_4197,PSEUDO_NEGATIVE,27.46535012058423,93.69677057990644,,block_54_187,0
neg_4198,PSEUDO_NEGATIVE,27.360082425865027,94.4564046709401,,block_54_188,0
neg_4199,PSEUDO_NEGATIVE,24.05741082158357,94.16746382248182,,block_48_188,0
neg_4200,PSEUDO_NEGATIVE,28.408905286017347,96.21519377523133,,block_56_192,0
neg_4201,PSEUDO_NEGATIVE,27.814213547060607,96.83515370877846,,block_55_193,0
neg_4202,PSEUDO_NEGATIVE,27.21126666515777,96.01996092283089,,block_54_192,0
neg_4203,PSEUDO_NEGATIVE,27.781399824754242,95.39944947933172,,block_55_190,0
neg_4204,PSEUDO_NEGATIVE,28.64118896263207,96.38421339462046,,block_57_192,0
neg_4205,PSEUDO_NEGATIVE,25.486226858335417,91.37648041754056,,block_50_182,0
neg_4206,PSEUDO_NEGATIVE,24.98091393861253,92.6242613851541,,block_49_185,0
neg_4207,PSEUDO_NEGATIVE,23.98178331287819,92.28964011919129,,block_47_184,0
neg_4208,PSEUDO_NEGATIVE,27.30341245226475,88.90104929195809,,block_54_177,0
neg_4209,PSEUDO_NEGATIVE,25.86522843842961,93.58846500224915,,block_51_187,0
neg_4210,PSEUDO_NEGATIVE,27.31548631591523,88.76822334451724,,block_54_177,0
neg_4211,PSEUDO_NEGATIVE,26.281873961365385,91.41446407379432,,block_52_182,0
neg_4212,PSEUDO_NEGATIVE,27.749095343767873,92.85209473686005,,block_55_185,0
neg_4213,PSEUDO_NEGATIVE,26.05431270093201,94.12442678358187,,block_52_188,0
neg_4214,PSEUDO_NEGATIVE,27.4328684878825,92.30981719825029,,block_54_184,0
neg_4215,PSEUDO_NEGATIVE,28.643906385597568,93.94571635262741,,block_57_187,0
neg_4216,PSEUDO_NEGATIVE,27.60732899113365,94.83449359719759,,block_55_189,0
neg_4217,PSEUDO_NEGATIVE,24.986959887082413,93.37446176508769,,block_49_186,0
neg_4218,PSEUDO_NEGATIVE,28.199980076702612,94.07791989427892,,block_56_188,0
neg_4219,PSEUDO_NEGATIVE,28.22294626946224,95.04307437524973,,block_56_190,0
neg_4220,PSEUDO_NEGATIVE,25.068553425258184,94.70778628310158,,block_50_189,0
neg_4221,PSEUDO_NEGATIVE,27.704222635204278,95.06372518532933,,block_55_190,0
neg_4222,PSEUDO_NEGATIVE,27.938011489202843,94.63923062779125,,block_55_189,0
neg_4223,PSEUDO_NEGATIVE,27.18385732215561,92.09082392023544,,block_54_184,0
neg_4224,PSEUDO_NEGATIVE,27.39127626056939,93.08375448836703,,block_54_186,0
neg_4225,PSEUDO_NEGATIVE,25.25647751847327,92.01446271856409,,block_50_184,0
neg_4226,PSEUDO_NEGATIVE,24.903270923640015,94.36362830248521,,block_49_188,0
neg_4227,PSEUDO_NEGATIVE,28.429194529263118,95.58077394350892,,block_56_191,0
neg_4228,PSEUDO_NEGATIVE,22.557714433136372,92.84044023620038,,block_45_185,0
neg_4229,PSEUDO_NEGATIVE,27.676428100540225,93.40270528777998,,block_55_186,0
neg_4230,PSEUDO_NEGATIVE,27.969006311312487,95.9012861585607,,block_55_191,0
neg_4231,PSEUDO_NEGATIVE,25.64350873605917,90.16715270311187,,block_51_180,0
neg_4232,PSEUDO_NEGATIVE,25.949205621867936,91.33655256147108,,block_51_182,0
neg_4233,PSEUDO_NEGATIVE,27.352701681730647,95.7507900402556,,block_54_191,0
neg_4234,PSEUDO_NEGATIVE,27.4734530278452,94.71518021913064,,block_54_189,0
neg_4235,PSEUDO_NEGATIVE,22.304370502028483,93.10625185604027,,block_44_186,0
neg_4236,PSEUDO_NEGATIVE,27.089278552985196,93.943203934218,,block_54_187,0
neg_4237,PSEUDO_NEGATIVE,25.600179648179374,93.14579674216961,,block_51_186,0
neg_4238,PSEUDO_NEGATIVE,25.88061244254705,94.68212234550823,,block_51_189,0
neg_4239,PSEUDO_NEGATIVE,25.99928316783743,90.09110394833635,,block_51_180,0
neg_4240,PSEUDO_NEGATIVE,27.32099233199335,93.91484645116876,,block_54_187,0
neg_4241,PSEUDO_NEGATIVE,25.870200047067016,91.40899968443334,,block_51_182,0
neg_4242,PSEUDO_NEGATIVE,26.56342947868523,93.70757473860861,,block_53_187,0
neg_4243,PSEUDO_NEGATIVE,28.844160307674137,94.36322212456184,,block_57_188,0
neg_4244,PSEUDO_NEGATIVE,25.835900224410477,90.04631278641942,,block_51_180,0
neg_4245,PSEUDO_NEGATIVE,26.413358058590813,91.51683069706762,,block_52_183,0
neg_4246,PSEUDO_NEGATIVE,26.320571445409122,94.33741095925642,,block_52_188,0
neg_4247,PSEUDO_NEGATIVE,27.823268307844536,94.40079215644681,,block_55_188,0
neg_4248,PSEUDO_NEGATIVE,28.564827154036404,94.92254664826315,,block_57_189,0
neg_4249,PSEUDO_NEGATIVE,25.8824616035549,93.99622687182045,,block_51_187,0
neg_4250,PSEUDO_NEGATIVE,27.732339861093898,91.79076079483765,,block_55_183,0
neg_4251,PSEUDO_NEGATIVE,25.656013443867774,92.42769374310994,,block_51_184,0
neg_4252,PSEUDO_NEGATIVE,28.51832709508841,95.79107890383503,,block_57_191,0
neg_4253,PSEUDO_NEGATIVE,26.28524601427393,92.99978750667337,,block_52_185,0
neg_4254,PSEUDO_NEGATIVE,23.774259739232633,93.25943059985046,,block_47_186,0
neg_4255,PSEUDO_NEGATIVE,24.623649119612637,93.78699541119377,,block_49_187,0
neg_4256,PSEUDO_NEGATIVE,23.014436436515478,92.4152059509058,,block_46_184,0
neg_4257,PSEUDO_NEGATIVE,26.488252493400125,93.7818151858902,,block_52_187,0
neg_4258,PSEUDO_NEGATIVE,23.428075827867676,93.29109270326751,,block_46_186,0
neg_4259,PSEUDO_NEGATIVE,26.891769185959873,92.33532034401554,,block_53_184,0
neg_4260,PSEUDO_NEGATIVE,27.37060480530578,95.77219899853574,,block_54_191,0
neg_4261,PSEUDO_NEGATIVE,24.06661581529486,92.74692602939133,,block_48_185,0
neg_4262,PSEUDO_NEGATIVE,27.427152962789542,95.02922492294186,,block_54_190,0
neg_4263,PSEUDO_NEGATIVE,27.742832394226756,96.33374080335786,,block_55_192,0
neg_4264,PSEUDO_NEGATIVE,25.46461715927083,91.35959695258703,,block_50_182,0
neg_4265,PSEUDO_NEGATIVE,27.94169158371482,95.39678496771494,,block_55_190,0
neg_4266,PSEUDO_NEGATIVE,27.76084338259071,94.17516795561794,,block_55_188,0
neg_4267,PSEUDO_NEGATIVE,27.609326295036094,95.65733076722245,,block_55_191,0
neg_4268,PSEUDO_NEGATIVE,29.206382238621472,95.85268102304178,,block_58_191,0
neg_4269,PSEUDO_NEGATIVE,27.759546065155277,96.38348631471946,,block_55_192,0
neg_4270,PSEUDO_NEGATIVE,25.26332391715302,93.57810117281565,,block_50_187,0
neg_4271,PSEUDO_NEGATIVE,25.725565754684684,91.71367084147619,,block_51_183,0
neg_4272,PSEUDO_NEGATIVE,27.57648899598131,88.54292370235989,,block_55_177,0
neg_4273,PSEUDO_NEGATIVE,26.236928061406502,93.56191102705719,,block_52_187,0
neg_4274,PSEUDO_NEGATIVE,27.996834619512967,96.95163759748588,,block_55_193,0
neg_4275,PSEUDO_NEGATIVE,24.623285790597112,92.96686320613014,,block_49_185,0
neg_4276,PSEUDO_NEGATIVE,28.151338554822075,92.74139665996738,,block_56_185,0
neg_4277,PSEUDO_NEGATIVE,22.382582575372073,92.89846224584785,,block_44_185,0
neg_4278,PSEUDO_NEGATIVE,24.258594345964617,93.84583907673458,,block_48_187,0
neg_4279,PSEUDO_NEGATIVE,23.51072543877914,91.78219529121992,,block_47_183,0
neg_4280,PSEUDO_NEGATIVE,25.253850380324984,92.31982508484228,,block_50_184,0
neg_4281,PSEUDO_NEGATIVE,27.483380318779098,93.47868581229255,,block_54_186,0
neg_4282,PSEUDO_NEGATIVE,26.266602037867337,94.39744703328287,,block_52_188,0
neg_4283,PSEUDO_NEGATIVE,26.089493444515394,91.8424880778455,,block_52_183,0
neg_4284,PSEUDO_NEGATIVE,25.860616822366055,90.0831424401675,,block_51_180,0
neg_4285,PSEUDO_NEGATIVE,26.032941150378267,94.71769854219373,,block_52_189,0
neg_4286,PSEUDO_NEGATIVE,28.093410760894614,92.84687425158677,,block_56_185,0
neg_4287,PSEUDO_NEGATIVE,23.366973853130787,92.8753877662769,,block_46_185,0
neg_4288,PSEUDO_NEGATIVE,24.14354747993983,93.3411209512116,,block_48_186,0
neg_4289,PSEUDO_NEGATIVE,26.295827782758412,89.78311198938984,,block_52_179,0
neg_4290,PSEUDO_NEGATIVE,24.453926355527248,93.4105158872303,,block_48_186,0
neg_4291,PSEUDO_NEGATIVE,27.00600644781172,94.95313310488507,,block_54_189,0
neg_4292,PSEUDO_NEGATIVE,26.280551269125638,93.00319501249052,,block_52_186,0
neg_4293,PSEUDO_NEGATIVE,26.440586889276222,89.91767018919492,,block_52_179,0
neg_4294,PSEUDO_NEGATIVE,27.336952081710713,95.34528495644214,,block_54_190,0
neg_4295,PSEUDO_NEGATIVE,28.43299713331971,95.59866528729165,,block_56_191,0
neg_4296,PSEUDO_NEGATIVE,25.86834225820826,91.27831168340411,,block_51_182,0
neg_4297,PSEUDO_NEGATIVE,26.01084984878062,91.65340261574543,,block_52_183,0
neg_4298,PSEUDO_NEGATIVE,28.778877144681708,95.41653630865794,,block_57_190,0
neg_4299,PSEUDO_NEGATIVE,27.528989087029863,94.77565913877305,,block_55_189,0
neg_4300,PSEUDO_NEGATIVE,28.209270206217074,96.86600968606965,,block_56_193,0
neg_4301,PSEUDO_NEGATIVE,25.162879356867123,92.60963434676437,,block_50_185,0
neg_4302,PSEUDO_NEGATIVE,26.78847296597354,93.09519867725348,,block_53_186,0
neg_4303,PSEUDO_NEGATIVE,28.734052223883083,94.27191900358147,,block_57_188,0
neg_4304,PSEUDO_NEGATIVE,27.06455874048782,95.93130887241502,,block_54_191,0
neg_4305,PSEUDO_NEGATIVE,23.284033275146413,91.35746598159474,,block_46_182,0
neg_4306,PSEUDO_NEGATIVE,24.062115924071932,94.22984958741017,,block_48_188,0
neg_4307,PSEUDO_NEGATIVE,26.460250032481614,93.21673215766394,,block_52_186,0
neg_4308,PSEUDO_NEGATIVE,27.12518224594894,94.59047037131958,,block_54_189,0
neg_4309,PSEUDO_NEGATIVE,28.328220297047835,96.28584761677055,,block_56_192,0
neg_4310,PSEUDO_NEGATIVE,27.249584658000344,93.95269909510561,,block_54_187,0
neg_4311,PSEUDO_NEGATIVE,26.23747613577065,91.80287666384632,,block_52_183,0
neg_4312,PSEUDO_NEGATIVE,26.093762475177122,90.21920635080222,,block_52_180,0
neg_4313,PSEUDO_NEGATIVE,27.52553840671756,95.78916310773498,,block_55_191,0
neg_4314,PSEUDO_NEGATIVE,28.190487875051367,94.50772175103312,,block_56_189,0
neg_4315,PSEUDO_NEGATIVE,25.371174803326245,91.20051461715045,,block_50_182,0
neg_4316,PSEUDO_NEGATIVE,27.10035324021135,93.99417454403633,,block_54_187,0
neg_4317,PSEUDO_NEGATIVE,26.86934542289916,92.57884876150028,,block_53_185,0
neg_4318,PSEUDO_NEGATIVE,26.61426503307416,92.27042834118888,,block_53_184,0
neg_4319,PSEUDO_NEGATIVE,28.43139971476628,94.11509901854984,,block_56_188,0
neg_4320,PSEUDO_NEGATIVE,28.344587196767797,94.34013949449584,,block_56_188,0
neg_4321,PSEUDO_NEGATIVE,26.665965736327845,90.70395482233845,,block_53_181,0
neg_4322,PSEUDO_NEGATIVE,25.467540478096428,90.75883532255577,,block_50_181,0
neg_4323,PSEUDO_NEGATIVE,27.31271849909774,96.36728785392847,,block_54_192,0
neg_4324,PSEUDO_NEGATIVE,28.030449409704854,96.99875988698003,,block_56_193,0
neg_4325,PSEUDO_NEGATIVE,26.005088959876694,92.0926307311211,,block_52_184,0
neg_4326,PSEUDO_NEGATIVE,25.867909736698923,90.53864217247359,,block_51_181,0
neg_4327,PSEUDO_NEGATIVE,26.418169797755183,93.9344699783658,,block_52_187,0
neg_4328,PSEUDO_NEGATIVE,25.682038552088198,92.61607145609177,,block_51_185,0
neg_4329,PSEUDO_NEGATIVE,25.859591564832783,95.00417354752886,,block_51_190,0
neg_4330,PSEUDO_NEGATIVE,25.870851754891955,93.82143102067454,,block_51_187,0
neg_4331,PSEUDO_NEGATIVE,25.814269948517403,91.4917884799413,,block_51_182,0
neg_4332,PSEUDO_NEGATIVE,27.304419441068205,88.06231023879793,,block_54_176,0
neg_4333,PSEUDO_NEGATIVE,27.414084845993084,95.45260560851712,,block_54_190,0
neg_4334,PSEUDO_NEGATIVE,28.241996857978567,93.5623642218363,,block_56_187,0
neg_4335,PSEUDO_NEGATIVE,26.034335568164224,94.47824221115101,,block_52_188,0
neg_4336,PSEUDO_NEGATIVE,29.046450208875957,96.13564243767921,,block_58_192,0
neg_4337,PSEUDO_NEGATIVE,29.196867325335916,95.5577735737117,,block_58_191,0
neg_4338,PSEUDO_NEGATIVE,24.51290763877097,92.35374263287777,,block_49_184,0
neg_4339,PSEUDO_NEGATIVE,27.769912456615234,95.09531320759659,,block_55_190,0
neg_4340,PSEUDO_NEGATIVE,24.42697014770155,92.73698701896244,,block_48_185,0
neg_4341,PSEUDO_NEGATIVE,25.332604728566622,90.65306322945086,,block_50_181,0
neg_4342,PSEUDO_NEGATIVE,27.237263124315874,92.72132520312948,,block_54_185,0
neg_4343,PSEUDO_NEGATIVE,25.441152311652743,92.94803447267336,,block_50_185,0
neg_4344,PSEUDO_NEGATIVE,25.254493697099363,92.44446207650299,,block_50_184,0
neg_4345,PSEUDO_NEGATIVE,26.04946288295838,92.65435273060757,,block_52_185,0
neg_4346,PSEUDO_NEGATIVE,25.492049071057775,89.95150763600468,,block_50_179,0
neg_4347,PSEUDO_NEGATIVE,28.294617461011264,94.6916000518627,,block_56_189,0
neg_4348,PSEUDO_NEGATIVE,28.020047445196226,88.76722361003765,,block_56_177,0
neg_4349,PSEUDO_NEGATIVE,26.42320981656979,93.75590469384132,,block_52_187,0
neg_4350,PSEUDO_NEGATIVE,25.3270194206474,93.84887974606514,,block_50_187,0
neg_4351,PSEUDO_NEGATIVE,27.571968888981385,95.44314037376567,,block_55_190,0
neg_4352,PSEUDO_NEGATIVE,26.458141518811452,92.66554356086543,,block_52_185,0
neg_4353,PSEUDO_NEGATIVE,27.515586347929677,93.10173548005186,,block_55_186,0
neg_4354,PSEUDO_NEGATIVE,24.605180846037673,93.1845555613879,,block_49_186,0
neg_4355,PSEUDO_NEGATIVE,25.933191138346093,92.76193033060291,,block_51_185,0
neg_4356,PSEUDO_NEGATIVE,26.389802056299093,92.69192607481659,,block_52_185,0
neg_4357,PSEUDO_NEGATIVE,23.838965025930573,92.28963854244938,,block_47_184,0
neg_4358,PSEUDO_NEGATIVE,25.23618649322337,90.72447465087778,,block_50_181,0
neg_4359,PSEUDO_NEGATIVE,27.50731766426535,96.48940020753733,,block_55_192,0
neg_4360,PSEUDO_NEGATIVE,23.55940908835399,91.7256226302863,,block_47_183,0
neg_4361,PSEUDO_NEGATIVE,25.421259948263838,92.32241794044545,,block_50_184,0
neg_4362,PSEUDO_NEGATIVE,27.395233828757853,92.66587363038123,,block_54_185,0
neg_4363,PSEUDO_NEGATIVE,27.88457191306759,94.06317704814971,,block_55_188,0
neg_4364,PSEUDO_NEGATIVE,28.952277788633126,96.0719433803122,,block_57_192,0
neg_4365,PSEUDO_NEGATIVE,27.90503510227857,95.16804108276533,,block_55_190,0
neg_4366,PSEUDO_NEGATIVE,27.907374933643283,93.6277494261884,,block_55_187,0
neg_4367,PSEUDO_NEGATIVE,27.679725193074333,96.46125911162486,,block_55_192,0
neg_4368,PSEUDO_NEGATIVE,25.858496071394242,90.90729685742856,,block_51_181,0
neg_4369,PSEUDO_NEGATIVE,27.65428054166702,88.17838453415885,,block_55_176,0
neg_4370,PSEUDO_NEGATIVE,23.61398811339261,91.53688874671423,,block_47_183,0
neg_4371,PSEUDO_NEGATIVE,26.656984958184122,92.97285569825445,,block_53_185,0
neg_4372,PSEUDO_NEGATIVE,26.098885000715608,93.87898373657205,,block_52_187,0
neg_4373,PSEUDO_NEGATIVE,25.673739985728428,92.5952947777334,,block_51_185,0
neg_4374,PSEUDO_NEGATIVE,25.405241474883926,92.88486744931554,,block_50_185,0
neg_4375,PSEUDO_NEGATIVE,27.794239759038,88.83940910074075,,block_55_177,0
neg_4376,PSEUDO_NEGATIVE,26.344664030000192,90.06855290293426,,block_52_180,0
neg_4377,PSEUDO_NEGATIVE,28.08659452772633,93.22073982224447,,block_56_186,0
neg_4378,PSEUDO_NEGATIVE,27.878333703685964,96.03667396325325,,block_55_192,0
neg_4379,PSEUDO_NEGATIVE,25.886765995813782,91.70153229172631,,block_51_183,0
neg_4380,PSEUDO_NEGATIVE,28.12647271824236,95.73915305250019,,block_56_191,0
neg_4381,PSEUDO_NEGATIVE,28.173940937951553,94.61793589661004,,block_56_189,0
neg_4382,PSEUDO_NEGATIVE,26.249448440184924,92.34082537340583,,block_52_184,0
neg_4383,PSEUDO_NEGATIVE,25.767770803482335,91.63736681890167,,block_51_183,0
neg_4384,PSEUDO_NEGATIVE,26.61541913062154,92.40834105591065,,block_53_184,0
neg_4385,PSEUDO_NEGATIVE,26.95075517904983,95.0774619286409,,block_53_190,0
neg_4386,PSEUDO_NEGATIVE,27.738477938331457,92.59559110245786,,block_55_185,0
neg_4387,PSEUDO_NEGATIVE,24.450885408690077,94.37159219842121,,block_48_188,0
neg_4388,PSEUDO_NEGATIVE,28.043645997270517,94.86348001707282,,block_56_189,0
neg_4389,PSEUDO_NEGATIVE,28.202507373804522,96.91959098689627,,block_56_193,0
neg_4390,PSEUDO_NEGATIVE,23.425810658506254,92.60602098791871,,block_46_185,0
neg_4391,PSEUDO_NEGATIVE,28.281394086370163,94.18381738803083,,block_56_188,0
neg_4392,PSEUDO_NEGATIVE,28.62615818153778,95.1930218504395,,block_57_190,0
neg_4393,PSEUDO_NEGATIVE,24.44431846096101,92.17782842043589,,block_48_184,0
neg_4394,PSEUDO_NEGATIVE,27.534765924089175,91.61910220547611,,block_55_183,0
neg_4395,PSEUDO_NEGATIVE,23.91459076546577,92.16061595230599,,block_47_184,0
neg_4396,PSEUDO_NEGATIVE,26.675514269989197,94.93980111511772,,block_53_189,0
neg_4397,PSEUDO_NEGATIVE,23.99057936137827,92.16751284544893,,block_47_184,0
neg_4398,PSEUDO_NEGATIVE,23.734165255460105,92.6544568642582,,block_47_185,0
neg_4399,PSEUDO_NEGATIVE,27.409810334995328,94.38472505225575,,block_54_188,0
neg_4400,PSEUDO_NEGATIVE,27.585082441449607,93.74472931433186,,block_55_187,0
neg_4401,PSEUDO_NEGATIVE,26.640450364098747,91.12800189889055,,block_53_182,0
neg_4402,PSEUDO_NEGATIVE,24.746940992360916,93.00170002005677,,block_49_186,0
neg_4403,PSEUDO_NEGATIVE,23.410284617121654,93.01657276075788,,block_46_186,0
neg_4404,PSEUDO_NEGATIVE,28.06206381261131,94.64132435337557,,block_56_189,0
neg_4405,PSEUDO_NEGATIVE,26.70046195401875,92.05968382460006,,block_53_184,0
neg_4406,PSEUDO_NEGATIVE,25.14551304299557,94.50157523188314,,block_50_189,0
neg_4407,PSEUDO_NEGATIVE,26.234860136411463,92.46064816926338,,block_52_184,0
neg_4408,PSEUDO_NEGATIVE,27.84745281940707,94.6618950067186,,block_55_189,0
neg_4409,PSEUDO_NEGATIVE,27.26419027740695,92.44674923095246,,block_54_184,0
neg_4410,PSEUDO_NEGATIVE,25.91171587388829,91.14072934141386,,block_51_182,0
neg_4411,PSEUDO_NEGATIVE,27.64725157004136,88.5683481374407,,block_55_177,0
neg_4412,PSEUDO_NEGATIVE,27.216947148124213,94.39388065530308,,block_54_188,0
neg_4413,PSEUDO_NEGATIVE,24.66575797011319,94.05931354559621,,block_49_188,0
neg_4414,PSEUDO_NEGATIVE,25.85897139412897,90.7974010677901,,block_51_181,0
neg_4415,PSEUDO_NEGATIVE,27.008505016406257,94.57889751138048,,block_54_189,0
neg_4416,PSEUDO_NEGATIVE,23.788299612600678,91.86552366607366,,block_47_183,0
neg_4417,PSEUDO_NEGATIVE,25.358522149999427,89.92685842481782,,block_50_179,0
neg_4418,PSEUDO_NEGATIVE,25.987598770659794,94.06758107120598,,block_51_188,0
neg_4419,PSEUDO_NEGATIVE,25.79340644005155,89.84501029977193,,block_51_179,0
neg_4420,PSEUDO_NEGATIVE,28.570070934248214,93.829796043153,,block_57_187,0
neg_4421,PSEUDO_NEGATIVE,25.54198732229874,92.8322837467708,,block_51_185,0
neg_4422,PSEUDO_NEGATIVE,26.660133158748835,91.49438017827056,,block_53_182,0
neg_4423,PSEUDO_NEGATIVE,28.233878243951608,94.10035190399724,,block_56_188,0
neg_4424,PSEUDO_NEGATIVE,26.445686303107536,93.85103599563786,,block_52_187,0
neg_4425,PSEUDO_NEGATIVE,29.19140004339083,95.73169670239396,,block_58_191,0
neg_4426,PSEUDO_NEGATIVE,23.760671289437056,92.13756874363182,,block_47_184,0
neg_4427,PSEUDO_NEGATIVE,28.296066523022372,95.56051927873497,,block_56_191,0
neg_4428,PSEUDO_NEGATIVE,28.484501747843602,93.90278149788845,,block_56_187,0
neg_4429,PSEUDO_NEGATIVE,28.546095810426685,95.34856428589904,,block_57_190,0
neg_4430,PSEUDO_NEGATIVE,24.534085129645803,92.98845470924765,,block_49_185,0
neg_4431,PSEUDO_NEGATIVE,25.823160269318212,92.16857114069893,,block_51_184,0
neg_4432,PSEUDO_NEGATIVE,28.166614986130163,93.64002868982007,,block_56_187,0
neg_4433,PSEUDO_NEGATIVE,28.625820383092453,93.51698019822446,,block_57_187,0
neg_4434,PSEUDO_NEGATIVE,26.74944411491833,91.07772304881365,,block_53_182,0
neg_4435,PSEUDO_NEGATIVE,28.37483380287462,93.51668650759262,,block_56_187,0
neg_4436,PSEUDO_NEGATIVE,24.674985713612745,92.39015646013823,,block_49_184,0
neg_4437,PSEUDO_NEGATIVE,25.801095307930517,93.40676264001642,,block_51_186,0
neg_4438,PSEUDO_NEGATIVE,27.432274284385667,96.0124843255233,,block_54_192,0
neg_4439,PSEUDO_NEGATIVE,28.62429155274316,95.94588344140499,,block_57_191,0
neg_4440,PSEUDO_NEGATIVE,27.501916043694408,92.79795758409665,,block_55_185,0
neg_4441,PSEUDO_NEGATIVE,26.42701379560034,91.39445162012201,,block_52_182,0
neg_4442,PSEUDO_NEGATIVE,27.857292630355474,93.65254320322745,,block_55_187,0
neg_4443,PSEUDO_NEGATIVE,27.979417469198136,96.78106277865993,,block_55_193,0
neg_4444,PSEUDO_NEGATIVE,26.94675847559668,92.19838500263698,,block_53_184,0
neg_4445,PSEUDO_NEGATIVE,27.734057607921724,92.2490443237074,,block_55_184,0
neg_4446,PSEUDO_NEGATIVE,25.674561705415435,92.63570627832553,,block_51_185,0
neg_4447,PSEUDO_NEGATIVE,27.49862206324666,95.63499888053053,,block_54_191,0
neg_4448,PSEUDO_NEGATIVE,28.907374771454716,95.94724763177744,,block_57_191,0
neg_4449,PSEUDO_NEGATIVE,27.88950009052067,94.19451568385415,,block_55_188,0
neg_4450,PSEUDO_NEGATIVE,27.845012256331525,96.56590583840457,,block_55_193,0
neg_4451,PSEUDO_NEGATIVE,24.051003609668257,91.45749232854914,,block_48_182,0
neg_4452,PSEUDO_NEGATIVE,28.959555295414987,95.69976509708611,,block_57_191,0
neg_4453,PSEUDO_NEGATIVE,24.670481393907693,93.22343312101216,,block_49_186,0
neg_4454,PSEUDO_NEGATIVE,26.630901489571013,91.16039161789912,,block_53_182,0
neg_4455,PSEUDO_NEGATIVE,28.21392444940531,96.68214163251467,,block_56_193,0
neg_4456,PSEUDO_NEGATIVE,27.990792884109645,97.0072611924741,,block_55_194,0
neg_4457,PSEUDO_NEGATIVE,25.12211632981882,93.24748972050345,,block_50_186,0
neg_4458,PSEUDO_NEGATIVE,26.901006252138117,94.57394146861937,,block_53_189,0
neg_4459,PSEUDO_NEGATIVE,25.768207278923395,93.26861275517567,,block_51_186,0
neg_4460,PSEUDO_NEGATIVE,25.49973508622376,91.4832338583525,,block_50_182,0
neg_4461,PSEUDO_NEGATIVE,24.40518018582272,92.43256208044336,,block_48_184,0
neg_4462,PSEUDO_NEGATIVE,26.65567895962521,93.44340029130758,,block_53_186,0
neg_4463,PSEUDO_NEGATIVE,26.331339223381157,90.09683480467729,,block_52_180,0
neg_4464,PSEUDO_NEGATIVE,27.816116523219524,93.79098817413677,,block_55_187,0
neg_4465,PSEUDO_NEGATIVE,29.238001914646706,96.18120031986037,,block_58_192,0
neg_4466,PSEUDO_NEGATIVE,26.05204458133862,94.07455999094724,,block_52_188,0
neg_4467,PSEUDO_NEGATIVE,26.09419635159125,93.61384226631985,,block_52_187,0
neg_4468,PSEUDO_NEGATIVE,26.159923672942366,92.20693458673614,,block_52_184,0
neg_4469,PSEUDO_NEGATIVE,26.573530724685924,92.96520538921095,,block_53_185,0
neg_4470,PSEUDO_NEGATIVE,23.66765070164375,92.81753404419109,,block_47_185,0
neg_4471,PSEUDO_NEGATIVE,27.545719768263613,91.80472129798434,,block_55_183,0
neg_4472,PSEUDO_NEGATIVE,25.419560215820784,93.25276915002442,,block_50_186,0
neg_4473,PSEUDO_NEGATIVE,27.72536875307636,95.19084776017566,,block_55_190,0
neg_4474,PSEUDO_NEGATIVE,26.413512715438053,94.12132607308224,,block_52_188,0
neg_4475,PSEUDO_NEGATIVE,26.20523529412308,90.92434078491331,,block_52_181,0
neg_4476,PSEUDO_NEGATIVE,25.222434144211206,90.92295249062619,,block_50_181,0
neg_4477,PSEUDO_NEGATIVE,27.66843337777577,95.96077131496283,,block_55_191,0
neg_4478,PSEUDO_NEGATIVE,29.03444464427703,95.56891626361977,,block_58_191,0
neg_4479,PSEUDO_NEGATIVE,26.806575964664354,90.50312296008215,,block_53_181,0
neg_4480,PSEUDO_NEGATIVE,23.479194460444663,92.5681216019826,,block_46_185,0
neg_4481,PSEUDO_NEGATIVE,26.14077834396726,90.5365093298286,,block_52_181,0
neg_4482,PSEUDO_NEGATIVE,22.388845926139652,92.83800272709529,,block_44_185,0
neg_4483,PSEUDO_NEGATIVE,25.63874257349501,90.82753548655164,,block_51_181,0
neg_4484,PSEUDO_NEGATIVE,24.383542684971317,92.71356476470315,,block_48_185,0
neg_4485,PSEUDO_NEGATIVE,24.405738086191718,93.4907435552731,,block_48_186,0
neg_4486,PSEUDO_NEGATIVE,26.93570189353375,94.12622564809615,,block_53_188,0
neg_4487,PSEUDO_NEGATIVE,25.71835924184944,93.27925113114576,,block_51_186,0
neg_4488,PSEUDO_NEGATIVE,27.589442858399668,94.1255902587539,,block_55_188,0
neg_4489,PSEUDO_NEGATIVE,26.47257319395359,90.01945399865718,,block_52_180,0
neg_4490,PSEUDO_NEGATIVE,25.44838030842542,91.45586347627801,,block_50_182,0
neg_4491,PSEUDO_NEGATIVE,25.26738378331405,92.28558308872859,,block_50_184,0
neg_4492,PSEUDO_NEGATIVE,28.391984055368308,94.3132110592411,,block_56_188,0
neg_4493,PSEUDO_NEGATIVE,27.983043171771552,93.78666532578396,,block_55_187,0
neg_4494,PSEUDO_NEGATIVE,23.931261580115148,92.31580382184458,,block_47_184,0
neg_4495,PSEUDO_NEGATIVE,28.27330490181435,95.31796608443939,,block_56_190,0
neg_4496,PSEUDO_NEGATIVE,26.449344600432106,91.13727207008078,,block_52_182,0
neg_4497,PSEUDO_NEGATIVE,28.49183529054684,93.89860492459992,,block_56_187,0
neg_4498,PSEUDO_NEGATIVE,24.951046310202578,93.52413541588396,,block_49_187,0
neg_4499,PSEUDO_NEGATIVE,24.047123375441156,92.20190651154924,,block_48_184,0
neg_4500,PSEUDO_NEGATIVE,25.77746333009375,91.9340874565441,,block_51_183,0
neg_4501,PSEUDO_NEGATIVE,26.680830740753695,92.44685170818465,,block_53_184,0
neg_4502,PSEUDO_NEGATIVE,27.5872800530902,95.91460557747295,,block_55_191,0
neg_4503,PSEUDO_NEGATIVE,27.107403959461337,92.10425959653166,,block_54_184,0
neg_4504,PSEUDO_NEGATIVE,25.60445457336818,92.00689987721327,,block_51_184,0
neg_4505,PSEUDO_NEGATIVE,28.5082035215943,93.62898597199118,,block_57_187,0
neg_4506,PSEUDO_NEGATIVE,28.057466204238942,97.13528440642895,,block_56_194,0
neg_4507,PSEUDO_NEGATIVE,26.26505704005299,90.1585806112458,,block_52_180,0
neg_4508,PSEUDO_NEGATIVE,26.685293139325797,91.4834089023087,,block_53_182,0
neg_4509,PSEUDO_NEGATIVE,25.92591120706691,94.90031430779368,,block_51_189,0
neg_4510,PSEUDO_NEGATIVE,25.26194440439925,90.78991989620363,,block_50_181,0
neg_4511,PSEUDO_NEGATIVE,23.96271320389543,91.72188134509324,,block_47_183,0
neg_4512,PSEUDO_NEGATIVE,27.85932193503449,93.90395237305178,,block_55_187,0
neg_4513,PSEUDO_NEGATIVE,27.099227134249908,94.94862634418507,,block_54_189,0
neg_4514,PSEUDO_NEGATIVE,27.788594098080594,96.51563587791516,,block_55_193,0
neg_4515,PSEUDO_NEGATIVE,23.346746281994076,91.67869678796887,,block_46_183,0
neg_4516,PSEUDO_NEGATIVE,24.200178324212573,92.37534515250651,,block_48_184,0
neg_4517,PSEUDO_NEGATIVE,28.129201314642806,96.4572574872449,,block_56_192,0
neg_4518,PSEUDO_NEGATIVE,23.902956728435925,92.23786976734785,,block_47_184,0
neg_4519,PSEUDO_NEGATIVE,27.220539872654243,93.8505512639463,,block_54_187,0
neg_4520,PSEUDO_NEGATIVE,26.09367510697821,94.39163811241045,,block_52_188,0
neg_4521,PSEUDO_NEGATIVE,28.017948029206753,96.108518932718,,block_56_192,0
neg_4522,PSEUDO_NEGATIVE,26.197021049714536,92.42458683006335,,block_52_184,0
neg_4523,PSEUDO_NEGATIVE,26.492729096989276,92.63965849688122,,block_52_185,0
neg_4524,PSEUDO_NEGATIVE,27.702399740598956,88.65038021372034,,block_55_177,0
neg_4525,PSEUDO_NEGATIVE,27.35280582415682,88.69217902115274,,block_54_177,0
neg_4526,PSEUDO_NEGATIVE,24.756026042887346,94.04968163293553,,block_49_188,0
neg_4527,PSEUDO_NEGATIVE,28.10632265775293,94.79321739688359,,block_56_189,0
neg_4528,PSEUDO_NEGATIVE,27.35205357738505,93.91711619334328,,block_54_187,0
neg_4529,PSEUDO_NEGATIVE,28.193063437448735,97.20369871822356,,block_56_194,0
neg_4530,PSEUDO_NEGATIVE,25.98868347923156,94.0915055350302,,block_51_188,0
neg_4531,PSEUDO_NEGATIVE,25.132877581706325,94.1339978415731,,block_50_188,0
neg_4532,PSEUDO_NEGATIVE,29.334267984968776,95.80383068425098,,block_58_191,0
neg_4533,PSEUDO_NEGATIVE,28.125026193945644,88.60963583543928,,block_56_177,0
neg_4534,PSEUDO_NEGATIVE,26.164458824056652,92.81780761399094,,block_52_185,0
neg_4535,PSEUDO_NEGATIVE,28.474855215488017,94.95133608657775,,block_56_189,0
neg_4536,PSEUDO_NEGATIVE,28.272123396579406,93.52376928406893,,block_56_187,0
neg_4537,PSEUDO_NEGATIVE,26.96746557114625,92.95738766213327,,block_53_185,0
neg_4538,PSEUDO_NEGATIVE,26.97928634188351,94.48895992282405,,block_53_188,0
neg_4539,PSEUDO_NEGATIVE,28.36864245360945,95.37801085909958,,block_56_190,0
neg_4540,PSEUDO_NEGATIVE,25.143698648518654,94.16675656486555,,block_50_188,0
neg_4541,PSEUDO_NEGATIVE,27.487894059413854,96.5423480553298,,block_54_193,0
neg_4542,PSEUDO_NEGATIVE,25.63051394385804,89.90143526476588,,block_51_179,0
neg_4543,PSEUDO_NEGATIVE,24.316305015305716,93.58948556484998,,block_48_187,0
neg_4544,PSEUDO_NEGATIVE,28.316688344724184,97.12678314986626,,block_56_194,0
neg_4545,PSEUDO_NEGATIVE,28.948665916494505,95.83874034395797,,block_57_191,0
neg_4546,PSEUDO_NEGATIVE,28.996506750679075,94.23121885895654,,block_57_188,0
neg_4547,PSEUDO_NEGATIVE,27.957812396776298,94.86770579508007,,block_55_189,0
neg_4548,PSEUDO_NEGATIVE,27.846511699957137,93.7322275492717,,block_55_187,0
neg_4549,PSEUDO_NEGATIVE,27.57725738599298,96.26523871882597,,block_55_192,0
neg_4550,PSEUDO_NEGATIVE,25.493915914278023,91.41319760448184,,block_50_182,0
neg_4551,PSEUDO_NEGATIVE,23.89226588512137,92.22318130189478,,block_47_184,0
neg_4552,PSEUDO_NEGATIVE,26.51481726925493,91.51386953529101,,block_53_183,0
neg_4553,PSEUDO_NEGATIVE,25.98155703386287,91.50473085518412,,block_51_183,0
neg_4554,PSEUDO_NEGATIVE,26.493519544586803,93.54839387845213,,block_52_187,0
neg_4555,PSEUDO_NEGATIVE,25.135971737408127,93.43254092005665,,block_50_186,0
neg_4556,PSEUDO_NEGATIVE,25.09373809779025,93.50152041470142,,block_50_187,0
neg_4557,PSEUDO_NEGATIVE,23.3375330329107,91.47387266193606,,block_46_182,0
neg_4558,PSEUDO_NEGATIVE,25.535765339670824,90.03744576254705,,block_51_180,0
neg_4559,PSEUDO_NEGATIVE,27.400104486571607,92.48794827844772,,block_54_184,0
neg_4560,PSEUDO_NEGATIVE,27.034079612071963,95.29018916159339,,block_54_190,0
neg_4561,PSEUDO_NEGATIVE,28.3941515911359,93.53879739084466,,block_56_187,0
neg_4562,PSEUDO_NEGATIVE,25.335638056350966,93.3635030370311,,block_50_186,0
neg_4563,PSEUDO_NEGATIVE,26.80039729697022,92.80042219203796,,block_53_185,0
neg_4564,PSEUDO_NEGATIVE,27.92844000947954,93.33598545282791,,block_55_186,0
neg_4565,PSEUDO_NEGATIVE,27.66106895577679,94.09470221490801,,block_55_188,0
neg_4566,PSEUDO_NEGATIVE,27.164696411917113,92.65251734117302,,block_54_185,0
neg_4567,PSEUDO_NEGATIVE,25.72207270137923,94.5392739945577,,block_51_189,0
neg_4568,PSEUDO_NEGATIVE,27.911535652731732,97.17891767058359,,block_55_194,0
neg_4569,PSEUDO_NEGATIVE,28.03005813925335,93.04880692634717,,block_56_186,0
neg_4570,PSEUDO_NEGATIVE,25.501968872393395,93.84899759898889,,block_51_187,0
neg_4571,PSEUDO_NEGATIVE,27.977691800442543,92.74634159005848,,block_55_185,0
neg_4572,PSEUDO_NEGATIVE,28.567414194843522,93.78055497338768,,block_57_187,0
neg_4573,PSEUDO_NEGATIVE,26.67018607001975,90.30694733914198,,block_53_180,0
neg_4574,PSEUDO_NEGATIVE,28.295876540921334,96.26062127246627,,block_56_192,0
neg_4575,PSEUDO_NEGATIVE,29.20749975247792,95.80697188650697,,block_58_191,0
neg_4576,PSEUDO_NEGATIVE,25.28065982960546,94.264235032901,,block_50_188,0
neg_4577,PSEUDO_NEGATIVE,23.64096151962191,91.61825875193205,,block_47_183,0
neg_4578,PSEUDO_NEGATIVE,27.99093067604371,96.70363046527578,,block_55_193,0
neg_4579,PSEUDO_NEGATIVE,27.10737140757489,94.77497780786989,,block_54_189,0
neg_4580,PSEUDO_NEGATIVE,27.91471340282819,96.70757543865142,,block_55_193,0
neg_4581,PSEUDO_NEGATIVE,26.71162073024269,92.58348231298302,,block_53_185,0
neg_4582,PSEUDO_NEGATIVE,25.214531462814698,94.24590111823387,,block_50_188,0
neg_4583,PSEUDO_NEGATIVE,27.980944184957274,88.63296816267183,,block_55_177,0
neg_4584,PSEUDO_NEGATIVE,28.776410246464,94.54843867223538,,block_57_189,0
neg_4585,PSEUDO_NEGATIVE,25.23826045480115,93.7586677501328,,block_50_187,0
neg_4586,PSEUDO_NEGATIVE,26.969068789753308,94.83405515440087,,block_53_189,0
neg_4587,PSEUDO_NEGATIVE,26.070912391657448,93.31870444237977,,block_52_186,0
neg_4588,PSEUDO_NEGATIVE,28.00275355212789,93.57089800146107,,block_56_187,0
neg_4589,PSEUDO_NEGATIVE,28.457181099673274,94.0453752357095,,block_56_188,0
neg_4590,PSEUDO_NEGATIVE,29.20722915790833,94.51765367247731,,block_58_189,0
neg_4591,PSEUDO_NEGATIVE,24.91546292640069,93.4261162494284,,block_49_186,0
neg_4592,PSEUDO_NEGATIVE,28.199249258886304,95.7154348066424,,block_56_191,0
neg_4593,PSEUDO_NEGATIVE,26.60652665835993,92.75723442195401,,block_53_185,0
neg_4594,PSEUDO_NEGATIVE,26.598857169193508,92.73004657795134,,block_53_185,0
neg_4595,PSEUDO_NEGATIVE,26.45891985108811,90.32455378341301,,block_52_180,0
neg_4596,PSEUDO_NEGATIVE,29.170097920862148,94.52217774844978,,block_58_189,0
neg_4597,PSEUDO_NEGATIVE,28.571449357684806,95.21452387724638,,block_57_190,0
neg_4598,PSEUDO_NEGATIVE,27.33601744021199,88.11627662953958,,block_54_176,0
neg_4599,PSEUDO_NEGATIVE,23.737236059311122,91.98477153439453,,block_47_183,0
neg_4600,PSEUDO_NEGATIVE,27.978795748197246,95.64730009297261,,block_55_191,0
neg_4601,PSEUDO_NEGATIVE,27.772960294955062,93.81934722837748,,block_55_187,0
neg_4602,PSEUDO_NEGATIVE,27.461231979012958,94.12704031268389,,block_54_188,0
neg_4603,PSEUDO_NEGATIVE,26.72205201309756,94.21447990842435,,block_53_188,0
neg_4604,PSEUDO_NEGATIVE,26.384323055370427,93.03147211252777,,block_52_186,0
neg_4605,PSEUDO_NEGATIVE,27.632888795043783,94.71803647362941,,block_55_189,0
neg_4606,PSEUDO_NEGATIVE,24.055795449517063,92.3423491445234,,block_48_184,0
neg_4607,PSEUDO_NEGATIVE,28.062253316229885,97.29460304677029,,block_56_194,0
neg_4608,PSEUDO_NEGATIVE,26.40384142919578,89.94925624265642,,block_52_179,0
neg_4609,PSEUDO_NEGATIVE,27.626142908579027,94.70510879456234,,block_55_189,0
neg_4610,PSEUDO_NEGATIVE,26.3150687827684,90.99918868074991,,block_52_181,0
neg_4611,PSEUDO_NEGATIVE,23.308129731330506,93.22218028590906,,block_46_186,0
neg_4612,PSEUDO_NEGATIVE,27.942270334453006,92.80611923649644,,block_55_185,0
neg_4613,PSEUDO_NEGATIVE,23.34950494542383,91.58447177478806,,block_46_183,0
neg_4614,PSEUDO_NEGATIVE,26.074532927177216,92.00890568830181,,block_52_184,0
neg_4615,PSEUDO_NEGATIVE,27.50571242110034,88.37347698343883,,block_55_176,0
neg_4616,PSEUDO_NEGATIVE,25.86008942326821,93.65959995278588,,block_51_187,0
neg_4617,PSEUDO_NEGATIVE,26.29734228631927,89.75861174866516,,block_52_179,0
neg_4618,PSEUDO_NEGATIVE,28.094727971900628,97.24401253636132,,block_56_194,0
neg_4619,PSEUDO_NEGATIVE,26.905531284151984,93.72856339478781,,block_53_187,0
neg_4620,PSEUDO_NEGATIVE,28.07018643373771,96.57235574007578,,block_56_193,0
neg_4621,PSEUDO_NEGATIVE,24.62386261339851,93.74234183238997,,block_49_187,0
neg_4622,PSEUDO_NEGATIVE,28.15636584129003,93.19298261722216,,block_56_186,0
neg_4623,PSEUDO_NEGATIVE,26.328512311945577,91.1644811432639,,block_52_182,0
neg_4624,PSEUDO_NEGATIVE,26.43454254807144,92.6801115624685,,block_52_185,0
neg_4625,PSEUDO_NEGATIVE,24.503949153536077,94.32172916655011,,block_49_188,0
neg_4626,PSEUDO_NEGATIVE,23.88219283387618,91.9462061192246,,block_47_183,0
neg_4627,PSEUDO_NEGATIVE,27.235674876720978,95.92681398929571,,block_54_191,0
neg_4628,PSEUDO_NEGATIVE,26.71308717335818,93.12292977909108,,block_53_186,0
neg_4629,PSEUDO_NEGATIVE,25.900093109918075,93.84762353558918,,block_51_187,0
neg_4630,PSEUDO_NEGATIVE,27.41364659915522,95.05109747173309,,block_54_190,0
neg_4631,PSEUDO_NEGATIVE,27.028066108880296,94.97220164992444,,block_54_189,0
neg_4632,PSEUDO_NEGATIVE,27.728046501732635,95.34581422305236,,block_55_190,0
neg_4633,PSEUDO_NEGATIVE,26.319136473190134,90.43850896752866,,block_52_180,0
neg_4634,PSEUDO_NEGATIVE,28.08669644781293,93.00594296975385,,block_56_186,0
neg_4635,PSEUDO_NEGATIVE,29.13394629678797,94.7234755133926,,block_58_189,0
neg_4636,PSEUDO_NEGATIVE,22.246112935422666,92.86728096947694,,block_44_185,0
neg_4637,PSEUDO_NEGATIVE,26.721495883026428,92.4234715462462,,block_53_184,0
neg_4638,PSEUDO_NEGATIVE,24.039771293966673,93.70187413986815,,block_48_187,0
neg_4639,PSEUDO_NEGATIVE,26.796126958478595,94.24434077485212,,block_53_188,0
neg_4640,PSEUDO_NEGATIVE,28.517993336482956,95.56502212729768,,block_57_191,0
neg_4641,PSEUDO_NEGATIVE,24.13613881178395,91.71392386867312,,block_48_183,0
neg_4642,PSEUDO_NEGATIVE,27.563510065225017,93.36951217243477,,block_55_186,0
neg_4643,PSEUDO_NEGATIVE,27.83638863700136,94.68126496310313,,block_55_189,0
neg_4644,PSEUDO_NEGATIVE,27.98560493147725,93.6391530675999,,block_55_187,0
neg_4645,PSEUDO_NEGATIVE,27.6646344769798,96.84487021916594,,block_55_193,0
neg_4646,PSEUDO_NEGATIVE,26.112798847077862,94.7239546582477,,block_52_189,0
neg_4647,PSEUDO_NEGATIVE,28.787295180949137,95.73781111737475,,block_57_191,0
neg_4648,PSEUDO_NEGATIVE,25.632409614464244,92.47553725029654,,block_51_184,0
neg_4649,PSEUDO_NEGATIVE,25.228453405018655,91.48801412529366,,block_50_182,0
neg_4650,PSEUDO_NEGATIVE,22.383114234021345,92.70094999459089,,block_44_185,0
neg_4651,PSEUDO_NEGATIVE,27.902737960364163,93.70083179956839,,block_55_187,0
neg_4652,PSEUDO_NEGATIVE,24.010785989841516,92.47958414341026,,block_48_184,0
neg_4653,PSEUDO_NEGATIVE,26.36065804304284,90.99940023281333,,block_52_181,0
neg_4654,PSEUDO_NEGATIVE,27.51840538240831,91.85295860421876,,block_55_183,0
neg_4655,PSEUDO_NEGATIVE,26.80352331994279,95.42943820423412,,block_53_190,0
neg_4656,PSEUDO_NEGATIVE,27.110491468256114,92.68713322312608,,block_54_185,0
neg_4657,PSEUDO_NEGATIVE,27.81933286762914,94.84239471083103,,block_55_189,0
neg_4658,PSEUDO_NEGATIVE,25.581895960248406,90.99858433152727,,block_51_181,0
neg_4659,PSEUDO_NEGATIVE,25.998931011896254,91.0577200117797,,block_51_182,0
neg_4660,PSEUDO_NEGATIVE,26.928729106291097,94.77075113145982,,block_53_189,0
neg_4661,PSEUDO_NEGATIVE,28.18701426031489,93.64893627164817,,block_56_187,0
neg_4662,PSEUDO_NEGATIVE,27.73077601932057,93.48517453161912,,block_55_186,0
neg_4663,PSEUDO_NEGATIVE,25.305243025844852,94.33815789742235,,block_50_188,0
neg_4664,PSEUDO_NEGATIVE,25.020393926889216,92.85568387174402,,block_50_185,0
neg_4665,PSEUDO_NEGATIVE,28.340543886986538,96.42621064102065,,block_56_192,0
neg_4666,PSEUDO_NEGATIVE,24.532376434867935,94.41495038196058,,block_49_188,0
neg_4667,PSEUDO_NEGATIVE,28.879797028919526,94.65714020415191,,block_57_189,0
neg_4668,PSEUDO_NEGATIVE,27.049234973938507,92.28670573978908,,block_54_184,0
neg_4669,PSEUDO_NEGATIVE,27.208931590277054,92.7313534648758,,block_54_185,0
neg_4670,PSEUDO_NEGATIVE,27.52603068272854,92.28199972904089,,block_55_184,0
neg_4671,PSEUDO_NEGATIVE,27.674589581573443,88.63967872619158,,block_55_177,0
neg_4672,PSEUDO_NEGATIVE,24.68966372521121,92.62274413445368,,block_49_185,0
neg_4673,PSEUDO_NEGATIVE,24.260751177332054,92.01871960940387,,block_48_184,0
neg_4674,PSEUDO_NEGATIVE,25.5744128899412,92.90507659564408,,block_51_185,0
neg_4675,PSEUDO_NEGATIVE,23.866585018325054,93.15697172504383,,block_47_186,0
neg_4676,PSEUDO_NEGATIVE,27.872309900342323,88.27399345008776,,block_55_176,0
neg_4677,PSEUDO_NEGATIVE,28.54895275883319,94.17832418967885,,block_57_188,0
neg_4678,PSEUDO_NEGATIVE,27.062805447390662,95.0947692707898,,block_54_190,0
neg_4679,PSEUDO_NEGATIVE,25.26155970055528,93.59113080394637,,block_50_187,0
neg_4680,PSEUDO_NEGATIVE,27.529215605568922,96.7748874287677,,block_55_193,0
neg_4681,PSEUDO_NEGATIVE,26.257958849405977,90.45454482732018,,block_52_180,0
neg_4682,PSEUDO_NEGATIVE,25.450081871224324,90.65559291569656,,block_50_181,0
neg_4683,PSEUDO_NEGATIVE,28.909683837855425,94.47979367198185,,block_57_188,0
neg_4684,PSEUDO_NEGATIVE,28.65107556058564,95.57701399487799,,block_57_191,0
neg_4685,PSEUDO_NEGATIVE,28.075136736288684,97.0945220571102,,block_56_194,0
neg_4686,PSEUDO_NEGATIVE,28.747444288472416,94.0167304850562,,block_57_188,0
neg_4687,PSEUDO_NEGATIVE,26.81514022179715,91.98401706644336,,block_53_183,0
neg_4688,PSEUDO_NEGATIVE,28.948657066574807,94.14746685379393,,block_57_188,0
neg_4689,PSEUDO_NEGATIVE,29.091360710986066,95.03367016530582,,block_58_190,0
neg_4690,PSEUDO_NEGATIVE,27.10918753725508,94.2799094213978,,block_54_188,0
neg_4691,PSEUDO_NEGATIVE,26.62092118813584,94.7249736081394,,block_53_189,0
neg_4692,PSEUDO_NEGATIVE,26.772782939292355,91.46619361165351,,block_53_182,0
neg_4693,PSEUDO_NEGATIVE,25.957317417928163,90.53528824749765,,block_51_181,0
neg_4694,PSEUDO_NEGATIVE,29.112446873556372,94.92601069189412,,block_58_189,0
neg_4695,PSEUDO_NEGATIVE,23.2026006986251,92.86799272361728,,block_46_185,0
neg_4696,PSEUDO_NEGATIVE,28.677148455317585,95.7200247722865,,block_57_191,0
neg_4697,PSEUDO_NEGATIVE,27.891555520918125,95.73097487516768,,block_55_191,0
neg_4698,PSEUDO_NEGATIVE,25.641788942469603,92.53478245123665,,block_51_185,0
neg_4699,PSEUDO_NEGATIVE,26.197752503811863,90.48670716782394,,block_52_180,0
neg_4700,PSEUDO_NEGATIVE,27.537038391114226,92.30025997477064,,block_55_184,0
neg_4701,PSEUDO_NEGATIVE,28.027328437373402,95.54187220002854,,block_56_191,0
neg_4702,PSEUDO_NEGATIVE,25.675977062553475,93.58071193353815,,block_51_187,0
neg_4703,PSEUDO_NEGATIVE,27.86719587395604,95.66640216243917,,block_55_191,0
neg_4704,PSEUDO_NEGATIVE,28.47661200319176,94.14031194867154,,block_56_188,0
neg_4705,PSEUDO_NEGATIVE,23.094416041178867,91.38833758816752,,block_46_182,0
neg_4706,PSEUDO_NEGATIVE,28.39370127540335,95.65403776833412,,block_56_191,0
neg_4707,PSEUDO_NEGATIVE,26.183863597283228,91.73310559653247,,block_52_183,0
neg_4708,PSEUDO_NEGATIVE,25.52462322603561,89.89214313454275,,block_51_179,0
neg_4709,PSEUDO_NEGATIVE,27.110846240790472,95.27420388410728,,block_54_190,0
neg_4710,PSEUDO_NEGATIVE,23.553810311860524,91.49428980612713,,block_47_182,0
neg_4711,PSEUDO_NEGATIVE,27.071020852303683,94.50991503971572,,block_54_189,0
neg_4712,PSEUDO_NEGATIVE,26.342109756606195,90.31733768087233,,block_52_180,0
neg_4713,PSEUDO_NEGATIVE,26.723122761703273,92.78004597115194,,block_53_185,0
neg_4714,PSEUDO_NEGATIVE,27.876322141802618,92.6941293892293,,block_55_185,0
neg_4715,PSEUDO_NEGATIVE,27.968132027446,93.68227129405219,,block_55_187,0
neg_4716,PSEUDO_NEGATIVE,27.471149366004482,96.23295785702886,,block_54_192,0
neg_4717,PSEUDO_NEGATIVE,27.414923396929197,92.63430819116925,,block_54_185,0
neg_4718,PSEUDO_NEGATIVE,28.54302213332069,94.40190747411604,,block_57_188,0
neg_4719,PSEUDO_NEGATIVE,28.46007078741849,95.52958944701432,,block_56_191,0
neg_4720,PSEUDO_NEGATIVE,24.84471798224711,92.33969526321707,,block_49_184,0
neg_4721,PSEUDO_NEGATIVE,26.098478979401854,90.17521891700942,,block_52_180,0
neg_4722,PSEUDO_NEGATIVE,23.130707939622877,92.48218221727373,,block_46_184,0
neg_4723,PSEUDO_NEGATIVE,26.838855455956214,94.38420684622564,,block_53_188,0
neg_4724,PSEUDO_NEGATIVE,27.927876070081915,96.76136455791708,,block_55_193,0
neg_4725,PSEUDO_NEGATIVE,25.091992227187735,92.52628018460528,,block_50_185,0
neg_4726,PSEUDO_NEGATIVE,24.78310127266314,92.60334080417167,,block_49_185,0
neg_4727,PSEUDO_NEGATIVE,27.65008656721576,88.63649500325413,,block_55_177,0
neg_4728,PSEUDO_NEGATIVE,26.15839424368173,93.25866319409555,,block_52_186,0
neg_4729,PSEUDO_NEGATIVE,29.05419532545526,94.97552207504664,,block_58_189,0
neg_4730,PSEUDO_NEGATIVE,27.146499465774006,94.29651147706076,,block_54_188,0
neg_4731,PSEUDO_NEGATIVE,28.203869059703692,94.54918540903869,,block_56_189,0
neg_4732,PSEUDO_NEGATIVE,26.341008499443905,95.07429459817341,,block_52_190,0
neg_4733,PSEUDO_NEGATIVE,26.431188207636342,94.04589651060817,,block_52_188,0
neg_4734,PSEUDO_NEGATIVE,26.641162940281014,94.78286329632142,,block_53_189,0
neg_4735,PSEUDO_NEGATIVE,29.156051472159056,94.90190437159653,,block_58_189,0
neg_4736,PSEUDO_NEGATIVE,26.652078203496135,91.97805093556698,,block_53_183,0
neg_4737,PSEUDO_NEGATIVE,26.837157123212286,92.8473388238719,,block_53_185,0
neg_4738,PSEUDO_NEGATIVE,26.627386660975475,94.36525327337871,,block_53_188,0
neg_4739,PSEUDO_NEGATIVE,23.87030254371951,91.77284113745856,,block_47_183,0
neg_4740,PSEUDO_NEGATIVE,28.90303616524617,94.71970218919422,,block_57_189,0
neg_4741,PSEUDO_NEGATIVE,29.013606131771187,96.4446913440357,,block_58_192,0
neg_4742,PSEUDO_NEGATIVE,25.29354165835359,93.83358551791711,,block_50_187,0
neg_4743,PSEUDO_NEGATIVE,25.219332941463215,94.02640028164998,,block_50_188,0
neg_4744,PSEUDO_NEGATIVE,23.546360142933626,92.4434702075453,,block_47_184,0
neg_4745,PSEUDO_NEGATIVE,26.377772032669824,91.6563957172548,,block_52_183,0
neg_4746,PSEUDO_NEGATIVE,22.41886867652599,92.7842319837006,,block_44_185,0
neg_4747,PSEUDO_NEGATIVE,25.297628814256573,91.70277511918441,,block_50_183,0
neg_4748,PSEUDO_NEGATIVE,28.739506489776375,96.48600566343364,,block_57_192,0
neg_4749,PSEUDO_NEGATIVE,25.379544536873407,92.75590593448068,,block_50_185,0
neg_4750,PSEUDO_NEGATIVE,28.140767777842548,97.17005084836009,,block_56_194,0
neg_4751,PSEUDO_NEGATIVE,25.81842895788064,92.0766199758902,,block_51_184,0
neg_4752,PSEUDO_NEGATIVE,28.664191320280487,93.65939710424003,,block_57_187,0
neg_4753,PSEUDO_NEGATIVE,28.429277173973205,96.13798288531004,,block_56_192,0
neg_4754,PSEUDO_NEGATIVE,28.00052856022901,95.67385057116762,,block_56_191,0
neg_4755,PSEUDO_NEGATIVE,22.109859740707197,92.68434916236937,,block_44_185,0
neg_4756,PSEUDO_NEGATIVE,27.44474615897538,94.20847631684757,,block_54_188,0
neg_4757,PSEUDO_NEGATIVE,24.056209170051005,91.64268138902115,,block_48_183,0
neg_4758,PSEUDO_NEGATIVE,25.226390020747527,94.20698485855135,,block_50_188,0
neg_4759,PSEUDO_NEGATIVE,24.799982099321095,92.73509924380478,,block_49_185,0
neg_4760,PSEUDO_NEGATIVE,27.23926021966398,92.10463180953793,,block_54_184,0
neg_4761,PSEUDO_NEGATIVE,28.679466876632503,94.65400512966552,,block_57_189,0
neg_4762,PSEUDO_NEGATIVE,27.979929553627862,95.82502168907513,,block_55_191,0
neg_4763,PSEUDO_NEGATIVE,24.74738784978825,92.71497543237352,,block_49_185,0
neg_4764,PSEUDO_NEGATIVE,25.16102727447999,92.9211163774346,,block_50_185,0
neg_4765,PSEUDO_NEGATIVE,24.107571790951326,93.06861053116376,,block_48_186,0
neg_4766,PSEUDO_NEGATIVE,23.19458341685421,92.75550242512337,,block_46_185,0
neg_4767,PSEUDO_NEGATIVE,28.6060780001982,93.90101285425638,,block_57_187,0
neg_4768,PSEUDO_NEGATIVE,26.4931515382503,92.70535690500725,,block_52_185,0
neg_4769,PSEUDO_NEGATIVE,28.508343774436092,95.84428072519187,,block_57_191,0
neg_4770,PSEUDO_NEGATIVE,27.35964710768754,96.91190759396322,,block_54_193,0
neg_4771,PSEUDO_NEGATIVE,25.57062964245782,91.41575847120917,,block_51_182,0
neg_4772,PSEUDO_NEGATIVE,27.479070240443004,92.36779812804679,,block_54_184,0
neg_4773,PSEUDO_NEGATIVE,24.154926761976967,91.92628374063767,,block_48_183,0
neg_4774,PSEUDO_NEGATIVE,26.377133401985986,90.16832855359662,,block_52_180,0
neg_4775,PSEUDO_NEGATIVE,27.11072871254999,94.94272678133173,,block_54_189,0
neg_4776,PSEUDO_NEGATIVE,24.71643165756241,94.13733471308882,,block_49_188,0
neg_4777,PSEUDO_NEGATIVE,26.971950891542726,92.23112365951577,,block_53_184,0
neg_4778,PSEUDO_NEGATIVE,28.090874846549248,96.7628058068526,,block_56_193,0
neg_4779,PSEUDO_NEGATIVE,28.104804003247168,94.76402081452625,,block_56_189,0
neg_4780,PSEUDO_NEGATIVE,25.55300030553528,91.70405965775674,,block_51_183,0
neg_4781,PSEUDO_NEGATIVE,25.701017918446873,94.93148424272434,,block_51_189,0
neg_4782,PSEUDO_NEGATIVE,24.499374282799646,94.02315014535917,,block_48_188,0
neg_4783,PSEUDO_NEGATIVE,26.35447795176511,90.92200040591958,,block_52_181,0
neg_4784,PSEUDO_NEGATIVE,24.085137754354776,93.8581276554651,,block_48_187,0
neg_4785,PSEUDO_NEGATIVE,25.847497053167373,92.97466555731731,,block_51_185,0
neg_4786,PSEUDO_NEGATIVE,26.408963270807032,92.71202491211828,,block_52_185,0
neg_4787,PSEUDO_NEGATIVE,27.120736730983257,93.20769917369682,,block_54_186,0
neg_4788,PSEUDO_NEGATIVE,26.515664253333767,93.59217089692184,,block_53_187,0
neg_4789,PSEUDO_NEGATIVE,28.13806000464125,96.4302749122859,,block_56_192,0
neg_4790,PSEUDO_NEGATIVE,25.713432812999976,91.03980277795716,,block_51_182,0
neg_4791,PSEUDO_NEGATIVE,25.87533355791837,91.00595611402682,,block_51_182,0
neg_4792,PSEUDO_NEGATIVE,23.066445773305745,91.69133660033953,,block_46_183,0
neg_4793,PSEUDO_NEGATIVE,26.24621311937035,93.13434675542531,,block_52_186,0
neg_4794,PSEUDO_NEGATIVE,26.841268573796004,92.28899990840719,,block_53_184,0
neg_4795,PSEUDO_NEGATIVE,28.9332548668708,94.17326968513756,,block_57_188,0
neg_4796,PSEUDO_NEGATIVE,28.291384617416778,94.69325302222946,,block_56_189,0
neg_4797,PSEUDO_NEGATIVE,27.558577970286507,92.11121314499057,,block_55_184,0
neg_4798,PSEUDO_NEGATIVE,26.571931738404842,93.48164956372938,,block_53_186,0
neg_4799,PSEUDO_NEGATIVE,24.22954325986681,92.4229532059767,,block_48_184,0
neg_4800,PSEUDO_NEGATIVE,27.09842989677584,93.04479431263505,,block_54_186,0
neg_4801,PSEUDO_NEGATIVE,28.272275184148114,96.33258685822838,,block_56_192,0
neg_4802,PSEUDO_NEGATIVE,28.972164712900366,95.98244728481666,,block_57_191,0
neg_4803,PSEUDO_NEGATIVE,28.080245633317496,93.70314473610088,,block_56_187,0
neg_4804,PSEUDO_NEGATIVE,27.533165224927203,96.12042075243401,,block_55_192,0
neg_4805,PSEUDO_NEGATIVE,27.796426228727857,95.53552321668049,,block_55_191,0
neg_4806,PSEUDO_NEGATIVE,26.740757159678335,93.37803315810693,,block_53_186,0
neg_4807,PSEUDO_NEGATIVE,28.179574661821643,95.66578795068338,,block_56_191,0
neg_4808,PSEUDO_NEGATIVE,24.581333996930482,92.9060834069788,,block_49_185,0
neg_4809,PSEUDO_NEGATIVE,25.905601703898604,90.66788877558805,,block_51_181,0
neg_4810,PSEUDO_NEGATIVE,26.609991342510185,92.39973848724094,,block_53_184,0
neg_4811,PSEUDO_NEGATIVE,25.507834899313437,94.0448518982064,,block_51_188,0
neg_4812,PSEUDO_NEGATIVE,25.620343122741993,91.33323054481735,,block_51_182,0
neg_4813,PSEUDO_NEGATIVE,23.855138726162565,91.73966715641166,,block_47_183,0
neg_4814,PSEUDO_NEGATIVE,25.516196021417553,90.11727387885004,,block_51_180,0
neg_4815,PSEUDO_NEGATIVE,24.33572890725645,93.23971298122012,,block_48_186,0
neg_4816,PSEUDO_NEGATIVE,23.9235453617734,92.34911050091196,,block_47_184,0
neg_4817,PSEUDO_NEGATIVE,26.738066377465895,93.35230381246707,,block_53_186,0
neg_4818,PSEUDO_NEGATIVE,25.218646749837255,92.4419676364665,,block_50_184,0
neg_4819,PSEUDO_NEGATIVE,26.482960806585837,93.67452629452028,,block_52_187,0
neg_4820,PSEUDO_NEGATIVE,26.455853136199675,93.33317717425588,,block_52_186,0
neg_4821,PSEUDO_NEGATIVE,27.90225713565502,88.84197911740371,,block_55_177,0
neg_4822,PSEUDO_NEGATIVE,27.81384303183888,95.59862064173215,,block_55_191,0
neg_4823,PSEUDO_NEGATIVE,26.699708536479214,92.35585231866659,,block_53_184,0
neg_4824,PSEUDO_NEGATIVE,25.701716695846777,90.99991708157792,,block_51_181,0
neg_4825,PSEUDO_NEGATIVE,24.329018198562952,92.53459544629143,,block_48_185,0
neg_4826,PSEUDO_NEGATIVE,25.543699926579805,93.19575583775236,,block_51_186,0
neg_4827,PSEUDO_NEGATIVE,28.006032678490847,93.99459025141614,,block_56_187,0
neg_4828,PSEUDO_NEGATIVE,27.896038938971245,95.15073589756665,,block_55_190,0
neg_4829,PSEUDO_NEGATIVE,27.647861392175304,95.68568215295487,,block_55_191,0
neg_4830,PSEUDO_NEGATIVE,24.643073285666894,93.45120875119305,,block_49_186,0
neg_4831,PSEUDO_NEGATIVE,26.227203622511453,91.71451845113617,,block_52_183,0
neg_4832,PSEUDO_NEGATIVE,23.91829572150623,91.31938958698211,,block_47_182,0
neg_4833,PSEUDO_NEGATIVE,26.515902158979372,91.47123826376804,,block_53_182,0
neg_4834,PSEUDO_NEGATIVE,28.019982442909,94.3625880217274,,block_56_188,0
neg_4835,PSEUDO_NEGATIVE,26.973872081164444,95.61389737343164,,block_53_191,0
neg_4836,PSEUDO_NEGATIVE,26.04785188999449,93.0618718041332,,block_52_186,0
neg_4837,PSEUDO_NEGATIVE,25.380095663826832,93.86280171592567,,block_50_187,0
neg_4838,PSEUDO_NEGATIVE,25.743926963093138,90.92061629334401,,block_51_181,0
neg_4839,PSEUDO_NEGATIVE,26.171262461595653,92.05543825578152,,block_52_184,0
neg_4840,PSEUDO_NEGATIVE,23.49874824536672,91.83966206276607,,block_46_183,0
neg_4841,PSEUDO_NEGATIVE,25.92326911453189,91.15266850624417,,block_51_182,0
neg_4842,PSEUDO_NEGATIVE,26.703255200279074,90.85919949820412,,block_53_181,0
neg_4843,PSEUDO_NEGATIVE,26.00625895732854,94.74557068566935,,block_52_189,0
neg_4844,PSEUDO_NEGATIVE,27.30819391354111,92.4516202973788,,block_54_184,0
neg_4845,PSEUDO_NEGATIVE,25.716366596404775,93.15963629208107,,block_51_186,0
neg_4846,PSEUDO_NEGATIVE,27.658910438530555,95.01437208866747,,block_55_190,0
neg_4847,PSEUDO_NEGATIVE,27.185016754012622,96.98385165502302,,block_54_193,0
neg_4848,PSEUDO_NEGATIVE,28.66015282976961,95.08676849239029,,block_57_190,0
neg_4849,PSEUDO_NEGATIVE,27.06937443842792,95.48535229367631,,block_54_190,0
neg_4850,PSEUDO_NEGATIVE,24.63772206182572,92.8893297910431,,block_49_185,0
neg_4851,PSEUDO_NEGATIVE,25.147055059105394,94.64839793924756,,block_50_189,0
neg_4852,PSEUDO_NEGATIVE,26.302696302780003,89.79177147833883,,block_52_179,0
neg_4853,PSEUDO_NEGATIVE,25.463761445867217,93.5047997194551,,block_50_187,0
neg_4854,PSEUDO_NEGATIVE,28.014207358864486,94.06677296926262,,block_56_188,0
neg_4855,PSEUDO_NEGATIVE,27.866374274213143,93.9373951473495,,block_55_187,0
neg_4856,PSEUDO_NEGATIVE,28.177372996522728,93.9893014918468,,block_56_187,0
neg_4857,PSEUDO_NEGATIVE,27.111572948456306,94.38155932594641,,block_54_188,0
neg_4858,PSEUDO_NEGATIVE,26.939458434857077,92.2910951433182,,block_53_184,0
neg_4859,PSEUDO_NEGATIVE,26.730589807283287,91.74921795053824,,block_53_183,0
neg_4860,PSEUDO_NEGATIVE,29.03648367400912,95.98939829098977,,block_58_191,0
neg_4861,PSEUDO_NEGATIVE,25.924953799041216,90.41747944293294,,block_51_180,0
neg_4862,PSEUDO_NEGATIVE,24.06355434851906,92.63244255827206,,block_48_185,0
neg_4863,PSEUDO_NEGATIVE,25.435490437003985,93.88774750791993,,block_50_187,0
neg_4864,PSEUDO_NEGATIVE,28.724110426292114,94.48553322995474,,block_57_188,0
neg_4865,PSEUDO_NEGATIVE,28.78646337875842,95.93140129441356,,block_57_191,0
neg_4866,PSEUDO_NEGATIVE,26.891594737273483,94.8880947407971,,block_53_189,0
neg_4867,PSEUDO_NEGATIVE,26.044401564385737,94.8346481956526,,block_52_189,0
neg_4868,PSEUDO_NEGATIVE,24.747399968985615,93.6428524090505,,block_49_187,0
neg_4869,PSEUDO_NEGATIVE,27.594679726337485,88.7843474981813,,block_55_177,0
neg_4870,PSEUDO_NEGATIVE,28.004355917057755,97.2798309853395,,block_56_194,0
neg_4871,PSEUDO_NEGATIVE,25.98133377378361,94.92643582132142,,block_51_189,0
neg_4872,PSEUDO_NEGATIVE,27.630494294215488,92.06371627270268,,block_55_184,0
neg_4873,PSEUDO_NEGATIVE,28.032590179712518,96.86251430494548,,block_56_193,0
neg_4874,PSEUDO_NEGATIVE,26.52334124122921,90.64151179138928,,block_53_181,0
neg_4875,PSEUDO_NEGATIVE,24.32993966653927,92.9596068221249,,block_48_185,0
neg_4876,PSEUDO_NEGATIVE,25.29401542301002,90.18723786136277,,block_50_180,0
neg_4877,PSEUDO_NEGATIVE,25.673957385361028,90.35473155602769,,block_51_180,0
neg_4878,PSEUDO_NEGATIVE,25.33584028360087,92.62609235544059,,block_50_185,0
neg_4879,PSEUDO_NEGATIVE,27.477157810723213,93.25584576992303,,block_54_186,0
neg_4880,PSEUDO_NEGATIVE,24.482042970483047,92.79340693640374,,block_48_185,0
neg_4881,PSEUDO_NEGATIVE,26.068584053398865,93.30825374903164,,block_52_186,0
neg_4882,PSEUDO_NEGATIVE,23.385396609147804,91.60350586340678,,block_46_183,0
neg_4883,PSEUDO_NEGATIVE,26.433688177917197,91.42044133601352,,block_52_182,0
neg_4884,PSEUDO_NEGATIVE,27.99498727463233,94.75874312843327,,block_55_189,0
neg_4885,PSEUDO_NEGATIVE,25.402750941906728,94.28195765236798,,block_50_188,0
neg_4886,PSEUDO_NEGATIVE,23.963525558336418,91.30545095226249,,block_47_182,0
neg_4887,PSEUDO_NEGATIVE,25.2107895324672,92.79602215310794,,block_50_185,0
neg_4888,PSEUDO_NEGATIVE,26.72387160258737,93.10443261442003,,block_53_186,0
neg_4889,PSEUDO_NEGATIVE,28.318321344891547,95.71689323889156,,block_56_191,0
neg_4890,PSEUDO_NEGATIVE,26.341982949822313,91.18028317551997,,block_52_182,0
neg_4891,PSEUDO_NEGATIVE,23.936604954974033,91.75159522246763,,block_47_183,0
neg_4892,PSEUDO_NEGATIVE,25.31886353797062,90.88038211548626,,block_50_181,0
neg_4893,PSEUDO_NEGATIVE,25.24725177809157,94.17691432295932,,block_50_188,0
neg_4894,PSEUDO_NEGATIVE,24.585181093472563,93.52772684735604,,block_49_187,0
neg_4895,PSEUDO_NEGATIVE,27.141875614133884,93.00188428697784,,block_54_186,0
neg_4896,PSEUDO_NEGATIVE,25.883421452988806,93.22291060282612,,block_51_186,0
neg_4897,PSEUDO_NEGATIVE,25.723021696856,94.2601951165696,,block_51_188,0
neg_4898,PSEUDO_NEGATIVE,26.35007478769868,90.1856754779778,,block_52_180,0
neg_4899,PSEUDO_NEGATIVE,23.99712884742184,91.41977910409015,,block_47_182,0
neg_4900,PSEUDO_NEGATIVE,28.798976969112594,94.13260945876672,,block_57_188,0
neg_4901,PSEUDO_NEGATIVE,24.127011361244044,93.3357133427637,,block_48_186,0
neg_4902,PSEUDO_NEGATIVE,25.53318955656694,90.71489770238836,,block_51_181,0
neg_4903,PSEUDO_NEGATIVE,27.71635024680517,88.76190087004527,,block_55_177,0
neg_4904,PSEUDO_NEGATIVE,27.618476347122385,94.03180473996876,,block_55_188,0
neg_4905,PSEUDO_NEGATIVE,26.43136226442576,92.71041721338446,,block_52_185,0
neg_4906,PSEUDO_NEGATIVE,25.260411784938153,90.37994894344148,,block_50_180,0
neg_4907,PSEUDO_NEGATIVE,26.853787631514322,93.84464688608213,,block_53_187,0
neg_4908,PSEUDO_NEGATIVE,27.71151932554781,93.35724318647856,,block_55_186,0
neg_4909,PSEUDO_NEGATIVE,25.535846481223047,94.01555175630162,,block_51_188,0
neg_4910,PSEUDO_NEGATIVE,27.49649803377829,93.54917728944876,,block_54_187,0
neg_4911,PSEUDO_NEGATIVE,28.048419756989055,93.59236964352849,,block_56_187,0
neg_4912,PSEUDO_NEGATIVE,23.212155703131796,93.20933135208816,,block_46_186,0
neg_4913,PSEUDO_NEGATIVE,27.235323303118008,93.15116192531849,,block_54_186,0
neg_4914,PSEUDO_NEGATIVE,25.739937700709195,90.45592422888362,,block_51_180,0
neg_4915,PSEUDO_NEGATIVE,24.881150067636277,94.03140265696828,,block_49_188,0
neg_4916,PSEUDO_NEGATIVE,27.28602645836969,93.63645042604692,,block_54_187,0
neg_4917,PSEUDO_NEGATIVE,25.476088709393302,92.10607811365573,,block_50_184,0
neg_4918,PSEUDO_NEGATIVE,28.704972396245335,96.438093699544,,block_57_192,0
neg_4919,PSEUDO_NEGATIVE,26.2683393684487,94.20472769227229,,block_52_188,0
neg_4920,PSEUDO_NEGATIVE,26.46622006948273,93.02563629282271,,block_52_186,0
neg_4921,PSEUDO_NEGATIVE,25.202568466369843,92.40903652259485,,block_50_184,0
neg_4922,PSEUDO_NEGATIVE,27.539767028340446,96.22098298559828,,block_55_192,0
neg_4923,PSEUDO_NEGATIVE,26.708317675550227,93.8183389078648,,block_53_187,0
neg_4924,PSEUDO_NEGATIVE,28.323979868161274,95.49366588153902,,block_56_190,0
neg_4925,PSEUDO_NEGATIVE,24.111324424925687,91.66054698640725,,block_48_183,0
neg_4926,PSEUDO_NEGATIVE,27.86641707564133,96.03329056060149,,block_55_192,0
neg_4927,PSEUDO_NEGATIVE,26.509732192846677,90.20084943043823,,block_53_180,0
neg_4928,PSEUDO_NEGATIVE,27.704765453541356,96.88500803077721,,block_55_193,0
neg_4929,PSEUDO_NEGATIVE,26.08615102100237,90.73013414398955,,block_52_181,0
neg_4930,PSEUDO_NEGATIVE,25.380535415020816,93.57021583281158,,block_50_187,0
neg_4931,PSEUDO_NEGATIVE,25.829253111627587,90.5305265497986,,block_51_181,0
neg_4932,PSEUDO_NEGATIVE,26.18816227333581,91.00686097902047,,block_52_182,0
neg_4933,PSEUDO_NEGATIVE,23.960508695636584,92.80454713500419,,block_47_185,0
neg_4934,PSEUDO_NEGATIVE,26.45101923783249,92.9404241268534,,block_52_185,0
neg_4935,PSEUDO_NEGATIVE,23.26464169729779,91.5945363080366,,block_46_183,0
neg_4936,PSEUDO_NEGATIVE,28.210805906603582,94.19470984826992,,block_56_188,0
neg_4937,PSEUDO_NEGATIVE,28.194867467944967,95.55172979360314,,block_56_191,0
neg_4938,PSEUDO_NEGATIVE,25.92147136435507,90.83280128052927,,block_51_181,0
neg_4939,PSEUDO_NEGATIVE,25.167128041476634,94.25072070284861,,block_50_188,0
neg_4940,PSEUDO_NEGATIVE,27.04507498235097,93.92633498226093,,block_54_187,0
neg_4941,PSEUDO_NEGATIVE,25.481315947476887,93.20125655441508,,block_50_186,0
neg_4942,PSEUDO_NEGATIVE,23.7262448867148,91.9057393250161,,block_47_183,0
neg_4943,PSEUDO_NEGATIVE,27.408988641358544,94.7981018540184,,block_54_189,0
neg_4944,PSEUDO_NEGATIVE,26.263907140456283,91.49175985553101,,block_52_182,0
neg_4945,PSEUDO_NEGATIVE,26.598843225538985,95.06041155063932,,block_53_190,0
neg_4946,PSEUDO_NEGATIVE,27.575010671984707,88.26782353644367,,block_55_176,0
neg_4947,PSEUDO_NEGATIVE,27.94687879690271,88.13353397267883,,block_55_176,0
neg_4948,PSEUDO_NEGATIVE,28.24812013190411,93.44164961475097,,block_56_186,0
neg_4949,PSEUDO_NEGATIVE,24.38665529094936,92.49306685798862,,block_48_184,0
neg_4950,PSEUDO_NEGATIVE,27.961812826170572,97.00317225899927,,block_55_194,0
neg_4951,PSEUDO_NEGATIVE,25.755079280674682,89.9387043406601,,block_51_179,0
neg_4952,PSEUDO_NEGATIVE,27.35926949739428,96.96494029486259,,block_54_193,0
neg_4953,PSEUDO_NEGATIVE,24.18118506006263,93.67149372374581,,block_48_187,0
neg_4954,PSEUDO_NEGATIVE,27.411736757583785,93.87444283868632,,block_54_187,0
neg_4955,PSEUDO_NEGATIVE,26.338223508744452,90.94753270790265,,block_52_181,0
neg_4956,PSEUDO_NEGATIVE,25.66591411599086,91.43549526858477,,block_51_182,0
neg_4957,PSEUDO_NEGATIVE,27.884718818406473,92.71980074589305,,block_55_185,0
neg_4958,PSEUDO_NEGATIVE,25.471438093423117,92.58783741616975,,block_50_185,0
neg_4959,PSEUDO_NEGATIVE,27.124950246770226,95.18628662246084,,block_54_190,0
neg_4960,PSEUDO_NEGATIVE,27.589438071051394,93.79101597803279,,block_55_187,0
neg_4961,PSEUDO_NEGATIVE,27.62602436644342,91.98107905840033,,block_55_183,0
neg_4962,PSEUDO_NEGATIVE,25.5750392589148,94.68420270610638,,block_51_189,0
neg_4963,PSEUDO_NEGATIVE,24.52436311388923,94.08741202268237,,block_49_188,0
neg_4964,PSEUDO_NEGATIVE,27.353438593607905,94.68932719277547,,block_54_189,0
neg_4965,PSEUDO_NEGATIVE,29.191986601788045,94.39251847334918,,block_58_188,0
neg_4966,PSEUDO_NEGATIVE,25.860121717379098,92.77604884699153,,block_51_185,0
neg_4967,PSEUDO_NEGATIVE,28.25246602863585,94.36702433164538,,block_56_188,0
neg_4968,PSEUDO_NEGATIVE,26.15355237045738,93.4733108548818,,block_52_186,0
neg_4969,PSEUDO_NEGATIVE,26.758122617807594,91.21137012500716,,block_53_182,0
neg_4970,PSEUDO_NEGATIVE,26.361294166297323,91.90406544246571,,block_52_183,0
neg_4971,PSEUDO_NEGATIVE,25.781774606773922,91.50801215702526,,block_51_183,0
neg_4972,PSEUDO_NEGATIVE,26.773417080853676,92.0387722663081,,block_53_184,0
neg_4973,PSEUDO_NEGATIVE,27.674565331025892,96.24714124683759,,block_55_192,0
neg_4974,PSEUDO_NEGATIVE,25.894517794707305,93.36804300013516,,block_51_186,0
neg_4975,PSEUDO_NEGATIVE,28.18730718982782,93.8982464917098,,block_56_187,0
neg_4976,PSEUDO_NEGATIVE,23.605948141546985,91.26654227914767,,block_47_182,0
neg_4977,PSEUDO_NEGATIVE,24.039912845796238,93.5122545631015,,block_48_187,0
neg_4978,PSEUDO_NEGATIVE,27.360523624887673,88.09382580995265,,block_54_176,0
neg_4979,PSEUDO_NEGATIVE,25.607717121894982,89.91571530808844,,block_51_179,0
neg_4980,PSEUDO_NEGATIVE,26.23707722033385,92.72264959741557,,block_52_185,0
neg_4981,PSEUDO_NEGATIVE,23.61928872595362,91.65008157671728,,block_47_183,0
neg_4982,PSEUDO_NEGATIVE,24.54706486739634,92.42222923440636,,block_49_184,0
neg_4983,PSEUDO_NEGATIVE,26.77291657925022,91.31618399477841,,block_53_182,0
neg_4984,PSEUDO_NEGATIVE,25.356280947031244,91.6809731396378,,block_50_183,0
neg_4985,PSEUDO_NEGATIVE,26.520692068028175,90.9082473659787,,block_53_181,0
neg_4986,PSEUDO_NEGATIVE,28.587031290410746,95.87810177027303,,block_57_191,0
neg_4987,PSEUDO_NEGATIVE,27.55814363964676,92.40647272698916,,block_55_184,0
neg_4988,PSEUDO_NEGATIVE,27.621248149495393,88.12094689066866,,block_55_176,0
neg_4989,PSEUDO_NEGATIVE,28.412801416698937,94.3224315852936,,block_56_188,0
neg_4990,PSEUDO_NEGATIVE,29.255072783314855,96.22143940182258,,block_58_192,0
neg_4991,PSEUDO_NEGATIVE,27.297299429644703,88.88254030916912,,block_54_177,0
neg_4992,PSEUDO_NEGATIVE,22.497375744181934,92.55361040141126,,block_44_185,0
neg_4993,PSEUDO_NEGATIVE,23.48914378915253,91.678285515194,,block_46_183,0
neg_4994,PSEUDO_NEGATIVE,26.319494941213755,90.63088219881878,,block_52_181,0
neg_4995,PSEUDO_NEGATIVE,27.09740038316064,93.74443892287414,,block_54_187,0
neg_4996,PSEUDO_NEGATIVE,27.350153169893083,94.2777245181933,,block_54_188,0
neg_4997,PSEUDO_NEGATIVE,27.13256310749284,94.2631698949434,,block_54_188,0
neg_4998,PSEUDO_NEGATIVE,27.299752973817995,94.95261060762203,,block_54_189,0
neg_4999,PSEUDO_NEGATIVE,28.027409946138647,95.366524391449,,block_56_190,0
neg_5000,PSEUDO_NEGATIVE,23.796388781177335,91.47004383494257,,block_47_182,0
neg_5001,PSEUDO_NEGATIVE,25.71007169676042,93.22121977790388,,block_51_186,0
neg_5002,PSEUDO_NEGATIVE,27.227667186571203,95.26496427015483,,block_54_190,0
neg_5003,PSEUDO_NEGATIVE,26.455388743185416,92.75011823055755,,block_52_185,0
neg_5004,PSEUDO_NEGATIVE,28.810854229556252,96.52518763916638,,block_57_193,0
neg_5005,PSEUDO_NEGATIVE,26.361970156041668,92.15214220485484,,block_52_184,0
neg_5006,PSEUDO_NEGATIVE,25.043784964372776,93.39883551328617,,block_50_186,0
neg_5007,PSEUDO_NEGATIVE,29.186931897829997,94.60950000955764,,block_58_189,0
neg_5008,PSEUDO_NEGATIVE,28.28157664770615,94.16181322098689,,block_56_188,0
neg_5009,PSEUDO_NEGATIVE,26.88977156015926,94.65928499350153,,block_53_189,0
neg_5010,PSEUDO_NEGATIVE,26.176696031670282,93.28185001943265,,block_52_186,0
neg_5011,PSEUDO_NEGATIVE,28.089424290849205,94.95932543328941,,block_56_189,0
neg_5012,PSEUDO_NEGATIVE,23.706620110430066,93.09792119740638,,block_47_186,0
neg_5013,PSEUDO_NEGATIVE,27.273457369211506,93.47663319407152,,block_54_186,0
neg_5014,PSEUDO_NEGATIVE,26.848913349171,94.96772443035584,,block_53_189,0
neg_5015,PSEUDO_NEGATIVE,27.65162468025655,95.11218050397733,,block_55_190,0
neg_5016,PSEUDO_NEGATIVE,26.170597609058092,91.07548530631315,,block_52_182,0
neg_5017,PSEUDO_NEGATIVE,25.936002142315296,93.02813517146505,,block_51_186,0
neg_5018,PSEUDO_NEGATIVE,28.75809776574495,96.48991963938512,,block_57_192,0
neg_5019,PSEUDO_NEGATIVE,28.940763917696017,94.69238846315326,,block_57_189,0
neg_5020,PSEUDO_NEGATIVE,26.084412374664996,93.16184624092176,,block_52_186,0
neg_5021,PSEUDO_NEGATIVE,27.663473186928545,93.43169821804294,,block_55_186,0
neg_5022,PSEUDO_NEGATIVE,27.78502039538084,92.73089867907476,,block_55_185,0
neg_5023,PSEUDO_NEGATIVE,26.768552896118667,93.44546901071004,,block_53_186,0
neg_5024,PSEUDO_NEGATIVE,28.022019214788212,95.88653830366323,,block_56_191,0
neg_5025,PSEUDO_NEGATIVE,28.333503477817615,93.53616050061257,,block_56_187,0
neg_5026,PSEUDO_NEGATIVE,25.94836795153597,95.01487966693234,,block_51_190,0
neg_5027,PSEUDO_NEGATIVE,27.63840479171857,92.8643511556104,,block_55_185,0
neg_5028,PSEUDO_NEGATIVE,25.71986398144467,93.01771845348486,,block_51_186,0
neg_5029,PSEUDO_NEGATIVE,25.664567600994545,92.77887644625537,,block_51_185,0
neg_5030,PSEUDO_NEGATIVE,23.858012015990248,92.1456625538032,,block_47_184,0
neg_5031,PSEUDO_NEGATIVE,23.7544881762458,91.77771781891907,,block_47_183,0
neg_5032,PSEUDO_NEGATIVE,26.91824527469193,93.99157004489987,,block_53_187,0
neg_5033,PSEUDO_NEGATIVE,26.876070010858946,94.671431680369,,block_53_189,0
neg_5034,PSEUDO_NEGATIVE,27.58471718512061,93.4315408256783,,block_55_186,0
neg_5035,PSEUDO_NEGATIVE,26.191849468711418,93.84160755778582,,block_52_187,0
neg_5036,PSEUDO_NEGATIVE,27.51131330605825,93.54249609218317,,block_55_187,0
neg_5037,PSEUDO_NEGATIVE,26.021034921659528,92.20798751105507,,block_52_184,0
neg_5038,PSEUDO_NEGATIVE,25.082406421774266,92.4016456861673,,block_50_184,0
neg_5039,PSEUDO_NEGATIVE,29.028178856025466,96.4249638375366,,block_58_192,0
neg_5040,PSEUDO_NEGATIVE,28.265231473295806,96.40589102580337,,block_56_192,0
neg_5041,PSEUDO_NEGATIVE,27.836357373090856,95.81561258667394,,block_55_191,0
neg_5042,PSEUDO_NEGATIVE,26.080861077128297,93.01727914463486,,block_52_186,0
neg_5043,PSEUDO_NEGATIVE,26.220405228810538,89.92256839391743,,block_52_179,0
neg_5044,PSEUDO_NEGATIVE,26.638482813773617,94.43038613869311,,block_53_188,0
neg_5045,PSEUDO_NEGATIVE,28.076580866957233,92.78793493882296,,block_56_185,0
neg_5046,PSEUDO_NEGATIVE,25.649026424759754,93.57340722891685,,block_51_187,0
neg_5047,PSEUDO_NEGATIVE,28.077238910296455,93.25161821242507,,block_56_186,0
neg_5048,PSEUDO_NEGATIVE,24.773342702747037,92.59475110158866,,block_49_185,0
neg_5049,PSEUDO_NEGATIVE,25.564526155902506,93.58955472555748,,block_51_187,0
neg_5050,PSEUDO_NEGATIVE,26.789900020436065,90.50311108038169,,block_53_181,0
neg_5051,PSEUDO_NEGATIVE,26.437951114686815,94.22646824666013,,block_52_188,0
neg_5052,PSEUDO_NEGATIVE,27.604934414411925,92.37414673121987,,block_55_184,0
neg_5053,PSEUDO_NEGATIVE,23.339005874231884,91.8058278474879,,block_46_183,0
neg_5054,PSEUDO_NEGATIVE,26.279025831785873,91.8935472017547,,block_52_183,0
neg_5055,PSEUDO_NEGATIVE,29.104993322242823,94.56132712972753,,block_58_189,0
neg_5056,PSEUDO_NEGATIVE,24.304298106875148,92.25451092235858,,block_48_184,0
neg_5057,PSEUDO_NEGATIVE,28.159353303450203,92.99933022539642,,block_56_185,0
neg_5058,PSEUDO_NEGATIVE,27.374285262721653,94.15413442947087,,block_54_188,0
neg_5059,PSEUDO_NEGATIVE,25.52005661419016,90.3467649772842,,block_51_180,0
neg_5060,PSEUDO_NEGATIVE,24.08005368406934,91.95232235973916,,block_48_183,0
neg_5061,PSEUDO_NEGATIVE,29.442919708152136,96.07912164538496,,block_58_192,0
neg_5062,PSEUDO_NEGATIVE,25.584995836260102,92.78596719025721,,block_51_185,0
neg_5063,PSEUDO_NEGATIVE,27.80843517264462,93.43398771447585,,block_55_186,0
neg_5064,PSEUDO_NEGATIVE,27.746731424628027,92.24946092444515,,block_55_184,0
neg_5065,PSEUDO_NEGATIVE,25.47586731675675,92.98638065474131,,block_50_185,0
neg_5066,PSEUDO_NEGATIVE,22.736772899737232,92.93814652134438,,block_45_185,0
neg_5067,PSEUDO_NEGATIVE,27.005061872017354,95.26524614625146,,block_54_190,0
neg_5068,PSEUDO_NEGATIVE,27.335949601721122,94.46738830064044,,block_54_188,0
neg_5069,PSEUDO_NEGATIVE,23.807123321731773,91.92888648062488,,block_47_183,0
neg_5070,PSEUDO_NEGATIVE,28.02128898029745,96.95514134904231,,block_56_193,0
neg_5071,PSEUDO_NEGATIVE,27.615954543754334,94.53360344129024,,block_55_189,0
neg_5072,PSEUDO_NEGATIVE,23.259283559781835,93.37596612530479,,block_46_186,0
neg_5073,PSEUDO_NEGATIVE,25.779258138894107,94.55374191410228,,block_51_189,0
neg_5074,PSEUDO_NEGATIVE,25.71368093147899,90.58100182572174,,block_51_181,0
neg_5075,PSEUDO_NEGATIVE,25.994668963710303,92.98046881813913,,block_51_185,0
neg_5076,PSEUDO_NEGATIVE,26.304746903339502,95.09708431615411,,block_52_190,0
neg_5077,PSEUDO_NEGATIVE,25.728466087877905,94.70964458513895,,block_51_189,0
neg_5078,PSEUDO_NEGATIVE,24.6868138406693,92.93038509881174,,block_49_185,0
neg_5079,PSEUDO_NEGATIVE,23.21190501498653,93.0750102090326,,block_46_186,0
neg_5080,PSEUDO_NEGATIVE,24.12050844206779,93.87600425315703,,block_48_187,0
neg_5081,PSEUDO_NEGATIVE,27.107691144709538,92.92420449812451,,block_54_185,0
neg_5082,PSEUDO_NEGATIVE,25.697033859325842,93.3670539823094,,block_51_186,0
neg_5083,PSEUDO_NEGATIVE,26.70083207999406,92.07120778103125,,block_53_184,0
neg_5084,PSEUDO_NEGATIVE,25.954005882375114,91.11413239736049,,block_51_182,0
neg_5085,PSEUDO_NEGATIVE,27.456468947726936,95.27689144981636,,block_54_190,0
neg_5086,PSEUDO_NEGATIVE,27.58067403385469,94.9538667857822,,block_55_189,0
neg_5087,PSEUDO_NEGATIVE,28.202765888124254,93.86803988364304,,block_56_187,0
neg_5088,PSEUDO_NEGATIVE,28.808508100014038,94.75912330127886,,block_57_189,0
neg_5089,PSEUDO_NEGATIVE,24.327816476667742,92.42400012770459,,block_48_184,0
neg_5090,PSEUDO_NEGATIVE,28.967265874731922,95.97467792466644,,block_57_191,0
neg_5091,PSEUDO_NEGATIVE,28.71651468580284,95.27735656301245,,block_57_190,0
neg_5092,PSEUDO_NEGATIVE,26.24898965867102,91.2575243108058,,block_52_182,0
neg_5093,PSEUDO_NEGATIVE,27.543271922560432,95.96309462080383,,block_55_191,0
neg_5094,PSEUDO_NEGATIVE,27.121327819875003,95.10592493573161,,block_54_190,0
neg_5095,PSEUDO_NEGATIVE,26.585741513372618,91.52370728720274,,block_53_183,0
neg_5096,PSEUDO_NEGATIVE,28.968697113469634,94.17634661996726,,block_57_188,0
neg_5097,PSEUDO_NEGATIVE,27.799144555089228,92.6963902159126,,block_55_185,0
neg_5098,PSEUDO_NEGATIVE,27.49012207209226,88.62028445008862,,block_54_177,0
neg_5099,PSEUDO_NEGATIVE,27.62844684544295,93.4425040980508,,block_55_186,0
neg_5100,PSEUDO_NEGATIVE,28.320047153142873,96.20563095129486,,block_56_192,0
neg_5101,PSEUDO_NEGATIVE,27.598750974067258,93.64134385880486,,block_55_187,0
neg_5102,PSEUDO_NEGATIVE,25.744295237199584,90.64811624124248,,block_51_181,0
neg_5103,PSEUDO_NEGATIVE,26.43054379849615,93.56358742639841,,block_52_187,0
neg_5104,PSEUDO_NEGATIVE,27.657114233883874,94.931346874913,,block_55_189,0
neg_5105,PSEUDO_NEGATIVE,28.204111198880646,93.55336108579625,,block_56_187,0
neg_5106,PSEUDO_NEGATIVE,26.25014776923232,90.17614226891995,,block_52_180,0
neg_5107,PSEUDO_NEGATIVE,24.898083004443624,94.38825099142527,,block_49_188,0
neg_5108,PSEUDO_NEGATIVE,25.73134912570808,90.60418633374834,,block_51_181,0
neg_5109,PSEUDO_NEGATIVE,27.023984195992938,92.57557554908495,,block_54_185,0
neg_5110,PSEUDO_NEGATIVE,24.013837484653695,91.55658945147466,,block_48_183,0
neg_5111,PSEUDO_NEGATIVE,27.445045259901786,95.21437933256131,,block_54_190,0
neg_5112,PSEUDO_NEGATIVE,28.369130124900565,95.47232336713118,,block_56_190,0
neg_5113,PSEUDO_NEGATIVE,26.143299621364033,93.10637338917537,,block_52_186,0
neg_5114,PSEUDO_NEGATIVE,23.366500622900638,92.85752526361938,,block_46_185,0
neg_5115,PSEUDO_NEGATIVE,27.907929531145363,94.37677890714035,,block_55_188,0
neg_5116,PSEUDO_NEGATIVE,26.350790127747796,90.65116885635722,,block_52_181,0
neg_5117,PSEUDO_NEGATIVE,24.22663461000608,93.46012250276227,,block_48_186,0
neg_5118,PSEUDO_NEGATIVE,27.143550775774095,92.04725289595213,,block_54_184,0
neg_5119,PSEUDO_NEGATIVE,27.528295889122173,92.01712481711213,,block_55_184,0
neg_5120,PSEUDO_NEGATIVE,28.240128375002687,93.20266997687762,,block_56_186,0
neg_5121,PSEUDO_NEGATIVE,23.726503301825808,91.4469324653976,,block_47_182,0
neg_5122,PSEUDO_NEGATIVE,27.527778659062236,96.29523728924309,,block_55_192,0
neg_5123,PSEUDO_NEGATIVE,24.91819976208677,92.90603511737702,,block_49_185,0
neg_5124,PSEUDO_NEGATIVE,25.98347245351078,91.24982355661047,,block_51_182,0
neg_5125,PSEUDO_NEGATIVE,28.25878673163588,96.26884165276107,,block_56_192,0
neg_5126,PSEUDO_NEGATIVE,27.370540287455995,92.27979355600313,,block_54_184,0
neg_5127,PSEUDO_NEGATIVE,25.316412235105222,92.3541985299233,,block_50_184,0
neg_5128,PSEUDO_NEGATIVE,26.581285258403934,93.41368141203782,,block_53_186,0
neg_5129,PSEUDO_NEGATIVE,25.069283684246535,93.01968861697473,,block_50_186,0
neg_5130,PSEUDO_NEGATIVE,26.483975314767875,91.42718342494277,,block_52_182,0
neg_5131,PSEUDO_NEGATIVE,27.918110535734368,97.18062659565929,,block_55_194,0
neg_5132,PSEUDO_NEGATIVE,25.325470237217164,93.73022980256746,,block_50_187,0
neg_5133,PSEUDO_NEGATIVE,26.941259115370634,95.2691609550966,,block_53_190,0
neg_5134,PSEUDO_NEGATIVE,25.84355482590055,95.0106916203326,,block_51_190,0
neg_5135,PSEUDO_NEGATIVE,24.284662640562587,93.87405554658022,,block_48_187,0
neg_5136,PSEUDO_NEGATIVE,25.500885284704726,94.70605060884306,,block_51_189,0
neg_5137,PSEUDO_NEGATIVE,27.103747017843535,94.20621923546585,,block_54_188,0
neg_5138,PSEUDO_NEGATIVE,27.99426191538195,94.3678430673312,,block_55_188,0
neg_5139,PSEUDO_NEGATIVE,26.370271444071783,91.63973210908907,,block_52_183,0
neg_5140,PSEUDO_NEGATIVE,25.98901784515744,91.11904839525182,,block_51_182,0
neg_5141,PSEUDO_NEGATIVE,24.3904576759789,92.48437348101919,,block_48_184,0
neg_5142,PSEUDO_NEGATIVE,27.753510910719882,95.89662342746618,,block_55_191,0
neg_5143,PSEUDO_NEGATIVE,26.17281427637357,94.02857892341862,,block_52_188,0
neg_5144,PSEUDO_NEGATIVE,25.95861283740083,91.45009616144661,,block_51_182,0
neg_5145,PSEUDO_NEGATIVE,26.82877828516809,90.42759365460313,,block_53_180,0
neg_5146,PSEUDO_NEGATIVE,26.64635666520753,91.80074514629565,,block_53_183,0
neg_5147,PSEUDO_NEGATIVE,26.75013667960982,90.74671235486309,,block_53_181,0
neg_5148,PSEUDO_NEGATIVE,27.32079262230183,88.58008973775713,,block_54_177,0
neg_5149,PSEUDO_NEGATIVE,25.925053462673525,91.46305458780797,,block_51_182,0
neg_5150,PSEUDO_NEGATIVE,27.610457884737308,95.84532638640137,,block_55_191,0
neg_5151,PSEUDO_NEGATIVE,27.79381353189544,92.17861009408587,,block_55_184,0
neg_5152,PSEUDO_NEGATIVE,26.340773313675395,92.92611337871472,,block_52_185,0
neg_5153,PSEUDO_NEGATIVE,25.34623609052506,89.93764591500776,,block_50_179,0
neg_5154,PSEUDO_NEGATIVE,27.304980722734463,93.41179807733471,,block_54_186,0
neg_5155,PSEUDO_NEGATIVE,28.380492252705853,96.64518442308638,,block_56_193,0
neg_5156,PSEUDO_NEGATIVE,25.023962011186608,93.93205479343007,,block_50_187,0
neg_5157,PSEUDO_NEGATIVE,28.255996285812714,94.60111627725301,,block_56_189,0
neg_5158,PSEUDO_NEGATIVE,28.81437530896547,96.55643090130746,,block_57_193,0
neg_5159,PSEUDO_NEGATIVE,27.168334765211053,92.65831303686016,,block_54_185,0
neg_5160,PSEUDO_NEGATIVE,26.727360278456054,92.46936058194244,,block_53_184,0
neg_5161,PSEUDO_NEGATIVE,28.955738333653166,94.58601621529604,,block_57_189,0
neg_5162,PSEUDO_NEGATIVE,23.09932076231745,91.54399403310163,,block_46_183,0
neg_5163,PSEUDO_NEGATIVE,27.92883552050166,88.43936893462435,,block_55_176,0
neg_5164,PSEUDO_NEGATIVE,25.6559409672979,91.30995256593823,,block_51_182,0
neg_5165,PSEUDO_NEGATIVE,28.59823320957938,93.4111401061199,,block_57_186,0
neg_5166,PSEUDO_NEGATIVE,27.27034692455726,94.47219679211008,,block_54_188,0
neg_5167,PSEUDO_NEGATIVE,25.38474574383616,93.35301654021875,,block_50_186,0
neg_5168,PSEUDO_NEGATIVE,26.680966424683163,92.57855900033864,,block_53_185,0
neg_5169,PSEUDO_NEGATIVE,27.366601102759965,92.3414369742409,,block_54_184,0
neg_5170,PSEUDO_NEGATIVE,26.26660879036237,90.99453285035928,,block_52_181,0
neg_5171,PSEUDO_NEGATIVE,24.248252722372463,91.95747296186885,,block_48_183,0
neg_5172,PSEUDO_NEGATIVE,24.818020857367152,92.39349549185482,,block_49_184,0
neg_5173,PSEUDO_NEGATIVE,26.86562451973933,94.4113013634022,,block_53_188,0
neg_5174,PSEUDO_NEGATIVE,27.296221849665773,94.60760466827944,,block_54_189,0
neg_5175,PSEUDO_NEGATIVE,27.926519112721778,94.31694090009462,,block_55_188,0
neg_5176,PSEUDO_NEGATIVE,28.098083214357132,94.69480316087918,,block_56_189,0
neg_5177,PSEUDO_NEGATIVE,26.725429106940148,90.61053191329285,,block_53_181,0
neg_5178,PSEUDO_NEGATIVE,26.666795252147498,94.12813455515237,,block_53_188,0
neg_5179,PSEUDO_NEGATIVE,26.19549533508205,90.07979370317189,,block_52_180,0
neg_5180,PSEUDO_NEGATIVE,28.029060978973067,96.0582220825886,,block_56_192,0
neg_5181,PSEUDO_NEGATIVE,27.654780831253788,96.57861586468718,,block_55_193,0
neg_5182,PSEUDO_NEGATIVE,26.15669165048641,90.78815760578843,,block_52_181,0
neg_5183,PSEUDO_NEGATIVE,27.486556180142856,94.25658499475365,,block_54_188,0
neg_5184,PSEUDO_NEGATIVE,24.928430348934082,92.63149256826301,,block_49_185,0
neg_5185,PSEUDO_NEGATIVE,28.264020151395933,97.09276815330529,,block_56_194,0
neg_5186,PSEUDO_NEGATIVE,26.050836909405007,92.07977758917603,,block_52_184,0
neg_5187,PSEUDO_NEGATIVE,26.166004498439364,93.60899595777995,,block_52_187,0
neg_5188,PSEUDO_NEGATIVE,26.36408040099906,95.09972205459563,,block_52_190,0
neg_5189,PSEUDO_NEGATIVE,27.701036076827087,91.72908418332024,,block_55_183,0
neg_5190,PSEUDO_NEGATIVE,28.861160854098443,95.23820049578423,,block_57_190,0
neg_5191,PSEUDO_NEGATIVE,26.143612325697056,90.56121398664614,,block_52_181,0
neg_5192,PSEUDO_NEGATIVE,27.785393413786146,93.2222308475543,,block_55_186,0
neg_5193,PSEUDO_NEGATIVE,28.58588498348389,94.18798210442112,,block_57_188,0
neg_5194,PSEUDO_NEGATIVE,27.708749161448985,96.12660379923946,,block_55_192,0
neg_5195,PSEUDO_NEGATIVE,27.428293650019363,94.89275729274773,,block_54_189,0
neg_5196,PSEUDO_NEGATIVE,26.01798281467599,93.57203708824098,,block_52_187,0
neg_5197,PSEUDO_NEGATIVE,27.532170528572237,94.53185469347312,,block_55_189,0
neg_5198,PSEUDO_NEGATIVE,24.49368461128094,94.03078298621777,,block_48_188,0
neg_5199,PSEUDO_NEGATIVE,27.377002124930726,94.17853776560649,,block_54_188,0
neg_5200,PSEUDO_NEGATIVE,28.058726359123693,93.558303904152,,block_56_187,0
neg_5201,PSEUDO_NEGATIVE,27.109206359856312,94.8359659929509,,block_54_189,0
neg_5202,PSEUDO_NEGATIVE,28.75104745064558,94.80917714847399,,block_57_189,0
neg_5203,PSEUDO_NEGATIVE,27.337297827388717,96.19400784766557,,block_54_192,0
neg_5204,PSEUDO_NEGATIVE,27.668495008265452,91.67298529693167,,block_55_183,0
neg_5205,PSEUDO_NEGATIVE,27.268962921826088,93.29726650602052,,block_54_186,0
neg_5206,PSEUDO_NEGATIVE,23.618435011614476,92.43457878205217,,block_47_184,0
neg_5207,PSEUDO_NEGATIVE,28.28234409903376,95.32522977897945,,block_56_190,0
neg_5208,PSEUDO_NEGATIVE,24.916141922035308,92.73746250876175,,block_49_185,0
neg_5209,PSEUDO_NEGATIVE,25.73039458036862,93.42012203117282,,block_51_186,0
neg_5210,PSEUDO_NEGATIVE,28.287034367544663,94.34809173201937,,block_56_188,0
neg_5211,PSEUDO_NEGATIVE,25.50107841129364,92.9857662626876,,block_51_185,0
neg_5212,PSEUDO_NEGATIVE,25.472082738484943,90.1685419046453,,block_50_180,0
neg_5213,PSEUDO_NEGATIVE,23.83280796507761,93.00477933835303,,block_47_186,0
neg_5214,PSEUDO_NEGATIVE,26.55896695569476,93.7089643285792,,block_53_187,0
neg_5215,PSEUDO_NEGATIVE,28.24621017175749,95.71919522311502,,block_56_191,0
neg_5216,PSEUDO_NEGATIVE,27.821008306945373,88.3075315185889,,block_55_176,0
neg_5217,PSEUDO_NEGATIVE,28.778647167313405,95.36419180427595,,block_57_190,0
neg_5218,PSEUDO_NEGATIVE,28.146458980899393,95.93738693640749,,block_56_191,0
neg_5219,PSEUDO_NEGATIVE,27.591642428472394,94.209077940352,,block_55_188,0
neg_5220,PSEUDO_NEGATIVE,26.24257813822927,90.5140894671933,,block_52_181,0
neg_5221,PSEUDO_NEGATIVE,23.596394681221113,91.42869057706962,,block_47_182,0
neg_5222,PSEUDO_NEGATIVE,28.589640363871606,94.03986089564576,,block_57_188,0
neg_5223,PSEUDO_NEGATIVE,27.193531521223367,93.84007801479325,,block_54_187,0
neg_5224,PSEUDO_NEGATIVE,29.11833205082516,94.9179864330745,,block_58_189,0
neg_5225,PSEUDO_NEGATIVE,28.26864165543501,95.0350982354086,,block_56_190,0
neg_5226,PSEUDO_NEGATIVE,29.24412410230799,96.05340357413378,,block_58_192,0
neg_5227,PSEUDO_NEGATIVE,25.107418650850327,92.5717124076277,,block_50_185,0
neg_5228,PSEUDO_NEGATIVE,27.559640964517424,92.42452627667383,,block_55_184,0
neg_5229,PSEUDO_NEGATIVE,24.144093304959533,93.18225976501655,,block_48_186,0
neg_5230,PSEUDO_NEGATIVE,25.770656239259637,90.32085633703906,,block_51_180,0
neg_5231,PSEUDO_NEGATIVE,25.45889080785961,93.24340554796248,,block_50_186,0
neg_5232,PSEUDO_NEGATIVE,26.782323298987407,92.20147524927921,,block_53_184,0
neg_5233,PSEUDO_NEGATIVE,27.307932156437282,95.38697207597049,,block_54_190,0
neg_5234,PSEUDO_NEGATIVE,27.622307037025855,94.05689134362247,,block_55_188,0
neg_5235,PSEUDO_NEGATIVE,24.366218543121583,93.55984479877489,,block_48_187,0
neg_5236,PSEUDO_NEGATIVE,23.903950480922536,91.38478410333158,,block_47_182,0
neg_5237,PSEUDO_NEGATIVE,27.707739014501122,92.48279570519561,,block_55_184,0
neg_5238,PSEUDO_NEGATIVE,27.75171589388759,92.28628720706824,,block_55_184,0
neg_5239,PSEUDO_NEGATIVE,23.81713128352203,92.19147209927333,,block_47_184,0
neg_5240,PSEUDO_NEGATIVE,25.894105931127122,91.23618443127717,,block_51_182,0
neg_5241,PSEUDO_NEGATIVE,24.77630952478195,92.99370120141472,,block_49_185,0
neg_5242,PSEUDO_NEGATIVE,26.326512195810636,91.72461903309926,,block_52_183,0
neg_5243,PSEUDO_NEGATIVE,27.72055272504799,92.59835120510301,,block_55_185,0
neg_5244,PSEUDO_NEGATIVE,28.22460670949359,96.20790527610993,,block_56_192,0
neg_5245,PSEUDO_NEGATIVE,27.66171431009025,95.48072280340818,,block_55_190,0
neg_5246,PSEUDO_NEGATIVE,27.129265099439717,94.50427768315002,,block_54_189,0
neg_5247,PSEUDO_NEGATIVE,26.367633690432623,93.26819103149988,,block_52_186,0
neg_5248,PSEUDO_NEGATIVE,24.700647218836398,92.72790456295758,,block_49_185,0
neg_5249,PSEUDO_NEGATIVE,26.41484794888018,92.20249512550589,,block_52_184,0
neg_5250,PSEUDO_NEGATIVE,28.203378995193198,94.41521294074941,,block_56_188,0
neg_5251,PSEUDO_NEGATIVE,28.376522585672266,94.69926947841456,,block_56_189,0
neg_5252,PSEUDO_NEGATIVE,27.250986749716752,92.45748763207567,,block_54_184,0
neg_5253,PSEUDO_NEGATIVE,25.82753271746794,92.08447182493913,,block_51_184,0
neg_5254,PSEUDO_NEGATIVE,27.35360285601328,95.01514719905984,,block_54_190,0
neg_5255,PSEUDO_NEGATIVE,26.263853630977255,93.81296208169519,,block_52_187,0
neg_5256,PSEUDO_NEGATIVE,24.108380218819057,93.98980830821006,,block_48_187,0
neg_5257,PSEUDO_NEGATIVE,25.230529270426672,90.15876986054204,,block_50_180,0
neg_5258,PSEUDO_NEGATIVE,25.400759753768202,92.64669541702946,,block_50_185,0
neg_5259,PSEUDO_NEGATIVE,27.027596338800606,92.74870664330987,,block_54_185,0
neg_5260,PSEUDO_NEGATIVE,27.84272680605902,91.56328501480375,,block_55_183,0
neg_5261,PSEUDO_NEGATIVE,28.57172687165686,94.38228366053704,,block_57_188,0
neg_5262,PSEUDO_NEGATIVE,26.2334615964651,94.6552004940785,,block_52_189,0
neg_5263,PSEUDO_NEGATIVE,26.110059988241908,93.93763019922963,,block_52_187,0
neg_5264,PSEUDO_NEGATIVE,28.056689922325518,95.4663987641809,,block_56_190,0
neg_5265,PSEUDO_NEGATIVE,26.975317012989883,93.60381563859032,,block_53_187,0
neg_5266,PSEUDO_NEGATIVE,26.328451861671095,95.09470242526264,,block_52_190,0
neg_5267,PSEUDO_NEGATIVE,25.284316739037465,93.94518531228967,,block_50_187,0
neg_5268,PSEUDO_NEGATIVE,27.161209363321007,97.01088281500584,,block_54_194,0
neg_5269,PSEUDO_NEGATIVE,25.118897591954017,94.61544207779141,,block_50_189,0
neg_5270,PSEUDO_NEGATIVE,25.37045045602814,93.51144303060053,,block_50_187,0
neg_5271,PSEUDO_NEGATIVE,27.033900462098167,94.39054819606379,,block_54_188,0
neg_5272,PSEUDO_NEGATIVE,25.682568256381963,89.99915326056252,,block_51_179,0
neg_5273,PSEUDO_NEGATIVE,28.764324291710583,95.39795203890904,,block_57_190,0
neg_5274,PSEUDO_NEGATIVE,27.74470183658994,93.00110511354765,,block_55_186,0
neg_5275,PSEUDO_NEGATIVE,27.287331242245614,93.54871638948822,,block_54_187,0
neg_5276,PSEUDO_NEGATIVE,26.45441786870615,90.41355094469704,,block_52_180,0
neg_5277,PSEUDO_NEGATIVE,25.4743740777277,92.48740086037752,,block_50_184,0
neg_5278,PSEUDO_NEGATIVE,26.6845660835902,94.44579889849473,,block_53_188,0
neg_5279,PSEUDO_NEGATIVE,23.28569268429749,92.79404368460591,,block_46_185,0
neg_5280,PSEUDO_NEGATIVE,26.432107507197195,92.52487107454441,,block_52_185,0
neg_5281,PSEUDO_NEGATIVE,23.90792341212191,91.70668370049107,,block_47_183,0
neg_5282,PSEUDO_NEGATIVE,26.492282651352774,92.67683954258067,,block_52_185,0
neg_5283,PSEUDO_NEGATIVE,26.98064621146332,92.46093271542097,,block_53_184,0
neg_5284,PSEUDO_NEGATIVE,27.93177578761873,96.44048039776209,,block_55_192,0
neg_5285,PSEUDO_NEGATIVE,27.599850007033186,92.3189566234145,,block_55_184,0
neg_5286,PSEUDO_NEGATIVE,25.116285006727537,94.17047552027464,,block_50_188,0
neg_5287,PSEUDO_NEGATIVE,27.654480057201646,91.63645918476739,,block_55_183,0
neg_5288,PSEUDO_NEGATIVE,27.430116215296426,96.36086398191547,,block_54_192,0
neg_5289,PSEUDO_NEGATIVE,27.67045532697056,95.013506067698,,block_55_190,0
neg_5290,PSEUDO_NEGATIVE,27.133154041337818,94.13311095831274,,block_54_188,0
neg_5291,PSEUDO_NEGATIVE,25.055511341196663,94.37723210805856,,block_50_188,0
neg_5292,PSEUDO_NEGATIVE,27.202286413732793,95.41354576878581,,block_54_190,0
neg_5293,PSEUDO_NEGATIVE,23.455032734480366,91.80590701475506,,block_46_183,0
neg_5294,PSEUDO_NEGATIVE,27.923320695225144,88.50587895193553,,block_55_177,0
neg_5295,PSEUDO_NEGATIVE,22.329296706501633,92.79792571027438,,block_44_185,0
neg_5296,PSEUDO_NEGATIVE,28.054595603149423,95.9604460767728,,block_56_191,0
neg_5297,PSEUDO_NEGATIVE,27.715123142026407,96.38475429330128,,block_55_192,0
neg_5298,PSEUDO_NEGATIVE,27.443972137725247,95.03707219912742,,block_54_190,0
neg_5299,PSEUDO_NEGATIVE,26.493075486709785,91.4299702834449,,block_52_182,0
neg_5300,PSEUDO_NEGATIVE,28.639972463549906,95.1949637184817,,block_57_190,0
neg_5301,PSEUDO_NEGATIVE,26.427297335926156,93.45900246086279,,block_52_186,0
neg_5302,PSEUDO_NEGATIVE,26.035352329786935,92.14226748296338,,block_52_184,0
neg_5303,PSEUDO_NEGATIVE,24.640119551616273,92.85819221117801,,block_49_185,0
neg_5304,PSEUDO_NEGATIVE,24.633766587062837,92.53107812394026,,block_49_185,0
neg_5305,PSEUDO_NEGATIVE,27.16823331288321,94.97338622443948,,block_54_189,0
neg_5306,PSEUDO_NEGATIVE,23.572870460634505,91.46485385446543,,block_47_182,0
neg_5307,PSEUDO_NEGATIVE,28.610115484783872,94.49355151906519,,block_57_188,0
neg_5308,PSEUDO_NEGATIVE,24.35604258945903,92.60831417799668,,block_48_185,0
neg_5309,PSEUDO_NEGATIVE,26.968428638207513,95.21712044022767,,block_53_190,0
neg_5310,PSEUDO_NEGATIVE,25.90638022016543,92.67981809956119,,block_51_185,0
neg_5311,PSEUDO_NEGATIVE,25.691159811781553,91.87618525775981,,block_51_183,0
neg_5312,PSEUDO_NEGATIVE,27.417405334119774,88.46323458364273,,block_54_176,0
neg_5313,PSEUDO_NEGATIVE,25.54939136804863,91.78934013214949,,block_51_183,0
neg_5314,PSEUDO_NEGATIVE,27.050133712380973,93.1036039847469,,block_54_186,0
neg_5315,PSEUDO_NEGATIVE,26.065205035033287,92.01162452506364,,block_52_184,0
neg_5316,PSEUDO_NEGATIVE,23.37334687641694,91.61051341881287,,block_46_183,0
neg_5317,PSEUDO_NEGATIVE,26.718399136119682,91.65342295147674,,block_53_183,0
neg_5318,PSEUDO_NEGATIVE,28.47634907572203,94.50850912366658,,block_56_189,0
neg_5319,PSEUDO_NEGATIVE,25.585416893700447,89.94331856343524,,block_51_179,0
neg_5320,PSEUDO_NEGATIVE,24.601061427712533,93.52248307150627,,block_49_187,0
neg_5321,PSEUDO_NEGATIVE,25.948012364716583,94.9699400827032,,block_51_189,0
neg_5322,PSEUDO_NEGATIVE,26.130538969545192,92.12738692956368,,block_52_184,0
neg_5323,PSEUDO_NEGATIVE,25.91826873724434,91.29070264641452,,block_51_182,0
neg_5324,PSEUDO_NEGATIVE,25.3230444798426,90.81472514686043,,block_50_181,0
neg_5325,PSEUDO_NEGATIVE,27.58106058334213,94.4203892677406,,block_55_188,0
neg_5326,PSEUDO_NEGATIVE,26.46704414105836,91.6688489825017,,block_52_183,0
neg_5327,PSEUDO_NEGATIVE,25.539579259659387,92.48823347003213,,block_51_184,0
neg_5328,PSEUDO_NEGATIVE,25.57363148413804,90.22783003838904,,block_51_180,0
neg_5329,PSEUDO_NEGATIVE,25.358776332268523,91.47039183977834,,block_50_182,0
neg_5330,PSEUDO_NEGATIVE,28.414716459607,93.83592470262204,,block_56_187,0
neg_5331,PSEUDO_NEGATIVE,28.951074482254405,95.1059662840529,,block_57_190,0
neg_5332,PSEUDO_NEGATIVE,24.73717742968425,93.57069753842389,,block_49_187,0
neg_5333,PSEUDO_NEGATIVE,27.820186294737134,96.63056042165695,,block_55_193,0
neg_5334,PSEUDO_NEGATIVE,26.084021633631256,90.67319521982014,,block_52_181,0
neg_5335,PSEUDO_NEGATIVE,26.244559706026987,90.6061412606196,,block_52_181,0
neg_5336,PSEUDO_NEGATIVE,26.016936973877527,93.36102402152079,,block_52_186,0
neg_5337,PSEUDO_NEGATIVE,25.892639280294322,93.265318334063,,block_51_186,0
neg_5338,PSEUDO_NEGATIVE,25.463357432655908,90.06322879390282,,block_50_180,0
neg_5339,PSEUDO_NEGATIVE,26.773319183129487,92.84543169001125,,block_53_185,0
neg_5340,PSEUDO_NEGATIVE,23.77916934336766,92.11104052028142,,block_47_184,0
neg_5341,PSEUDO_NEGATIVE,25.696339778571087,93.35219805509018,,block_51_186,0
neg_5342,PSEUDO_NEGATIVE,27.91132050368023,95.088355062301,,block_55_190,0
neg_5343,PSEUDO_NEGATIVE,28.699837706945324,94.85573711769376,,block_57_189,0
neg_5344,PSEUDO_NEGATIVE,25.254968561622274,90.17443453431353,,block_50_180,0
neg_5345,PSEUDO_NEGATIVE,25.827632114316327,91.24893817545997,,block_51_182,0
neg_5346,PSEUDO_NEGATIVE,26.62075543338507,94.30468497676439,,block_53_188,0
neg_5347,PSEUDO_NEGATIVE,27.507554211239057,91.99833740665635,,block_55_183,0
neg_5348,PSEUDO_NEGATIVE,24.328106972165816,93.49010463342644,,block_48_186,0
neg_5349,PSEUDO_NEGATIVE,28.285263531334056,96.998068240403,,block_56_193,0
neg_5350,PSEUDO_NEGATIVE,26.10331567152354,94.30360348613866,,block_52_188,0
neg_5351,PSEUDO_NEGATIVE,24.211603194879807,92.65153513622067,,block_48_185,0
neg_5352,PSEUDO_NEGATIVE,27.309984159448874,95.18925375554359,,block_54_190,0
neg_5353,PSEUDO_NEGATIVE,27.149187658613283,95.58029062614492,,block_54_191,0
neg_5354,PSEUDO_NEGATIVE,24.474360605338706,93.89056548391176,,block_48_187,0
neg_5355,PSEUDO_NEGATIVE,22.97870737108646,92.90279300540013,,block_45_185,0
neg_5356,PSEUDO_NEGATIVE,28.08808751874618,95.2465265785349,,block_56_190,0
neg_5357,PSEUDO_NEGATIVE,28.636374506640347,94.47180471425378,,block_57_188,0
neg_5358,PSEUDO_NEGATIVE,25.921784141861202,92.98853195330544,,block_51_185,0
neg_5359,PSEUDO_NEGATIVE,27.09435854406726,92.7174824753357,,block_54_185,0
neg_5360,PSEUDO_NEGATIVE,23.41203050666712,91.70985841006285,,block_46_183,0
neg_5361,PSEUDO_NEGATIVE,26.18732596563936,92.21968238931763,,block_52_184,0
neg_5362,PSEUDO_NEGATIVE,27.562380538544296,94.00475796080705,,block_55_188,0
neg_5363,PSEUDO_NEGATIVE,27.590582371147498,94.11927223339374,,block_55_188,0
neg_5364,PSEUDO_NEGATIVE,27.504151885335666,93.15235202169495,,block_55_186,0
neg_5365,PSEUDO_NEGATIVE,25.30141097269572,89.98556407705362,,block_50_179,0
neg_5366,PSEUDO_NEGATIVE,25.581674371877796,90.7444340773454,,block_51_181,0
neg_5367,PSEUDO_NEGATIVE,24.63439570039376,92.44273018326808,,block_49_184,0
neg_5368,PSEUDO_NEGATIVE,23.032239105948314,92.94811202585723,,block_46_185,0
neg_5369,PSEUDO_NEGATIVE,27.487082028536918,96.80140279508844,,block_54_193,0
neg_5370,PSEUDO_NEGATIVE,27.255173198087093,92.14023604867988,,block_54_184,0
neg_5371,PSEUDO_NEGATIVE,26.51306364239164,90.89285503077403,,block_53_181,0
neg_5372,PSEUDO_NEGATIVE,23.73917056414079,92.10869081692226,,block_47_184,0
neg_5373,PSEUDO_NEGATIVE,28.706817610085174,95.74929455487704,,block_57_191,0
neg_5374,PSEUDO_NEGATIVE,27.761237364082803,96.61326171153578,,block_55_193,0
neg_5375,PSEUDO_NEGATIVE,24.155580748773755,94.04253011404052,,block_48_188,0
neg_5376,PSEUDO_NEGATIVE,26.73399149348553,95.36422252772898,,block_53_190,0
neg_5377,PSEUDO_NEGATIVE,26.693107985753517,94.67581934798906,,block_53_189,0
neg_5378,PSEUDO_NEGATIVE,27.40447417930545,96.15713177285852,,block_54_192,0
neg_5379,PSEUDO_NEGATIVE,26.03236960524802,94.92444347233264,,block_52_189,0
neg_5380,PSEUDO_NEGATIVE,27.514427060821866,88.47873896589512,,block_55_176,0
neg_5381,PSEUDO_NEGATIVE,23.50175135253908,92.67947413587248,,block_47_185,0
neg_5382,PSEUDO_NEGATIVE,29.261401889319476,96.3428750957638,,block_58_192,0
neg_5383,PSEUDO_NEGATIVE,26.6629712115702,90.7641404179442,,block_53_181,0
neg_5384,PSEUDO_NEGATIVE,26.076320811577656,91.42944334532098,,block_52_182,0
neg_5385,PSEUDO_NEGATIVE,23.884428750342497,91.84322594865799,,block_47_183,0
neg_5386,PSEUDO_NEGATIVE,25.70439730762284,91.70982414498049,,block_51_183,0
neg_5387,PSEUDO_NEGATIVE,27.644960912876677,96.33196484513307,,block_55_192,0
neg_5388,PSEUDO_NEGATIVE,24.59538063892646,92.68281265380035,,block_49_185,0
neg_5389,PSEUDO_NEGATIVE,27.5666076574881,93.49299117217281,,block_55_186,0
neg_5390,PSEUDO_NEGATIVE,28.768447597024625,94.12907275760492,,block_57_188,0
neg_5391,PSEUDO_NEGATIVE,27.751980447164186,92.20929468142313,,block_55_184,0
neg_5392,PSEUDO_NEGATIVE,27.08462230125773,92.70211834426709,,block_54_185,0
neg_5393,PSEUDO_NEGATIVE,26.709828966037193,93.63619379019369,,block_53_187,0
neg_5394,PSEUDO_NEGATIVE,27.91579726000923,94.94227990510353,,block_55_189,0
neg_5395,PSEUDO_NEGATIVE,28.278525554817257,95.50271822441118,,block_56_191,0
neg_5396,PSEUDO_NEGATIVE,27.4502332315988,92.35132816316505,,block_54_184,0
neg_5397,PSEUDO_NEGATIVE,25.586807280007996,92.02857245854547,,block_51_184,0
neg_5398,PSEUDO_NEGATIVE,26.06161543533657,89.80792797040858,,block_52_179,0
neg_5399,PSEUDO_NEGATIVE,23.773631913335198,91.68646331094601,,block_47_183,0
neg_5400,PSEUDO_NEGATIVE,28.732052705582277,95.67747052957931,,block_57_191,0
neg_5401,PSEUDO_NEGATIVE,24.954919779746817,93.08697297223797,,block_49_186,0
neg_5402,PSEUDO_NEGATIVE,26.75345642916387,92.79920472878617,,block_53_185,0
neg_5403,PSEUDO_NEGATIVE,28.91222173352998,94.55296340081465,,block_57_189,0
neg_5404,PSEUDO_NEGATIVE,25.233373570354964,92.42564261313615,,block_50_184,0
neg_5405,PSEUDO_NEGATIVE,26.72264667763099,90.75322955076227,,block_53_181,0
neg_5406,PSEUDO_NEGATIVE,26.765255804125275,92.30336187239061,,block_53_184,0
neg_5407,PSEUDO_NEGATIVE,27.43039928154661,96.31410277926096,,block_54_192,0
neg_5408,PSEUDO_NEGATIVE,28.09387380023965,97.06100393414903,,block_56_194,0
neg_5409,PSEUDO_NEGATIVE,28.721489832829405,94.07397027994038,,block_57_188,0
neg_5410,PSEUDO_NEGATIVE,23.354561231843242,91.73022533029585,,block_46_183,0
neg_5411,PSEUDO_NEGATIVE,28.75475521847645,94.685666079105,,block_57_189,0
neg_5412,PSEUDO_NEGATIVE,26.8718070717426,95.4775949712421,,block_53_190,0
neg_5413,PSEUDO_NEGATIVE,28.5022345401807,96.19025818267258,,block_57_192,0
neg_5414,PSEUDO_NEGATIVE,23.587819804292703,92.96795543926628,,block_47_185,0
neg_5415,PSEUDO_NEGATIVE,26.79782532630485,91.43442622108266,,block_53_182,0
neg_5416,PSEUDO_NEGATIVE,25.583622973189748,90.44485271875355,,block_51_180,0
neg_5417,PSEUDO_NEGATIVE,23.69117193996538,91.57252587616618,,block_47_183,0
neg_5418,PSEUDO_NEGATIVE,25.657872204457817,94.00751644289622,,block_51_188,0
neg_5419,PSEUDO_NEGATIVE,25.139587847207984,94.02750459710818,,block_50_188,0
neg_5420,PSEUDO_NEGATIVE,28.485004034999854,95.93690827762609,,block_56_191,0
neg_5421,PSEUDO_NEGATIVE,26.549579122885056,94.0401321480117,,block_53_188,0
neg_5422,PSEUDO_NEGATIVE,25.93540842985375,91.93295478499024,,block_51_183,0
neg_5423,PSEUDO_NEGATIVE,23.529620945323128,93.19204188789178,,block_47_186,0
neg_5424,PSEUDO_NEGATIVE,27.69728172551195,93.2372391189776,,block_55_186,0
neg_5425,PSEUDO_NEGATIVE,28.052381359931015,96.76884249852013,,block_56_193,0
neg_5426,PSEUDO_NEGATIVE,28.172468299272538,96.39243822649719,,block_56_192,0
neg_5427,PSEUDO_NEGATIVE,25.311518230588213,92.92029511133516,,block_50_185,0
neg_5428,PSEUDO_NEGATIVE,25.960384237823533,92.97870936833934,,block_51_185,0
neg_5429,PSEUDO_NEGATIVE,25.34670554918587,94.3826143476497,,block_50_188,0
neg_5430,PSEUDO_NEGATIVE,26.997826204348595,94.35413618489297,,block_53_188,0
neg_5431,PSEUDO_NEGATIVE,26.77071764654229,92.75508348530418,,block_53_185,0
neg_5432,PSEUDO_NEGATIVE,26.461170339873565,92.27250451544774,,block_52_184,0
neg_5433,PSEUDO_NEGATIVE,25.024291314938097,93.6273392025893,,block_50_187,0
neg_5434,PSEUDO_NEGATIVE,25.876630355720092,92.4935843446653,,block_51_184,0
neg_5435,PSEUDO_NEGATIVE,26.83671239597974,94.09424523085684,,block_53_188,0
neg_5436,PSEUDO_NEGATIVE,26.035574742067354,93.072827559953,,block_52_186,0
neg_5437,PSEUDO_NEGATIVE,27.536797614384376,95.02816402739937,,block_55_190,0
neg_5438,PSEUDO_NEGATIVE,23.625361804818525,91.40815613358424,,block_47_182,0
neg_5439,PSEUDO_NEGATIVE,26.365457723813215,92.70304682271353,,block_52_185,0
neg_5440,PSEUDO_NEGATIVE,27.017304977749884,93.4584532197783,,block_54_186,0
neg_5441,PSEUDO_NEGATIVE,24.812448462953007,94.45381032027484,,block_49_188,0
neg_5442,PSEUDO_NEGATIVE,26.475697192803185,93.47157547454515,,block_52_186,0
neg_5443,PSEUDO_NEGATIVE,27.762284458811717,95.50049340278495,,block_55_191,0
neg_5444,PSEUDO_NEGATIVE,23.66890246008654,91.36624342559725,,block_47_182,0
neg_5445,PSEUDO_NEGATIVE,27.999525004406927,97.3787997925491,,block_55_194,0
neg_5446,PSEUDO_NEGATIVE,27.653924695107563,92.50200899054056,,block_55_185,0
neg_5447,PSEUDO_NEGATIVE,25.287709070341904,92.17166996674952,,block_50_184,0
neg_5448,PSEUDO_NEGATIVE,22.876638712149063,92.66230690717092,,block_45_185,0
neg_5449,PSEUDO_NEGATIVE,27.922087454426595,95.22327580057109,,block_55_190,0
neg_5450,PSEUDO_NEGATIVE,24.30090428296192,92.36714471781592,,block_48_184,0
neg_5451,PSEUDO_NEGATIVE,26.420297057441047,94.71350274595807,,block_52_189,0
neg_5452,PSEUDO_NEGATIVE,27.326079872281127,88.86863651416917,,block_54_177,0
neg_5453,PSEUDO_NEGATIVE,25.014989589582257,93.61284546866312,,block_50_187,0
neg_5454,PSEUDO_NEGATIVE,26.875370883991096,93.1018372871556,,block_53_186,0
neg_5455,PSEUDO_NEGATIVE,22.589787774472388,92.63345296674356,,block_45_185,0
neg_5456,PSEUDO_NEGATIVE,26.699137806107906,94.10978414286502,,block_53_188,0
neg_5457,PSEUDO_NEGATIVE,26.36219800780097,91.36196704638878,,block_52_182,0
neg_5458,PSEUDO_NEGATIVE,29.198993663653898,94.64922090228819,,block_58_189,0
neg_5459,PSEUDO_NEGATIVE,28.302111122979586,95.86042945346075,,block_56_191,0
neg_5460,PSEUDO_NEGATIVE,28.30648705716876,94.05567540227645,,block_56_188,0
neg_5461,PSEUDO_NEGATIVE,28.698623737284535,96.29369149775962,,block_57_192,0
neg_5462,PSEUDO_NEGATIVE,26.441740382820452,91.26844149618809,,block_52_182,0
neg_5463,PSEUDO_NEGATIVE,26.672142846382176,91.17663604293605,,block_53_182,0
neg_5464,PSEUDO_NEGATIVE,27.024661840562267,94.02321333734501,,block_54_188,0
neg_5465,PSEUDO_NEGATIVE,27.545508396062733,95.42370053437156,,block_55_190,0
neg_5466,PSEUDO_NEGATIVE,26.449524090018166,94.42904840728508,,block_52_188,0
neg_5467,PSEUDO_NEGATIVE,26.756205738148335,93.0339699225531,,block_53_186,0
neg_5468,PSEUDO_NEGATIVE,26.282179981102352,94.43430531803111,,block_52_188,0
neg_5469,PSEUDO_NEGATIVE,27.019966772590582,93.95958587431507,,block_54_187,0
neg_5470,PSEUDO_NEGATIVE,28.206330339335118,96.05158951820314,,block_56_192,0
neg_5471,PSEUDO_NEGATIVE,26.95288774402396,92.71845313649321,,block_53_185,0
neg_5472,PSEUDO_NEGATIVE,24.92349377746334,93.37960402926352,,block_49_186,0
neg_5473,PSEUDO_NEGATIVE,26.191411171566475,91.07897300577194,,block_52_182,0
neg_5474,PSEUDO_NEGATIVE,27.887601543923733,96.81798947401717,,block_55_193,0
neg_5475,PSEUDO_NEGATIVE,25.74048119170343,91.7292449615558,,block_51_183,0
neg_5476,PSEUDO_NEGATIVE,24.088952852673323,92.00459524568271,,block_48_184,0
neg_5477,PSEUDO_NEGATIVE,28.074984184235213,94.7779611125778,,block_56_189,0
neg_5478,PSEUDO_NEGATIVE,27.521518818352778,92.82031598890691,,block_55_185,0
neg_5479,PSEUDO_NEGATIVE,28.67874108838054,93.74729293617412,,block_57_187,0
neg_5480,PSEUDO_NEGATIVE,25.779970939649395,93.00776444502773,,block_51_186,0
neg_5481,PSEUDO_NEGATIVE,27.49137505339809,94.16761283805145,,block_54_188,0
neg_5482,PSEUDO_NEGATIVE,29.196202590129086,95.72379132588841,,block_58_191,0
neg_5483,PSEUDO_NEGATIVE,27.13690763041192,94.5734569735199,,block_54_189,0
neg_5484,PSEUDO_NEGATIVE,25.67571841299977,94.65888674146609,,block_51_189,0
neg_5485,PSEUDO_NEGATIVE,25.624567894325967,90.39117448844793,,block_51_180,0
neg_5486,PSEUDO_NEGATIVE,28.708773737790736,94.7908354805408,,block_57_189,0
neg_5487,PSEUDO_NEGATIVE,24.709081027925535,92.77693853438076,,block_49_185,0
neg_5488,PSEUDO_NEGATIVE,28.462717135416344,93.40197172032951,,block_56_186,0
neg_5489,PSEUDO_NEGATIVE,26.512269113215837,91.7165830655143,,block_53_183,0
neg_5490,PSEUDO_NEGATIVE,25.349119588226916,90.0917540214462,,block_50_180,0
neg_5491,PSEUDO_NEGATIVE,27.71356799856287,88.41690218205994,,block_55_176,0
neg_5492,PSEUDO_NEGATIVE,28.225369908653885,95.63755065583034,,block_56_191,0
neg_5493,PSEUDO_NEGATIVE,28.40637581119662,96.51967888261208,,block_56_193,0
neg_5494,PSEUDO_NEGATIVE,25.880291492639696,91.0244890729558,,block_51_182,0
neg_5495,PSEUDO_NEGATIVE,27.249427495426005,95.57010218099066,,block_54_191,0
neg_5496,PSEUDO_NEGATIVE,27.707385011527663,93.40989783899055,,block_55_186,0
neg_5497,PSEUDO_NEGATIVE,26.170112909917684,92.13230119207965,,block_52_184,0
neg_5498,PSEUDO_NEGATIVE,25.84576382010262,92.5094145134756,,block_51_185,0
neg_5499,PSEUDO_NEGATIVE,25.820569342744204,93.80234689681104,,block_51_187,0
neg_5500,PSEUDO_NEGATIVE,27.329205955185863,93.11796702784041,,block_54_186,0
neg_5501,PSEUDO_NEGATIVE,27.879215758083923,95.55837416735078,,block_55_191,0
neg_5502,PSEUDO_NEGATIVE,26.006373349008427,89.85501792115026,,block_52_179,0
neg_5503,PSEUDO_NEGATIVE,24.606184485901235,94.11011091818857,,block_49_188,0
neg_5504,PSEUDO_NEGATIVE,27.39892739630114,94.27107930607049,,block_54_188,0
neg_5505,PSEUDO_NEGATIVE,27.82081547591777,88.25787550417219,,block_55_176,0
neg_5506,PSEUDO_NEGATIVE,28.97164910909339,94.8541039553326,,block_57_189,0
neg_5507,PSEUDO_NEGATIVE,25.965561545867672,92.62625458779709,,block_51_185,0
neg_5508,PSEUDO_NEGATIVE,26.395851288826588,93.20133542999181,,block_52_186,0
neg_5509,PSEUDO_NEGATIVE,25.59609045085341,91.32860308334462,,block_51_182,0
neg_5510,PSEUDO_NEGATIVE,28.66526803251362,94.56218450646803,,block_57_189,0
neg_5511,PSEUDO_NEGATIVE,26.421772714415653,92.60670003840535,,block_52_185,0
neg_5512,PSEUDO_NEGATIVE,27.420619303487804,95.90562109789954,,block_54_191,0
neg_5513,PSEUDO_NEGATIVE,26.695786650152442,89.98535016669577,,block_53_179,0
neg_5514,PSEUDO_NEGATIVE,23.75314166486619,91.38574575978022,,block_47_182,0
neg_5515,PSEUDO_NEGATIVE,27.735060119829747,96.88323380416384,,block_55_193,0
neg_5516,PSEUDO_NEGATIVE,28.242032794814204,93.41001384265245,,block_56_186,0
neg_5517,PSEUDO_NEGATIVE,26.504874689750288,91.1517130921419,,block_53_182,0
neg_5518,PSEUDO_NEGATIVE,28.089781488643972,97.27415000568125,,block_56_194,0
neg_5519,PSEUDO_NEGATIVE,28.789592266232205,95.03155691359655,,block_57_190,0
neg_5520,PSEUDO_NEGATIVE,25.9820324447024,93.3426800689266,,block_51_186,0
neg_5521,PSEUDO_NEGATIVE,27.626823539263977,95.42248701074658,,block_55_190,0
neg_5522,PSEUDO_NEGATIVE,27.985565247575103,96.78045098652031,,block_55_193,0
neg_5523,PSEUDO_NEGATIVE,27.36650054524528,95.3300341915098,,block_54_190,0
neg_5524,PSEUDO_NEGATIVE,25.687950257000193,90.97001512388387,,block_51_181,0
neg_5525,PSEUDO_NEGATIVE,27.49604837101191,94.38780278922397,,block_54_188,0
neg_5526,PSEUDO_NEGATIVE,27.86749810029152,96.96227113659604,,block_55_193,0
neg_5527,PSEUDO_NEGATIVE,24.631064062944812,92.87998372032791,,block_49_185,0
neg_5528,PSEUDO_NEGATIVE,23.837012142347817,91.37258010035785,,block_47_182,0
neg_5529,PSEUDO_NEGATIVE,26.636852856806748,91.61941315656287,,block_53_183,0
neg_5530,PSEUDO_NEGATIVE,29.255048427505194,95.61144971208846,,block_58_191,0
neg_5531,PSEUDO_NEGATIVE,26.09213490497553,93.68710853408658,,block_52_187,0
neg_5532,PSEUDO_NEGATIVE,26.478529859473202,94.94170354711807,,block_52_189,0
neg_5533,PSEUDO_NEGATIVE,22.57774444451054,92.76714195053124,,block_45_185,0
neg_5534,PSEUDO_NEGATIVE,28.091755735662385,93.88292850684206,,block_56_187,0
neg_5535,PSEUDO_NEGATIVE,22.65726552859724,92.79302006205475,,block_45_185,0
neg_5536,PSEUDO_NEGATIVE,26.41222901931103,90.65885009046981,,block_52_181,0
neg_5537,PSEUDO_NEGATIVE,27.684208086188807,94.05014638861803,,block_55_188,0
neg_5538,PSEUDO_NEGATIVE,29.057118937884937,94.41877964286913,,block_58_188,0
neg_5539,PSEUDO_NEGATIVE,24.020746861639772,92.6352722449247,,block_48_185,0
neg_5540,PSEUDO_NEGATIVE,27.314097769016737,95.67999490407307,,block_54_191,0
neg_5541,PSEUDO_NEGATIVE,26.271932670046727,90.87404437503325,,block_52_181,0
neg_5542,PSEUDO_NEGATIVE,27.681627706929312,93.11749699859057,,block_55_186,0
neg_5543,PSEUDO_NEGATIVE,27.53502591257397,95.52517674810808,,block_55_191,0
neg_5544,PSEUDO_NEGATIVE,27.019157240704732,92.48700469381946,,block_54_184,0
neg_5545,PSEUDO_NEGATIVE,28.001326331014106,96.02478540523641,,block_56_192,0
neg_5546,PSEUDO_NEGATIVE,25.472161592779848,89.93431171667565,,block_50_179,0
neg_5547,PSEUDO_NEGATIVE,25.93659486132993,91.02331299285126,,block_51_182,0
neg_5548,PSEUDO_NEGATIVE,22.86365468527951,93.05935092250637,,block_45_186,0
neg_5549,PSEUDO_NEGATIVE,25.292388674097115,92.15047514655471,,block_50_184,0
neg_5550,PSEUDO_NEGATIVE,26.371288702754185,93.65304980414682,,block_52_187,0
neg_5551,PSEUDO_NEGATIVE,27.87538157414968,95.48713344466555,,block_55_190,0
neg_5552,PSEUDO_NEGATIVE,27.476008594730704,94.12991433521012,,block_54_188,0
neg_5553,PSEUDO_NEGATIVE,24.0087919769193,92.1861282399908,,block_48_184,0
neg_5554,PSEUDO_NEGATIVE,28.340614160577466,96.87961721492745,,block_56_193,0
neg_5555,PSEUDO_NEGATIVE,27.860215824238345,94.50453245383555,,block_55_189,0
neg_5556,PSEUDO_NEGATIVE,24.859764498096318,93.92134520884466,,block_49_187,0
neg_5557,PSEUDO_NEGATIVE,24.459899075272247,94.28957682812408,,block_48_188,0
neg_5558,PSEUDO_NEGATIVE,29.040403694820057,94.32724475155774,,block_58_188,0
neg_5559,PSEUDO_NEGATIVE,27.14284633147196,97.13265758251545,,block_54_194,0
neg_5560,PSEUDO_NEGATIVE,27.830636838637062,94.44676257389477,,block_55_188,0
neg_5561,PSEUDO_NEGATIVE,25.473133619082212,92.96293899472997,,block_50_185,0
neg_5562,PSEUDO_NEGATIVE,27.27148909334809,95.28162505733488,,block_54_190,0
neg_5563,PSEUDO_NEGATIVE,28.295367657629736,96.11550328494128,,block_56_192,0
neg_5564,PSEUDO_NEGATIVE,27.48889621420695,94.0640717821988,,block_54_188,0
neg_5565,PSEUDO_NEGATIVE,28.06326909837849,93.07887810090527,,block_56_186,0
neg_5566,PSEUDO_NEGATIVE,25.43159736474871,94.40463242401421,,block_50_188,0
neg_5567,PSEUDO_NEGATIVE,26.77482902164728,95.24057576686607,,block_53_190,0
neg_5568,PSEUDO_NEGATIVE,29.214358933724526,95.55737516350118,,block_58_191,0
neg_5569,PSEUDO_NEGATIVE,26.483994709819058,91.74217034532501,,block_52_183,0
neg_5570,PSEUDO_NEGATIVE,25.449461757941545,92.93972823773962,,block_50_185,0
neg_5571,PSEUDO_NEGATIVE,22.96070527221464,92.61514189539855,,block_45_185,0
neg_5572,PSEUDO_NEGATIVE,28.39442702201229,94.45398183036536,,block_56_188,0
neg_5573,PSEUDO_NEGATIVE,25.145897089385784,92.4784603758419,,block_50_184,0
neg_5574,PSEUDO_NEGATIVE,27.50089558962234,88.17279758400723,,block_55_176,0
neg_5575,PSEUDO_NEGATIVE,27.342429317045855,95.1242021317211,,block_54_190,0
neg_5576,PSEUDO_NEGATIVE,24.578682268395735,93.74150559726226,,block_49_187,0
neg_5577,PSEUDO_NEGATIVE,26.02223680006893,93.20100021916767,,block_52_186,0
neg_5578,PSEUDO_NEGATIVE,28.05387678320035,95.76815704529427,,block_56_191,0
neg_5579,PSEUDO_NEGATIVE,26.480805573132514,91.61685479319334,,block_52_183,0
neg_5580,PSEUDO_NEGATIVE,28.185898922648462,93.24166947417892,,block_56_186,0
neg_5581,PSEUDO_NEGATIVE,23.47934193819524,92.52770901738197,,block_46_185,0
neg_5582,PSEUDO_NEGATIVE,28.592061794918138,94.35379535713054,,block_57_188,0
neg_5583,PSEUDO_NEGATIVE,24.825295250428894,92.45602088841318,,block_49_184,0
neg_5584,PSEUDO_NEGATIVE,25.542990766719292,90.88101658747642,,block_51_181,0
neg_5585,PSEUDO_NEGATIVE,28.103836207513478,94.87168287400544,,block_56_189,0
neg_5586,PSEUDO_NEGATIVE,25.126341272672327,93.80345854237265,,block_50_187,0
neg_5587,PSEUDO_NEGATIVE,27.78259281920228,92.80365046347055,,block_55_185,0
neg_5588,PSEUDO_NEGATIVE,29.151686226155363,94.7557443763081,,block_58_189,0
neg_5589,PSEUDO_NEGATIVE,27.69345110190096,92.58171204431599,,block_55_185,0
neg_5590,PSEUDO_NEGATIVE,28.626402710590533,94.89773706790719,,block_57_189,0
neg_5591,PSEUDO_NEGATIVE,28.224068707524594,96.08977698079067,,block_56_192,0
neg_5592,PSEUDO_NEGATIVE,25.90191398973148,92.10027975409454,,block_51_184,0
neg_5593,PSEUDO_NEGATIVE,23.15963647252942,92.58337355787451,,block_46_185,0
neg_5594,PSEUDO_NEGATIVE,24.81497911354049,93.79581924814411,,block_49_187,0
neg_5595,PSEUDO_NEGATIVE,27.860834986396213,93.60999811101894,,block_55_187,0
neg_5596,PSEUDO_NEGATIVE,27.132420360211675,92.29007427639182,,block_54_184,0
neg_5597,PSEUDO_NEGATIVE,24.66953865980581,92.97362383512952,,block_49_185,0
neg_5598,PSEUDO_NEGATIVE,23.587333134433376,91.36148256650412,,block_47_182,0
neg_5599,PSEUDO_NEGATIVE,28.30941749298487,96.97128368040661,,block_56_193,0
neg_5600,PSEUDO_NEGATIVE,26.947017562890164,92.33502900143847,,block_53_184,0
neg_5601,PSEUDO_NEGATIVE,29.07227159431405,94.63304655978419,,block_58_189,0
neg_5602,PSEUDO_NEGATIVE,25.55616350595478,93.95601174082066,,block_51_187,0
neg_5603,PSEUDO_NEGATIVE,28.185854223904254,97.20723066318835,,block_56_194,0
neg_5604,PSEUDO_NEGATIVE,23.486242291212513,91.58391931314476,,block_46_183,0
neg_5605,PSEUDO_NEGATIVE,27.386190410813967,95.84467106611596,,block_54_191,0
neg_5606,PSEUDO_NEGATIVE,28.208382289365346,94.68547012524398,,block_56_189,0
neg_5607,PSEUDO_NEGATIVE,29.21188201754994,95.63937839489503,,block_58_191,0
neg_5608,PSEUDO_NEGATIVE,27.831489669144972,95.50907310212872,,block_55_191,0
neg_5609,PSEUDO_NEGATIVE,28.94474304807842,95.11198834812127,,block_57_190,0
neg_5610,PSEUDO_NEGATIVE,27.654125580433096,91.6358261805194,,block_55_183,0
neg_5611,PSEUDO_NEGATIVE,28.563127931969127,94.23149334798697,,block_57_188,0
neg_5612,PSEUDO_NEGATIVE,28.586555764114802,94.94406286233138,,block_57_189,0
neg_5613,PSEUDO_NEGATIVE,23.195069645727802,92.6239027450782,,block_46_185,0
neg_5614,PSEUDO_NEGATIVE,28.75754490995697,96.51768714074291,,block_57_193,0
neg_5615,PSEUDO_NEGATIVE,27.911401122671258,88.1765537528867,,block_55_176,0
neg_5616,PSEUDO_NEGATIVE,26.985020574105263,94.18450541571885,,block_53_188,0
neg_5617,PSEUDO_NEGATIVE,23.571720007338463,91.38350439385881,,block_47_182,0
neg_5618,PSEUDO_NEGATIVE,25.49029919782003,94.31391823112762,,block_50_188,0
neg_5619,PSEUDO_NEGATIVE,27.502709978791113,94.42180211875805,,block_55_188,0
neg_5620,PSEUDO_NEGATIVE,27.543671820166125,96.27743036490743,,block_55_192,0
neg_5621,PSEUDO_NEGATIVE,25.49671629523737,90.35396044763016,,block_50_180,0
neg_5622,PSEUDO_NEGATIVE,25.924003380171982,92.02220573020864,,block_51_184,0
neg_5623,PSEUDO_NEGATIVE,25.19436151721931,92.58817789579581,,block_50_185,0
neg_5624,PSEUDO_NEGATIVE,26.104576261147088,90.18603104661624,,block_52_180,0
neg_5625,PSEUDO_NEGATIVE,24.654090541632073,92.25326573363925,,block_49_184,0
neg_5626,PSEUDO_NEGATIVE,25.58810333955284,90.08725085888075,,block_51_180,0
neg_5627,PSEUDO_NEGATIVE,28.041814260020622,94.46789346317982,,block_56_188,0
neg_5628,PSEUDO_NEGATIVE,26.673180668612936,95.2685763483953,,block_53_190,0
neg_5629,PSEUDO_NEGATIVE,27.961739517605295,88.57178443075642,,block_55_177,0
neg_5630,PSEUDO_NEGATIVE,26.831883115171337,94.74622491780144,,block_53_189,0
neg_5631,PSEUDO_NEGATIVE,27.487705220048554,91.74324104153914,,block_54_183,0
neg_5632,PSEUDO_NEGATIVE,26.632885673661736,90.98957326232305,,block_53_181,0
neg_5633,PSEUDO_NEGATIVE,27.624905572715065,92.09457391373553,,block_55_184,0
neg_5634,PSEUDO_NEGATIVE,28.920058931696325,95.01437640795787,,block_57_190,0
neg_5635,PSEUDO_NEGATIVE,28.051324204062375,93.81699629420652,,block_56_187,0
neg_5636,PSEUDO_NEGATIVE,26.555242467953782,93.2560063714319,,block_53_186,0
neg_5637,PSEUDO_NEGATIVE,28.97900809287621,95.7021774092351,,block_57_191,0
neg_5638,PSEUDO_NEGATIVE,26.003337390913334,92.84357719048593,,block_52_185,0
neg_5639,PSEUDO_NEGATIVE,28.04810373190428,93.29751368593813,,block_56_186,0
neg_5640,PSEUDO_NEGATIVE,26.840812532832636,91.8924343050445,,block_53_183,0
neg_5641,PSEUDO_NEGATIVE,27.287794253647203,93.72667132277296,,block_54_187,0
neg_5642,PSEUDO_NEGATIVE,28.379681578525535,93.90993028929152,,block_56_187,0
neg_5643,PSEUDO_NEGATIVE,23.76181869487733,91.5058522795431,,block_47_183,0
neg_5644,PSEUDO_NEGATIVE,25.452836641037393,93.73965045354335,,block_50_187,0
neg_5645,PSEUDO_NEGATIVE,24.29309595884071,93.2118370407931,,block_48_186,0
neg_5646,PSEUDO_NEGATIVE,27.94256739303092,96.43279218100027,,block_55_192,0
neg_5647,PSEUDO_NEGATIVE,23.49410721705902,93.09588967691855,,block_46_186,0
neg_5648,PSEUDO_NEGATIVE,27.78846988381301,93.09422898037617,,block_55_186,0
neg_5649,PSEUDO_NEGATIVE,24.80934782933699,92.79889939239125,,block_49_185,0
neg_5650,PSEUDO_NEGATIVE,27.170358936967467,97.04332815141005,,block_54_194,0
neg_5651,PSEUDO_NEGATIVE,28.567028463129308,93.96996893966192,,block_57_187,0
neg_5652,PSEUDO_NEGATIVE,27.58979724871866,95.72415096999137,,block_55_191,0
neg_5653,PSEUDO_NEGATIVE,27.320205410689436,95.75326118789962,,block_54_191,0
neg_5654,PSEUDO_NEGATIVE,25.64386183591942,93.94033285152359,,block_51_187,0
neg_5655,PSEUDO_NEGATIVE,27.76482127286932,92.44452594688057,,block_55_184,0
neg_5656,PSEUDO_NEGATIVE,27.784697870227124,93.28050076644422,,block_55_186,0
neg_5657,PSEUDO_NEGATIVE,26.480750596285773,91.52945439368744,,block_52_183,0
neg_5658,PSEUDO_NEGATIVE,26.803371485906293,93.03090121814289,,block_53_186,0
neg_5659,PSEUDO_NEGATIVE,28.087171421411192,93.33442685369539,,block_56_186,0
neg_5660,PSEUDO_NEGATIVE,27.90227961065966,96.73341588974444,,block_55_193,0
neg_5661,PSEUDO_NEGATIVE,26.084494742750586,92.50187724566184,,block_52_185,0
neg_5662,PSEUDO_NEGATIVE,24.36540852044463,93.7394739465941,,block_48_187,0
neg_5663,PSEUDO_NEGATIVE,28.24631798380351,96.61892433683467,,block_56_193,0
neg_5664,PSEUDO_NEGATIVE,23.439283093372577,92.73257636481576,,block_46_185,0
neg_5665,PSEUDO_NEGATIVE,25.59003806315991,92.98120840448223,,block_51_185,0
neg_5666,PSEUDO_NEGATIVE,28.307827668012123,95.28151617901842,,block_56_190,0
neg_5667,PSEUDO_NEGATIVE,26.019256658031907,90.76928473832406,,block_52_181,0
neg_5668,PSEUDO_NEGATIVE,28.730292378604418,96.02308194824548,,block_57_192,0
neg_5669,PSEUDO_NEGATIVE,24.76848868169779,92.73365644463637,,block_49_185,0
neg_5670,PSEUDO_NEGATIVE,25.26577971327118,90.03927124261205,,block_50_180,0
neg_5671,PSEUDO_NEGATIVE,23.512171953987096,93.25238784412949,,block_47_186,0
neg_5672,PSEUDO_NEGATIVE,28.361712183264412,96.3192927093731,,block_56_192,0
neg_5673,PSEUDO_NEGATIVE,24.333340863931475,94.01570708971397,,block_48_188,0
neg_5674,PSEUDO_NEGATIVE,23.508519689612086,92.92595715989168,,block_47_185,0
neg_5675,PSEUDO_NEGATIVE,29.275508389679768,95.90287558803999,,block_58_191,0
neg_5676,PSEUDO_NEGATIVE,22.94519295731756,92.51645342547808,,block_45_185,0
neg_5677,PSEUDO_NEGATIVE,28.71628319399804,95.18135136872785,,block_57_190,0
neg_5678,PSEUDO_NEGATIVE,24.423603208071412,92.22079535846743,,block_48_184,0
neg_5679,PSEUDO_NEGATIVE,25.59192010673571,94.22471801769844,,block_51_188,0
neg_5680,PSEUDO_NEGATIVE,25.10652249943051,92.27152133167179,,block_50_184,0
neg_5681,PSEUDO_NEGATIVE,26.53700622139709,93.38200567891265,,block_53_186,0
neg_5682,PSEUDO_NEGATIVE,25.488560684627124,90.55029692955696,,block_50_181,0
neg_5683,PSEUDO_NEGATIVE,23.673714624598226,91.82725333203855,,block_47_183,0
neg_5684,PSEUDO_NEGATIVE,25.985354283412313,90.05513349396593,,block_51_180,0
neg_5685,PSEUDO_NEGATIVE,27.604744650455224,92.9325288822398,,block_55_185,0
neg_5686,PSEUDO_NEGATIVE,25.707547283331074,91.95991761352964,,block_51_183,0
neg_5687,PSEUDO_NEGATIVE,26.152658493412726,90.93426885818876,,block_52_181,0
neg_5688,PSEUDO_NEGATIVE,27.26585346997596,95.82486962569524,,block_54_191,0
neg_5689,PSEUDO_NEGATIVE,26.30513027029544,91.85793470866375,,block_52_183,0
neg_5690,PSEUDO_NEGATIVE,25.5559041899576,93.8928281116258,,block_51_187,0
neg_5691,PSEUDO_NEGATIVE,24.068801230942285,91.66939389843458,,block_48_183,0
neg_5692,PSEUDO_NEGATIVE,28.192467232618142,93.50343043740199,,block_56_187,0
neg_5693,PSEUDO_NEGATIVE,25.197940556508037,90.67658511613133,,block_50_181,0
neg_5694,PSEUDO_NEGATIVE,27.852230786350166,93.3257252762206,,block_55_186,0
neg_5695,PSEUDO_NEGATIVE,26.439417609635633,92.03908185725616,,block_52_184,0
neg_5696,PSEUDO_NEGATIVE,24.602696507740287,94.26046399454067,,block_49_188,0
neg_5697,PSEUDO_NEGATIVE,25.506734984566638,92.87791722693524,,block_51_185,0
neg_5698,PSEUDO_NEGATIVE,23.942620918840227,91.76129761207666,,block_47_183,0
neg_5699,PSEUDO_NEGATIVE,27.42655881841242,96.10463823631004,,block_54_192,0
neg_5700,PSEUDO_NEGATIVE,26.07941587222102,92.76060006602849,,block_52_185,0
neg_5701,PSEUDO_NEGATIVE,28.68617720811735,94.45327317378008,,block_57_188,0
neg_5702,PSEUDO_NEGATIVE,26.666706440186708,94.38030244169869,,block_53_188,0
neg_5703,PSEUDO_NEGATIVE,28.4704322881727,95.64938645251144,,block_56_191,0
neg_5704,PSEUDO_NEGATIVE,24.256847279694455,93.40789947119193,,block_48_186,0
neg_5705,PSEUDO_NEGATIVE,23.362724105729193,92.691421839255,,block_46_185,0
neg_5706,PSEUDO_NEGATIVE,25.65093250732938,90.97441832050333,,block_51_181,0
neg_5707,PSEUDO_NEGATIVE,27.50693986089936,95.90093948855264,,block_55_191,0
neg_5708,PSEUDO_NEGATIVE,25.380682803372274,90.62495670595897,,block_50_181,0
neg_5709,PSEUDO_NEGATIVE,24.522387283751367,92.29156242264673,,block_49_184,0
neg_5710,PSEUDO_NEGATIVE,25.490604051705425,92.27153729660138,,block_50_184,0
neg_5711,PSEUDO_NEGATIVE,28.495676621779978,94.9442183611648,,block_56_189,0
neg_5712,PSEUDO_NEGATIVE,28.72396416977796,94.195591430223,,block_57_188,0
neg_5713,PSEUDO_NEGATIVE,26.24952375413048,93.25494186685091,,block_52_186,0
neg_5714,PSEUDO_NEGATIVE,25.759751335191208,93.44203719911899,,block_51_186,0
neg_5715,PSEUDO_NEGATIVE,25.72099866094083,91.98250756220267,,block_51_183,0
neg_5716,PSEUDO_NEGATIVE,29.253085960375806,96.1463353872683,,block_58_192,0
neg_5717,PSEUDO_NEGATIVE,24.664329498773444,93.29928462643905,,block_49_186,0
neg_5718,PSEUDO_NEGATIVE,26.215856670389417,91.39961032129808,,block_52_182,0
neg_5719,PSEUDO_NEGATIVE,27.476487051091986,93.55465924062223,,block_54_187,0
neg_5720,PSEUDO_NEGATIVE,26.53866908049848,90.74911913307987,,block_53_181,0
neg_5721,PSEUDO_NEGATIVE,24.35235364355499,92.22811975385872,,block_48_184,0
neg_5722,PSEUDO_NEGATIVE,27.596337350860082,94.16472827802579,,block_55_188,0
neg_5723,PSEUDO_NEGATIVE,22.838691604032782,92.91664286358102,,block_45_185,0
neg_5724,PSEUDO_NEGATIVE,23.552311386397722,92.36535578053505,,block_47_184,0
neg_5725,PSEUDO_NEGATIVE,25.27400843047388,93.84413070744017,,block_50_187,0
neg_5726,PSEUDO_NEGATIVE,29.097214791956475,94.78241111626943,,block_58_189,0
neg_5727,PSEUDO_NEGATIVE,25.66984583592712,92.93759312252865,,block_51_185,0
neg_5728,PSEUDO_NEGATIVE,27.912702131591722,95.96850379573864,,block_55_191,0
neg_5729,PSEUDO_NEGATIVE,25.83005928241132,92.64954047976035,,block_51_185,0
neg_5730,PSEUDO_NEGATIVE,26.853434028105184,93.83097610276805,,block_53_187,0
neg_5731,PSEUDO_NEGATIVE,22.72715734661952,92.880280393549,,block_45_185,0
neg_5732,PSEUDO_NEGATIVE,28.48437936573742,95.58108886115662,,block_56_191,0
neg_5733,PSEUDO_NEGATIVE,26.044639938470524,90.11059065035674,,block_52_180,0
neg_5734,PSEUDO_NEGATIVE,25.75275746993759,91.4058275569403,,block_51_182,0
neg_5735,PSEUDO_NEGATIVE,28.045157923666657,94.97824465397098,,block_56_189,0
neg_5736,PSEUDO_NEGATIVE,26.48490771575714,93.42652138582154,,block_52_186,0
neg_5737,PSEUDO_NEGATIVE,28.21692556464278,97.34264645758891,,block_56_194,0
neg_5738,PSEUDO_NEGATIVE,26.821754212598332,93.39684068294866,,block_53_186,0
neg_5739,PSEUDO_NEGATIVE,27.78287863232697,88.66958931575716,,block_55_177,0
neg_5740,PSEUDO_NEGATIVE,26.955079776198026,94.0267750517155,,block_53_188,0
neg_5741,PSEUDO_NEGATIVE,28.222031086794747,95.04473712213948,,block_56_190,0
neg_5742,PSEUDO_NEGATIVE,27.99997305091467,95.53664915257521,,block_55_191,0
neg_5743,PSEUDO_NEGATIVE,25.91541372853178,90.89230560534723,,block_51_181,0
neg_5744,PSEUDO_NEGATIVE,26.542125271711118,93.29268068785738,,block_53_186,0
neg_5745,PSEUDO_NEGATIVE,28.647317479585944,95.72383610684392,,block_57_191,0
neg_5746,PSEUDO_NEGATIVE,26.99447149452471,95.10017934562501,,block_53_190,0
neg_5747,PSEUDO_NEGATIVE,28.546862308215005,95.38440344158516,,block_57_190,0
neg_5748,PSEUDO_NEGATIVE,27.09584885593513,94.66382426759105,,block_54_189,0
neg_5749,PSEUDO_NEGATIVE,27.03397585156065,95.45839526964069,,block_54_190,0
neg_5750,PSEUDO_NEGATIVE,28.822292446484305,94.35744755673113,,block_57_188,0
neg_5751,PSEUDO_NEGATIVE,27.928384119038917,93.06715727913972,,block_55_186,0
neg_5752,PSEUDO_NEGATIVE,26.71076157686506,94.28983858900946,,block_53_188,0
neg_5753,PSEUDO_NEGATIVE,25.295342975508603,94.24943295344671,,block_50_188,0
neg_5754,PSEUDO_NEGATIVE,28.91826163632229,94.25817944094511,,block_57_188,0
neg_5755,PSEUDO_NEGATIVE,28.79989758209333,95.42889070724598,,block_57_190,0
neg_5756,PSEUDO_NEGATIVE,25.93752437310424,92.25755219628999,,block_51_184,0
neg_5757,PSEUDO_NEGATIVE,26.300795724996533,90.57455463716042,,block_52_181,0
neg_5758,PSEUDO_NEGATIVE,27.434305217037423,94.45119084073987,,block_54_188,0
neg_5759,PSEUDO_NEGATIVE,27.95112537795753,97.10511921396181,,block_55_194,0
neg_5760,PSEUDO_NEGATIVE,27.371395487561784,88.51316679666917,,block_54_177,0
neg_5761,PSEUDO_NEGATIVE,27.177330374055686,92.33751638739805,,block_54_184,0
neg_5762,PSEUDO_NEGATIVE,25.086324483272396,94.03854293787725,,block_50_188,0
neg_5763,PSEUDO_NEGATIVE,27.75013803516417,96.7243136905969,,block_55_193,0
neg_5764,PSEUDO_NEGATIVE,24.656926212236108,92.30502634416973,,block_49_184,0
neg_5765,PSEUDO_NEGATIVE,26.78591945485931,92.50912564215828,,block_53_185,0
neg_5766,PSEUDO_NEGATIVE,27.61758254836044,94.8295002358241,,block_55_189,0
neg_5767,PSEUDO_NEGATIVE,27.854001163370373,96.37728382945838,,block_55_192,0
neg_5768,PSEUDO_NEGATIVE,25.139311168951927,94.60495906730517,,block_50_189,0
neg_5769,PSEUDO_NEGATIVE,28.26771502153836,95.87433452104739,,block_56_191,0
neg_5770,PSEUDO_NEGATIVE,28.358208802078952,96.43518890701866,,block_56_192,0
neg_5771,PSEUDO_NEGATIVE,25.6296306743547,92.96494119957714,,block_51_185,0
neg_5772,PSEUDO_NEGATIVE,29.002607682152146,95.5490082837927,,block_58_191,0
neg_5773,PSEUDO_NEGATIVE,25.393263465451923,91.11760994654962,,block_50_182,0
neg_5774,PSEUDO_NEGATIVE,26.762369156606397,94.40187846132551,,block_53_188,0
neg_5775,PSEUDO_NEGATIVE,25.26729490329876,92.04897214429447,,block_50_184,0
neg_5776,PSEUDO_NEGATIVE,25.4050124202721,93.78934386335162,,block_50_187,0
neg_5777,PSEUDO_NEGATIVE,28.188219214425395,96.1121759697643,,block_56_192,0
neg_5778,PSEUDO_NEGATIVE,26.988439399803358,92.60682696615102,,block_53_185,0
neg_5779,PSEUDO_NEGATIVE,25.337621248187833,93.29394105872579,,block_50_186,0
neg_5780,PSEUDO_NEGATIVE,25.764148545921252,92.7446012514787,,block_51_185,0
neg_5781,PSEUDO_NEGATIVE,25.935820901618687,91.6820602242364,,block_51_183,0
neg_5782,PSEUDO_NEGATIVE,25.297135933469963,90.38417491654761,,block_50_180,0
neg_5783,PSEUDO_NEGATIVE,26.387112613832386,91.33636811040327,,block_52_182,0
neg_5784,PSEUDO_NEGATIVE,28.375396175565825,95.53750203882495,,block_56_191,0
neg_5785,PSEUDO_NEGATIVE,27.948199866448252,95.64312049387986,,block_55_191,0
neg_5786,PSEUDO_NEGATIVE,26.769415350435796,92.22417511455308,,block_53_184,0
neg_5787,PSEUDO_NEGATIVE,26.216030744589993,94.29901403497774,,block_52_188,0
neg_5788,PSEUDO_NEGATIVE,28.603098560629995,95.79897799600496,,block_57_191,0
neg_5789,PSEUDO_NEGATIVE,27.426155413438845,94.66612986079085,,block_54_189,0
neg_5790,PSEUDO_NEGATIVE,25.18478736561398,90.86959314976161,,block_50_181,0
neg_5791,PSEUDO_NEGATIVE,27.68044535288822,93.79253655818563,,block_55_187,0
neg_5792,PSEUDO_NEGATIVE,28.47683665562611,93.88415195185006,,block_56_187,0
neg_5793,PSEUDO_NEGATIVE,25.13723555561029,94.37466993681949,,block_50_188,0
neg_5794,PSEUDO_NEGATIVE,25.46280175433429,93.23692767403475,,block_50_186,0
neg_5795,PSEUDO_NEGATIVE,25.54510926963693,94.68987352275217,,block_51_189,0
neg_5796,PSEUDO_NEGATIVE,24.54137327432661,93.2488283539064,,block_49_186,0
neg_5797,PSEUDO_NEGATIVE,26.71587474247265,92.40151500211539,,block_53_184,0
neg_5798,PSEUDO_NEGATIVE,26.536163089093964,93.5440821101777,,block_53_187,0
neg_5799,PSEUDO_NEGATIVE,28.305341957743426,96.12014336851922,,block_56_192,0
neg_5800,PSEUDO_NEGATIVE,28.442681555041197,95.61220791334694,,block_56_191,0
neg_5801,PSEUDO_NEGATIVE,27.88758271770142,88.85919150908137,,block_55_177,0
neg_5802,PSEUDO_NEGATIVE,29.23871250165253,96.17889306512637,,block_58_192,0
neg_5803,PSEUDO_NEGATIVE,27.661517453487082,93.73205983678052,,block_55_187,0
neg_5804,PSEUDO_NEGATIVE,23.740820927115447,92.3507477626532,,block_47_184,0
neg_5805,PSEUDO_NEGATIVE,28.718934301048126,95.66862286929722,,block_57_191,0
neg_5806,PSEUDO_NEGATIVE,27.514596524494323,93.34801927421012,,block_55_186,0
neg_5807,PSEUDO_NEGATIVE,26.27839769968722,92.06503874408769,,block_52_184,0
neg_5808,PSEUDO_NEGATIVE,27.14995671864814,95.25019217629033,,block_54_190,0
neg_5809,PSEUDO_NEGATIVE,27.375278290929895,88.41641171120676,,block_54_176,0
neg_5810,PSEUDO_NEGATIVE,28.688722070430444,95.35010085161124,,block_57_190,0
neg_5811,PSEUDO_NEGATIVE,26.012009808497083,92.88228285285085,,block_52_185,0
neg_5812,PSEUDO_NEGATIVE,27.59357185239893,88.2190017700332,,block_55_176,0
neg_5813,PSEUDO_NEGATIVE,26.688277516234216,91.39529369300587,,block_53_182,0
neg_5814,PSEUDO_NEGATIVE,25.750462880978507,92.35251205418346,,block_51_184,0
neg_5815,PSEUDO_NEGATIVE,29.02180840500571,94.24529357833663,,block_58_188,0
neg_5816,PSEUDO_NEGATIVE,25.52367502919612,91.17219895658586,,block_51_182,0
neg_5817,PSEUDO_NEGATIVE,24.78594437590985,94.56085482330106,,block_49_189,0
neg_5818,PSEUDO_NEGATIVE,26.384852257875096,93.04899603308641,,block_52_186,0
neg_5819,PSEUDO_NEGATIVE,28.046795532451874,97.1282645149734,,block_56_194,0
neg_5820,PSEUDO_NEGATIVE,24.429061450705785,92.75524832407031,,block_48_185,0
neg_5821,PSEUDO_NEGATIVE,26.001145383016993,93.48324872238273,,block_52_186,0
neg_5822,PSEUDO_NEGATIVE,27.513383617786033,88.70740664230351,,block_55_177,0
neg_5823,PSEUDO_NEGATIVE,26.908128379311492,93.75038306615691,,block_53_187,0
neg_5824,PSEUDO_NEGATIVE,24.032769413771028,91.83376418957518,,block_48_183,0
neg_5825,PSEUDO_NEGATIVE,27.439582554155386,93.3608311576444,,block_54_186,0
neg_5826,PSEUDO_NEGATIVE,26.451067298641412,91.19477042628706,,block_52_182,0
neg_5827,PSEUDO_NEGATIVE,27.375357713959488,93.79371678772839,,block_54_187,0
neg_5828,PSEUDO_NEGATIVE,23.310112506777433,92.7643698953734,,block_46_185,0
neg_5829,PSEUDO_NEGATIVE,27.228349546825687,95.47292996725743,,block_54_190,0
neg_5830,PSEUDO_NEGATIVE,27.642570313478075,96.58140625399611,,block_55_193,0
neg_5831,PSEUDO_NEGATIVE,26.317655886063182,93.7669093968032,,block_52_187,0
neg_5832,PSEUDO_NEGATIVE,28.154377517198782,94.36719294549799,,block_56_188,0
neg_5833,PSEUDO_NEGATIVE,27.673687486364578,92.87852282820809,,block_55_185,0
neg_5834,PSEUDO_NEGATIVE,29.187203529126684,94.61751006664625,,block_58_189,0
neg_5835,PSEUDO_NEGATIVE,27.8247431491186,95.8998833035305,,block_55_191,0
neg_5836,PSEUDO_NEGATIVE,27.326072819548795,92.64689904555422,,block_54_185,0
neg_5837,PSEUDO_NEGATIVE,28.46633004433603,95.34458180782357,,block_56_190,0
neg_5838,PSEUDO_NEGATIVE,27.334784931419655,88.713676418581,,block_54_177,0
neg_5839,PSEUDO_NEGATIVE,26.23195957065438,92.58919349384928,,block_52_185,0
neg_5840,PSEUDO_NEGATIVE,27.67024116591962,88.30970324142011,,block_55_176,0
neg_5841,PSEUDO_NEGATIVE,28.061586499174172,95.97334801570037,,block_56_191,0
neg_5842,PSEUDO_NEGATIVE,25.491183111984125,92.34893691511182,,block_50_184,0
neg_5843,PSEUDO_NEGATIVE,26.447737320478037,94.70596712950214,,block_52_189,0
neg_5844,PSEUDO_NEGATIVE,24.611718463192076,94.50247823106642,,block_49_189,0
neg_5845,PSEUDO_NEGATIVE,25.911465573767444,92.20903903092132,,block_51_184,0
neg_5846,PSEUDO_NEGATIVE,25.653868082953384,90.95831555532887,,block_51_181,0
neg_5847,PSEUDO_NEGATIVE,24.911447133717495,93.20040648839631,,block_49_186,0
neg_5848,PSEUDO_NEGATIVE,28.364344947779234,94.13513353274013,,block_56_188,0
neg_5849,PSEUDO_NEGATIVE,24.007090220973417,93.79162855776137,,block_48_187,0
neg_5850,PSEUDO_NEGATIVE,27.190421904763795,93.37124356467791,,block_54_186,0
neg_5851,PSEUDO_NEGATIVE,26.09069332819227,92.07870668259798,,block_52_184,0
neg_5852,PSEUDO_NEGATIVE,26.279057905584608,91.55194109544603,,block_52_183,0
neg_5853,PSEUDO_NEGATIVE,26.701423159018812,91.94430812671638,,block_53_183,0
neg_5854,PSEUDO_NEGATIVE,25.733215145376995,94.60416562340886,,block_51_189,0
neg_5855,PSEUDO_NEGATIVE,25.848314695305216,94.09482401117685,,block_51_188,0
neg_5856,PSEUDO_NEGATIVE,23.936724082932603,91.40959585347122,,block_47_182,0
neg_5857,PSEUDO_NEGATIVE,27.34623524199385,94.82721263732364,,block_54_189,0
neg_5858,PSEUDO_NEGATIVE,27.545961187672354,94.04262896863047,,block_55_188,0
neg_5859,PSEUDO_NEGATIVE,27.697105468113698,96.59965913459192,,block_55_193,0
neg_5860,PSEUDO_NEGATIVE,24.545234069222364,93.64044078372149,,block_49_187,0
neg_5861,PSEUDO_NEGATIVE,26.061359386727343,93.6775915463677,,block_52_187,0
neg_5862,PSEUDO_NEGATIVE,27.718841128445067,88.30403123714412,,block_55_176,0
neg_5863,PSEUDO_NEGATIVE,25.40722395476713,93.9595779249862,,block_50_187,0
neg_5864,PSEUDO_NEGATIVE,26.744037402397574,92.84290333313174,,block_53_185,0
neg_5865,PSEUDO_NEGATIVE,27.473601038687875,94.33436175625069,,block_54_188,0
neg_5866,PSEUDO_NEGATIVE,27.550390438847224,93.98270861987864,,block_55_187,0
neg_5867,PSEUDO_NEGATIVE,28.220346869272333,94.00645378746799,,block_56_188,0
neg_5868,PSEUDO_NEGATIVE,28.324405337652173,96.88958603608364,,block_56_193,0
neg_5869,PSEUDO_NEGATIVE,24.060720566719297,91.53999023191301,,block_48_183,0
neg_5870,PSEUDO_NEGATIVE,27.301279828993458,95.01438196009953,,block_54_190,0
neg_5871,PSEUDO_NEGATIVE,24.56069866059778,92.42242680371191,,block_49_184,0
neg_5872,PSEUDO_NEGATIVE,23.831967323599578,91.88061418469523,,block_47_183,0
neg_5873,PSEUDO_NEGATIVE,26.53752160808828,93.31563236932944,,block_53_186,0
neg_5874,PSEUDO_NEGATIVE,22.33081753627828,92.9022570870401,,block_44_185,0
neg_5875,PSEUDO_NEGATIVE,23.90728472913965,92.04769868888805,,block_47_184,0
neg_5876,PSEUDO_NEGATIVE,26.2775820511047,90.8121852703794,,block_52_181,0
neg_5877,PSEUDO_NEGATIVE,26.56685039307854,91.29935610481185,,block_53_182,0
neg_5878,PSEUDO_NEGATIVE,26.075172478243942,93.21199408433138,,block_52_186,0
neg_5879,PSEUDO_NEGATIVE,26.108192429419216,92.18874670540188,,block_52_184,0
neg_5880,PSEUDO_NEGATIVE,26.5630925234531,89.98609553499773,,block_53_179,0
neg_5881,PSEUDO_NEGATIVE,27.700674122263724,96.94897351194834,,block_55_193,0
neg_5882,PSEUDO_NEGATIVE,28.07261696504721,95.34554681854647,,block_56_190,0
neg_5883,PSEUDO_NEGATIVE,24.01110055058062,91.84265624184273,,block_48_183,0
neg_5884,PSEUDO_NEGATIVE,27.071801651946927,94.09844930879142,,block_54_188,0
neg_5885,PSEUDO_NEGATIVE,23.07984473934013,92.40396662576643,,block_46_184,0
neg_5886,PSEUDO_NEGATIVE,28.278023408929002,95.44156277053985,,block_56_190,0
neg_5887,PSEUDO_NEGATIVE,28.05084275749286,95.2508836835378,,block_56_190,0
neg_5888,PSEUDO_NEGATIVE,28.601418536339438,95.99188928076754,,block_57_191,0
neg_5889,PSEUDO_NEGATIVE,26.171294379603523,92.95656476409276,,block_52_185,0
neg_5890,PSEUDO_NEGATIVE,26.743834379376086,92.360832271296,,block_53_184,0
neg_5891,PSEUDO_NEGATIVE,25.382307999327992,93.65764183050065,,block_50_187,0
neg_5892,PSEUDO_NEGATIVE,28.357431382815168,93.55631800346657,,block_56_187,0
neg_5893,PSEUDO_NEGATIVE,26.097514284333023,90.86877268187271,,block_52_181,0
neg_5894,PSEUDO_NEGATIVE,24.732204386144524,92.65618661784634,,block_49_185,0
neg_5895,PSEUDO_NEGATIVE,26.522953352257048,93.63495927600671,,block_53_187,0
neg_5896,PSEUDO_NEGATIVE,25.75331366489887,91.61571236267835,,block_51_183,0
neg_5897,PSEUDO_NEGATIVE,26.71129477984372,92.0556700804375,,block_53_184,0
neg_5898,PSEUDO_NEGATIVE,28.987815844208676,95.6172878174274,,block_57_191,0
neg_5899,PSEUDO_NEGATIVE,26.667231379891106,93.48032352008507,,block_53_186,0
neg_5900,PSEUDO_NEGATIVE,24.517882482201653,94.33527046983345,,block_49_188,0
neg_5901,PSEUDO_NEGATIVE,27.33967719753705,95.565052691936,,block_54_191,0
neg_5902,PSEUDO_NEGATIVE,25.283780002279524,90.40018169832136,,block_50_180,0
neg_5903,PSEUDO_NEGATIVE,27.60085238024641,94.89006677293636,,block_55_189,0
neg_5904,PSEUDO_NEGATIVE,25.956819022326176,93.56906258207232,,block_51_187,0
neg_5905,PSEUDO_NEGATIVE,26.045324651883135,94.08295506025271,,block_52_188,0
neg_5906,PSEUDO_NEGATIVE,26.618239312521208,95.0599219197691,,block_53_190,0
neg_5907,PSEUDO_NEGATIVE,29.104829855682812,95.58043319826317,,block_58_191,0
neg_5908,PSEUDO_NEGATIVE,23.302832649824573,92.95246905497042,,block_46_185,0
neg_5909,PSEUDO_NEGATIVE,26.042818602003805,90.044782307614,,block_52_180,0
neg_5910,PSEUDO_NEGATIVE,28.04353219641649,95.84428831707835,,block_56_191,0
neg_5911,PSEUDO_NEGATIVE,27.140560450494547,92.85302643032828,,block_54_185,0
neg_5912,PSEUDO_NEGATIVE,27.69966707194561,93.54104066445285,,block_55_187,0
neg_5913,PSEUDO_NEGATIVE,24.075335780714692,91.8767399370497,,block_48_183,0
neg_5914,PSEUDO_NEGATIVE,26.31279546175453,94.81833401535755,,block_52_189,0
neg_5915,PSEUDO_NEGATIVE,27.4332539857215,94.10036864903597,,block_54_188,0
neg_5916,PSEUDO_NEGATIVE,25.6041050743663,94.53854798630567,,block_51_189,0
neg_5917,PSEUDO_NEGATIVE,26.143811732417454,93.2476981543512,,block_52_186,0
neg_5918,PSEUDO_NEGATIVE,27.131650452533986,93.02833149538384,,block_54_186,0
neg_5919,PSEUDO_NEGATIVE,23.420741598465977,92.5748137950638,,block_46_185,0
neg_5920,PSEUDO_NEGATIVE,25.001476663278662,94.12563723953147,,block_50_188,0
neg_5921,PSEUDO_NEGATIVE,25.860390259761978,91.79444580618582,,block_51_183,0
neg_5922,PSEUDO_NEGATIVE,23.07450784059495,92.63529923492557,,block_46_185,0
neg_5923,PSEUDO_NEGATIVE,27.111391695638396,92.98908770518626,,block_54_185,0
neg_5924,PSEUDO_NEGATIVE,25.072611105843393,93.04805206731447,,block_50_186,0
neg_5925,PSEUDO_NEGATIVE,24.399908862139103,93.96150531569758,,block_48_187,0
neg_5926,PSEUDO_NEGATIVE,26.41109499638478,90.30381195380413,,block_52_180,0
neg_5927,PSEUDO_NEGATIVE,25.233900970758413,93.94398956913362,,block_50_187,0
neg_5928,PSEUDO_NEGATIVE,28.21905345610888,95.34270484352858,,block_56_190,0
neg_5929,PSEUDO_NEGATIVE,26.27762751671472,91.62573028219792,,block_52_183,0
neg_5930,PSEUDO_NEGATIVE,26.169993337480353,95.11844470162978,,block_52_190,0
neg_5931,PSEUDO_NEGATIVE,28.942679158466873,95.54805259056883,,block_57_191,0
neg_5932,PSEUDO_NEGATIVE,26.54527704907684,94.11150509606223,,block_53_188,0
neg_5933,PSEUDO_NEGATIVE,23.725359024838035,93.23891868404078,,block_47_186,0
neg_5934,PSEUDO_NEGATIVE,24.633976622460754,92.46046621905795,,block_49_184,0
neg_5935,PSEUDO_NEGATIVE,26.07072972586497,94.05751115725532,,block_52_188,0
neg_5936,PSEUDO_NEGATIVE,25.562077056183952,92.52760286864691,,block_51_185,0
neg_5937,PSEUDO_NEGATIVE,25.669350897952086,92.93105708513112,,block_51_185,0
neg_5938,PSEUDO_NEGATIVE,26.177724434804396,94.46712791568198,,block_52_188,0
neg_5939,PSEUDO_NEGATIVE,25.79925228455012,94.5598547622815,,block_51_189,0
neg_5940,PSEUDO_NEGATIVE,25.24256847662063,90.93331387853974,,block_50_181,0
neg_5941,PSEUDO_NEGATIVE,25.543355120504582,92.86013923754355,,block_51_185,0
neg_5942,PSEUDO_NEGATIVE,26.36662882135044,93.1376379816388,,block_52_186,0
neg_5943,PSEUDO_NEGATIVE,27.921423693450198,97.33267273085355,,block_55_194,0
neg_5944,PSEUDO_NEGATIVE,27.419393319432046,88.29092577142858,,block_54_176,0
neg_5945,PSEUDO_NEGATIVE,26.651035046513428,92.10820686923631,,block_53_184,0
neg_5946,PSEUDO_NEGATIVE,28.38444358686147,93.7783563089365,,block_56_187,0
neg_5947,PSEUDO_NEGATIVE,27.41286847644909,92.72292030860183,,block_54_185,0
neg_5948,PSEUDO_NEGATIVE,26.647305741975764,89.94227350337148,,block_53_179,0
neg_5949,PSEUDO_NEGATIVE,25.47920883325483,91.45113462453855,,block_50_182,0
neg_5950,PSEUDO_NEGATIVE,24.673147157035828,92.46291634017257,,block_49_184,0
neg_5951,PSEUDO_NEGATIVE,25.86284673566373,89.99457016710383,,block_51_179,0
neg_5952,PSEUDO_NEGATIVE,25.8776190448535,93.88018989096048,,block_51_187,0
neg_5953,PSEUDO_NEGATIVE,27.8189661519079,95.0158604059886,,block_55_190,0
neg_5954,PSEUDO_NEGATIVE,28.95362053278397,95.7836511216648,,block_57_191,0
neg_5955,PSEUDO_NEGATIVE,25.247839874597968,91.81522497680754,,block_50_183,0
neg_5956,PSEUDO_NEGATIVE,26.466278495780912,94.60237541753642,,block_52_189,0
neg_5957,PSEUDO_NEGATIVE,28.710256933264972,95.67867478309887,,block_57_191,0
neg_5958,PSEUDO_NEGATIVE,27.416766051781835,94.44377616855473,,block_54_188,0
neg_5959,PSEUDO_NEGATIVE,28.799464543793682,96.27045057763648,,block_57_192,0
neg_5960,PSEUDO_NEGATIVE,28.485999207358105,93.75717480131476,,block_56_187,0
neg_5961,PSEUDO_NEGATIVE,27.54235000009261,93.70887829033961,,block_55_187,0
neg_5962,PSEUDO_NEGATIVE,28.581721336896358,93.64620898274859,,block_57_187,0
neg_5963,PSEUDO_NEGATIVE,26.5106067556315,93.60773075883998,,block_53_187,0
neg_5964,PSEUDO_NEGATIVE,28.37478378772554,95.10434944507439,,block_56_190,0
neg_5965,PSEUDO_NEGATIVE,25.57289421598165,91.56866836823252,,block_51_183,0
neg_5966,PSEUDO_NEGATIVE,25.598243303650356,91.39594873013124,,block_51_182,0
neg_5967,PSEUDO_NEGATIVE,26.47122599267238,92.50673604943114,,block_52_185,0
neg_5968,PSEUDO_NEGATIVE,25.45615059587877,93.5399212655705,,block_50_187,0
neg_5969,PSEUDO_NEGATIVE,25.48456060576006,91.08729721402348,,block_50_182,0
neg_5970,PSEUDO_NEGATIVE,26.496414282348862,91.14413879574342,,block_52_182,0
neg_5971,PSEUDO_NEGATIVE,25.989507807470556,93.87104761081915,,block_51_187,0
neg_5972,PSEUDO_NEGATIVE,25.91524695344775,91.54443650916426,,block_51_183,0
neg_5973,PSEUDO_NEGATIVE,26.368841867120757,91.7946134401216,,block_52_183,0
neg_5974,PSEUDO_NEGATIVE,25.140895524568556,92.7583569473084,,block_50_185,0
neg_5975,PSEUDO_NEGATIVE,26.636499114098378,93.73310487492103,,block_53_187,0
neg_5976,PSEUDO_NEGATIVE,27.12119015558834,95.42556397121909,,block_54_190,0
neg_5977,PSEUDO_NEGATIVE,25.38111560348459,92.2556746862415,,block_50_184,0
neg_5978,PSEUDO_NEGATIVE,27.42020192700824,92.51597431056776,,block_54_185,0
neg_5979,PSEUDO_NEGATIVE,24.438748472328044,92.32462877464158,,block_48_184,0
neg_5980,PSEUDO_NEGATIVE,26.834145146903634,93.16630822619338,,block_53_186,0
neg_5981,PSEUDO_NEGATIVE,26.56368849774621,93.74293960902632,,block_53_187,0
neg_5982,PSEUDO_NEGATIVE,26.81513968428817,93.02844209858173,,block_53_186,0
neg_5983,PSEUDO_NEGATIVE,28.000243012344768,93.90247478209005,,block_56_187,0
neg_5984,PSEUDO_NEGATIVE,29.109216551736452,95.8727236520678,,block_58_191,0
neg_5985,PSEUDO_NEGATIVE,27.77630224184265,95.61315472206093,,block_55_191,0
neg_5986,PSEUDO_NEGATIVE,27.484642185388406,95.99796133159613,,block_54_191,0
neg_5987,PSEUDO_NEGATIVE,26.168986849350453,89.95171961364547,,block_52_179,0
neg_5988,PSEUDO_NEGATIVE,25.959466258490743,90.27282715959323,,block_51_180,0
neg_5989,PSEUDO_NEGATIVE,23.821771373288634,91.72716514798189,,block_47_183,0
neg_5990,PSEUDO_NEGATIVE,26.179908750495162,91.1629555039129,,block_52_182,0
neg_5991,PSEUDO_NEGATIVE,28.7784127184052,94.13020486753584,,block_57_188,0
neg_5992,PSEUDO_NEGATIVE,28.34361268415713,94.58593127325442,,block_56_189,0
neg_5993,PSEUDO_NEGATIVE,28.466680094867073,93.78798348267084,,block_56_187,0
neg_5994,PSEUDO_NEGATIVE,23.77032404336736,91.62201888129599,,block_47_183,0
neg_5995,PSEUDO_NEGATIVE,28.326605712684156,94.12554574326771,,block_56_188,0
neg_5996,PSEUDO_NEGATIVE,27.351388346258517,96.87966478651259,,block_54_193,0
neg_5997,PSEUDO_NEGATIVE,28.620174950153704,95.90758752833932,,block_57_191,0
neg_5998,PSEUDO_NEGATIVE,28.845893796036442,95.25050089524383,,block_57_190,0
neg_5999,PSEUDO_NEGATIVE,26.722486326051104,92.02345015162882,,block_53_184,0
neg_6000,PSEUDO_NEGATIVE,26.016487277533066,94.9318173348973,,block_52_189,0
neg_6001,PSEUDO_NEGATIVE,25.210508525210244,90.84551974940108,,block_50_181,0
neg_6002,PSEUDO_NEGATIVE,29.07019555753424,95.08453641103446,,block_58_190,0
neg_6003,PSEUDO_NEGATIVE,26.59415718401914,94.63039144922243,,block_53_189,0
neg_6004,PSEUDO_NEGATIVE,25.777028051213886,93.65518223849328,,block_51_187,0
neg_6005,PSEUDO_NEGATIVE,28.683852653805765,94.38868845533932,,block_57_188,0
neg_6006,PSEUDO_NEGATIVE,28.18789567752176,97.23155507440113,,block_56_194,0
neg_6007,PSEUDO_NEGATIVE,28.02638753119396,94.07728264199146,,block_56_188,0
neg_6008,PSEUDO_NEGATIVE,27.942677373673792,95.96004459326006,,block_55_191,0
neg_6009,PSEUDO_NEGATIVE,27.787101274204197,92.35406697782133,,block_55_184,0
neg_6010,PSEUDO_NEGATIVE,26.587848253365124,94.2215992204617,,block_53_188,0
neg_6011,PSEUDO_NEGATIVE,24.550714274211813,93.56357385270843,,block_49_187,0
neg_6012,PSEUDO_NEGATIVE,27.664217413742946,93.14226873334034,,block_55_186,0
neg_6013,PSEUDO_NEGATIVE,27.66844607639244,93.95977622175718,,block_55_187,0
neg_6014,PSEUDO_NEGATIVE,28.69140844728253,94.40475207883469,,block_57_188,0
neg_6015,PSEUDO_NEGATIVE,25.683475488596805,91.61487907982308,,block_51_183,0
neg_6016,PSEUDO_NEGATIVE,26.05237653296414,90.06461775483513,,block_52_180,0
neg_6017,PSEUDO_NEGATIVE,26.295480140920684,91.30037325133983,,block_52_182,0
neg_6018,PSEUDO_NEGATIVE,27.867614384690178,92.97587477593315,,block_55_185,0
neg_6019,PSEUDO_NEGATIVE,28.40082836534795,94.3812180977831,,block_56_188,0
neg_6020,PSEUDO_NEGATIVE,26.200580437368178,92.53359086284811,,block_52_185,0
neg_6021,PSEUDO_NEGATIVE,27.41792028698989,95.80544324212936,,block_54_191,0
neg_6022,PSEUDO_NEGATIVE,23.741092412102162,92.189559419999,,block_47_184,0
neg_6023,PSEUDO_NEGATIVE,27.644628745543724,93.96935433822249,,block_55_187,0
neg_6024,PSEUDO_NEGATIVE,27.457437963297338,95.82623410402493,,block_54_191,0
neg_6025,PSEUDO_NEGATIVE,29.038632470820907,95.58799268011245,,block_58_191,0
neg_6026,PSEUDO_NEGATIVE,25.75756547897395,91.35280119547119,,block_51_182,0
neg_6027,PSEUDO_NEGATIVE,25.33519070037653,91.085164303351,,block_50_182,0
neg_6028,PSEUDO_NEGATIVE,27.939485979126534,93.19036536354152,,block_55_186,0
neg_6029,PSEUDO_NEGATIVE,25.41660228859357,90.7027777191749,,block_50_181,0
neg_6030,PSEUDO_NEGATIVE,26.315706060518394,93.94820213876415,,block_52_187,0
neg_6031,PSEUDO_NEGATIVE,28.176707708639903,96.64418627329088,,block_56_193,0
neg_6032,PSEUDO_NEGATIVE,26.860686620648835,95.04059988798932,,block_53_190,0
neg_6033,PSEUDO_NEGATIVE,23.10336882112692,93.3461586832108,,block_46_186,0
neg_6034,PSEUDO_NEGATIVE,27.51142585063133,96.23702966681847,,block_55_192,0
neg_6035,PSEUDO_NEGATIVE,27.909531257974056,88.5762852522921,,block_55_177,0
neg_6036,PSEUDO_NEGATIVE,25.352081260765882,94.05261764099326,,block_50_188,0
neg_6037,PSEUDO_NEGATIVE,25.634973538666536,92.25940816377563,,block_51_184,0
neg_6038,PSEUDO_NEGATIVE,25.94041926510742,93.81445148696372,,block_51_187,0
neg_6039,PSEUDO_NEGATIVE,25.728748534778816,90.41781081428144,,block_51_180,0
neg_6040,PSEUDO_NEGATIVE,24.415921092771573,93.92006854326596,,block_48_187,0
neg_6041,PSEUDO_NEGATIVE,25.3545254420357,91.42780608407179,,block_50_182,0
neg_6042,PSEUDO_NEGATIVE,25.61794975013034,93.67011350829415,,block_51_187,0
neg_6043,PSEUDO_NEGATIVE,27.34257900046855,93.48936956137997,,block_54_186,0
neg_6044,PSEUDO_NEGATIVE,26.656190646086465,94.97747448944594,,block_53_189,0
neg_6045,PSEUDO_NEGATIVE,25.461449014069927,91.17298268870844,,block_50_182,0
neg_6046,PSEUDO_NEGATIVE,28.01757023489973,95.42508040582655,,block_56_190,0
neg_6047,PSEUDO_NEGATIVE,25.92042712465087,91.21008858202609,,block_51_182,0
neg_6048,PSEUDO_NEGATIVE,28.049909629315742,92.76539800122549,,block_56_185,0
neg_6049,PSEUDO_NEGATIVE,23.232115917369956,91.64992371344995,,block_46_183,0
neg_6050,PSEUDO_NEGATIVE,25.716093451956695,90.84429942565227,,block_51_181,0
neg_6051,PSEUDO_NEGATIVE,29.230611564809443,95.99971579908856,,block_58_191,0
neg_6052,PSEUDO_NEGATIVE,26.226464815074152,89.79944647980099,,block_52_179,0
neg_6053,PSEUDO_NEGATIVE,26.330355804733525,93.35463379335958,,block_52_186,0
neg_6054,PSEUDO_NEGATIVE,27.17999671499414,94.74402331362981,,block_54_189,0
neg_6055,PSEUDO_NEGATIVE,26.890062395119674,94.95222992889498,,block_53_189,0
neg_6056,PSEUDO_NEGATIVE,27.406181941397186,96.28934455947076,,block_54_192,0
neg_6057,PSEUDO_NEGATIVE,24.58232847314232,94.07692685933957,,block_49_188,0
neg_6058,PSEUDO_NEGATIVE,26.79541613434632,95.2157581069872,,block_53_190,0
neg_6059,PSEUDO_NEGATIVE,27.435802378300284,93.93300005593741,,block_54_187,0
neg_6060,PSEUDO_NEGATIVE,26.84380069325023,92.5840424966986,,block_53_185,0
neg_6061,PSEUDO_NEGATIVE,24.518729403755856,94.43641463750647,,block_49_188,0
neg_6062,PSEUDO_NEGATIVE,27.811089439980293,95.27148687494834,,block_55_190,0
neg_6063,PSEUDO_NEGATIVE,27.651394241372678,94.42376064414829,,block_55_188,0
neg_6064,PSEUDO_NEGATIVE,25.767300497456485,91.01658205810645,,block_51_182,0
neg_6065,PSEUDO_NEGATIVE,25.867012357991467,90.47275093162017,,block_51_180,0
neg_6066,PSEUDO_NEGATIVE,25.266237216279748,93.9125607806437,,block_50_187,0
neg_6067,PSEUDO_NEGATIVE,27.65482177243573,96.65844239100053,,block_55_193,0
neg_6068,PSEUDO_NEGATIVE,27.24912317116166,92.35938895228371,,block_54_184,0
neg_6069,PSEUDO_NEGATIVE,25.629873878236413,90.72816592506531,,block_51_181,0
neg_6070,PSEUDO_NEGATIVE,27.366171240948248,94.00089077814768,,block_54_188,0
neg_6071,PSEUDO_NEGATIVE,26.336128607756418,91.15463331773826,,block_52_182,0
neg_6072,PSEUDO_NEGATIVE,23.32306720141995,92.89937344569016,,block_46_185,0
neg_6073,PSEUDO_NEGATIVE,27.9669041284632,96.83675564354574,,block_55_193,0
neg_6074,PSEUDO_NEGATIVE,25.406449764913113,90.3268460235948,,block_50_180,0
neg_6075,PSEUDO_NEGATIVE,26.10564145339837,91.08041808492821,,block_52_182,0
neg_6076,PSEUDO_NEGATIVE,26.65896493746696,91.07464917649916,,block_53_182,0
neg_6077,PSEUDO_NEGATIVE,26.654682557097576,91.33180248418763,,block_53_182,0
neg_6078,PSEUDO_NEGATIVE,24.427192361579223,92.94953142983448,,block_48_185,0
neg_6079,PSEUDO_NEGATIVE,24.274264535781587,92.32050786663575,,block_48_184,0
neg_6080,PSEUDO_NEGATIVE,25.97188912536941,90.20780667399742,,block_51_180,0
neg_6081,PSEUDO_NEGATIVE,27.838105945060875,96.64955958431618,,block_55_193,0
neg_6082,PSEUDO_NEGATIVE,25.97930779235137,91.63687540145906,,block_51_183,0
neg_6083,PSEUDO_NEGATIVE,25.414817990133162,90.09044254080074,,block_50_180,0
neg_6084,PSEUDO_NEGATIVE,26.770682515348994,94.39682739329132,,block_53_188,0
neg_6085,PSEUDO_NEGATIVE,25.8503087811399,90.64827005762236,,block_51_181,0
neg_6086,PSEUDO_NEGATIVE,25.26255817894125,92.60447539653399,,block_50_185,0
neg_6087,PSEUDO_NEGATIVE,27.929323438525703,97.12565695682716,,block_55_194,0
neg_6088,PSEUDO_NEGATIVE,27.650808266458924,93.5939519621139,,block_55_187,0
neg_6089,PSEUDO_NEGATIVE,23.115803155794477,93.32204489388322,,block_46_186,0
neg_6090,PSEUDO_NEGATIVE,28.193691229346285,93.68720570658566,,block_56_187,0
neg_6091,PSEUDO_NEGATIVE,27.591259132662124,88.30960344711542,,block_55_176,0
neg_6092,PSEUDO_NEGATIVE,28.142846545289043,94.01558149604847,,block_56_188,0
neg_6093,PSEUDO_NEGATIVE,26.11361913727177,91.43152476585192,,block_52_182,0
neg_6094,PSEUDO_NEGATIVE,26.032498891618154,94.2897975248619,,block_52_188,0
neg_6095,PSEUDO_NEGATIVE,22.812944693556872,92.94139861928679,,block_45_185,0
neg_6096,PSEUDO_NEGATIVE,25.989403927093,93.13385368986064,,block_51_186,0
neg_6097,PSEUDO_NEGATIVE,24.91942765247842,92.92458093255712,,block_49_185,0
neg_6098,PSEUDO_NEGATIVE,27.406652526430165,95.96192613463712,,block_54_191,0
neg_6099,PSEUDO_NEGATIVE,26.165928885730125,92.18620349485069,,block_52_184,0
neg_6100,PSEUDO_NEGATIVE,28.271769707779185,94.38226933338362,,block_56_188,0
neg_6101,PSEUDO_NEGATIVE,28.14299689887812,93.58691259844291,,block_56_187,0
neg_6102,PSEUDO_NEGATIVE,28.3515187400836,96.76235574375116,,block_56_193,0
neg_6103,PSEUDO_NEGATIVE,26.739640285315108,93.08172052190363,,block_53_186,0
neg_6104,PSEUDO_NEGATIVE,26.800976405874387,90.53170703789739,,block_53_181,0
neg_6105,PSEUDO_NEGATIVE,23.72216976532243,91.41448081569595,,block_47_182,0
neg_6106,PSEUDO_NEGATIVE,25.885998256739647,91.27531627179734,,block_51_182,0
neg_6107,PSEUDO_NEGATIVE,25.81749008697188,90.07801584801018,,block_51_180,0
neg_6108,PSEUDO_NEGATIVE,25.818864201023526,93.72440591391917,,block_51_187,0
neg_6109,PSEUDO_NEGATIVE,26.459012539709043,91.29136061533606,,block_52_182,0
neg_6110,PSEUDO_NEGATIVE,26.735464027053542,93.51797943598167,,block_53_187,0
neg_6111,PSEUDO_NEGATIVE,24.162186337188484,92.02880254834407,,block_48_184,0
neg_6112,PSEUDO_NEGATIVE,26.203894493660854,93.89584231817145,,block_52_187,0
neg_6113,PSEUDO_NEGATIVE,25.76097727920901,94.41295458724795,,block_51_188,0
neg_6114,PSEUDO_NEGATIVE,28.366152778273594,96.66809476829509,,block_56_193,0
neg_6115,PSEUDO_NEGATIVE,28.296672006959074,93.41737990652211,,block_56_186,0
neg_6116,PSEUDO_NEGATIVE,28.286212457478808,97.21247809321845,,block_56_194,0
neg_6117,PSEUDO_NEGATIVE,26.230822775260826,92.67873606444233,,block_52_185,0
neg_6118,PSEUDO_NEGATIVE,25.292362231340086,94.4447593285179,,block_50_188,0
neg_6119,PSEUDO_NEGATIVE,26.897728175655082,93.7989321873424,,block_53_187,0
neg_6120,PSEUDO_NEGATIVE,28.77527001575378,95.13822369211873,,block_57_190,0
neg_6121,PSEUDO_NEGATIVE,26.805964298973297,94.42553089323019,,block_53_188,0
neg_6122,PSEUDO_NEGATIVE,27.863887683112715,94.37680930904601,,block_55_188,0
neg_6123,PSEUDO_NEGATIVE,24.521648416536134,93.37823434554502,,block_49_186,0
neg_6124,PSEUDO_NEGATIVE,27.177525386562905,95.34235464330551,,block_54_190,0
neg_6125,PSEUDO_NEGATIVE,24.095222952078263,91.63158480884486,,block_48_183,0
neg_6126,PSEUDO_NEGATIVE,23.9294633185206,92.32591437913112,,block_47_184,0
neg_6127,PSEUDO_NEGATIVE,26.669409023630937,94.3435475122684,,block_53_188,0
neg_6128,PSEUDO_NEGATIVE,25.370824750467108,90.01910627372877,,block_50_180,0
neg_6129,PSEUDO_NEGATIVE,23.175308816131974,91.76804967308694,,block_46_183,0
neg_6130,PSEUDO_NEGATIVE,24.071427731066205,93.84401859038564,,block_48_187,0
neg_6131,PSEUDO_NEGATIVE,24.553327115143535,93.49867310148291,,block_49_186,0
neg_6132,PSEUDO_NEGATIVE,25.964609370392036,92.14421771795861,,block_51_184,0
neg_6133,PSEUDO_NEGATIVE,28.5476111498936,94.15657809077427,,block_57_188,0
neg_6134,PSEUDO_NEGATIVE,24.546744481289846,93.30017111470136,,block_49_186,0
neg_6135,PSEUDO_NEGATIVE,29.0379746972342,94.25261152084883,,block_58_188,0
neg_6136,PSEUDO_NEGATIVE,26.9747724672447,92.32648737701156,,block_53_184,0
neg_6137,PSEUDO_NEGATIVE,28.441728070530136,94.70998630612576,,block_56_189,0
neg_6138,PSEUDO_NEGATIVE,24.768454034293423,94.5530805540642,,block_49_189,0
neg_6139,PSEUDO_NEGATIVE,27.101833447506703,93.39035335656072,,block_54_186,0
neg_6140,PSEUDO_NEGATIVE,24.223825674460656,92.51164526693594,,block_48_185,0
neg_6141,PSEUDO_NEGATIVE,27.199042815033785,92.85772689142978,,block_54_185,0
neg_6142,PSEUDO_NEGATIVE,26.325502604342866,94.72409458572457,,block_52_189,0
neg_6143,PSEUDO_NEGATIVE,27.503547056683736,94.58574370050177,,block_55_189,0
neg_6144,PSEUDO_NEGATIVE,25.900976838590935,92.5168332425403,,block_51_185,0
neg_6145,PSEUDO_NEGATIVE,25.391485760447047,90.88699960034539,,block_50_181,0
neg_6146,PSEUDO_NEGATIVE,27.42652688327852,92.92095379184639,,block_54_185,0
neg_6147,PSEUDO_NEGATIVE,28.262929435739863,94.91891981915413,,block_56_189,0
neg_6148,PSEUDO_NEGATIVE,25.820462497231013,90.13519698177713,,block_51_180,0
neg_6149,PSEUDO_NEGATIVE,25.66958275392697,90.27265266209547,,block_51_180,0
neg_6150,PSEUDO_NEGATIVE,25.853645229946228,94.48399747068162,,block_51_188,0
neg_6151,PSEUDO_NEGATIVE,28.869680714401188,95.19905102850625,,block_57_190,0
neg_6152,PSEUDO_NEGATIVE,23.462060302177214,92.36791604020068,,block_46_184,0
neg_6153,PSEUDO_NEGATIVE,27.836932149514908,96.01970551725626,,block_55_192,0
neg_6154,PSEUDO_NEGATIVE,28.01566251635066,94.24131513432043,,block_56_188,0
neg_6155,PSEUDO_NEGATIVE,27.38031085347857,96.23301542422574,,block_54_192,0
neg_6156,PSEUDO_NEGATIVE,23.944277512676067,94.01439114802928,,block_47_188,0
neg_6157,PSEUDO_NEGATIVE,27.42921676435321,96.90282048210082,,block_54_193,0
neg_6158,PSEUDO_NEGATIVE,24.79808318178887,92.76896723239902,,block_49_185,0
neg_6159,PSEUDO_NEGATIVE,28.14679322757133,97.32190494917828,,block_56_194,0
neg_6160,PSEUDO_NEGATIVE,27.705209370572923,96.41177574636396,,block_55_192,0
neg_6161,PSEUDO_NEGATIVE,24.678338841987966,92.98977219000281,,block_49_185,0
neg_6162,PSEUDO_NEGATIVE,26.49279795458581,92.44874579027021,,block_52_184,0
neg_6163,PSEUDO_NEGATIVE,23.936479163105993,92.76186228411689,,block_47_185,0
neg_6164,PSEUDO_NEGATIVE,27.753044923910405,93.23151311315574,,block_55_186,0
neg_6165,PSEUDO_NEGATIVE,28.61049526926284,93.75772811695934,,block_57_187,0
neg_6166,PSEUDO_NEGATIVE,27.905577288274234,93.45057788244735,,block_55_186,0
neg_6167,PSEUDO_NEGATIVE,27.34593788931334,92.59031219696647,,block_54_185,0
neg_6168,PSEUDO_NEGATIVE,29.188445019607286,95.76078039494922,,block_58_191,0
neg_6169,PSEUDO_NEGATIVE,28.29091795637112,96.52993371882648,,block_56_193,0
neg_6170,PSEUDO_NEGATIVE,26.423924641434105,93.75228797762121,,block_52_187,0
neg_6171,PSEUDO_NEGATIVE,24.922704363281785,93.02812956104529,,block_49_186,0
neg_6172,PSEUDO_NEGATIVE,24.916475765355877,93.55304906718634,,block_49_187,0
neg_6173,PSEUDO_NEGATIVE,28.476631283740264,95.03802797861744,,block_56_190,0
neg_6174,PSEUDO_NEGATIVE,28.18228154230754,96.01421957536651,,block_56_192,0
neg_6175,PSEUDO_NEGATIVE,28.002149357579064,95.94423704617833,,block_56_191,0
neg_6176,PSEUDO_NEGATIVE,28.862969015434963,95.14639190982115,,block_57_190,0
neg_6177,PSEUDO_NEGATIVE,27.782382289608474,88.52382152186121,,block_55_177,0
neg_6178,PSEUDO_NEGATIVE,24.43012212862392,94.02252069792812,,block_48_188,0
neg_6179,PSEUDO_NEGATIVE,28.254930383795028,93.33144004271401,,block_56_186,0
neg_6180,PSEUDO_NEGATIVE,26.735255750652076,92.55612265747608,,block_53_185,0
neg_6181,PSEUDO_NEGATIVE,28.696461406331583,94.54553008290223,,block_57_189,0
neg_6182,PSEUDO_NEGATIVE,29.24549364467461,96.0879864543912,,block_58_192,0
neg_6183,PSEUDO_NEGATIVE,25.43351390884853,93.61569925476078,,block_50_187,0
neg_6184,PSEUDO_NEGATIVE,27.56873997961846,96.59300858034759,,block_55_193,0
neg_6185,PSEUDO_NEGATIVE,26.44645447046073,93.1249896941973,,block_52_186,0
neg_6186,PSEUDO_NEGATIVE,25.477271933693217,92.23444516905103,,block_50_184,0
neg_6187,PSEUDO_NEGATIVE,25.357111277324456,93.1125789316524,,block_50_186,0
neg_6188,PSEUDO_NEGATIVE,27.533459247540804,94.49736654331397,,block_55_188,0
neg_6189,PSEUDO_NEGATIVE,23.37626156801148,92.72303264191954,,block_46_185,0
neg_6190,PSEUDO_NEGATIVE,24.824342595775157,92.56224667584415,,block_49_185,0
neg_6191,PSEUDO_NEGATIVE,23.81246415498398,91.47500143383431,,block_47_182,0
neg_6192,PSEUDO_NEGATIVE,26.95660136538369,94.06321844110353,,block_53_188,0
neg_6193,PSEUDO_NEGATIVE,28.77842162732833,94.55498824011286,,block_57_189,0
neg_6194,PSEUDO_NEGATIVE,28.807469570544644,94.52489535715407,,block_57_189,0
neg_6195,PSEUDO_NEGATIVE,26.784694299503123,92.315358212712,,block_53_184,0
neg_6196,PSEUDO_NEGATIVE,28.428915451461414,93.19647735430743,,block_56_186,0
neg_6197,PSEUDO_NEGATIVE,28.074684133591482,96.31748538862398,,block_56_192,0
neg_6198,PSEUDO_NEGATIVE,25.869387255575703,92.77956494728451,,block_51_185,0
neg_6199,PSEUDO_NEGATIVE,26.643451787573227,94.8748310186943,,block_53_189,0
neg_6200,PSEUDO_NEGATIVE,28.03038267671551,93.72845045628651,,block_56_187,0
neg_6201,PSEUDO_NEGATIVE,26.30272387308224,94.99906477122674,,block_52_189,0
neg_6202,PSEUDO_NEGATIVE,24.486110394199084,92.53285116104216,,block_48_185,0
neg_6203,PSEUDO_NEGATIVE,25.56360923077193,93.25985227198069,,block_51_186,0
neg_6204,PSEUDO_NEGATIVE,25.722460459739764,90.80098404215177,,block_51_181,0
neg_6205,PSEUDO_NEGATIVE,27.365125992810793,95.08036312677537,,block_54_190,0
neg_6206,PSEUDO_NEGATIVE,24.687170398618733,94.0754246278088,,block_49_188,0
neg_6207,PSEUDO_NEGATIVE,26.748990275415903,91.58130168446105,,block_53_183,0
neg_6208,PSEUDO_NEGATIVE,27.993408391081275,94.27911696615689,,block_55_188,0
neg_6209,PSEUDO_NEGATIVE,27.949461078944356,95.0123564785621,,block_55_190,0
neg_6210,PSEUDO_NEGATIVE,26.81995913308353,93.35428103787898,,block_53_186,0
neg_6211,PSEUDO_NEGATIVE,25.577433120228793,90.33453863623413,,block_51_180,0
neg_6212,PSEUDO_NEGATIVE,28.699854969922665,95.20454024040609,,block_57_190,0
neg_6213,PSEUDO_NEGATIVE,27.42220953522103,96.91302785078794,,block_54_193,0
neg_6214,PSEUDO_NEGATIVE,26.357116706490817,90.64821773258937,,block_52_181,0
neg_6215,PSEUDO_NEGATIVE,25.231209922909702,93.88504740356694,,block_50_187,0
neg_6216,PSEUDO_NEGATIVE,24.877139054280587,94.01759543414954,,block_49_188,0
neg_6217,PSEUDO_NEGATIVE,27.515570594895113,92.53424437261724,,block_55_185,0
neg_6218,PSEUDO_NEGATIVE,27.34507941943952,94.13736970413942,,block_54_188,0
neg_6219,PSEUDO_NEGATIVE,25.2388415641231,94.56714076107755,,block_50_189,0
neg_6220,PSEUDO_NEGATIVE,27.12662291632992,94.88047454130326,,block_54_189,0
neg_6221,PSEUDO_NEGATIVE,28.022578211353206,96.62464512257388,,block_56_193,0
neg_6222,PSEUDO_NEGATIVE,26.22014480953824,89.95521033669262,,block_52_179,0
neg_6223,PSEUDO_NEGATIVE,24.66968578645843,92.90862158706413,,block_49_185,0
neg_6224,PSEUDO_NEGATIVE,25.363391171226056,90.97507563654803,,block_50_181,0
neg_6225,PSEUDO_NEGATIVE,22.781719410516917,92.91043338434902,,block_45_185,0
neg_6226,PSEUDO_NEGATIVE,24.96384656846336,93.32799235508664,,block_49_186,0
neg_6227,PSEUDO_NEGATIVE,27.816121749211394,93.0749006722111,,block_55_186,0
neg_6228,PSEUDO_NEGATIVE,27.40929953738084,95.95305190462187,,block_54_191,0
neg_6229,PSEUDO_NEGATIVE,26.58415986199186,90.47449979969491,,block_53_180,0
neg_6230,PSEUDO_NEGATIVE,27.2010911988975,92.68973036375407,,block_54_185,0
neg_6231,PSEUDO_NEGATIVE,25.675510972146085,92.69307033441123,,block_51_185,0
neg_6232,PSEUDO_NEGATIVE,25.23420798705697,91.02593242299875,,block_50_182,0
neg_6233,PSEUDO_NEGATIVE,26.53379393262196,94.33798112998919,,block_53_188,0
neg_6234,PSEUDO_NEGATIVE,26.87714931860242,93.405868694432,,block_53_186,0
neg_6235,PSEUDO_NEGATIVE,27.844261072316968,95.83161649846738,,block_55_191,0
neg_6236,PSEUDO_NEGATIVE,27.775121907587113,95.87091468220626,,block_55_191,0
neg_6237,PSEUDO_NEGATIVE,27.77170521056506,88.24195869584807,,block_55_176,0
neg_6238,PSEUDO_NEGATIVE,26.422620176112602,94.42026893457508,,block_52_188,0
neg_6239,PSEUDO_NEGATIVE,26.362958176668375,94.22059743842163,,block_52_188,0
neg_6240,PSEUDO_NEGATIVE,28.324323222209884,94.043141069535,,block_56_188,0
neg_6241,PSEUDO_NEGATIVE,25.824245145603886,92.20616492078923,,block_51_184,0
neg_6242,PSEUDO_NEGATIVE,28.729586323535955,94.89002872498793,,block_57_189,0
neg_6243,PSEUDO_NEGATIVE,24.44927525964256,93.55687569020304,,block_48_187,0
neg_6244,PSEUDO_NEGATIVE,25.140433040116363,94.06088770354457,,block_50_188,0
neg_6245,PSEUDO_NEGATIVE,25.541947009009508,93.0059356049176,,block_51_186,0
neg_6246,PSEUDO_NEGATIVE,27.294724226702368,93.8783036842573,,block_54_187,0
neg_6247,PSEUDO_NEGATIVE,28.392168872000493,95.8945603453446,,block_56_191,0
neg_6248,PSEUDO_NEGATIVE,27.211175497416807,92.40227612849391,,block_54_184,0
neg_6249,PSEUDO_NEGATIVE,27.493050155327534,92.63146543521445,,block_54_185,0
neg_6250,PSEUDO_NEGATIVE,25.682417985001447,92.85655468699073,,block_51_185,0
neg_6251,PSEUDO_NEGATIVE,26.94048495686907,92.2818576746617,,block_53_184,0
neg_6252,PSEUDO_NEGATIVE,27.005933653503654,95.43965938734533,,block_54_190,0
neg_6253,PSEUDO_NEGATIVE,24.872210028962865,92.54402754927965,,block_49_185,0
neg_6254,PSEUDO_NEGATIVE,27.65631470032868,88.19400128335165,,block_55_176,0
neg_6255,PSEUDO_NEGATIVE,25.917602601441686,90.14814897885225,,block_51_180,0
neg_6256,PSEUDO_NEGATIVE,26.332433624014314,94.0928086602661,,block_52_188,0
neg_6257,PSEUDO_NEGATIVE,27.23679014648095,94.04201530646759,,block_54_188,0
neg_6258,PSEUDO_NEGATIVE,27.688412083968885,95.79684222441264,,block_55_191,0
neg_6259,PSEUDO_NEGATIVE,26.346293976617922,95.03879980971271,,block_52_190,0
neg_6260,PSEUDO_NEGATIVE,27.78875657702404,95.93569880121917,,block_55_191,0
neg_6261,PSEUDO_NEGATIVE,23.88549460772415,91.9271330968948,,block_47_183,0
neg_6262,PSEUDO_NEGATIVE,27.61209514170298,93.49305376063431,,block_55_186,0
neg_6263,PSEUDO_NEGATIVE,25.649199720965804,90.4771569098025,,block_51_180,0
neg_6264,PSEUDO_NEGATIVE,27.72786718036683,92.09326276127645,,block_55_184,0
neg_6265,PSEUDO_NEGATIVE,27.16756015401995,94.27808857133974,,block_54_188,0
neg_6266,PSEUDO_NEGATIVE,24.426273580050385,92.19028707691662,,block_48_184,0
neg_6267,PSEUDO_NEGATIVE,26.799144848744383,94.24931429833873,,block_53_188,0
neg_6268,PSEUDO_NEGATIVE,23.783201905016924,93.25410985276422,,block_47_186,0
neg_6269,PSEUDO_NEGATIVE,26.332600579019992,90.00134069018293,,block_52_180,0
neg_6270,PSEUDO_NEGATIVE,25.667336393986975,93.21902524259585,,block_51_186,0
neg_6271,PSEUDO_NEGATIVE,24.061855077257306,93.6254935650556,,block_48_187,0
neg_6272,PSEUDO_NEGATIVE,25.426690118320074,92.59721559152278,,block_50_185,0
neg_6273,PSEUDO_NEGATIVE,24.92925279320176,93.28756436387954,,block_49_186,0
neg_6274,PSEUDO_NEGATIVE,25.68998834407612,91.72467881180995,,block_51_183,0
neg_6275,PSEUDO_NEGATIVE,27.35316648907349,92.08120038070483,,block_54_184,0
neg_6276,PSEUDO_NEGATIVE,23.18365436708517,92.38263864430999,,block_46_184,0
neg_6277,PSEUDO_NEGATIVE,27.40369309261362,88.18167756206738,,block_54_176,0
neg_6278,PSEUDO_NEGATIVE,25.93104949345376,90.98039926589104,,block_51_181,0
neg_6279,PSEUDO_NEGATIVE,28.76451673136155,96.21132508510823,,block_57_192,0
neg_6280,PSEUDO_NEGATIVE,28.358561252497225,94.2855490140536,,block_56_188,0
neg_6281,PSEUDO_NEGATIVE,25.31839488925152,90.5796283611015,,block_50_181,0
neg_6282,PSEUDO_NEGATIVE,26.756393494519116,90.85441317258147,,block_53_181,0
neg_6283,PSEUDO_NEGATIVE,25.25287160627826,90.17936346643255,,block_50_180,0
neg_6284,PSEUDO_NEGATIVE,25.791887057591904,92.12055242054788,,block_51_184,0
neg_6285,PSEUDO_NEGATIVE,26.481661641041175,92.16219956940448,,block_52_184,0
neg_6286,PSEUDO_NEGATIVE,27.336481491144077,94.14689146128534,,block_54_188,0
neg_6287,PSEUDO_NEGATIVE,26.411655512907686,94.03743747308626,,block_52_188,0
neg_6288,PSEUDO_NEGATIVE,25.638738467280852,94.91040056379569,,block_51_189,0
neg_6289,PSEUDO_NEGATIVE,28.136605861597594,96.75496633440409,,block_56_193,0
neg_6290,PSEUDO_NEGATIVE,26.62478687307181,92.71915019281306,,block_53_185,0
neg_6291,PSEUDO_NEGATIVE,27.486361563267927,95.96679582567897,,block_54_191,0
neg_6292,PSEUDO_NEGATIVE,26.28242229864634,93.2338442123612,,block_52_186,0
neg_6293,PSEUDO_NEGATIVE,26.51441219475894,91.67824220334339,,block_53_183,0
neg_6294,PSEUDO_NEGATIVE,23.430664609137267,92.50609535095506,,block_46_185,0
neg_6295,PSEUDO_NEGATIVE,25.44384661003516,93.648683135959,,block_50_187,0
neg_6296,PSEUDO_NEGATIVE,27.949058489615496,94.63136988246788,,block_55_189,0
neg_6297,PSEUDO_NEGATIVE,27.18977637418394,92.8540267705426,,block_54_185,0
neg_6298,PSEUDO_NEGATIVE,26.743296352721995,90.12339312712149,,block_53_180,0
neg_6299,PSEUDO_NEGATIVE,23.263048963300587,92.96144685596448,,block_46_185,0
neg_6300,PSEUDO_NEGATIVE,26.482023283373998,94.06858316952254,,block_52_188,0
neg_6301,PSEUDO_NEGATIVE,27.818420941911047,93.2646382219809,,block_55_186,0
neg_6302,PSEUDO_NEGATIVE,27.62099893157888,94.6597301653856,,block_55_189,0
neg_6303,PSEUDO_NEGATIVE,26.842774398651066,95.54379025043342,,block_53_191,0
neg_6304,PSEUDO_NEGATIVE,25.268954729017256,92.02134895327714,,block_50_184,0
neg_6305,PSEUDO_NEGATIVE,25.293096114623864,91.12965939000293,,block_50_182,0
neg_6306,PSEUDO_NEGATIVE,26.77361156114877,92.77806305349701,,block_53_185,0
neg_6307,PSEUDO_NEGATIVE,27.747009024318253,95.47720422365333,,block_55_190,0
neg_6308,PSEUDO_NEGATIVE,26.85962981760342,91.91580950048788,,block_53_183,0
neg_6309,PSEUDO_NEGATIVE,25.908957568041384,94.5366387965251,,block_51_189,0
neg_6310,PSEUDO_NEGATIVE,27.077042370653203,94.99905295116665,,block_54_189,0
neg_6311,PSEUDO_NEGATIVE,25.781725096736402,89.90120787848754,,block_51_179,0
neg_6312,PSEUDO_NEGATIVE,26.132138630758202,92.48924163057123,,block_52_184,0
neg_6313,PSEUDO_NEGATIVE,28.57335655130052,95.32782128453648,,block_57_190,0
neg_6314,PSEUDO_NEGATIVE,28.079144433893266,95.252188054148,,block_56_190,0
neg_6315,PSEUDO_NEGATIVE,23.775692816066954,92.22004528340503,,block_47_184,0
neg_6316,PSEUDO_NEGATIVE,26.613328125484546,91.09481029977283,,block_53_182,0
neg_6317,PSEUDO_NEGATIVE,25.22905997228295,91.1179185004247,,block_50_182,0
neg_6318,PSEUDO_NEGATIVE,24.922668975004456,92.74067560462206,,block_49_185,0
neg_6319,PSEUDO_NEGATIVE,26.927917258710465,95.21155756305488,,block_53_190,0
neg_6320,PSEUDO_NEGATIVE,29.080985324626283,94.84841915933451,,block_58_189,0
neg_6321,PSEUDO_NEGATIVE,25.2916905378887,90.56206000195205,,block_50_181,0
neg_6322,PSEUDO_NEGATIVE,26.850930254088816,94.09688274946403,,block_53_188,0
neg_6323,PSEUDO_NEGATIVE,28.154567411771573,93.82682524828743,,block_56_187,0
neg_6324,PSEUDO_NEGATIVE,28.003751159684924,88.57046633709126,,block_56_177,0
neg_6325,PSEUDO_NEGATIVE,28.65167450620503,95.90262337473371,,block_57_191,0
neg_6326,PSEUDO_NEGATIVE,25.285275076173374,92.28737624003865,,block_50_184,0
neg_6327,PSEUDO_NEGATIVE,28.490214063885258,94.7522640804254,,block_56_189,0
neg_6328,PSEUDO_NEGATIVE,27.40529149581571,92.91357759085308,,block_54_185,0
neg_6329,PSEUDO_NEGATIVE,26.286586538606684,94.88351587248489,,block_52_189,0
neg_6330,PSEUDO_NEGATIVE,25.364426240168513,91.68877538528866,,block_50_183,0
neg_6331,PSEUDO_NEGATIVE,25.267730485642083,93.99593262460903,,block_50_187,0
neg_6332,PSEUDO_NEGATIVE,25.842977585334204,93.36534793807185,,block_51_186,0
neg_6333,PSEUDO_NEGATIVE,25.36639232098686,91.48366358059232,,block_50_182,0
neg_6334,PSEUDO_NEGATIVE,25.25522238774407,90.36066530351722,,block_50_180,0
neg_6335,PSEUDO_NEGATIVE,29.43823166646993,96.0604491136885,,block_58_192,0
neg_6336,PSEUDO_NEGATIVE,28.343227089741017,96.47638848362783,,block_56_192,0
neg_6337,PSEUDO_NEGATIVE,23.39296470782193,91.76232809695055,,block_46_183,0
neg_6338,PSEUDO_NEGATIVE,29.4066677366323,96.0393472231574,,block_58_192,0
neg_6339,PSEUDO_NEGATIVE,27.177175031444143,94.93465942759126,,block_54_189,0
neg_6340,PSEUDO_NEGATIVE,27.469057296760006,88.31080357091267,,block_54_176,0
neg_6341,PSEUDO_NEGATIVE,27.205619313318905,92.2408435007822,,block_54_184,0
neg_6342,PSEUDO_NEGATIVE,27.698525393593272,95.11180814370987,,block_55_190,0
neg_6343,PSEUDO_NEGATIVE,25.48131759704139,90.18524285328203,,block_50_180,0
neg_6344,PSEUDO_NEGATIVE,27.241902447608922,92.5128349320405,,block_54_185,0
neg_6345,PSEUDO_NEGATIVE,28.732178643492794,95.53515437896588,,block_57_191,0
neg_6346,PSEUDO_NEGATIVE,23.366605058093214,91.72287873344892,,block_46_183,0
neg_6347,PSEUDO_NEGATIVE,25.47830017121279,92.79674918835464,,block_50_185,0
neg_6348,PSEUDO_NEGATIVE,28.22623827369719,97.23992056167975,,block_56_194,0
neg_6349,PSEUDO_NEGATIVE,27.85828491997033,96.07869161826093,,block_55_192,0
neg_6350,PSEUDO_NEGATIVE,27.686318831637006,93.30664938473998,,block_55_186,0
neg_6351,PSEUDO_NEGATIVE,26.71656992589024,91.54386704947389,,block_53_183,0
neg_6352,PSEUDO_NEGATIVE,24.138406636683964,93.79030924538056,,block_48_187,0
neg_6353,PSEUDO_NEGATIVE,28.464730267711285,95.10966580299936,,block_56_190,0
neg_6354,PSEUDO_NEGATIVE,26.47558874967792,92.54315857209305,,block_52_185,0
neg_6355,PSEUDO_NEGATIVE,26.30060102945379,89.94624947402485,,block_52_179,0
neg_6356,PSEUDO_NEGATIVE,26.39954521861251,92.74962860945251,,block_52_185,0
neg_6357,PSEUDO_NEGATIVE,25.624541061225386,92.00262886985452,,block_51_184,0
neg_6358,PSEUDO_NEGATIVE,26.69832144690661,94.16291462092303,,block_53_188,0
neg_6359,PSEUDO_NEGATIVE,26.637192188116913,93.43249819554998,,block_53_186,0
neg_6360,PSEUDO_NEGATIVE,27.665189346625,92.45537620332247,,block_55_184,0
neg_6361,PSEUDO_NEGATIVE,28.627358155875,95.51365585613782,,block_57_191,0
neg_6362,PSEUDO_NEGATIVE,25.624797777013185,91.91319549813679,,block_51_183,0
neg_6363,PSEUDO_NEGATIVE,24.701494960746565,93.39508582982953,,block_49_186,0
neg_6364,PSEUDO_NEGATIVE,26.019452718064482,89.91745777718765,,block_52_179,0
neg_6365,PSEUDO_NEGATIVE,27.538396852942434,88.1696183582115,,block_55_176,0
neg_6366,PSEUDO_NEGATIVE,27.539921263786308,93.27927830279256,,block_55_186,0
neg_6367,PSEUDO_NEGATIVE,29.24335809969982,95.70949532768223,,block_58_191,0
neg_6368,PSEUDO_NEGATIVE,26.090395420151847,94.58926441152647,,block_52_189,0
neg_6369,PSEUDO_NEGATIVE,28.681177912743934,94.00306767069365,,block_57_188,0
neg_6370,PSEUDO_NEGATIVE,27.745686255714798,92.67756970481366,,block_55_185,0
neg_6371,PSEUDO_NEGATIVE,27.12288445682689,93.87001997942734,,block_54_187,0
neg_6372,PSEUDO_NEGATIVE,22.451039676855405,92.7691890730737,,block_44_185,0
neg_6373,PSEUDO_NEGATIVE,28.2266284177098,94.35864228412744,,block_56_188,0
neg_6374,PSEUDO_NEGATIVE,27.044417609411457,92.9922352441961,,block_54_185,0
neg_6375,PSEUDO_NEGATIVE,26.72163884688822,92.55024461769212,,block_53_185,0
neg_6376,PSEUDO_NEGATIVE,27.90983367800124,93.72214388192828,,block_55_187,0
neg_6377,PSEUDO_NEGATIVE,28.123586291821688,93.11670663374517,,block_56_186,0
neg_6378,PSEUDO_NEGATIVE,25.336683243389004,89.93781224984168,,block_50_179,0
neg_6379,PSEUDO_NEGATIVE,27.158477715162782,92.2949816045827,,block_54_184,0
neg_6380,PSEUDO_NEGATIVE,24.55296978990992,94.14600606341189,,block_49_188,0
neg_6381,PSEUDO_NEGATIVE,27.292084450541413,88.70467264686603,,block_54_177,0
neg_6382,PSEUDO_NEGATIVE,28.61905988374688,94.57735188736424,,block_57_189,0
neg_6383,PSEUDO_NEGATIVE,26.94003578799336,94.73517407308258,,block_53_189,0
neg_6384,PSEUDO_NEGATIVE,27.16210007611489,94.89532676032587,,block_54_189,0
neg_6385,PSEUDO_NEGATIVE,26.186267269549884,92.18722818773769,,block_52_184,0
neg_6386,PSEUDO_NEGATIVE,26.552360724283353,94.21659361134846,,block_53_188,0
neg_6387,PSEUDO_NEGATIVE,27.601024771823873,88.3551695974899,,block_55_176,0
neg_6388,PSEUDO_NEGATIVE,27.65421278648068,96.75535244466063,,block_55_193,0
neg_6389,PSEUDO_NEGATIVE,25.038273468400444,94.71492169572133,,block_50_189,0
neg_6390,PSEUDO_NEGATIVE,27.240478968802204,93.98885601734571,,block_54_187,0
neg_6391,PSEUDO_NEGATIVE,26.067477303184898,94.08306825689131,,block_52_188,0
neg_6392,PSEUDO_NEGATIVE,27.45095121519751,95.31978258060303,,block_54_190,0
neg_6393,PSEUDO_NEGATIVE,24.690826809825765,93.77875074427577,,block_49_187,0
neg_6394,PSEUDO_NEGATIVE,22.422025353562443,93.10796370040978,,block_44_186,0
neg_6395,PSEUDO_NEGATIVE,24.55868172371978,92.32935281178821,,block_49_184,0
neg_6396,PSEUDO_NEGATIVE,28.2634778536617,96.22741174690663,,block_56_192,0
neg_6397,PSEUDO_NEGATIVE,26.0937536118261,93.57378277449692,,block_52_187,0
neg_6398,PSEUDO_NEGATIVE,27.358190597649447,95.4265190501487,,block_54_190,0
neg_6399,PSEUDO_NEGATIVE,22.946731998993556,92.5487893288101,,block_45_185,0
neg_6400,PSEUDO_NEGATIVE,28.93899378245797,94.29797635683985,,block_57_188,0
neg_6401,PSEUDO_NEGATIVE,26.59085931612651,94.04938653360514,,block_53_188,0
neg_6402,PSEUDO_NEGATIVE,26.823731978641295,94.75854367963477,,block_53_189,0
neg_6403,PSEUDO_NEGATIVE,24.45059739047041,92.61202891802434,,block_48_185,0
neg_6404,PSEUDO_NEGATIVE,29.18692038201923,96.11557494677325,,block_58_192,0
neg_6405,PSEUDO_NEGATIVE,25.433790496592763,92.49441312045177,,block_50_184,0
neg_6406,PSEUDO_NEGATIVE,27.05195263213991,94.36345389679964,,block_54_188,0
neg_6407,PSEUDO_NEGATIVE,26.944809279616372,93.80136479957459,,block_53_187,0
neg_6408,PSEUDO_NEGATIVE,27.516287891655022,96.38070510400216,,block_55_192,0
neg_6409,PSEUDO_NEGATIVE,27.527714538007196,93.29561483103012,,block_55_186,0
neg_6410,PSEUDO_NEGATIVE,27.826295574929365,88.73184756486268,,block_55_177,0
neg_6411,PSEUDO_NEGATIVE,25.303537929442193,92.0839423268352,,block_50_184,0
neg_6412,PSEUDO_NEGATIVE,24.1036726824773,93.85209864210289,,block_48_187,0
neg_6413,PSEUDO_NEGATIVE,25.332920760482427,94.58545582148386,,block_50_189,0
neg_6414,PSEUDO_NEGATIVE,26.192000483890396,92.75667801683484,,block_52_185,0
neg_6415,PSEUDO_NEGATIVE,28.309561350873,95.81791536469532,,block_56_191,0
neg_6416,PSEUDO_NEGATIVE,28.0906533551343,97.14655372557951,,block_56_194,0
neg_6417,PSEUDO_NEGATIVE,26.231384026332336,90.09995760480624,,block_52_180,0
neg_6418,PSEUDO_NEGATIVE,25.04121417719746,92.57369791845144,,block_50_185,0
neg_6419,PSEUDO_NEGATIVE,27.957132520318517,93.05461716637261,,block_55_186,0
neg_6420,PSEUDO_NEGATIVE,27.52983292947534,95.9963536451837,,block_55_191,0
neg_6421,PSEUDO_NEGATIVE,25.408816696083765,93.18337348752121,,block_50_186,0
neg_6422,PSEUDO_NEGATIVE,27.172215329798775,93.89447889637569,,block_54_187,0
neg_6423,PSEUDO_NEGATIVE,26.704205321757104,90.62347824023196,,block_53_181,0
neg_6424,PSEUDO_NEGATIVE,28.17227854713322,95.27434349644341,,block_56_190,0
neg_6425,PSEUDO_NEGATIVE,26.516483532456768,89.9259601951877,,block_53_179,0
neg_6426,PSEUDO_NEGATIVE,24.07810187304499,93.064089814606,,block_48_186,0
neg_6427,PSEUDO_NEGATIVE,25.882593859566462,91.82690640418082,,block_51_183,0
neg_6428,PSEUDO_NEGATIVE,25.898224637529623,94.95437186959334,,block_51_189,0
neg_6429,PSEUDO_NEGATIVE,27.348040924579145,94.05939469091926,,block_54_188,0
neg_6430,PSEUDO_NEGATIVE,24.148440973904595,92.18676535158096,,block_48_184,0
neg_6431,PSEUDO_NEGATIVE,24.09050286166159,91.92563856630512,,block_48_183,0
neg_6432,PSEUDO_NEGATIVE,28.709435050088405,94.50115557971687,,block_57_189,0
neg_6433,PSEUDO_NEGATIVE,28.004221234228368,92.88772066669772,,block_56_185,0
neg_6434,PSEUDO_NEGATIVE,24.314121943391843,92.6577730542024,,block_48_185,0
neg_6435,PSEUDO_NEGATIVE,24.574427931090845,94.22163317441156,,block_49_188,0
neg_6436,PSEUDO_NEGATIVE,26.438509713645786,93.98567674001507,,block_52_187,0
neg_6437,PSEUDO_NEGATIVE,27.856011127425678,88.57366445866339,,block_55_177,0
neg_6438,PSEUDO_NEGATIVE,28.690117247096726,94.03419445097101,,block_57_188,0
neg_6439,PSEUDO_NEGATIVE,28.226423436004374,93.93057899337305,,block_56_187,0
neg_6440,PSEUDO_NEGATIVE,25.465511698978055,93.96575177311018,,block_50_187,0
neg_6441,PSEUDO_NEGATIVE,28.835264626021004,95.13741474795476,,block_57_190,0
neg_6442,PSEUDO_NEGATIVE,24.239312359495834,92.74968838838832,,block_48_185,0
neg_6443,PSEUDO_NEGATIVE,25.377831506957754,91.53431789130181,,block_50_183,0
neg_6444,PSEUDO_NEGATIVE,28.197564439911876,94.45374823662956,,block_56_188,0
neg_6445,PSEUDO_NEGATIVE,27.403769020120144,92.82735068750745,,block_54_185,0
neg_6446,PSEUDO_NEGATIVE,25.087236657425414,93.85534387726526,,block_50_187,0
neg_6447,PSEUDO_NEGATIVE,25.33076126295725,90.17960278188987,,block_50_180,0
neg_6448,PSEUDO_NEGATIVE,23.263241681829005,91.52014246199434,,block_46_183,0
neg_6449,PSEUDO_NEGATIVE,27.015002646134647,95.21971111015071,,block_54_190,0
neg_6450,PSEUDO_NEGATIVE,24.452128009170863,93.0854761755948,,block_48_186,0
neg_6451,PSEUDO_NEGATIVE,26.310839412308894,90.48523854373833,,block_52_180,0
neg_6452,PSEUDO_NEGATIVE,27.982906113957434,95.4707597848286,,block_55_190,0
neg_6453,PSEUDO_NEGATIVE,26.22992649415329,92.62174373862719,,block_52_185,0
neg_6454,PSEUDO_NEGATIVE,25.874882031016888,91.32426830979395,,block_51_182,0
neg_6455,PSEUDO_NEGATIVE,28.18374537493841,96.47957848828982,,block_56_192,0
neg_6456,PSEUDO_NEGATIVE,25.447548338240864,93.80824969077898,,block_50_187,0
neg_6457,PSEUDO_NEGATIVE,29.114783645723925,96.1815238321219,,block_58_192,0
neg_6458,PSEUDO_NEGATIVE,27.477430026543317,92.57439952615314,,block_54_185,0
neg_6459,PSEUDO_NEGATIVE,24.127235263954,93.08292900055383,,block_48_186,0
neg_6460,PSEUDO_NEGATIVE,27.15124346966086,92.42900995966932,,block_54_184,0
neg_6461,PSEUDO_NEGATIVE,23.522027752416186,92.7250288350285,,block_47_185,0
neg_6462,PSEUDO_NEGATIVE,27.121501853319266,93.45702748904898,,block_54_186,0
neg_6463,PSEUDO_NEGATIVE,27.946997317556452,95.53775116117107,,block_55_191,0
neg_6464,PSEUDO_NEGATIVE,28.31620930160059,96.70691320887802,,block_56_193,0
neg_6465,PSEUDO_NEGATIVE,25.449831340090352,90.32773833309147,,block_50_180,0
neg_6466,PSEUDO_NEGATIVE,26.90603473237616,93.36556981807195,,block_53_186,0
neg_6467,PSEUDO_NEGATIVE,28.617263986643728,94.30118168428713,,block_57_188,0
neg_6468,PSEUDO_NEGATIVE,28.202393418970985,95.12402664070619,,block_56_190,0
neg_6469,PSEUDO_NEGATIVE,26.541452295448558,92.01630830632719,,block_53_184,0
neg_6470,PSEUDO_NEGATIVE,27.65960747993388,94.10242789152328,,block_55_188,0
neg_6471,PSEUDO_NEGATIVE,26.596381984783594,91.89570317200555,,block_53_183,0
neg_6472,PSEUDO_NEGATIVE,27.816720869279525,95.82091258006352,,block_55_191,0
neg_6473,PSEUDO_NEGATIVE,23.706243220082627,92.24037394735741,,block_47_184,0
neg_6474,PSEUDO_NEGATIVE,27.67623972608729,96.36676054565923,,block_55_192,0
neg_6475,PSEUDO_NEGATIVE,27.016987030747313,92.56105305618718,,block_54_185,0
neg_6476,PSEUDO_NEGATIVE,28.088125566650383,92.78159357283847,,block_56_185,0
neg_6477,PSEUDO_NEGATIVE,27.306818676757633,94.40675769052348,,block_54_188,0
neg_6478,PSEUDO_NEGATIVE,29.075411986269714,95.16994308509557,,block_58_190,0
neg_6479,PSEUDO_NEGATIVE,28.961110412826432,95.90213188451196,,block_57_191,0
neg_6480,PSEUDO_NEGATIVE,25.18995719035612,92.6967206306896,,block_50_185,0
neg_6481,PSEUDO_NEGATIVE,26.15315793785297,90.20805885771333,,block_52_180,0
neg_6482,PSEUDO_NEGATIVE,23.378253701228445,92.80569969900344,,block_46_185,0
neg_6483,PSEUDO_NEGATIVE,24.881976491675836,93.9737907637389,,block_49_187,0
neg_6484,PSEUDO_NEGATIVE,24.572788908573596,93.9644729988072,,block_49_187,0
neg_6485,PSEUDO_NEGATIVE,23.28705478366044,91.65717696769306,,block_46_183,0
neg_6486,PSEUDO_NEGATIVE,25.87060762259494,91.59590730412174,,block_51_183,0
neg_6487,PSEUDO_NEGATIVE,25.83426401450729,93.0956867447411,,block_51_186,0
neg_6488,PSEUDO_NEGATIVE,26.60281817004794,93.26695601146776,,block_53_186,0
neg_6489,PSEUDO_NEGATIVE,25.48926343168317,92.22600036074049,,block_50_184,0
neg_6490,PSEUDO_NEGATIVE,27.40081619430866,92.73105250483569,,block_54_185,0
neg_6491,PSEUDO_NEGATIVE,27.682482700599444,96.83495185460949,,block_55_193,0
neg_6492,PSEUDO_NEGATIVE,27.455315485322625,96.19824232071784,,block_54_192,0
neg_6493,PSEUDO_NEGATIVE,28.200477056404548,93.75015111656498,,block_56_187,0
neg_6494,PSEUDO_NEGATIVE,25.708971629988106,93.54153224762244,,block_51_187,0
neg_6495,PSEUDO_NEGATIVE,26.45847157880943,93.27628744396576,,block_52_186,0
neg_6496,PSEUDO_NEGATIVE,23.479704476569196,91.70394302604987,,block_46_183,0
neg_6497,PSEUDO_NEGATIVE,27.83328424348202,88.64386463588163,,block_55_177,0
neg_6498,PSEUDO_NEGATIVE,26.405952053910706,91.05490428105155,,block_52_182,0
neg_6499,PSEUDO_NEGATIVE,24.491799350770947,92.36431916388011,,block_48_184,0
neg_6500,PSEUDO_NEGATIVE,28.313139071553575,94.02923730764272,,block_56_188,0
neg_6501,PSEUDO_NEGATIVE,27.50434924224669,91.9528783120123,,block_55_183,0
neg_6502,PSEUDO_NEGATIVE,26.601834874872942,95.07101123821988,,block_53_190,0
neg_6503,PSEUDO_NEGATIVE,26.348291055600537,91.8161466462728,,block_52_183,0
neg_6504,PSEUDO_NEGATIVE,26.247966031657384,93.38950284759649,,block_52_186,0
neg_6505,PSEUDO_NEGATIVE,27.970159296994634,94.45105404242074,,block_55_188,0
neg_6506,PSEUDO_NEGATIVE,26.96638177062892,94.93675205355807,,block_53_189,0
neg_6507,PSEUDO_NEGATIVE,27.34630410398606,93.54925541065022,,block_54_187,0
neg_6508,PSEUDO_NEGATIVE,27.996873354813566,93.41759254534246,,block_55_186,0
neg_6509,PSEUDO_NEGATIVE,26.391002367836716,91.43432387024329,,block_52_182,0
neg_6510,PSEUDO_NEGATIVE,23.696719038027794,93.25947421396616,,block_47_186,0
neg_6511,PSEUDO_NEGATIVE,23.68714030741912,92.45517880879747,,block_47_184,0
neg_6512,PSEUDO_NEGATIVE,27.986173307279266,93.1183985871939,,block_55_186,0
neg_6513,PSEUDO_NEGATIVE,23.018081926165543,91.74176218715776,,block_46_183,0
neg_6514,PSEUDO_NEGATIVE,25.999469368237484,93.35435150189672,,block_51_186,0
neg_6515,PSEUDO_NEGATIVE,25.79288707879962,90.85421539886127,,block_51_181,0
neg_6516,PSEUDO_NEGATIVE,25.40254726782868,94.33824474090761,,block_50_188,0
neg_6517,PSEUDO_NEGATIVE,26.944958469997914,92.83372927259988,,block_53_185,0
neg_6518,PSEUDO_NEGATIVE,23.549084256566353,92.86257365557324,,block_47_185,0
neg_6519,PSEUDO_NEGATIVE,27.61779001264462,95.45687685256259,,block_55_190,0
neg_6520,PSEUDO_NEGATIVE,27.899705174697374,95.66383737772242,,block_55_191,0
neg_6521,PSEUDO_NEGATIVE,26.415016299776724,92.19526082923991,,block_52_184,0
neg_6522,PSEUDO_NEGATIVE,25.634634531518376,90.4297796318991,,block_51_180,0
neg_6523,PSEUDO_NEGATIVE,28.653741460453148,96.30500151142475,,block_57_192,0
neg_6524,PSEUDO_NEGATIVE,26.01541535278519,94.89190391215843,,block_52_189,0
neg_6525,PSEUDO_NEGATIVE,26.482843424641715,92.38093905435191,,block_52_184,0
neg_6526,PSEUDO_NEGATIVE,24.038196273351282,92.13606731094981,,block_48_184,0
neg_6527,PSEUDO_NEGATIVE,28.12078636345316,93.94320305391933,,block_56_187,0
neg_6528,PSEUDO_NEGATIVE,27.618310130162143,93.7952160515991,,block_55_187,0
neg_6529,PSEUDO_NEGATIVE,25.75389481889894,92.9147928785444,,block_51_185,0
neg_6530,PSEUDO_NEGATIVE,25.149001515619897,92.81037890786045,,block_50_185,0
neg_6531,PSEUDO_NEGATIVE,28.69470616768747,96.08047940359691,,block_57_192,0
neg_6532,PSEUDO_NEGATIVE,23.440314083504845,91.37396563169618,,block_46_182,0
neg_6533,PSEUDO_NEGATIVE,27.214528444348044,94.30875342658747,,block_54_188,0
neg_6534,PSEUDO_NEGATIVE,25.44264354043178,90.32399881195363,,block_50_180,0
neg_6535,PSEUDO_NEGATIVE,27.247459623861445,94.18069339700354,,block_54_188,0
neg_6536,PSEUDO_NEGATIVE,23.390725791447576,91.80931294456401,,block_46_183,0
neg_6537,PSEUDO_NEGATIVE,26.436963431210184,91.12867763387194,,block_52_182,0
neg_6538,PSEUDO_NEGATIVE,28.931868660499866,95.58381348288042,,block_57_191,0
neg_6539,PSEUDO_NEGATIVE,25.129933424723426,93.34032925293525,,block_50_186,0
neg_6540,PSEUDO_NEGATIVE,26.576549888851716,92.72399623332426,,block_53_185,0
neg_6541,PSEUDO_NEGATIVE,26.895659358623224,93.7050147181637,,block_53_187,0
neg_6542,PSEUDO_NEGATIVE,25.98970388128491,90.21343476436196,,block_51_180,0
neg_6543,PSEUDO_NEGATIVE,27.99609450746072,93.70335559988855,,block_55_187,0
neg_6544,PSEUDO_NEGATIVE,27.455712642588114,94.61645244370706,,block_54_189,0
neg_6545,PSEUDO_NEGATIVE,25.855871398261133,91.05754698610393,,block_51_182,0
neg_6546,PSEUDO_NEGATIVE,25.585131696151965,94.49284387508986,,block_51_188,0
neg_6547,PSEUDO_NEGATIVE,25.410314852562877,91.57538098230101,,block_50_183,0
neg_6548,PSEUDO_NEGATIVE,28.082646492712843,95.65508732032603,,block_56_191,0
neg_6549,PSEUDO_NEGATIVE,29.230857239720564,96.2863363143108,,block_58_192,0
neg_6550,PSEUDO_NEGATIVE,26.23457317479447,93.71200567328869,,block_52_187,0
neg_6551,PSEUDO_NEGATIVE,24.335583482567806,94.27075444803219,,block_48_188,0
neg_6552,PSEUDO_NEGATIVE,26.62308788050942,90.65968755049461,,block_53_181,0
neg_6553,PSEUDO_NEGATIVE,27.851160851078074,88.88047668975736,,block_55_177,0
neg_6554,PSEUDO_NEGATIVE,22.861766566551086,92.52688576085696,,block_45_185,0
neg_6555,PSEUDO_NEGATIVE,25.6584702597669,92.51283799261691,,block_51_185,0
neg_6556,PSEUDO_NEGATIVE,26.72257169069038,93.11394442454925,,block_53_186,0
neg_6557,PSEUDO_NEGATIVE,26.929873337293248,95.42474763537922,,block_53_190,0
neg_6558,PSEUDO_NEGATIVE,26.9272554823646,94.94970819258461,,block_53_189,0
neg_6559,PSEUDO_NEGATIVE,27.661633674404925,95.84197348516955,,block_55_191,0
neg_6560,PSEUDO_NEGATIVE,25.913441698681353,91.53636489612067,,block_51_183,0
neg_6561,PSEUDO_NEGATIVE,27.998409929917443,96.7329563928471,,block_55_193,0
neg_6562,PSEUDO_NEGATIVE,28.285113527573436,95.45491100359898,,block_56_190,0
neg_6563,PSEUDO_NEGATIVE,23.722259652210496,91.3624525649622,,block_47_182,0
neg_6564,PSEUDO_NEGATIVE,24.253028157765286,94.19794659614607,,block_48_188,0
neg_6565,PSEUDO_NEGATIVE,23.304606804084887,91.67250589684193,,block_46_183,0
neg_6566,PSEUDO_NEGATIVE,26.39793450121627,93.31630311156235,,block_52_186,0
neg_6567,PSEUDO_NEGATIVE,25.71671318812791,90.46681921107857,,block_51_180,0
neg_6568,PSEUDO_NEGATIVE,26.635105405541537,90.45665954213814,,block_53_180,0
neg_6569,PSEUDO_NEGATIVE,26.78453507556861,94.15602618156167,,block_53_188,0
neg_6570,PSEUDO_NEGATIVE,26.6279572302782,91.43303845532823,,block_53_182,0
neg_6571,PSEUDO_NEGATIVE,25.542356737346516,92.89920975873493,,block_51_185,0
neg_6572,PSEUDO_NEGATIVE,24.483932430969364,93.41738649559933,,block_48_186,0
neg_6573,PSEUDO_NEGATIVE,23.3007672680862,91.60958931386331,,block_46_183,0
neg_6574,PSEUDO_NEGATIVE,27.161124070581835,93.41893346949304,,block_54_186,0
neg_6575,PSEUDO_NEGATIVE,26.13578178251288,93.1497140157509,,block_52_186,0
neg_6576,PSEUDO_NEGATIVE,27.406608907260896,94.94734021808756,,block_54_189,0
neg_6577,PSEUDO_NEGATIVE,28.927664606051106,94.39008378254584,,block_57_188,0
neg_6578,PSEUDO_NEGATIVE,27.391566480346512,92.24940359360633,,block_54_184,0
neg_6579,PSEUDO_NEGATIVE,24.394359653268808,93.75557855303379,,block_48_187,0
neg_6580,PSEUDO_NEGATIVE,27.58642264914756,93.89491378375737,,block_55_187,0
neg_6581,PSEUDO_NEGATIVE,27.618120371536627,93.61599378188323,,block_55_187,0
neg_6582,PSEUDO_NEGATIVE,27.696009783559255,92.0076723816929,,block_55_184,0
neg_6583,PSEUDO_NEGATIVE,28.944888796525863,94.1591877609485,,block_57_188,0
neg_6584,PSEUDO_NEGATIVE,23.527038752302534,91.42556292731147,,block_47_182,0
neg_6585,PSEUDO_NEGATIVE,26.446800975873096,93.48457290697164,,block_52_186,0
neg_6586,PSEUDO_NEGATIVE,27.683629752221265,92.01938133502104,,block_55_184,0
neg_6587,PSEUDO_NEGATIVE,26.122872862920357,94.67372042539236,,block_52_189,0
neg_6588,PSEUDO_NEGATIVE,25.76119283355469,93.10793717076675,,block_51_186,0
neg_6589,PSEUDO_NEGATIVE,25.220956191230332,93.48543570612489,,block_50_186,0
neg_6590,PSEUDO_NEGATIVE,27.445693027102585,93.46205997532194,,block_54_186,0
neg_6591,PSEUDO_NEGATIVE,28.91769584811021,96.12447301871205,,block_57_192,0
neg_6592,PSEUDO_NEGATIVE,26.772835281788304,90.94234390551375,,block_53_181,0
neg_6593,PSEUDO_NEGATIVE,24.418467542063514,92.72894729740813,,block_48_185,0
neg_6594,PSEUDO_NEGATIVE,26.538704122575712,93.80289999214436,,block_53_187,0
neg_6595,PSEUDO_NEGATIVE,24.862026995977963,92.76784991039897,,block_49_185,0
neg_6596,PSEUDO_NEGATIVE,27.844777585742396,95.78990144077895,,block_55_191,0
neg_6597,PSEUDO_NEGATIVE,24.14770436269642,91.9247792105143,,block_48_183,0
neg_6598,PSEUDO_NEGATIVE,28.42782262615529,93.91864950365313,,block_56_187,0
neg_6599,PSEUDO_NEGATIVE,28.082287234842923,93.27412925152154,,block_56_186,0
neg_6600,PSEUDO_NEGATIVE,28.132827929445625,97.20320099353614,,block_56_194,0
neg_6601,PSEUDO_NEGATIVE,25.643831208892554,90.28872074818096,,block_51_180,0
neg_6602,PSEUDO_NEGATIVE,26.68834367913186,90.96207843051471,,block_53_181,0
neg_6603,PSEUDO_NEGATIVE,27.628820795726746,93.26687207835884,,block_55_186,0
neg_6604,PSEUDO_NEGATIVE,25.701694194705038,94.21111867097733,,block_51_188,0
neg_6605,PSEUDO_NEGATIVE,26.235652367988234,93.89676343693034,,block_52_187,0
neg_6606,PSEUDO_NEGATIVE,26.48238033940696,93.77284711098171,,block_52_187,0
neg_6607,PSEUDO_NEGATIVE,27.617652041507583,92.0726175095861,,block_55_184,0
neg_6608,PSEUDO_NEGATIVE,26.46036301414322,91.19362731237439,,block_52_182,0
neg_6609,PSEUDO_NEGATIVE,27.630887856865368,92.3006160270022,,block_55_184,0
neg_6610,PSEUDO_NEGATIVE,24.08219398254163,93.70802849515348,,block_48_187,0
neg_6611,PSEUDO_NEGATIVE,25.803917302347344,93.12622778486848,,block_51_186,0
neg_6612,PSEUDO_NEGATIVE,28.206260335222847,93.05809745574274,,block_56_186,0
neg_6613,PSEUDO_NEGATIVE,26.88776755660166,95.71387740463862,,block_53_191,0
neg_6614,PSEUDO_NEGATIVE,28.088344170040468,94.1854028306347,,block_56_188,0
neg_6615,PSEUDO_NEGATIVE,26.334885037195335,91.14268063563051,,block_52_182,0
neg_6616,PSEUDO_NEGATIVE,26.724248968209277,91.97734166595428,,block_53_183,0
neg_6617,PSEUDO_NEGATIVE,23.454333129693442,91.37013350375469,,block_46_182,0
neg_6618,PSEUDO_NEGATIVE,28.486058213491415,94.532908166787,,block_56_189,0
neg_6619,PSEUDO_NEGATIVE,27.854280852031632,94.47203713832536,,block_55_188,0
neg_6620,PSEUDO_NEGATIVE,27.25801808814582,88.8216190183749,,block_54_177,0
neg_6621,PSEUDO_NEGATIVE,25.496720092272735,91.0625205669379,,block_50_182,0
neg_6622,PSEUDO_NEGATIVE,25.587217180924775,93.65591209912927,,block_51_187,0
neg_6623,PSEUDO_NEGATIVE,22.283888989031922,92.7704083920971,,block_44_185,0
neg_6624,PSEUDO_NEGATIVE,24.219801066388438,92.8791568142262,,block_48_185,0
neg_6625,PSEUDO_NEGATIVE,26.906948153580103,94.7332982767276,,block_53_189,0
neg_6626,PSEUDO_NEGATIVE,28.59337618307117,93.50961264610754,,block_57_187,0
neg_6627,PSEUDO_NEGATIVE,26.703179507080243,92.80537810154085,,block_53_185,0
neg_6628,PSEUDO_NEGATIVE,27.51533164883798,92.44613446291795,,block_55_184,0
neg_6629,PSEUDO_NEGATIVE,26.757299133320867,92.68134277983287,,block_53_185,0
neg_6630,PSEUDO_NEGATIVE,25.856224155989747,90.18683709233966,,block_51_180,0
neg_6631,PSEUDO_NEGATIVE,29.165436126653148,94.47548012564464,,block_58_188,0
neg_6632,PSEUDO_NEGATIVE,26.583646461220575,93.19853405400637,,block_53_186,0
neg_6633,PSEUDO_NEGATIVE,25.33279436577898,93.95840712117628,,block_50_187,0
neg_6634,PSEUDO_NEGATIVE,28.282245507019095,94.17037477901893,,block_56_188,0
neg_6635,PSEUDO_NEGATIVE,26.73463273471341,94.27749348194503,,block_53_188,0
neg_6636,PSEUDO_NEGATIVE,24.428484719493145,93.95006987619847,,block_48_187,0
neg_6637,PSEUDO_NEGATIVE,26.017440755552975,94.47368298024601,,block_52_188,0
neg_6638,PSEUDO_NEGATIVE,24.379297865969274,93.5450659800045,,block_48_187,0
neg_6639,PSEUDO_NEGATIVE,24.5736859786514,92.38223048836615,,block_49_184,0
neg_6640,PSEUDO_NEGATIVE,22.318486587667596,92.60126045760988,,block_44_185,0
neg_6641,PSEUDO_NEGATIVE,26.224456286089076,93.51592421693964,,block_52_187,0
neg_6642,PSEUDO_NEGATIVE,29.054031068070877,95.64510363647477,,block_58_191,0
neg_6643,PSEUDO_NEGATIVE,25.788298792743483,92.80158849970199,,block_51_185,0
neg_6644,PSEUDO_NEGATIVE,28.624319799676304,93.73753981259296,,block_57_187,0
neg_6645,PSEUDO_NEGATIVE,24.485770064449362,92.95318127614719,,block_48_185,0
neg_6646,PSEUDO_NEGATIVE,26.575874182815713,92.58415585426987,,block_53_185,0
neg_6647,PSEUDO_NEGATIVE,27.947846087898313,94.735835448753,,block_55_189,0
neg_6648,PSEUDO_NEGATIVE,28.373755469960127,94.36755840762928,,block_56_188,0
neg_6649,PSEUDO_NEGATIVE,26.453913084200963,91.24805159148147,,block_52_182,0
neg_6650,PSEUDO_NEGATIVE,26.946716317275964,93.22200822595518,,block_53_186,0
neg_6651,PSEUDO_NEGATIVE,25.62063918358715,92.2868474034334,,block_51_184,0
neg_6652,PSEUDO_NEGATIVE,23.618465981378595,91.50455070806605,,block_47_183,0
neg_6653,PSEUDO_NEGATIVE,24.49518068255565,92.97676802559482,,block_48_185,0
neg_6654,PSEUDO_NEGATIVE,28.683340230350503,95.38443241927564,,block_57_190,0
neg_6655,PSEUDO_NEGATIVE,25.820790006195118,94.6739945223877,,block_51_189,0
neg_6656,PSEUDO_NEGATIVE,26.90097507669475,93.52937604937667,,block_53_187,0
neg_6657,PSEUDO_NEGATIVE,27.04664956218339,94.69549753910778,,block_54_189,0
neg_6658,PSEUDO_NEGATIVE,27.741765479207054,92.18122916519353,,block_55_184,0
neg_6659,PSEUDO_NEGATIVE,26.653385744211214,90.5416534339977,,block_53_181,0
neg_6660,PSEUDO_NEGATIVE,28.197740204889385,96.19388405615094,,block_56_192,0
neg_6661,PSEUDO_NEGATIVE,27.768379646214456,95.98181581273815,,block_55_191,0
neg_6662,PSEUDO_NEGATIVE,28.48089149136532,93.76134209234269,,block_56_187,0
neg_6663,PSEUDO_NEGATIVE,26.8982117825736,94.16013646487652,,block_53_188,0
neg_6664,PSEUDO_NEGATIVE,26.953562880936467,95.19007455431543,,block_53_190,0
neg_6665,PSEUDO_NEGATIVE,27.49921998542445,96.67424030578013,,block_54_193,0
neg_6666,PSEUDO_NEGATIVE,26.223652657258445,92.72933735146316,,block_52_185,0
neg_6667,PSEUDO_NEGATIVE,24.110680068664468,93.8607727422085,,block_48_187,0
neg_6668,PSEUDO_NEGATIVE,28.10249290232135,93.08007599993599,,block_56_186,0
neg_6669,PSEUDO_NEGATIVE,26.197607719322235,92.63423632057966,,block_52_185,0
neg_6670,PSEUDO_NEGATIVE,27.610852643056546,92.38764280016144,,block_55_184,0
neg_6671,PSEUDO_NEGATIVE,25.984571044526838,92.43187855551278,,block_51_184,0
neg_6672,PSEUDO_NEGATIVE,24.273139618468125,93.50451255381138,,block_48_187,0
neg_6673,PSEUDO_NEGATIVE,26.786042825873874,93.15769153937127,,block_53_186,0
neg_6674,PSEUDO_NEGATIVE,26.75557122386637,95.46516459626059,,block_53_190,0
neg_6675,PSEUDO_NEGATIVE,27.562658730656487,93.13977576891439,,block_55_186,0
neg_6676,PSEUDO_NEGATIVE,26.427727870975612,92.9001707179977,,block_52_185,0
neg_6677,PSEUDO_NEGATIVE,29.158230490498816,94.76880351165282,,block_58_189,0
neg_6678,PSEUDO_NEGATIVE,27.017816572194103,93.23574160630548,,block_54_186,0
neg_6679,PSEUDO_NEGATIVE,28.988386155110128,94.35899602244847,,block_57_188,0
neg_6680,PSEUDO_NEGATIVE,26.275765812500776,91.06447857651636,,block_52_182,0
neg_6681,PSEUDO_NEGATIVE,28.351333638751406,95.53427357597026,,block_56_191,0
neg_6682,PSEUDO_NEGATIVE,25.011013622041702,94.56080803520429,,block_50_189,0
neg_6683,PSEUDO_NEGATIVE,24.862788246284826,92.63430122925968,,block_49_185,0
neg_6684,PSEUDO_NEGATIVE,26.79452251304415,93.52757804774907,,block_53_187,0
neg_6685,PSEUDO_NEGATIVE,27.612193066988453,96.83308231205926,,block_55_193,0
neg_6686,PSEUDO_NEGATIVE,27.65179198158768,94.50558994864234,,block_55_189,0
neg_6687,PSEUDO_NEGATIVE,28.298916083308693,97.02244869885585,,block_56_194,0
neg_6688,PSEUDO_NEGATIVE,27.60556299766436,92.80882155783657,,block_55_185,0
neg_6689,PSEUDO_NEGATIVE,26.202760831882536,91.48289980843822,,block_52_182,0
neg_6690,PSEUDO_NEGATIVE,27.5403861377968,94.87179456438481,,block_55_189,0
neg_6691,PSEUDO_NEGATIVE,24.539415113435297,94.35996351963652,,block_49_188,0
neg_6692,PSEUDO_NEGATIVE,26.715723081454303,92.214331161281,,block_53_184,0
neg_6693,PSEUDO_NEGATIVE,27.718013124602013,92.22013970613425,,block_55_184,0
neg_6694,PSEUDO_NEGATIVE,27.47574567066586,96.66656992974148,,block_54_193,0
neg_6695,PSEUDO_NEGATIVE,26.703557101003046,94.09098101589827,,block_53_188,0
neg_6696,PSEUDO_NEGATIVE,28.94069826437513,95.17184133815694,,block_57_190,0
neg_6697,PSEUDO_NEGATIVE,26.029335729217873,91.7981042448886,,block_52_183,0
neg_6698,PSEUDO_NEGATIVE,25.237007123012337,94.3418368750114,,block_50_188,0
neg_6699,PSEUDO_NEGATIVE,25.56575501665332,94.06963727109557,,block_51_188,0
neg_6700,PSEUDO_NEGATIVE,26.7830789527029,93.7989490984237,,block_53_187,0
neg_6701,PSEUDO_NEGATIVE,26.554510382330314,91.62512347393493,,block_53_183,0
neg_6702,PSEUDO_NEGATIVE,26.152142414742443,92.56697502656374,,block_52_185,0
neg_6703,PSEUDO_NEGATIVE,25.33821196572832,91.44262241808141,,block_50_182,0
neg_6704,PSEUDO_NEGATIVE,23.098629908236372,93.30526020984291,,block_46_186,0
neg_6705,PSEUDO_NEGATIVE,25.647309134107953,92.98750983743247,,block_51_185,0
neg_6706,PSEUDO_NEGATIVE,27.448040958250708,95.26776634154533,,block_54_190,0
neg_6707,PSEUDO_NEGATIVE,25.88475848721481,93.55933102147269,,block_51_187,0
neg_6708,PSEUDO_NEGATIVE,26.39205292786481,93.18775721470602,,block_52_186,0
neg_6709,PSEUDO_NEGATIVE,25.51829604266299,94.56154808253649,,block_51_189,0
neg_6710,PSEUDO_NEGATIVE,24.937829214656517,93.72702746818788,,block_49_187,0
neg_6711,PSEUDO_NEGATIVE,26.85380818093711,92.15969769823624,,block_53_184,0
neg_6712,PSEUDO_NEGATIVE,26.68586916874682,94.47717633512215,,block_53_188,0
neg_6713,PSEUDO_NEGATIVE,22.612509626333193,92.95048572985704,,block_45_185,0
neg_6714,PSEUDO_NEGATIVE,23.186482797093603,91.72019733384451,,block_46_183,0
neg_6715,PSEUDO_NEGATIVE,28.19862395866326,96.21532971263363,,block_56_192,0
neg_6716,PSEUDO_NEGATIVE,25.420333749923206,93.7903605749512,,block_50_187,0
neg_6717,PSEUDO_NEGATIVE,28.74757500308823,95.9250241324969,,block_57_191,0
neg_6718,PSEUDO_NEGATIVE,28.253187013894287,93.25124195373284,,block_56_186,0
neg_6719,PSEUDO_NEGATIVE,26.212390423540917,90.41853675295629,,block_52_180,0
neg_6720,PSEUDO_NEGATIVE,26.384559416177865,91.09595105621646,,block_52_182,0
neg_6721,PSEUDO_NEGATIVE,27.878869785295944,93.59362326167872,,block_55_187,0
neg_6722,PSEUDO_NEGATIVE,27.51504175954147,96.46986908264776,,block_55_192,0
neg_6723,PSEUDO_NEGATIVE,27.184402262763673,96.90678028647402,,block_54_193,0
neg_6724,PSEUDO_NEGATIVE,25.418388599031516,91.01124042348815,,block_50_182,0
neg_6725,PSEUDO_NEGATIVE,25.72421596470478,92.67873106795867,,block_51_185,0
neg_6726,PSEUDO_NEGATIVE,25.778131312625554,92.5984439329327,,block_51_185,0
neg_6727,PSEUDO_NEGATIVE,26.297435508297507,91.63491626772087,,block_52_183,0
neg_6728,PSEUDO_NEGATIVE,24.77539916515732,93.94801127517665,,block_49_187,0
neg_6729,PSEUDO_NEGATIVE,29.09964308157178,94.66515128107115,,block_58_189,0
neg_6730,PSEUDO_NEGATIVE,28.352388865497872,96.88744022635366,,block_56_193,0
neg_6731,PSEUDO_NEGATIVE,24.27033827317508,93.73346909748949,,block_48_187,0
neg_6732,PSEUDO_NEGATIVE,25.716184720770638,90.4880745357971,,block_51_180,0
neg_6733,PSEUDO_NEGATIVE,25.460141353555613,91.54963255082629,,block_50_183,0
neg_6734,PSEUDO_NEGATIVE,27.475624338244206,93.93680210949178,,block_54_187,0
neg_6735,PSEUDO_NEGATIVE,27.740444035192706,95.24217377983466,,block_55_190,0
neg_6736,PSEUDO_NEGATIVE,24.10127969871404,92.02644895220381,,block_48_184,0
neg_6737,PSEUDO_NEGATIVE,24.220689959861268,93.90330730070389,,block_48_187,0
neg_6738,PSEUDO_NEGATIVE,27.444498776111896,94.768753082025,,block_54_189,0
neg_6739,PSEUDO_NEGATIVE,28.048834943998806,97.26696030382482,,block_56_194,0
neg_6740,PSEUDO_NEGATIVE,27.78386534293309,92.92424279173838,,block_55_185,0
neg_6741,PSEUDO_NEGATIVE,28.101356419718392,95.24143138194226,,block_56_190,0
neg_6742,PSEUDO_NEGATIVE,27.00712821388757,92.52911880407979,,block_54_185,0
neg_6743,PSEUDO_NEGATIVE,25.915289759788365,93.98505822700426,,block_51_187,0
neg_6744,PSEUDO_NEGATIVE,24.62224018085541,92.34888016602294,,block_49_184,0
neg_6745,PSEUDO_NEGATIVE,28.134072894170334,93.69172797560788,,block_56_187,0
neg_6746,PSEUDO_NEGATIVE,26.788641330147478,93.90798433254471,,block_53_187,0
neg_6747,PSEUDO_NEGATIVE,27.498074881137036,94.53277565411202,,block_54_189,0
neg_6748,PSEUDO_NEGATIVE,23.855305105090714,91.58576149458389,,block_47_183,0
neg_6749,PSEUDO_NEGATIVE,25.747211438239667,89.89671453861185,,block_51_179,0
neg_6750,PSEUDO_NEGATIVE,27.14800466079736,94.82684249128128,,block_54_189,0
neg_6751,PSEUDO_NEGATIVE,24.061334554780025,92.46099799603157,,block_48_184,0
neg_6752,PSEUDO_NEGATIVE,24.72541278590593,93.31918661404958,,block_49_186,0
neg_6753,PSEUDO_NEGATIVE,26.052586308792996,91.61276787053806,,block_52_183,0
neg_6754,PSEUDO_NEGATIVE,23.53364494890384,93.32527161673454,,block_47_186,0
neg_6755,PSEUDO_NEGATIVE,27.98916453893051,96.70805247528041,,block_55_193,0
neg_6756,PSEUDO_NEGATIVE,27.455461024837962,88.07890096832642,,block_54_176,0
neg_6757,PSEUDO_NEGATIVE,27.57002981234134,93.91105130471975,,block_55_187,0
neg_6758,PSEUDO_NEGATIVE,27.168268877019752,92.27164611161575,,block_54_184,0
neg_6759,PSEUDO_NEGATIVE,28.149354223198557,94.28101506989924,,block_56_188,0
neg_6760,PSEUDO_NEGATIVE,28.225532578525296,93.94059760315544,,block_56_187,0
neg_6761,PSEUDO_NEGATIVE,23.574115170570305,92.65743650292987,,block_47_185,0
neg_6762,PSEUDO_NEGATIVE,26.98475879954245,94.4000475324251,,block_53_188,0
neg_6763,PSEUDO_NEGATIVE,26.795294482677676,93.79402956610379,,block_53_187,0
neg_6764,PSEUDO_NEGATIVE,25.514901678588238,90.75663785368054,,block_51_181,0
neg_6765,PSEUDO_NEGATIVE,26.966479826564246,92.43789352420923,,block_53_184,0
neg_6766,PSEUDO_NEGATIVE,24.81709134320769,93.79000206866985,,block_49_187,0
neg_6767,PSEUDO_NEGATIVE,24.799557615455658,93.98983606882851,,block_49_187,0
neg_6768,PSEUDO_NEGATIVE,26.018658316244235,90.93445394534268,,block_52_181,0
neg_6769,PSEUDO_NEGATIVE,28.257549430024884,94.90596093260638,,block_56_189,0
neg_6770,PSEUDO_NEGATIVE,26.99321049013311,92.80498597262668,,block_53_185,0
neg_6771,PSEUDO_NEGATIVE,28.653675465513864,96.4477630700843,,block_57_192,0
neg_6772,PSEUDO_NEGATIVE,28.145902928637412,95.0337705310837,,block_56_190,0
neg_6773,PSEUDO_NEGATIVE,27.91493129903155,96.15747791187916,,block_55_192,0
neg_6774,PSEUDO_NEGATIVE,25.42133131641901,92.75307979023562,,block_50_185,0
neg_6775,PSEUDO_NEGATIVE,28.18740607863624,96.14382521632054,,block_56_192,0
neg_6776,PSEUDO_NEGATIVE,29.01737010735126,94.6912624984312,,block_58_189,0
neg_6777,PSEUDO_NEGATIVE,26.22291577244723,92.89163040865374,,block_52_185,0
neg_6778,PSEUDO_NEGATIVE,25.812459302043813,89.97729134703067,,block_51_179,0
neg_6779,PSEUDO_NEGATIVE,25.610848322534036,91.64228954570356,,block_51_183,0
neg_6780,PSEUDO_NEGATIVE,27.045219293394045,93.93520350474705,,block_54_187,0
neg_6781,PSEUDO_NEGATIVE,28.031574014387523,93.25489939380796,,block_56_186,0
neg_6782,PSEUDO_NEGATIVE,25.839316247936452,90.11354952141434,,block_51_180,0
neg_6783,PSEUDO_NEGATIVE,27.553125093249356,94.35785231539379,,block_55_188,0
neg_6784,PSEUDO_NEGATIVE,23.777488905479267,92.62342627180286,,block_47_185,0
neg_6785,PSEUDO_NEGATIVE,28.446387376948692,96.25458144544716,,block_56_192,0
neg_6786,PSEUDO_NEGATIVE,27.50929176733233,96.88355308648265,,block_55_193,0
neg_6787,PSEUDO_NEGATIVE,25.06021700520983,93.96620906468716,,block_50_187,0
neg_6788,PSEUDO_NEGATIVE,25.738091154034688,91.06217806332565,,block_51_182,0
neg_6789,PSEUDO_NEGATIVE,26.572406773660042,93.24261334091071,,block_53_186,0
neg_6790,PSEUDO_NEGATIVE,25.626947757586404,90.50499913361416,,block_51_181,0
neg_6791,PSEUDO_NEGATIVE,25.542826762220646,92.62440863501429,,block_51_185,0
neg_6792,PSEUDO_NEGATIVE,27.992514398259058,95.8568765948952,,block_55_191,0
neg_6793,PSEUDO_NEGATIVE,28.908278280884698,95.30195771617558,,block_57_190,0
neg_6794,PSEUDO_NEGATIVE,27.801669626581017,95.7738889339147,,block_55_191,0
neg_6795,PSEUDO_NEGATIVE,28.56291061639466,95.68913983918006,,block_57_191,0
neg_6796,PSEUDO_NEGATIVE,27.068762812771997,92.26897666905577,,block_54_184,0
neg_6797,PSEUDO_NEGATIVE,27.595036687461203,95.16200764516394,,block_55_190,0
neg_6798,PSEUDO_NEGATIVE,25.711856242149498,90.50772681730959,,block_51_181,0
neg_6799,PSEUDO_NEGATIVE,25.766687804528903,92.77718583259569,,block_51_185,0
neg_6800,PSEUDO_NEGATIVE,27.342703363935012,94.03945016152119,,block_54_188,0
neg_6801,PSEUDO_NEGATIVE,25.449222454408126,93.161610740518,,block_50_186,0
neg_6802,PSEUDO_NEGATIVE,25.63616410721883,94.88512447823716,,block_51_189,0
neg_6803,PSEUDO_NEGATIVE,29.044429884438124,95.51923253922045,,block_58_191,0
neg_6804,PSEUDO_NEGATIVE,26.7534895349661,93.36804615518834,,block_53_186,0
neg_6805,PSEUDO_NEGATIVE,27.392545920143135,94.9174187404752,,block_54_189,0
neg_6806,PSEUDO_NEGATIVE,25.64812007171388,92.85740706953628,,block_51_185,0
neg_6807,PSEUDO_NEGATIVE,24.922588796785952,92.89010969886515,,block_49_185,0
neg_6808,PSEUDO_NEGATIVE,27.637285996078234,88.36976604687226,,block_55_176,0
neg_6809,PSEUDO_NEGATIVE,25.266650086510687,91.82583922531333,,block_50_183,0
neg_6810,PSEUDO_NEGATIVE,27.623800688459262,91.92526390635288,,block_55_183,0
neg_6811,PSEUDO_NEGATIVE,29.058343547641208,94.38928168067324,,block_58_188,0
neg_6812,PSEUDO_NEGATIVE,25.531686145129825,90.82962058681295,,block_51_181,0
neg_6813,PSEUDO_NEGATIVE,24.31177853022262,92.9021780758722,,block_48_185,0
neg_6814,PSEUDO_NEGATIVE,24.448063474000705,93.93160239917144,,block_48_187,0
neg_6815,PSEUDO_NEGATIVE,28.245553616209243,93.41798571316296,,block_56_186,0
neg_6816,PSEUDO_NEGATIVE,22.28397676827262,92.88615324944294,,block_44_185,0
neg_6817,PSEUDO_NEGATIVE,27.96646750666947,94.79465080897175,,block_55_189,0
neg_6818,PSEUDO_NEGATIVE,26.249818510036125,92.5340644209723,,block_52_185,0
neg_6819,PSEUDO_NEGATIVE,28.60603118512624,93.69210393297259,,block_57_187,0
neg_6820,PSEUDO_NEGATIVE,28.94564533986769,95.65712860894745,,block_57_191,0
neg_6821,PSEUDO_NEGATIVE,25.667544862492328,90.51512410711221,,block_51_181,0
neg_6822,PSEUDO_NEGATIVE,27.728839798373706,88.76052726999107,,block_55_177,0
neg_6823,PSEUDO_NEGATIVE,25.549092303412973,91.16859830956821,,block_51_182,0
neg_6824,PSEUDO_NEGATIVE,27.124449897250475,94.22691226708662,,block_54_188,0
neg_6825,PSEUDO_NEGATIVE,28.742543694302952,94.57149930933426,,block_57_189,0
neg_6826,PSEUDO_NEGATIVE,26.538503836189214,91.68638824979946,,block_53_183,0
neg_6827,PSEUDO_NEGATIVE,25.558818187553324,90.59770752413914,,block_51_181,0
neg_6828,PSEUDO_NEGATIVE,27.753183527405604,95.96791518787506,,block_55_191,0
neg_6829,PSEUDO_NEGATIVE,25.256922551151707,91.49713188965018,,block_50_182,0
neg_6830,PSEUDO_NEGATIVE,27.60588760531713,92.34740446438921,,block_55_184,0
neg_6831,PSEUDO_NEGATIVE,28.392450765335802,94.16387825455168,,block_56_188,0
neg_6832,PSEUDO_NEGATIVE,27.789005956219725,94.92366144657503,,block_55_189,0
neg_6833,PSEUDO_NEGATIVE,26.042749409206493,92.70668976149703,,block_52_185,0
neg_6834,PSEUDO_NEGATIVE,27.63582983541418,91.94841770740973,,block_55_183,0
neg_6835,PSEUDO_NEGATIVE,26.186665099390797,94.93519735939759,,block_52_189,0
neg_6836,PSEUDO_NEGATIVE,26.00791638755088,93.10230381390468,,block_52_186,0
neg_6837,PSEUDO_NEGATIVE,27.46763708487283,95.82196424199539,,block_54_191,0
neg_6838,PSEUDO_NEGATIVE,26.467998812709503,92.805304297609,,block_52_185,0
neg_6839,PSEUDO_NEGATIVE,27.19685531903235,93.66086355654147,,block_54_187,0
neg_6840,PSEUDO_NEGATIVE,25.47532511047701,91.49827635823941,,block_50_182,0
neg_6841,PSEUDO_NEGATIVE,24.080796290117227,92.55064789525144,,block_48_185,0
neg_6842,PSEUDO_NEGATIVE,26.796664841255655,90.18469405562894,,block_53_180,0
neg_6843,PSEUDO_NEGATIVE,23.824599371358545,92.12089525034743,,block_47_184,0
neg_6844,PSEUDO_NEGATIVE,25.71759196260089,92.52408339411697,,block_51_185,0
neg_6845,PSEUDO_NEGATIVE,26.680105753948276,94.15928068699573,,block_53_188,0
neg_6846,PSEUDO_NEGATIVE,24.857473509429603,92.49636809728017,,block_49_184,0
neg_6847,PSEUDO_NEGATIVE,27.838867241112723,94.01272691416825,,block_55_188,0
neg_6848,PSEUDO_NEGATIVE,27.644487637619726,93.76042883842084,,block_55_187,0
neg_6849,PSEUDO_NEGATIVE,27.405796509154015,92.95363358105281,,block_54_185,0
neg_6850,PSEUDO_NEGATIVE,28.12392006266672,93.2068072826882,,block_56_186,0
neg_6851,PSEUDO_NEGATIVE,25.922838079462604,91.24768014415817,,block_51_182,0
neg_6852,PSEUDO_NEGATIVE,26.135386572898845,94.76722983924019,,block_52_189,0
neg_6853,PSEUDO_NEGATIVE,26.701746141011146,90.21488734864646,,block_53_180,0
neg_6854,PSEUDO_NEGATIVE,26.02999235249593,92.61059043995095,,block_52_185,0
neg_6855,PSEUDO_NEGATIVE,24.969451536474022,94.26880455949546,,block_49_188,0
neg_6856,PSEUDO_NEGATIVE,27.827893873212382,94.81217277719206,,block_55_189,0
neg_6857,PSEUDO_NEGATIVE,25.00327508923607,93.93307126074173,,block_50_187,0
neg_6858,PSEUDO_NEGATIVE,28.029685564941758,93.0599893154332,,block_56_186,0
neg_6859,PSEUDO_NEGATIVE,27.311231307236817,94.59153224867946,,block_54_189,0
neg_6860,PSEUDO_NEGATIVE,25.564343879906787,93.00807946444448,,block_51_186,0
neg_6861,PSEUDO_NEGATIVE,24.62750948485482,93.41653111663288,,block_49_186,0
neg_6862,PSEUDO_NEGATIVE,23.912249342322973,92.04391942406407,,block_47_184,0
neg_6863,PSEUDO_NEGATIVE,26.220811654108164,90.04175644450046,,block_52_180,0
neg_6864,PSEUDO_NEGATIVE,24.64778654901719,94.5062160266007,,block_49_189,0
neg_6865,PSEUDO_NEGATIVE,22.725941830977437,93.04353220293814,,block_45_186,0
neg_6866,PSEUDO_NEGATIVE,23.71045760495625,91.42469878743883,,block_47_182,0
neg_6867,PSEUDO_NEGATIVE,25.491403375468437,90.48544153415264,,block_50_180,0
neg_6868,PSEUDO_NEGATIVE,26.085566799690014,92.47251648303495,,block_52_184,0
neg_6869,PSEUDO_NEGATIVE,28.958488833490147,94.64498111762987,,block_57_189,0
neg_6870,PSEUDO_NEGATIVE,27.788322370017937,95.4455538219058,,block_55_190,0
neg_6871,PSEUDO_NEGATIVE,26.374896062452773,92.80302400909447,,block_52_185,0
neg_6872,PSEUDO_NEGATIVE,27.960282443921358,97.29588517056656,,block_55_194,0
neg_6873,PSEUDO_NEGATIVE,25.45046214522466,90.10079446614208,,block_50_180,0
neg_6874,PSEUDO_NEGATIVE,27.37834631961535,92.58507562221773,,block_54_185,0
neg_6875,PSEUDO_NEGATIVE,26.601528572265444,91.68246233718922,,block_53_183,0
neg_6876,PSEUDO_NEGATIVE,27.340196723247985,92.58082678984856,,block_54_185,0
neg_6877,PSEUDO_NEGATIVE,27.384143940934386,93.39439789272016,,block_54_186,0
neg_6878,PSEUDO_NEGATIVE,26.73365642263878,92.29133113875051,,block_53_184,0
neg_6879,PSEUDO_NEGATIVE,24.7793548163139,94.34465911533678,,block_49_188,0
neg_6880,PSEUDO_NEGATIVE,27.540345675163866,96.04703141719187,,block_55_192,0
neg_6881,PSEUDO_NEGATIVE,25.51952989102915,91.94305872147058,,block_51_183,0
neg_6882,PSEUDO_NEGATIVE,28.40852971140424,94.50366943600618,,block_56_189,0
neg_6883,PSEUDO_NEGATIVE,24.767778686680174,93.58676625019628,,block_49_187,0
neg_6884,PSEUDO_NEGATIVE,24.544654193380513,92.97958020802912,,block_49_185,0
neg_6885,PSEUDO_NEGATIVE,25.97423214234876,93.78131989319566,,block_51_187,0
neg_6886,PSEUDO_NEGATIVE,26.45769512588508,89.96092949669793,,block_52_179,0
neg_6887,PSEUDO_NEGATIVE,22.293643586429642,93.18534180480154,,block_44_186,0
neg_6888,PSEUDO_NEGATIVE,24.307918909922492,93.48771052565566,,block_48_186,0
neg_6889,PSEUDO_NEGATIVE,27.02095489357008,92.09233522280105,,block_54_184,0
neg_6890,PSEUDO_NEGATIVE,28.280039626944827,95.72888939590817,,block_56_191,0
neg_6891,PSEUDO_NEGATIVE,28.657656937791174,95.57029408129134,,block_57_191,0
neg_6892,PSEUDO_NEGATIVE,26.330846328876742,95.12248127650957,,block_52_190,0
neg_6893,PSEUDO_NEGATIVE,28.46918496188985,93.260550841655,,block_56_186,0
neg_6894,PSEUDO_NEGATIVE,26.051897754442162,94.99635753176284,,block_52_189,0
neg_6895,PSEUDO_NEGATIVE,25.91502014034357,91.95776256221474,,block_51_183,0
neg_6896,PSEUDO_NEGATIVE,23.826506369401848,92.29917147961929,,block_47_184,0
neg_6897,PSEUDO_NEGATIVE,27.423370113666813,95.83662848094333,,block_54_191,0
neg_6898,PSEUDO_NEGATIVE,27.82839313382794,95.3192456247073,,block_55_190,0
neg_6899,PSEUDO_NEGATIVE,25.069578976928945,93.90672966036769,,block_50_187,0
neg_6900,PSEUDO_NEGATIVE,28.37954100327116,94.05284659640907,,block_56_188,0
neg_6901,PSEUDO_NEGATIVE,27.79792862762185,94.88011400493006,,block_55_189,0
neg_6902,PSEUDO_NEGATIVE,28.980710048569687,95.59545658349997,,block_57_191,0
neg_6903,PSEUDO_NEGATIVE,27.84111542751732,92.67264562599149,,block_55_185,0
neg_6904,PSEUDO_NEGATIVE,28.8105460659268,95.23132753353373,,block_57_190,0
neg_6905,PSEUDO_NEGATIVE,26.82506509695677,95.16199444780614,,block_53_190,0
neg_6906,PSEUDO_NEGATIVE,25.813798333455686,90.4841304119743,,block_51_180,0
neg_6907,PSEUDO_NEGATIVE,27.679133212858567,88.32028067432667,,block_55_176,0
neg_6908,PSEUDO_NEGATIVE,27.338023551839086,96.52974091342055,,block_54_193,0
neg_6909,PSEUDO_NEGATIVE,26.27583735732521,91.28693210523579,,block_52_182,0
neg_6910,PSEUDO_NEGATIVE,26.038015530112226,91.07968713946435,,block_52_182,0
neg_6911,PSEUDO_NEGATIVE,28.22451627277398,96.13248889587442,,block_56_192,0
neg_6912,PSEUDO_NEGATIVE,26.007466036153346,93.26228496861184,,block_52_186,0
neg_6913,PSEUDO_NEGATIVE,27.981606937053954,93.82069758257379,,block_55_187,0
neg_6914,PSEUDO_NEGATIVE,24.043554501886216,92.98673531719142,,block_48_185,0
neg_6915,PSEUDO_NEGATIVE,26.72297448417337,95.39881403667096,,block_53_190,0
neg_6916,PSEUDO_NEGATIVE,26.43432738929544,93.5828027099861,,block_52_187,0
neg_6917,PSEUDO_NEGATIVE,28.30995536353749,96.56057457266803,,block_56_193,0
neg_6918,PSEUDO_NEGATIVE,24.870753395961888,93.04149314016757,,block_49_186,0
neg_6919,PSEUDO_NEGATIVE,24.932740694811365,92.67767871434177,,block_49_185,0
neg_6920,PSEUDO_NEGATIVE,24.64038677956259,93.83476434171821,,block_49_187,0
neg_6921,PSEUDO_NEGATIVE,24.576684146366688,93.63555101475247,,block_49_187,0
neg_6922,PSEUDO_NEGATIVE,23.27564118953476,91.58325727457542,,block_46_183,0
neg_6923,PSEUDO_NEGATIVE,25.901343084318814,91.68554978004786,,block_51_183,0
neg_6924,PSEUDO_NEGATIVE,26.06986955946027,90.19675124136079,,block_52_180,0
neg_6925,PSEUDO_NEGATIVE,29.04761641662207,94.1965437376206,,block_58_188,0
neg_6926,PSEUDO_NEGATIVE,28.09574928604432,96.89466149789239,,block_56_193,0
neg_6927,PSEUDO_NEGATIVE,25.751342956724944,92.4633204368055,,block_51_184,0
neg_6928,PSEUDO_NEGATIVE,24.157992577039078,92.28866081530961,,block_48_184,0
neg_6929,PSEUDO_NEGATIVE,28.211337745115532,95.41396210044252,,block_56_190,0
neg_6930,PSEUDO_NEGATIVE,27.703773374035986,88.71574428033388,,block_55_177,0
neg_6931,PSEUDO_NEGATIVE,24.531456184156504,93.13508234774005,,block_49_186,0
neg_6932,PSEUDO_NEGATIVE,26.963730612376356,92.91307979746232,,block_53_185,0
neg_6933,PSEUDO_NEGATIVE,29.102542429348723,95.65093688197152,,block_58_191,0
neg_6934,PSEUDO_NEGATIVE,27.191254791462715,94.39956568225055,,block_54_188,0
neg_6935,PSEUDO_NEGATIVE,25.52271452211786,93.40223871400605,,block_51_186,0
neg_6936,PSEUDO_NEGATIVE,25.586797130720733,93.37433134774952,,block_51_186,0
neg_6937,PSEUDO_NEGATIVE,25.751571867066637,90.28340823772011,,block_51_180,0
neg_6938,PSEUDO_NEGATIVE,26.439634096648952,90.45058914972232,,block_52_180,0
neg_6939,PSEUDO_NEGATIVE,24.280533964874245,93.49926214397158,,block_48_186,0
neg_6940,PSEUDO_NEGATIVE,25.805426613109134,92.06071124692858,,block_51_184,0
neg_6941,PSEUDO_NEGATIVE,27.77711997823546,94.30591405513383,,block_55_188,0
neg_6942,PSEUDO_NEGATIVE,24.565343990149266,92.45592616604465,,block_49_184,0
neg_6943,PSEUDO_NEGATIVE,24.744974157680648,94.03812414377963,,block_49_188,0
neg_6944,PSEUDO_NEGATIVE,28.414350426557302,94.12416566294385,,block_56_188,0
neg_6945,PSEUDO_NEGATIVE,25.966747146509842,90.26769131132271,,block_51_180,0
neg_6946,PSEUDO_NEGATIVE,28.953193394339774,95.40383897371788,,block_57_190,0
neg_6947,PSEUDO_NEGATIVE,22.535694354576204,92.82450409759907,,block_45_185,0
neg_6948,PSEUDO_NEGATIVE,26.55962391878672,91.04537835089084,,block_53_182,0
neg_6949,PSEUDO_NEGATIVE,27.93292577119915,95.15771035576901,,block_55_190,0
neg_6950,PSEUDO_NEGATIVE,27.74339273512165,95.92860835842816,,block_55_191,0
neg_6951,PSEUDO_NEGATIVE,24.53507302814039,93.77700033576498,,block_49_187,0
neg_6952,PSEUDO_NEGATIVE,27.229147141582292,92.08156956621676,,block_54_184,0
neg_6953,PSEUDO_NEGATIVE,25.09115944176597,94.74154255736016,,block_50_189,0
neg_6954,PSEUDO_NEGATIVE,23.088567636205486,91.39063556855591,,block_46_182,0
neg_6955,PSEUDO_NEGATIVE,24.636000723146786,92.34749197458206,,block_49_184,0
neg_6956,PSEUDO_NEGATIVE,26.255750279759255,91.45245740439348,,block_52_182,0
neg_6957,PSEUDO_NEGATIVE,26.63230421679855,92.30915104553446,,block_53_184,0
neg_6958,PSEUDO_NEGATIVE,28.058159022774294,94.32801216349624,,block_56_188,0
neg_6959,PSEUDO_NEGATIVE,26.59624591694552,91.1314178865795,,block_53_182,0
neg_6960,PSEUDO_NEGATIVE,24.53762933515623,92.26820325365172,,block_49_184,0
neg_6961,PSEUDO_NEGATIVE,27.677244698175855,94.57838899997529,,block_55_189,0
neg_6962,PSEUDO_NEGATIVE,25.82035125305427,91.35051112464552,,block_51_182,0
neg_6963,PSEUDO_NEGATIVE,24.092893033367577,92.76091687789521,,block_48_185,0
neg_6964,PSEUDO_NEGATIVE,24.57498634517269,92.60775911390421,,block_49_185,0
neg_6965,PSEUDO_NEGATIVE,29.14169507360122,94.80331891026859,,block_58_189,0
neg_6966,PSEUDO_NEGATIVE,27.591064625559312,92.4200244408761,,block_55_184,0
neg_6967,PSEUDO_NEGATIVE,26.431970219994977,90.10991888107466,,block_52_180,0
neg_6968,PSEUDO_NEGATIVE,23.351826503612227,93.22157711936416,,block_46_186,0
neg_6969,PSEUDO_NEGATIVE,26.031061924623174,92.14155249328297,,block_52_184,0
neg_6970,PSEUDO_NEGATIVE,27.060354746486272,94.00535155920501,,block_54_188,0
neg_6971,PSEUDO_NEGATIVE,23.257446250413725,93.04528778348882,,block_46_186,0
neg_6972,PSEUDO_NEGATIVE,25.050359417813297,94.39648065851522,,block_50_188,0
neg_6973,PSEUDO_NEGATIVE,28.150610336619188,93.28872454936484,,block_56_186,0
neg_6974,PSEUDO_NEGATIVE,24.472952781961176,92.268262007013,,block_48_184,0
neg_6975,PSEUDO_NEGATIVE,25.46665670962262,94.00510380353802,,block_50_188,0
neg_6976,PSEUDO_NEGATIVE,23.12847532919064,91.58097310857482,,block_46_183,0
neg_6977,PSEUDO_NEGATIVE,28.5840334906008,96.26111639010549,,block_57_192,0
neg_6978,PSEUDO_NEGATIVE,26.581060657344494,92.07575397180763,,block_53_184,0
neg_6979,PSEUDO_NEGATIVE,27.40436748888632,88.1170376876593,,block_54_176,0
neg_6980,PSEUDO_NEGATIVE,27.188557933726823,92.104291178712,,block_54_184,0
neg_6981,PSEUDO_NEGATIVE,26.22822539465793,93.7030092740236,,block_52_187,0
neg_6982,PSEUDO_NEGATIVE,23.55166852381752,92.93133355629877,,block_47_185,0
neg_6983,PSEUDO_NEGATIVE,26.67024246691143,90.72968522669689,,block_53_181,0
neg_6984,PSEUDO_NEGATIVE,25.396935570790113,91.65449795057232,,block_50_183,0
neg_6985,PSEUDO_NEGATIVE,25.8498134596646,91.72666023013518,,block_51_183,0
neg_6986,PSEUDO_NEGATIVE,25.34343002737792,91.13242157936874,,block_50_182,0
neg_6987,PSEUDO_NEGATIVE,22.16038012051803,92.7441255441806,,block_44_185,0
neg_6988,PSEUDO_NEGATIVE,28.093534902541755,93.68263818902692,,block_56_187,0
neg_6989,PSEUDO_NEGATIVE,28.460564166658685,95.0925415738803,,block_56_190,0
neg_6990,PSEUDO_NEGATIVE,24.215694404586245,93.78807677014731,,block_48_187,0
neg_6991,PSEUDO_NEGATIVE,26.563659771569526,91.78418776318549,,block_53_183,0
neg_6992,PSEUDO_NEGATIVE,27.592792799526645,88.73481503405522,,block_55_177,0
neg_6993,PSEUDO_NEGATIVE,26.134907363333383,93.91859430916944,,block_52_187,0
neg_6994,PSEUDO_NEGATIVE,26.064842040174717,93.73235230179752,,block_52_187,0
neg_6995,PSEUDO_NEGATIVE,26.784492943911967,95.1559153932781,,block_53_190,0
neg_6996,PSEUDO_NEGATIVE,27.650113999446873,96.41657551686822,,block_55_192,0
neg_6997,PSEUDO_NEGATIVE,23.971275260768152,94.14083670823217,,block_47_188,0
neg_6998,PSEUDO_NEGATIVE,28.533291091044507,94.7732590023524,,block_57_189,0
neg_6999,PSEUDO_NEGATIVE,27.434867518358462,93.81696908098934,,block_54_187,0
neg_7000,PSEUDO_NEGATIVE,26.955774097158525,94.61793208923996,,block_53_189,0
neg_7001,PSEUDO_NEGATIVE,27.026203155692063,92.50447029109988,,block_54_185,0
neg_7002,PSEUDO_NEGATIVE,26.470705858090298,91.77446972536605,,block_52_183,0
neg_7003,PSEUDO_NEGATIVE,23.56572576727976,91.89763228441615,,block_47_183,0
neg_7004,PSEUDO_NEGATIVE,27.138805723682026,94.5739953682123,,block_54_189,0
neg_7005,PSEUDO_NEGATIVE,24.488346925454604,93.63719838056683,,block_48_187,0
neg_7006,PSEUDO_NEGATIVE,27.40163003968864,88.12324810746424,,block_54_176,0
neg_7007,PSEUDO_NEGATIVE,24.052132694270924,93.91356833576113,,block_48_187,0
neg_7008,PSEUDO_NEGATIVE,28.961154818096034,94.57336890993254,,block_57_189,0
neg_7009,PSEUDO_NEGATIVE,28.151196908691457,95.568367078871,,block_56_191,0
neg_7010,PSEUDO_NEGATIVE,24.941248190493962,94.12262481131965,,block_49_188,0
neg_7011,PSEUDO_NEGATIVE,27.930520592474878,96.9024861779658,,block_55_193,0
neg_7012,PSEUDO_NEGATIVE,27.746097461281085,91.6641479965712,,block_55_183,0
neg_7013,PSEUDO_NEGATIVE,27.823012574236216,93.04683071648907,,block_55_186,0
neg_7014,PSEUDO_NEGATIVE,26.50136838042697,92.58923969429024,,block_53_185,0
neg_7015,PSEUDO_NEGATIVE,28.299693283119467,93.51703656938504,,block_56_187,0
neg_7016,PSEUDO_NEGATIVE,25.465775175362698,94.10428916964169,,block_50_188,0
neg_7017,PSEUDO_NEGATIVE,26.818498806589012,92.39648921173384,,block_53_184,0
neg_7018,PSEUDO_NEGATIVE,26.779435930551287,94.1395203476477,,block_53_188,0
neg_7019,PSEUDO_NEGATIVE,24.264980632474987,93.34287368286019,,block_48_186,0
neg_7020,PSEUDO_NEGATIVE,23.775407512323287,91.34436047313382,,block_47_182,0
neg_7021,PSEUDO_NEGATIVE,26.9156110379067,94.8166651201061,,block_53_189,0
neg_7022,PSEUDO_NEGATIVE,28.161406232765884,93.59851468205773,,block_56_187,0
neg_7023,PSEUDO_NEGATIVE,27.69308626542821,93.34038532965053,,block_55_186,0
neg_7024,PSEUDO_NEGATIVE,27.311452766828303,93.60323734118936,,block_54_187,0
neg_7025,PSEUDO_NEGATIVE,25.36617588994026,93.16794206690109,,block_50_186,0
neg_7026,PSEUDO_NEGATIVE,27.87834068245757,94.02221446720652,,block_55_188,0
neg_7027,PSEUDO_NEGATIVE,26.240536308841442,90.37530605912745,,block_52_180,0
neg_7028,PSEUDO_NEGATIVE,28.478999272924074,94.35215776007448,,block_56_188,0
neg_7029,PSEUDO_NEGATIVE,26.676868815840646,89.88946278630682,,block_53_179,0
neg_7030,PSEUDO_NEGATIVE,24.065248634968054,91.64268558601,,block_48_183,0
neg_7031,PSEUDO_NEGATIVE,27.73531861347008,93.74530042252495,,block_55_187,0
neg_7032,PSEUDO_NEGATIVE,25.194596964408575,94.19567886497312,,block_50_188,0
neg_7033,PSEUDO_NEGATIVE,24.86300893457981,93.91802256138455,,block_49_187,0
neg_7034,PSEUDO_NEGATIVE,25.805048217649517,94.66700649133429,,block_51_189,0
neg_7035,PSEUDO_NEGATIVE,27.362692101159148,96.9224846725723,,block_54_193,0
neg_7036,PSEUDO_NEGATIVE,28.069555398219975,95.80069833584683,,block_56_191,0
neg_7037,PSEUDO_NEGATIVE,27.516524746390317,95.48444690677003,,block_55_190,0
neg_7038,PSEUDO_NEGATIVE,26.039895526707397,93.48171238240863,,block_52_186,0
neg_7039,PSEUDO_NEGATIVE,23.09844883812409,92.71624699763315,,block_46_185,0
neg_7040,PSEUDO_NEGATIVE,27.6252654737374,93.31673153331762,,block_55_186,0
neg_7041,PSEUDO_NEGATIVE,25.333646649207857,93.63148944848885,,block_50_187,0
neg_7042,PSEUDO_NEGATIVE,27.956102486894377,88.40688306675453,,block_55_176,0
neg_7043,PSEUDO_NEGATIVE,26.220251626621838,89.79756549682884,,block_52_179,0
neg_7044,PSEUDO_NEGATIVE,28.086063260929684,96.25744390964904,,block_56_192,0
neg_7045,PSEUDO_NEGATIVE,28.117868798535664,97.02638890115291,,block_56_194,0
neg_7046,PSEUDO_NEGATIVE,27.481649149515153,88.73650472111768,,block_54_177,0
neg_7047,PSEUDO_NEGATIVE,24.65605050960246,93.38883534241127,,block_49_186,0
neg_7048,PSEUDO_NEGATIVE,23.455361019396598,91.49393218247717,,block_46_182,0
neg_7049,PSEUDO_NEGATIVE,26.106213181769377,90.09232724091787,,block_52_180,0
neg_7050,PSEUDO_NEGATIVE,26.28021968387936,93.80250095242272,,block_52_187,0
neg_7051,PSEUDO_NEGATIVE,27.710491385596207,93.82844326999856,,block_55_187,0
neg_7052,PSEUDO_NEGATIVE,23.09573853713597,93.18217080323332,,block_46_186,0
neg_7053,PSEUDO_NEGATIVE,29.060616445945236,95.72327670805082,,block_58_191,0
neg_7054,PSEUDO_NEGATIVE,26.090334142956863,90.75466565723738,,block_52_181,0
neg_7055,PSEUDO_NEGATIVE,28.054535816843938,95.12490424193248,,block_56_190,0
neg_7056,PSEUDO_NEGATIVE,25.392270058823545,89.86076528148502,,block_50_179,0
neg_7057,PSEUDO_NEGATIVE,22.076494012058845,92.96166143869691,,block_44_185,0
neg_7058,PSEUDO_NEGATIVE,28.317175056292726,93.97806062853606,,block_56_187,0
neg_7059,PSEUDO_NEGATIVE,28.05211080239565,93.77540458058317,,block_56_187,0
neg_7060,PSEUDO_NEGATIVE,27.225703684216334,93.94995281783739,,block_54_187,0
neg_7061,PSEUDO_NEGATIVE,26.390698831659577,90.34232606733246,,block_52_180,0
neg_7062,PSEUDO_NEGATIVE,28.17594099035655,93.55160904497849,,block_56_187,0
neg_7063,PSEUDO_NEGATIVE,26.838938522369673,95.16455972421547,,block_53_190,0
neg_7064,PSEUDO_NEGATIVE,25.8993653135514,91.1061797680589,,block_51_182,0
neg_7065,PSEUDO_NEGATIVE,23.680440288727276,92.6348444391788,,block_47_185,0
neg_7066,PSEUDO_NEGATIVE,24.01309712701033,92.07703659429473,,block_48_184,0
neg_7067,PSEUDO_NEGATIVE,27.79798080658345,96.3412345697799,,block_55_192,0
neg_7068,PSEUDO_NEGATIVE,28.223572470172876,94.09950139782882,,block_56_188,0
neg_7069,PSEUDO_NEGATIVE,28.42920387253363,96.05622594011288,,block_56_192,0
neg_7070,PSEUDO_NEGATIVE,28.451634694569933,94.44035017442181,,block_56_188,0
neg_7071,PSEUDO_NEGATIVE,28.27684010228644,93.17858788561674,,block_56_186,0
neg_7072,PSEUDO_NEGATIVE,27.869269330051246,97.13367108057278,,block_55_194,0
neg_7073,PSEUDO_NEGATIVE,25.771227065018298,92.79633864586447,,block_51_185,0
neg_7074,PSEUDO_NEGATIVE,28.353249709817913,94.51654862074497,,block_56_189,0
neg_7075,PSEUDO_NEGATIVE,22.520011122772317,92.65468011259533,,block_45_185,0
neg_7076,PSEUDO_NEGATIVE,25.342719610948944,91.73220512325477,,block_50_183,0
neg_7077,PSEUDO_NEGATIVE,26.330860461060357,92.35373801119297,,block_52_184,0
neg_7078,PSEUDO_NEGATIVE,23.98735726340298,92.40421949787655,,block_47_184,0
neg_7079,PSEUDO_NEGATIVE,27.76319091630525,95.42935752364134,,block_55_190,0
neg_7080,PSEUDO_NEGATIVE,27.697722396548976,94.73584889919935,,block_55_189,0
neg_7081,PSEUDO_NEGATIVE,27.252714385074142,94.554106329395,,block_54_189,0
neg_7082,PSEUDO_NEGATIVE,25.42976217305055,93.89176772038482,,block_50_187,0
neg_7083,PSEUDO_NEGATIVE,26.175927191499692,90.0780104579257,,block_52_180,0
neg_7084,PSEUDO_NEGATIVE,25.897252031212695,94.86562644783547,,block_51_189,0
neg_7085,PSEUDO_NEGATIVE,25.522983423110674,91.6386740401887,,block_51_183,0
neg_7086,PSEUDO_NEGATIVE,27.39733660708906,93.22977115435114,,block_54_186,0
neg_7087,PSEUDO_NEGATIVE,23.934010780576738,91.88936936498874,,block_47_183,0
neg_7088,PSEUDO_NEGATIVE,27.950965622402126,93.0615987877501,,block_55_186,0
neg_7089,PSEUDO_NEGATIVE,28.82870140246815,95.4815854983414,,block_57_190,0
neg_7090,PSEUDO_NEGATIVE,24.252366189953953,92.91865804668598,,block_48_185,0
neg_7091,PSEUDO_NEGATIVE,26.33008696560035,91.83676031881217,,block_52_183,0
neg_7092,PSEUDO_NEGATIVE,28.161099883954375,96.66371859113467,,block_56_193,0
neg_7093,PSEUDO_NEGATIVE,23.74515579204932,92.11602195248933,,block_47_184,0
neg_7094,PSEUDO_NEGATIVE,24.658936890801716,93.21484420608019,,block_49_186,0
neg_7095,PSEUDO_NEGATIVE,23.537508749973146,91.25075252970915,,block_47_182,0
neg_7096,PSEUDO_NEGATIVE,29.048645292978364,94.83047257784285,,block_58_189,0
neg_7097,PSEUDO_NEGATIVE,28.912246964165675,94.15900218843974,,block_57_188,0
neg_7098,PSEUDO_NEGATIVE,24.683012906261975,92.29201103918643,,block_49_184,0
neg_7099,PSEUDO_NEGATIVE,28.18490310915598,95.55787228713916,,block_56_191,0
neg_7100,PSEUDO_NEGATIVE,24.862146881140088,92.30097445766775,,block_49_184,0
neg_7101,PSEUDO_NEGATIVE,27.163662092132412,93.88443941584816,,block_54_187,0
neg_7102,PSEUDO_NEGATIVE,28.01042449777076,96.3113849837128,,block_56_192,0
neg_7103,PSEUDO_NEGATIVE,27.96554198841338,92.82468781224458,,block_55_185,0
neg_7104,PSEUDO_NEGATIVE,27.15310714864248,92.8553921338918,,block_54_185,0
neg_7105,PSEUDO_NEGATIVE,26.48216449800184,94.25514579940321,,block_52_188,0
neg_7106,PSEUDO_NEGATIVE,25.66948230345111,91.51227373211692,,block_51_183,0
neg_7107,PSEUDO_NEGATIVE,26.33033761184969,93.3132368279112,,block_52_186,0
neg_7108,PSEUDO_NEGATIVE,25.094804923383027,93.20896162917617,,block_50_186,0
neg_7109,PSEUDO_NEGATIVE,28.236162462746975,96.64679932146016,,block_56_193,0
neg_7110,PSEUDO_NEGATIVE,26.88806769185573,94.2170666801067,,block_53_188,0
neg_7111,PSEUDO_NEGATIVE,28.1081610566869,93.61917595443549,,block_56_187,0
neg_7112,PSEUDO_NEGATIVE,26.541263819257033,93.73949771172762,,block_53_187,0
neg_7113,PSEUDO_NEGATIVE,27.489434186921727,93.29810336876815,,block_54_186,0
neg_7114,PSEUDO_NEGATIVE,26.42108192590267,93.40829932211119,,block_52_186,0
neg_7115,PSEUDO_NEGATIVE,29.247183179930634,96.32337285894772,,block_58_192,0
neg_7116,PSEUDO_NEGATIVE,24.318929626104556,93.61862830269229,,block_48_187,0
neg_7117,PSEUDO_NEGATIVE,27.34050741355361,94.402212957763,,block_54_188,0
neg_7118,PSEUDO_NEGATIVE,27.89327454691673,94.4760044739877,,block_55_188,0
neg_7119,PSEUDO_NEGATIVE,26.633152034539325,91.3606459605196,,block_53_182,0
neg_7120,PSEUDO_NEGATIVE,23.967681686398393,93.07839854021118,,block_47_186,0
neg_7121,PSEUDO_NEGATIVE,27.545277372291427,95.50632483935178,,block_55_191,0
neg_7122,PSEUDO_NEGATIVE,27.56857933289153,94.77985762066677,,block_55_189,0
neg_7123,PSEUDO_NEGATIVE,29.20309292746395,94.72689816548808,,block_58_189,0
neg_7124,PSEUDO_NEGATIVE,26.285192363909267,92.9402479852455,,block_52_185,0
neg_7125,PSEUDO_NEGATIVE,28.09822663506774,95.42354836804301,,block_56_190,0
neg_7126,PSEUDO_NEGATIVE,24.27089571958887,93.00971566373238,,block_48_186,0
neg_7127,PSEUDO_NEGATIVE,26.940307426716704,92.52630491560272,,block_53_185,0
neg_7128,PSEUDO_NEGATIVE,24.25513555568037,94.1598450966187,,block_48_188,0
neg_7129,PSEUDO_NEGATIVE,29.386206563704928,96.13360918465689,,block_58_192,0
neg_7130,PSEUDO_NEGATIVE,26.413384434925636,90.78160471028202,,block_52_181,0
neg_7131,PSEUDO_NEGATIVE,26.469957039814055,93.28399419437922,,block_52_186,0
neg_7132,PSEUDO_NEGATIVE,26.240627728718163,94.02551964014609,,block_52_188,0
neg_7133,PSEUDO_NEGATIVE,27.969777901928648,96.71339652817586,,block_55_193,0
neg_7134,PSEUDO_NEGATIVE,24.01987238985034,92.19160893069278,,block_48_184,0
neg_7135,PSEUDO_NEGATIVE,25.902715624842003,91.25662345785007,,block_51_182,0
neg_7136,PSEUDO_NEGATIVE,27.66160101411159,96.09155581108584,,block_55_192,0
neg_7137,PSEUDO_NEGATIVE,28.305505629878468,95.22332209641503,,block_56_190,0
neg_7138,PSEUDO_NEGATIVE,23.6238908654431,92.49422214823448,,block_47_184,0
neg_7139,PSEUDO_NEGATIVE,23.628438825347935,92.37578001601231,,block_47_184,0
neg_7140,PSEUDO_NEGATIVE,25.09537321430185,92.47302415927162,,block_50_184,0
neg_7141,PSEUDO_NEGATIVE,24.848554499273828,93.12573387367094,,block_49_186,0
neg_7142,PSEUDO_NEGATIVE,26.836483158359393,93.27859881580352,,block_53_186,0
neg_7143,PSEUDO_NEGATIVE,25.763016457791473,93.17295860085433,,block_51_186,0
neg_7144,PSEUDO_NEGATIVE,27.59861148101325,93.16195845674078,,block_55_186,0
neg_7145,PSEUDO_NEGATIVE,26.215436978934548,90.4944258170399,,block_52_180,0
neg_7146,PSEUDO_NEGATIVE,26.859101419811022,94.28322271450783,,block_53_188,0
neg_7147,PSEUDO_NEGATIVE,26.085835206125665,92.51710398036818,,block_52_185,0
neg_7148,PSEUDO_NEGATIVE,26.665698272857764,90.57315455880534,,block_53_181,0
neg_7149,PSEUDO_NEGATIVE,26.154400712678893,92.49738214501963,,block_52_184,0
neg_7150,PSEUDO_NEGATIVE,25.587680123403864,90.82541416423388,,block_51_181,0
neg_7151,PSEUDO_NEGATIVE,29.049793531728316,95.30902391262559,,block_58_190,0
neg_7152,PSEUDO_NEGATIVE,26.339849544971237,94.19399720264946,,block_52_188,0
neg_7153,PSEUDO_NEGATIVE,23.260820560004735,92.5726405815223,,block_46_185,0
neg_7154,PSEUDO_NEGATIVE,26.991064599926354,92.11808775570697,,block_53_184,0
neg_7155,PSEUDO_NEGATIVE,25.93766147703939,91.80410585597927,,block_51_183,0
neg_7156,PSEUDO_NEGATIVE,28.42576101254045,94.69555233642393,,block_56_189,0
neg_7157,PSEUDO_NEGATIVE,26.776439020017747,92.55226507828496,,block_53_185,0
neg_7158,PSEUDO_NEGATIVE,27.46231782189969,94.21275506455183,,block_54_188,0
neg_7159,PSEUDO_NEGATIVE,23.153690721081382,91.64398578179984,,block_46_183,0
neg_7160,PSEUDO_NEGATIVE,26.901517482901532,94.9142871532612,,block_53_189,0
neg_7161,PSEUDO_NEGATIVE,24.64583943381007,92.57138958629677,,block_49_185,0
neg_7162,PSEUDO_NEGATIVE,22.77205895247579,93.10417723388784,,block_45_186,0
neg_7163,PSEUDO_NEGATIVE,27.575066814668226,93.64714198616966,,block_55_187,0
neg_7164,PSEUDO_NEGATIVE,26.159049875822554,90.15156068581648,,block_52_180,0
neg_7165,PSEUDO_NEGATIVE,26.72280790978627,91.90939180752734,,block_53_183,0
neg_7166,PSEUDO_NEGATIVE,25.443423295060725,93.8762138646109,,block_50_187,0
neg_7167,PSEUDO_NEGATIVE,28.081220759552224,93.39249157600861,,block_56_186,0
neg_7168,PSEUDO_NEGATIVE,25.45201953042955,89.86530413592074,,block_50_179,0
neg_7169,PSEUDO_NEGATIVE,25.71547748451963,93.00002538164564,,block_51_186,0
neg_7170,PSEUDO_NEGATIVE,26.20312152866969,93.20186368895455,,block_52_186,0
neg_7171,PSEUDO_NEGATIVE,27.669503142565684,91.65509575854585,,block_55_183,0
neg_7172,PSEUDO_NEGATIVE,23.767068412971646,93.33093135636882,,block_47_186,0
neg_7173,PSEUDO_NEGATIVE,22.236581770148675,92.84732526440362,,block_44_185,0
neg_7174,PSEUDO_NEGATIVE,27.334609384436668,94.2906241157649,,block_54_188,0
neg_7175,PSEUDO_NEGATIVE,25.17492805273859,92.47261680717804,,block_50_184,0
neg_7176,PSEUDO_NEGATIVE,25.772027201033403,90.69718223850757,,block_51_181,0
neg_7177,PSEUDO_NEGATIVE,23.121809944799388,92.39640693350319,,block_46_184,0
neg_7178,PSEUDO_NEGATIVE,23.85005331257716,93.00021219335514,,block_47_186,0
neg_7179,PSEUDO_NEGATIVE,28.109506452990743,97.29862039806918,,block_56_194,0
neg_7180,PSEUDO_NEGATIVE,25.294089015095707,92.08589261628998,,block_50_184,0
neg_7181,PSEUDO_NEGATIVE,27.577118661269463,93.15102549957358,,block_55_186,0
neg_7182,PSEUDO_NEGATIVE,27.69160144473395,93.66363424675008,,block_55_187,0
neg_7183,PSEUDO_NEGATIVE,28.827642242871615,94.39529213051387,,block_57_188,0
neg_7184,PSEUDO_NEGATIVE,26.030267611951416,90.51200777921109,,block_52_181,0
neg_7185,PSEUDO_NEGATIVE,27.246319767291673,94.86669857607993,,block_54_189,0
neg_7186,PSEUDO_NEGATIVE,27.36924372132695,95.68133355741766,,block_54_191,0
neg_7187,PSEUDO_NEGATIVE,26.478919357989938,92.1182336677042,,block_52_184,0
neg_7188,PSEUDO_NEGATIVE,25.915241412662148,91.48911008557202,,block_51_182,0
neg_7189,PSEUDO_NEGATIVE,27.06265925930218,92.73219359884375,,block_54_185,0
neg_7190,PSEUDO_NEGATIVE,27.077586691264703,94.53351629038941,,block_54_189,0
neg_7191,PSEUDO_NEGATIVE,26.505147909932337,91.65537018532707,,block_53_183,0
neg_7192,PSEUDO_NEGATIVE,23.214750640008745,93.16806858885072,,block_46_186,0
neg_7193,PSEUDO_NEGATIVE,26.059872548548,92.5929779942671,,block_52_185,0
neg_7194,PSEUDO_NEGATIVE,25.203712730232827,91.89331394566187,,block_50_183,0
neg_7195,PSEUDO_NEGATIVE,27.504163855094184,95.29852591389553,,block_55_190,0
neg_7196,PSEUDO_NEGATIVE,26.74501017583526,93.34960961240945,,block_53_186,0
neg_7197,PSEUDO_NEGATIVE,25.651626559481834,91.56034070772962,,block_51_183,0
neg_7198,PSEUDO_NEGATIVE,26.649922244734228,90.94122599691764,,block_53_181,0
neg_7199,PSEUDO_NEGATIVE,27.47794102127004,93.92864247634859,,block_54_187,0
neg_7200,PSEUDO_NEGATIVE,26.692487607984663,90.51071703340052,,block_53_181,0
neg_7201,PSEUDO_NEGATIVE,23.721586363209337,91.89204666874807,,block_47_183,0
neg_7202,PSEUDO_NEGATIVE,27.598479077724818,88.39963993797338,,block_55_176,0
neg_7203,PSEUDO_NEGATIVE,26.3569239451459,93.41309687758933,,block_52_186,0
neg_7204,PSEUDO_NEGATIVE,25.977705155151117,90.4774725735424,,block_51_180,0
neg_7205,PSEUDO_NEGATIVE,25.43997343976613,91.31298942589105,,block_50_182,0
neg_7206,PSEUDO_NEGATIVE,26.19597739774923,94.77740120542387,,block_52_189,0
neg_7207,PSEUDO_NEGATIVE,27.744153133969704,96.50287516697227,,block_55_193,0
neg_7208,PSEUDO_NEGATIVE,27.495261677071227,92.8400344639273,,block_54_185,0
neg_7209,PSEUDO_NEGATIVE,26.684859728292924,92.72499175840338,,block_53_185,0
neg_7210,PSEUDO_NEGATIVE,25.411566891141067,92.03832108915681,,block_50_184,0
neg_7211,PSEUDO_NEGATIVE,28.797878534294092,96.59994379302371,,block_57_193,0
neg_7212,PSEUDO_NEGATIVE,26.523968316493107,90.41733389431616,,block_53_180,0
neg_7213,PSEUDO_NEGATIVE,27.725905946131007,94.98588298075846,,block_55_189,0
neg_7214,PSEUDO_NEGATIVE,25.17765179291146,90.81793598373952,,block_50_181,0
neg_7215,PSEUDO_NEGATIVE,24.913777663385098,93.97349429103939,,block_49_187,0
neg_7216,PSEUDO_NEGATIVE,26.917042129959647,94.68954138450927,,block_53_189,0
neg_7217,PSEUDO_NEGATIVE,25.780404416183224,92.59757802693274,,block_51_185,0
neg_7218,PSEUDO_NEGATIVE,26.938986012390696,93.09656756284954,,block_53_186,0
neg_7219,PSEUDO_NEGATIVE,23.594934419515322,92.52027959092324,,block_47_185,0
neg_7220,PSEUDO_NEGATIVE,27.830991690282588,96.49353143383327,,block_55_192,0
neg_7221,PSEUDO_NEGATIVE,25.652967842496967,91.46933290914525,,block_51_182,0
neg_7222,PSEUDO_NEGATIVE,25.99641215200744,91.96247074296836,,block_51_183,0
neg_7223,PSEUDO_NEGATIVE,26.79531889528898,90.52042165619157,,block_53_181,0
neg_7224,PSEUDO_NEGATIVE,26.523766503605206,90.24409529609682,,block_53_180,0
neg_7225,PSEUDO_NEGATIVE,26.292023186742057,90.68061736916951,,block_52_181,0
neg_7226,PSEUDO_NEGATIVE,26.780309402426667,91.65576985373805,,block_53_183,0
neg_7227,PSEUDO_NEGATIVE,25.725651395730488,91.48304949614254,,block_51_182,0
neg_7228,PSEUDO_NEGATIVE,27.769661028477145,92.33272182708865,,block_55_184,0
neg_7229,PSEUDO_NEGATIVE,25.973551966916524,93.99911672029664,,block_51_187,0
neg_7230,PSEUDO_NEGATIVE,29.12835203306679,94.95462580345826,,block_58_189,0
neg_7231,PSEUDO_NEGATIVE,27.90352455902491,95.7665043019558,,block_55_191,0
neg_7232,PSEUDO_NEGATIVE,25.55177056458496,90.94737397829418,,block_51_181,0
neg_7233,PSEUDO_NEGATIVE,28.354799046269566,96.68803968903892,,block_56_193,0
neg_7234,PSEUDO_NEGATIVE,27.59633679689473,92.08218366008072,,block_55_184,0
neg_7235,PSEUDO_NEGATIVE,24.280412812681764,92.0492602442181,,block_48_184,0
neg_7236,PSEUDO_NEGATIVE,26.684001181254068,91.83578801521527,,block_53_183,0
neg_7237,PSEUDO_NEGATIVE,26.299378075583196,92.85048068351156,,block_52_185,0
neg_7238,PSEUDO_NEGATIVE,24.972595442180236,94.19709590422913,,block_49_188,0
neg_7239,PSEUDO_NEGATIVE,25.183021334233807,90.35318905765527,,block_50_180,0
neg_7240,PSEUDO_NEGATIVE,26.39510543116463,91.59124261290681,,block_52_183,0
neg_7241,PSEUDO_NEGATIVE,28.187772657241027,93.33722201566484,,block_56_186,0
neg_7242,PSEUDO_NEGATIVE,27.676325663609287,94.24502436697342,,block_55_188,0
neg_7243,PSEUDO_NEGATIVE,27.78086693755223,88.51202383862385,,block_55_177,0
neg_7244,PSEUDO_NEGATIVE,27.280551822435484,95.30471107754215,,block_54_190,0
neg_7245,PSEUDO_NEGATIVE,24.698617332305304,93.88808346291546,,block_49_187,0
neg_7246,PSEUDO_NEGATIVE,24.10598133694896,93.24072499274683,,block_48_186,0
neg_7247,PSEUDO_NEGATIVE,28.691775049422567,95.83763904934966,,block_57_191,0
neg_7248,PSEUDO_NEGATIVE,28.327041372279975,95.61510622602644,,block_56_191,0
neg_7249,PSEUDO_NEGATIVE,24.093027373834186,92.66898637920386,,block_48_185,0
neg_7250,PSEUDO_NEGATIVE,28.24842538245375,93.88731102953795,,block_56_187,0
neg_7251,PSEUDO_NEGATIVE,25.63493548501353,90.05649690557634,,block_51_180,0
neg_7252,PSEUDO_NEGATIVE,26.374638823718474,90.39949608301866,,block_52_180,0
neg_7253,PSEUDO_NEGATIVE,27.88288275493747,94.03986974034277,,block_55_188,0
neg_7254,PSEUDO_NEGATIVE,28.586816234833748,93.4540892214325,,block_57_186,0
neg_7255,PSEUDO_NEGATIVE,25.442139093844148,92.62499552240196,,block_50_185,0
neg_7256,PSEUDO_NEGATIVE,26.802762724511304,94.68038923258155,,block_53_189,0
neg_7257,PSEUDO_NEGATIVE,27.536530085669643,96.64720548627045,,block_55_193,0
neg_7258,PSEUDO_NEGATIVE,25.139719193150498,93.39005109191827,,block_50_186,0
neg_7259,PSEUDO_NEGATIVE,26.728015221242305,94.99690008452882,,block_53_189,0
neg_7260,PSEUDO_NEGATIVE,25.267777269726434,92.58143773607341,,block_50_185,0
neg_7261,PSEUDO_NEGATIVE,27.19981781778545,93.72433480386786,,block_54_187,0
neg_7262,PSEUDO_NEGATIVE,28.648817931100023,95.92248497464692,,block_57_191,0
neg_7263,PSEUDO_NEGATIVE,26.205884453451667,93.02610341436812,,block_52_186,0
neg_7264,PSEUDO_NEGATIVE,28.004953663937055,93.45811179398628,,block_56_186,0
neg_7265,PSEUDO_NEGATIVE,27.44538363537352,93.39621616998906,,block_54_186,0
neg_7266,PSEUDO_NEGATIVE,27.350029038141997,92.30112438776605,,block_54_184,0
neg_7267,PSEUDO_NEGATIVE,28.273519782855914,95.63115903407487,,block_56_191,0
neg_7268,PSEUDO_NEGATIVE,27.913529275752538,96.70743753661853,,block_55_193,0
neg_7269,PSEUDO_NEGATIVE,26.43827579780955,92.15777089624044,,block_52_184,0
neg_7270,PSEUDO_NEGATIVE,25.56623350103163,94.50353970419272,,block_51_189,0
neg_7271,PSEUDO_NEGATIVE,27.921424219932277,93.89059286985874,,block_55_187,0
neg_7272,PSEUDO_NEGATIVE,25.453958930594432,90.65575615687216,,block_50_181,0
neg_7273,PSEUDO_NEGATIVE,25.31086033580228,92.19951389067853,,block_50_184,0
neg_7274,PSEUDO_NEGATIVE,26.800290523655363,93.11946770179449,,block_53_186,0
neg_7275,PSEUDO_NEGATIVE,27.97177027745137,92.7744254569538,,block_55_185,0
neg_7276,PSEUDO_NEGATIVE,27.613961874074114,95.6795045010693,,block_55_191,0
neg_7277,PSEUDO_NEGATIVE,22.319214110759738,92.9126527596437,,block_44_185,0
neg_7278,PSEUDO_NEGATIVE,27.18173747293305,93.65142530327141,,block_54_187,0
neg_7279,PSEUDO_NEGATIVE,26.647363118815374,93.29182915963514,,block_53_186,0
neg_7280,PSEUDO_NEGATIVE,25.351385519081347,93.9987529719767,,block_50_187,0
neg_7281,PSEUDO_NEGATIVE,27.543479006120577,92.58710978452883,,block_55_185,0
neg_7282,PSEUDO_NEGATIVE,25.916076472382443,90.97224969111403,,block_51_181,0
neg_7283,PSEUDO_NEGATIVE,26.351649955408273,90.25231715297203,,block_52_180,0
neg_7284,PSEUDO_NEGATIVE,23.43550194212014,91.51239633713291,,block_46_183,0
neg_7285,PSEUDO_NEGATIVE,26.6966660297595,95.32590998653058,,block_53_190,0
neg_7286,PSEUDO_NEGATIVE,27.770067877901006,97.0611306688074,,block_55_194,0
neg_7287,PSEUDO_NEGATIVE,26.60969469087076,92.80162281224032,,block_53_185,0
neg_7288,PSEUDO_NEGATIVE,25.81944211263003,93.71747019419834,,block_51_187,0
neg_7289,PSEUDO_NEGATIVE,26.71833672436403,92.45260851708403,,block_53_184,0
neg_7290,PSEUDO_NEGATIVE,25.566809863100726,94.64335384080985,,block_51_189,0
neg_7291,PSEUDO_NEGATIVE,24.486015593765273,93.5178598620366,,block_48_187,0
neg_7292,PSEUDO_NEGATIVE,24.192877033871273,93.82517138882709,,block_48_187,0
neg_7293,PSEUDO_NEGATIVE,25.29305840673336,90.7688546364155,,block_50_181,0
neg_7294,PSEUDO_NEGATIVE,28.00664738721964,95.96375602278,,block_56_191,0
neg_7295,PSEUDO_NEGATIVE,28.0337024225707,94.12206978716338,,block_56_188,0
neg_7296,PSEUDO_NEGATIVE,26.652426570102527,94.37943510942839,,block_53_188,0
neg_7297,PSEUDO_NEGATIVE,23.987766029377877,93.48940900720197,,block_47_186,0
neg_7298,PSEUDO_NEGATIVE,26.46797990355289,90.42046327879748,,block_52_180,0
neg_7299,PSEUDO_NEGATIVE,26.81804795064521,91.40629914744031,,block_53_182,0
neg_7300,PSEUDO_NEGATIVE,28.45741817448038,93.71079193642007,,block_56_187,0
neg_7301,PSEUDO_NEGATIVE,27.746686488794513,96.55507002223636,,block_55_193,0
neg_7302,PSEUDO_NEGATIVE,26.235952844310823,92.63945318781856,,block_52_185,0
neg_7303,PSEUDO_NEGATIVE,25.48984795711116,93.76163086979778,,block_50_187,0
neg_7304,PSEUDO_NEGATIVE,27.633366135730736,96.06757166927918,,block_55_192,0
neg_7305,PSEUDO_NEGATIVE,27.368438549662926,94.7525576824271,,block_54_189,0
neg_7306,PSEUDO_NEGATIVE,26.715970159821396,95.25137486132238,,block_53_190,0
neg_7307,PSEUDO_NEGATIVE,27.159632568159132,93.40040663022285,,block_54_186,0
neg_7308,PSEUDO_NEGATIVE,28.227875972250303,93.17574611275231,,block_56_186,0
neg_7309,PSEUDO_NEGATIVE,23.21628175518775,93.03993135627324,,block_46_186,0
neg_7310,PSEUDO_NEGATIVE,22.88930592644201,92.58915278044894,,block_45_185,0
neg_7311,PSEUDO_NEGATIVE,26.783533631002875,94.05225749273555,,block_53_188,0
neg_7312,PSEUDO_NEGATIVE,26.91405365807185,94.03145595139685,,block_53_188,0
neg_7313,PSEUDO_NEGATIVE,27.81169803803462,96.84914211813762,,block_55_193,0
neg_7314,PSEUDO_NEGATIVE,26.543792251172945,90.60874020328183,,block_53_181,0
neg_7315,PSEUDO_NEGATIVE,25.26513512450728,90.9345480205074,,block_50_181,0
neg_7316,PSEUDO_NEGATIVE,24.515803211053022,93.51047435861635,,block_49_187,0
neg_7317,PSEUDO_NEGATIVE,25.985789454999747,90.1802141100982,,block_51_180,0
neg_7318,PSEUDO_NEGATIVE,28.884894442850488,95.08283006974473,,block_57_190,0
neg_7319,PSEUDO_NEGATIVE,26.855899143963946,93.67453137804513,,block_53_187,0
neg_7320,PSEUDO_NEGATIVE,24.34905582281141,92.23441639586788,,block_48_184,0
neg_7321,PSEUDO_NEGATIVE,26.555997578656328,90.68143100552759,,block_53_181,0
neg_7322,PSEUDO_NEGATIVE,25.836751537788263,93.49397678290352,,block_51_186,0
neg_7323,PSEUDO_NEGATIVE,23.20641981240309,92.8771596535452,,block_46_185,0
neg_7324,PSEUDO_NEGATIVE,27.245848149744088,93.57778683582835,,block_54_187,0
neg_7325,PSEUDO_NEGATIVE,26.193257980221492,89.9888474588589,,block_52_179,0
neg_7326,PSEUDO_NEGATIVE,27.446145760951996,92.6050259570331,,block_54_185,0
neg_7327,PSEUDO_NEGATIVE,28.328632575950333,93.4539147533893,,block_56_186,0
neg_7328,PSEUDO_NEGATIVE,28.31394105512269,95.8727330964652,,block_56_191,0
neg_7329,PSEUDO_NEGATIVE,28.194689937644224,96.46240244909413,,block_56_192,0
neg_7330,PSEUDO_NEGATIVE,27.153889707854614,94.94843497629549,,block_54_189,0
neg_7331,PSEUDO_NEGATIVE,26.830868422651,92.45190461898795,,block_53_184,0
neg_7332,PSEUDO_NEGATIVE,23.02800338739168,91.58353031372228,,block_46_183,0
neg_7333,PSEUDO_NEGATIVE,26.171518662952735,93.50400883011727,,block_52_187,0
neg_7334,PSEUDO_NEGATIVE,27.027358111589283,93.08873330108605,,block_54_186,0
neg_7335,PSEUDO_NEGATIVE,27.016002467969667,94.23249562759669,,block_54_188,0
neg_7336,PSEUDO_NEGATIVE,24.30226955843508,93.41259659383513,,block_48_186,0
neg_7337,PSEUDO_NEGATIVE,25.74666226895571,92.89869904579258,,block_51_185,0
neg_7338,PSEUDO_NEGATIVE,28.97752426271771,94.46449842267423,,block_57_188,0
neg_7339,PSEUDO_NEGATIVE,26.011438058319083,94.20742052799501,,block_52_188,0
neg_7340,PSEUDO_NEGATIVE,28.15225431296541,95.72503406651062,,block_56_191,0
neg_7341,PSEUDO_NEGATIVE,28.004305467644805,88.76817892941693,,block_56_177,0
neg_7342,PSEUDO_NEGATIVE,26.319594135100765,92.1295788937219,,block_52_184,0
neg_7343,PSEUDO_NEGATIVE,26.80747537832808,92.07856462860383,,block_53_184,0
neg_7344,PSEUDO_NEGATIVE,26.96698477626949,93.09452167140707,,block_53_186,0
neg_7345,PSEUDO_NEGATIVE,28.315008965429058,94.55022582043836,,block_56_189,0
neg_7346,PSEUDO_NEGATIVE,27.674841646862834,93.834317019398,,block_55_187,0
neg_7347,PSEUDO_NEGATIVE,24.37183729635734,93.45818707910584,,block_48_186,0
neg_7348,PSEUDO_NEGATIVE,25.32418790198617,90.48029249621956,,block_50_180,0
neg_7349,PSEUDO_NEGATIVE,27.21958100725439,93.32812403544848,,block_54_186,0
neg_7350,PSEUDO_NEGATIVE,26.96180416871005,93.71383423863746,,block_53_187,0
neg_7351,PSEUDO_NEGATIVE,26.302488759920756,92.70550119092243,,block_52_185,0
neg_7352,PSEUDO_NEGATIVE,25.95717137501459,93.58811082785027,,block_51_187,0
neg_7353,PSEUDO_NEGATIVE,26.35783713219036,91.76683990183706,,block_52_183,0
neg_7354,PSEUDO_NEGATIVE,26.011099623961275,93.66705362823878,,block_52_187,0
neg_7355,PSEUDO_NEGATIVE,27.69311544416729,95.85815257117027,,block_55_191,0
neg_7356,PSEUDO_NEGATIVE,28.121909621114124,93.32869373749604,,block_56_186,0
neg_7357,PSEUDO_NEGATIVE,26.27170459326085,92.15115646469714,,block_52_184,0
neg_7358,PSEUDO_NEGATIVE,28.014232481373686,97.33222117770283,,block_56_194,0
neg_7359,PSEUDO_NEGATIVE,23.535062965041817,92.68862577169725,,block_47_185,0
neg_7360,PSEUDO_NEGATIVE,26.30206644284472,91.32634643384395,,block_52_182,0
neg_7361,PSEUDO_NEGATIVE,24.616016204783712,93.01004194199723,,block_49_186,0
neg_7362,PSEUDO_NEGATIVE,27.92717093768003,95.22824072920784,,block_55_190,0
neg_7363,PSEUDO_NEGATIVE,27.463808159112972,88.0679195091742,,block_54_176,0
neg_7364,PSEUDO_NEGATIVE,27.535175271631832,96.2079374978944,,block_55_192,0
neg_7365,PSEUDO_NEGATIVE,26.674156247061234,90.04863679718268,,block_53_180,0
neg_7366,PSEUDO_NEGATIVE,26.815857476209644,94.73729496185794,,block_53_189,0
neg_7367,PSEUDO_NEGATIVE,27.506712211244206,92.35562076669237,,block_55_184,0
neg_7368,PSEUDO_NEGATIVE,24.265585390520517,93.37177012394457,,block_48_186,0
neg_7369,PSEUDO_NEGATIVE,28.106837403010424,96.93822560933842,,block_56_193,0
neg_7370,PSEUDO_NEGATIVE,27.52692332006915,95.46506784164478,,block_55_190,0
neg_7371,PSEUDO_NEGATIVE,27.014616429552206,92.30038215418443,,block_54_184,0
neg_7372,PSEUDO_NEGATIVE,28.336059960360657,94.05608377007069,,block_56_188,0
neg_7373,PSEUDO_NEGATIVE,27.724272993488736,92.51967449589601,,block_55_185,0
neg_7374,PSEUDO_NEGATIVE,26.085037354951794,92.09427076654985,,block_52_184,0
neg_7375,PSEUDO_NEGATIVE,24.38745393398342,94.35071253996972,,block_48_188,0
neg_7376,PSEUDO_NEGATIVE,26.64192996921743,94.90833749479661,,block_53_189,0
neg_7377,PSEUDO_NEGATIVE,28.799283008389857,94.07369691246728,,block_57_188,0
neg_7378,PSEUDO_NEGATIVE,26.68220569850623,92.2059046211091,,block_53_184,0
neg_7379,PSEUDO_NEGATIVE,28.45302542279093,94.43019405971404,,block_56_188,0
neg_7380,PSEUDO_NEGATIVE,27.480046635474295,88.16049015775306,,block_54_176,0
neg_7381,PSEUDO_NEGATIVE,25.344049038839152,93.11870326613251,,block_50_186,0
neg_7382,PSEUDO_NEGATIVE,27.75981368360871,94.75310406301736,,block_55_189,0
neg_7383,PSEUDO_NEGATIVE,24.142138896120688,92.76662460615678,,block_48_185,0
neg_7384,PSEUDO_NEGATIVE,26.12216330097351,92.3309857889351,,block_52_184,0
neg_7385,PSEUDO_NEGATIVE,25.768822061759707,93.10350858402347,,block_51_186,0
neg_7386,PSEUDO_NEGATIVE,24.77810016413358,93.28949511063324,,block_49_186,0
neg_7387,PSEUDO_NEGATIVE,26.54758394651277,94.755372459018,,block_53_189,0
neg_7388,PSEUDO_NEGATIVE,28.72414899676294,95.79031452047406,,block_57_191,0
neg_7389,PSEUDO_NEGATIVE,28.0747592229964,94.32796203213587,,block_56_188,0
neg_7390,PSEUDO_NEGATIVE,29.216213047096907,94.50857585097322,,block_58_189,0
neg_7391,PSEUDO_NEGATIVE,25.498219579501736,92.10755344723606,,block_50_184,0
neg_7392,PSEUDO_NEGATIVE,27.598468373985284,88.4061205770422,,block_55_176,0
neg_7393,PSEUDO_NEGATIVE,26.61356504732826,93.8926907285361,,block_53_187,0
neg_7394,PSEUDO_NEGATIVE,27.930840416231824,93.78592406774175,,block_55_187,0
neg_7395,PSEUDO_NEGATIVE,27.7755448573089,92.68743535317213,,block_55_185,0
neg_7396,PSEUDO_NEGATIVE,27.671858635139614,94.51788073862369,,block_55_189,0
neg_7397,PSEUDO_NEGATIVE,27.72145082946357,91.68819200349714,,block_55_183,0
neg_7398,PSEUDO_NEGATIVE,26.43849351348885,89.97926026462362,,block_52_179,0
neg_7399,PSEUDO_NEGATIVE,28.784384988160582,94.93552050325235,,block_57_189,0
neg_7400,PSEUDO_NEGATIVE,25.918915672099985,93.11729631981714,,block_51_186,0
neg_7401,PSEUDO_NEGATIVE,27.410823087412957,92.09569466676442,,block_54_184,0
neg_7402,PSEUDO_NEGATIVE,24.579059559969224,93.60354984683339,,block_49_187,0
neg_7403,PSEUDO_NEGATIVE,25.437732626016437,94.39858703848834,,block_50_188,0
neg_7404,PSEUDO_NEGATIVE,26.25463644912272,90.72200210703383,,block_52_181,0
neg_7405,PSEUDO_NEGATIVE,27.953662507949595,93.0371577877954,,block_55_186,0
neg_7406,PSEUDO_NEGATIVE,24.90261110302134,93.82121401455984,,block_49_187,0
neg_7407,PSEUDO_NEGATIVE,25.545332062900357,90.06252421072143,,block_51_180,0
neg_7408,PSEUDO_NEGATIVE,27.898679935954252,88.80199250233392,,block_55_177,0
neg_7409,PSEUDO_NEGATIVE,26.46820587122539,91.03216225416185,,block_52_182,0
neg_7410,PSEUDO_NEGATIVE,24.44644522894464,93.36832580503689,,block_48_186,0
neg_7411,PSEUDO_NEGATIVE,26.55020846060448,90.0102568224078,,block_53_180,0
neg_7412,PSEUDO_NEGATIVE,24.335494691878413,92.15867355332199,,block_48_184,0
neg_7413,PSEUDO_NEGATIVE,26.63029360028174,90.85186411144491,,block_53_181,0
neg_7414,PSEUDO_NEGATIVE,26.753077661536402,91.02533471281394,,block_53_182,0
neg_7415,PSEUDO_NEGATIVE,25.77169840413441,91.2497586971736,,block_51_182,0
neg_7416,PSEUDO_NEGATIVE,27.626892937603152,96.70411089601618,,block_55_193,0
neg_7417,PSEUDO_NEGATIVE,26.479291294799573,91.22376378412439,,block_52_182,0
neg_7418,PSEUDO_NEGATIVE,26.589727784717464,94.45534005103869,,block_53_188,0
neg_7419,PSEUDO_NEGATIVE,29.193265634178932,96.23436833547356,,block_58_192,0
neg_7420,PSEUDO_NEGATIVE,23.762349355406645,93.20454114969768,,block_47_186,0
neg_7421,PSEUDO_NEGATIVE,28.56498599443653,95.60847846193758,,block_57_191,0
neg_7422,PSEUDO_NEGATIVE,27.970293812168425,95.68367666594006,,block_55_191,0
neg_7423,PSEUDO_NEGATIVE,28.97009793326083,94.26259107043728,,block_57_188,0
neg_7424,PSEUDO_NEGATIVE,25.554505524835108,90.08100055367335,,block_51_180,0
neg_7425,PSEUDO_NEGATIVE,26.959556933503176,93.61829464949935,,block_53_187,0
neg_7426,PSEUDO_NEGATIVE,25.180551859284467,90.42945189219034,,block_50_180,0
neg_7427,PSEUDO_NEGATIVE,22.555922091274326,92.84119170494056,,block_45_185,0
neg_7428,PSEUDO_NEGATIVE,27.426222127517953,96.55148091718101,,block_54_193,0
neg_7429,PSEUDO_NEGATIVE,29.021618545009783,94.93009640052244,,block_58_189,0
neg_7430,PSEUDO_NEGATIVE,28.78780264495751,95.31725130631298,,block_57_190,0
neg_7431,PSEUDO_NEGATIVE,26.092096131910683,91.04910128313848,,block_52_182,0
neg_7432,PSEUDO_NEGATIVE,28.104610729105794,94.83631869467389,,block_56_189,0
neg_7433,PSEUDO_NEGATIVE,27.841002875525703,93.4200824579108,,block_55_186,0
neg_7434,PSEUDO_NEGATIVE,27.92921431913303,95.76772949994736,,block_55_191,0
neg_7435,PSEUDO_NEGATIVE,26.720430178605977,93.25504926197225,,block_53_186,0
neg_7436,PSEUDO_NEGATIVE,26.70646035340349,91.20085033507362,,block_53_182,0
neg_7437,PSEUDO_NEGATIVE,27.74281429319317,96.34087819757784,,block_55_192,0
neg_7438,PSEUDO_NEGATIVE,29.158394562963082,94.90204177528084,,block_58_189,0
neg_7439,PSEUDO_NEGATIVE,28.200138297558272,96.76828276154352,,block_56_193,0
neg_7440,PSEUDO_NEGATIVE,28.832770666340878,94.63122628263713,,block_57_189,0
neg_7441,PSEUDO_NEGATIVE,26.743362719515133,91.28566132111604,,block_53_182,0
neg_7442,PSEUDO_NEGATIVE,27.769440207939862,88.23244661515132,,block_55_176,0
neg_7443,PSEUDO_NEGATIVE,27.65409932880166,92.91350633394927,,block_55_185,0
neg_7444,PSEUDO_NEGATIVE,26.710671191921417,90.89815212625747,,block_53_181,0
neg_7445,PSEUDO_NEGATIVE,27.73462127399049,92.69468906892556,,block_55_185,0
neg_7446,PSEUDO_NEGATIVE,28.092507055256657,95.13834212037264,,block_56_190,0
neg_7447,PSEUDO_NEGATIVE,26.325630225668974,93.90839963400977,,block_52_187,0
neg_7448,PSEUDO_NEGATIVE,24.924532665427975,92.92088681049906,,block_49_185,0
neg_7449,PSEUDO_NEGATIVE,25.530430147316785,91.79565200420069,,block_51_183,0
neg_7450,PSEUDO_NEGATIVE,26.321600055359177,92.42690105944891,,block_52_184,0
neg_7451,PSEUDO_NEGATIVE,27.7304551128637,96.36699531459855,,block_55_192,0
neg_7452,PSEUDO_NEGATIVE,24.19503857980115,92.39232407112782,,block_48_184,0
neg_7453,PSEUDO_NEGATIVE,25.268904196993287,91.55237015774483,,block_50_183,0
neg_7454,PSEUDO_NEGATIVE,29.1760417929042,95.56811513802765,,block_58_191,0
neg_7455,PSEUDO_NEGATIVE,22.43858887018415,92.64562223781712,,block_44_185,0
neg_7456,PSEUDO_NEGATIVE,25.170108437302467,92.642909357157,,block_50_185,0
neg_7457,PSEUDO_NEGATIVE,26.130718606547347,89.90926159113712,,block_52_179,0
neg_7458,PSEUDO_NEGATIVE,27.535611085461234,88.42719218568664,,block_55_176,0
neg_7459,PSEUDO_NEGATIVE,27.117737379748878,93.34544071480789,,block_54_186,0
neg_7460,PSEUDO_NEGATIVE,28.065001673125447,96.32951217157328,,block_56_192,0
neg_7461,PSEUDO_NEGATIVE,23.335022904859237,92.70610100277548,,block_46_185,0
neg_7462,PSEUDO_NEGATIVE,25.99658673384234,90.46890639994224,,block_51_180,0
neg_7463,PSEUDO_NEGATIVE,27.82542538070354,95.04559526057722,,block_55_190,0
neg_7464,PSEUDO_NEGATIVE,25.685193737807268,93.49584562403076,,block_51_186,0
neg_7465,PSEUDO_NEGATIVE,25.40620500096854,94.05132839674364,,block_50_188,0
neg_7466,PSEUDO_NEGATIVE,27.04406368697348,94.3820771257656,,block_54_188,0
neg_7467,PSEUDO_NEGATIVE,24.12088802031042,91.81349260882963,,block_48_183,0
neg_7468,PSEUDO_NEGATIVE,27.212456245156698,93.37408724960432,,block_54_186,0
neg_7469,PSEUDO_NEGATIVE,27.780865521652583,94.58742890724295,,block_55_189,0
neg_7470,PSEUDO_NEGATIVE,27.37328439864152,92.91839406408921,,block_54_185,0
neg_7471,PSEUDO_NEGATIVE,24.563081468287223,93.47238712557396,,block_49_186,0
neg_7472,PSEUDO_NEGATIVE,23.42858699898057,92.8278151807291,,block_46_185,0
neg_7473,PSEUDO_NEGATIVE,28.552869480526134,96.28770941911058,,block_57_192,0
neg_7474,PSEUDO_NEGATIVE,26.74776705847002,94.86903277521812,,block_53_189,0
neg_7475,PSEUDO_NEGATIVE,26.09723877799355,93.88314045012078,,block_52_187,0
neg_7476,PSEUDO_NEGATIVE,25.106695595285853,93.93635409434917,,block_50_187,0
neg_7477,PSEUDO_NEGATIVE,22.819167335116518,92.83180340787344,,block_45_185,0
neg_7478,PSEUDO_NEGATIVE,28.128922778946333,95.70122835964197,,block_56_191,0
neg_7479,PSEUDO_NEGATIVE,27.779259072093268,96.50808921486535,,block_55_193,0
neg_7480,PSEUDO_NEGATIVE,23.528516946934825,92.93538685724683,,block_47_185,0
neg_7481,PSEUDO_NEGATIVE,27.656564194924517,93.49061078647519,,block_55_186,0
neg_7482,PSEUDO_NEGATIVE,26.420994583217784,93.09427006701826,,block_52_186,0
neg_7483,PSEUDO_NEGATIVE,27.274805381245283,95.2012012659375,,block_54_190,0
neg_7484,PSEUDO_NEGATIVE,26.788107464637605,92.19327328954384,,block_53_184,0
neg_7485,PSEUDO_NEGATIVE,29.081700667553022,96.04114867209337,,block_58_192,0
neg_7486,PSEUDO_NEGATIVE,25.53337932684974,94.71553068818112,,block_51_189,0
neg_7487,PSEUDO_NEGATIVE,27.99625855983486,95.25935378961222,,block_55_190,0
neg_7488,PSEUDO_NEGATIVE,24.50859470562037,94.41927823787047,,block_49_188,0
neg_7489,PSEUDO_NEGATIVE,25.636298286343372,92.84203610033504,,block_51_185,0
neg_7490,PSEUDO_NEGATIVE,28.024300277024732,94.08886447914503,,block_56_188,0
neg_7491,PSEUDO_NEGATIVE,25.228399833908707,90.52697587876122,,block_50_181,0
neg_7492,PSEUDO_NEGATIVE,27.61337722893805,96.35166150595902,,block_55_192,0
neg_7493,PSEUDO_NEGATIVE,29.15743195491875,95.01865308615143,,block_58_190,0
neg_7494,PSEUDO_NEGATIVE,29.15776896410857,94.83561535251019,,block_58_189,0
neg_7495,PSEUDO_NEGATIVE,27.45868796259002,94.38301520658017,,block_54_188,0
neg_7496,PSEUDO_NEGATIVE,28.368270047936672,94.51716945622117,,block_56_189,0
neg_7497,PSEUDO_NEGATIVE,25.29118098945142,93.99777792321913,,block_50_187,0
neg_7498,PSEUDO_NEGATIVE,25.39314171247921,90.76628743194951,,block_50_181,0
neg_7499,PSEUDO_NEGATIVE,27.156559877074315,95.42138434716787,,block_54_190,0
neg_7500,PSEUDO_NEGATIVE,27.905455778997386,93.29834793124269,,block_55_186,0
neg_7501,PSEUDO_NEGATIVE,29.11389133144866,94.58932688792423,,block_58_189,0
neg_7502,PSEUDO_NEGATIVE,25.610326388269126,92.62164226533504,,block_51_185,0
neg_7503,PSEUDO_NEGATIVE,28.71107107706362,94.94236360557176,,block_57_189,0
neg_7504,PSEUDO_NEGATIVE,25.815863063913454,90.20939632632275,,block_51_180,0
neg_7505,PSEUDO_NEGATIVE,28.056717288936127,97.18451457390076,,block_56_194,0
neg_7506,PSEUDO_NEGATIVE,27.823424831279432,94.64446502731755,,block_55_189,0
neg_7507,PSEUDO_NEGATIVE,27.904060676717624,88.17157069243727,,block_55_176,0
neg_7508,PSEUDO_NEGATIVE,28.047988071213624,93.80006329475805,,block_56_187,0
neg_7509,PSEUDO_NEGATIVE,27.949570510365657,88.27108069859926,,block_55_176,0
neg_7510,PSEUDO_NEGATIVE,27.789391234936513,93.17780660728602,,block_55_186,0
neg_7511,PSEUDO_NEGATIVE,27.760778825618097,93.08648853665005,,block_55_186,0
neg_7512,PSEUDO_NEGATIVE,27.23344064037389,93.3124253285596,,block_54_186,0
neg_7513,PSEUDO_NEGATIVE,25.159401231346127,92.32384596974302,,block_50_184,0
neg_7514,PSEUDO_NEGATIVE,23.856513233069194,91.69352803609486,,block_47_183,0
neg_7515,PSEUDO_NEGATIVE,27.20874000976748,96.92039134096568,,block_54_193,0
neg_7516,PSEUDO_NEGATIVE,27.598350893652984,95.95931228853094,,block_55_191,0
neg_7517,PSEUDO_NEGATIVE,22.67882938339089,92.73857011959551,,block_45_185,0
neg_7518,PSEUDO_NEGATIVE,27.123069410124415,95.92037271973031,,block_54_191,0
neg_7519,PSEUDO_NEGATIVE,27.44566472605409,96.77092246243684,,block_54_193,0
neg_7520,PSEUDO_NEGATIVE,28.476138443621075,94.58998983431024,,block_56_189,0
neg_7521,PSEUDO_NEGATIVE,25.43494120649771,92.38189062498685,,block_50_184,0
neg_7522,PSEUDO_NEGATIVE,26.866511684253233,92.78392823028447,,block_53_185,0
neg_7523,PSEUDO_NEGATIVE,25.990606973806248,90.43989679137076,,block_51_180,0
neg_7524,PSEUDO_NEGATIVE,27.83782794740341,93.59734775526286,,block_55_187,0
neg_7525,PSEUDO_NEGATIVE,25.622045459697027,92.01473538229861,,block_51_184,0
neg_7526,PSEUDO_NEGATIVE,27.893634676955543,93.77393506156487,,block_55_187,0
neg_7527,PSEUDO_NEGATIVE,27.646609979011078,93.61211819811923,,block_55_187,0
neg_7528,PSEUDO_NEGATIVE,22.437305573075616,93.07594553795369,,block_44_186,0
neg_7529,PSEUDO_NEGATIVE,22.329781541018104,92.84294643723588,,block_44_185,0
neg_7530,PSEUDO_NEGATIVE,26.64614490800635,90.17030019517884,,block_53_180,0
neg_7531,PSEUDO_NEGATIVE,27.288465483171873,95.86226144464408,,block_54_191,0
neg_7532,PSEUDO_NEGATIVE,28.104998746093678,94.85165241844055,,block_56_189,0
neg_7533,PSEUDO_NEGATIVE,26.5305038586246,92.99963591072392,,block_53_185,0
neg_7534,PSEUDO_NEGATIVE,28.411608570984903,95.89263874850869,,block_56_191,0
neg_7535,PSEUDO_NEGATIVE,27.29130512526039,95.10585907900177,,block_54_190,0
neg_7536,PSEUDO_NEGATIVE,27.49445532840837,93.7136549880945,,block_54_187,0
neg_7537,PSEUDO_NEGATIVE,27.957113180711215,95.26400465198128,,block_55_190,0
neg_7538,PSEUDO_NEGATIVE,28.698882800003602,96.1495097024524,,block_57_192,0
neg_7539,PSEUDO_NEGATIVE,28.82888076953371,94.21323109257968,,block_57_188,0
neg_7540,PSEUDO_NEGATIVE,26.435221720245575,90.50501137280396,,block_52_181,0
neg_7541,PSEUDO_NEGATIVE,26.574243422086873,90.03086928151693,,block_53_180,0
neg_7542,PSEUDO_NEGATIVE,23.51970567479826,91.90918103555917,,block_47_183,0
neg_7543,PSEUDO_NEGATIVE,27.998440241514203,92.98619787436668,,block_55_185,0
neg_7544,PSEUDO_NEGATIVE,24.20336415767302,94.13826105114866,,block_48_188,0
neg_7545,PSEUDO_NEGATIVE,27.31870450470972,94.92103778555595,,block_54_189,0
neg_7546,PSEUDO_NEGATIVE,25.659468334030706,93.7781917278952,,block_51_187,0
neg_7547,PSEUDO_NEGATIVE,26.623911193719277,92.00952871212797,,block_53_184,0
neg_7548,PSEUDO_NEGATIVE,23.798010545962104,92.82069086699329,,block_47_185,0
neg_7549,PSEUDO_NEGATIVE,26.000719134541065,95.08565369862237,,block_52_190,0
neg_7550,PSEUDO_NEGATIVE,26.322913149303382,90.0125913450397,,block_52_180,0
neg_7551,PSEUDO_NEGATIVE,26.52362170734023,92.45413479467601,,block_53_184,0
neg_7552,PSEUDO_NEGATIVE,28.069386998520322,94.22363939040274,,block_56_188,0
neg_7553,PSEUDO_NEGATIVE,25.509298897403774,91.50449531770748,,block_51_183,0
neg_7554,PSEUDO_NEGATIVE,28.58990171081854,94.3680229926301,,block_57_188,0
neg_7555,PSEUDO_NEGATIVE,26.232757739346326,91.43783939730446,,block_52_182,0
neg_7556,PSEUDO_NEGATIVE,27.07522963361093,92.25757022663774,,block_54_184,0
neg_7557,PSEUDO_NEGATIVE,26.602380419159203,92.15226828060669,,block_53_184,0
neg_7558,PSEUDO_NEGATIVE,26.030398351207527,91.76622399692535,,block_52_183,0
neg_7559,PSEUDO_NEGATIVE,26.62355480944845,90.8099872836651,,block_53_181,0
neg_7560,PSEUDO_NEGATIVE,26.5275120353583,93.43647065951568,,block_53_186,0
neg_7561,PSEUDO_NEGATIVE,25.949345827952925,90.04454479187478,,block_51_180,0
neg_7562,PSEUDO_NEGATIVE,26.54700315856715,91.59390118665249,,block_53_183,0
neg_7563,PSEUDO_NEGATIVE,25.60579157379917,90.82060205828085,,block_51_181,0
neg_7564,PSEUDO_NEGATIVE,28.50881593597882,96.2726751648131,,block_57_192,0
neg_7565,PSEUDO_NEGATIVE,23.896982631699625,91.73221084094963,,block_47_183,0
neg_7566,PSEUDO_NEGATIVE,26.396649976062186,91.73245091570536,,block_52_183,0
neg_7567,PSEUDO_NEGATIVE,27.725036339197786,91.96525166448963,,block_55_183,0
neg_7568,PSEUDO_NEGATIVE,22.28108934767185,93.03301129704545,,block_44_186,0
neg_7569,PSEUDO_NEGATIVE,26.526009048529705,92.57159218479333,,block_53_185,0
neg_7570,PSEUDO_NEGATIVE,26.387388013066083,94.2666375419688,,block_52_188,0
neg_7571,PSEUDO_NEGATIVE,25.086307080937583,93.96845804904082,,block_50_187,0
neg_7572,PSEUDO_NEGATIVE,26.64155692663363,91.10228517304112,,block_53_182,0
neg_7573,PSEUDO_NEGATIVE,27.606107220145205,92.76934333596131,,block_55_185,0
neg_7574,PSEUDO_NEGATIVE,23.273254011828993,92.46232176289128,,block_46_184,0
neg_7575,PSEUDO_NEGATIVE,25.3396874811894,92.78329833588214,,block_50_185,0
neg_7576,PSEUDO_NEGATIVE,24.0673308670884,92.4839144146627,,block_48_184,0
neg_7577,PSEUDO_NEGATIVE,27.940828190730574,94.93370691678902,,block_55_189,0
neg_7578,PSEUDO_NEGATIVE,26.09607636842412,92.77066561353581,,block_52_185,0
neg_7579,PSEUDO_NEGATIVE,27.6211890218789,94.75942262245295,,block_55_189,0
neg_7580,PSEUDO_NEGATIVE,28.95914847900275,96.02328383761807,,block_57_192,0
neg_7581,PSEUDO_NEGATIVE,28.64687240830614,93.86534670223449,,block_57_187,0
neg_7582,PSEUDO_NEGATIVE,25.98702162070327,93.07441824476625,,block_51_186,0
neg_7583,PSEUDO_NEGATIVE,27.753446114880244,96.7635533191616,,block_55_193,0
neg_7584,PSEUDO_NEGATIVE,25.99432425201323,92.84325784515376,,block_51_185,0
neg_7585,PSEUDO_NEGATIVE,26.31897539714259,94.11809322427118,,block_52_188,0
neg_7586,PSEUDO_NEGATIVE,24.36768509951203,93.43285808001752,,block_48_186,0
neg_7587,PSEUDO_NEGATIVE,25.308288277406064,94.55984632840303,,block_50_189,0
neg_7588,PSEUDO_NEGATIVE,27.581044718457903,91.75235522425083,,block_55_183,0
neg_7589,PSEUDO_NEGATIVE,24.244149190746,93.87449517874308,,block_48_187,0
neg_7590,PSEUDO_NEGATIVE,29.145779107181575,94.5309554917429,,block_58_189,0
neg_7591,PSEUDO_NEGATIVE,27.699996294394097,96.77797250290119,,block_55_193,0
neg_7592,PSEUDO_NEGATIVE,26.984502038122944,95.18012285128829,,block_53_190,0
neg_7593,PSEUDO_NEGATIVE,25.5055020444735,94.41224353922681,,block_51_188,0
neg_7594,PSEUDO_NEGATIVE,24.91144792251243,93.06873999147014,,block_49_186,0
neg_7595,PSEUDO_NEGATIVE,24.14974051362709,93.25573989417852,,block_48_186,0
neg_7596,PSEUDO_NEGATIVE,24.751958540205024,93.40040353909569,,block_49_186,0
neg_7597,PSEUDO_NEGATIVE,25.604005411636656,91.04032353825558,,block_51_182,0
neg_7598,PSEUDO_NEGATIVE,24.786244452964493,93.27461044556328,,block_49_186,0
neg_7599,PSEUDO_NEGATIVE,27.499196394558886,94.530437712478,,block_54_189,0
neg_7600,PSEUDO_NEGATIVE,25.914739120068283,93.4303374950683,,block_51_186,0
neg_7601,PSEUDO_NEGATIVE,26.532516332401194,92.26653764348707,,block_53_184,0
neg_7602,PSEUDO_NEGATIVE,26.82311912620845,92.18537214081145,,block_53_184,0
neg_7603,PSEUDO_NEGATIVE,29.035388645596623,95.31472975657148,,block_58_190,0
neg_7604,PSEUDO_NEGATIVE,26.998029879478107,93.32727032158303,,block_53_186,0
neg_7605,PSEUDO_NEGATIVE,26.3998357641187,93.54326188170423,,block_52_187,0
neg_7606,PSEUDO_NEGATIVE,27.78037126623046,91.64378163240174,,block_55_183,0
neg_7607,PSEUDO_NEGATIVE,26.638998434952256,90.72570282909429,,block_53_181,0
neg_7608,PSEUDO_NEGATIVE,28.263688836005084,93.97054604319909,,block_56_187,0
neg_7609,PSEUDO_NEGATIVE,28.87492911782008,95.56221712719238,,block_57_191,0
neg_7610,PSEUDO_NEGATIVE,26.01412644749163,93.72226502621442,,block_52_187,0
neg_7611,PSEUDO_NEGATIVE,26.08935656309315,90.9489340798265,,block_52_181,0
neg_7612,PSEUDO_NEGATIVE,27.464111610435683,93.82850851740798,,block_54_187,0
neg_7613,PSEUDO_NEGATIVE,27.204740019089755,95.59839707806347,,block_54_191,0
neg_7614,PSEUDO_NEGATIVE,25.027322406551637,93.38977724949392,,block_50_186,0
neg_7615,PSEUDO_NEGATIVE,25.824270633686652,92.62924045571806,,block_51_185,0
neg_7616,PSEUDO_NEGATIVE,27.813571472187327,94.85014206891032,,block_55_189,0
neg_7617,PSEUDO_NEGATIVE,28.561506157882903,93.9753688745515,,block_57_187,0
neg_7618,PSEUDO_NEGATIVE,25.412321986647264,90.33740656562156,,block_50_180,0
neg_7619,PSEUDO_NEGATIVE,26.05084996519912,92.32444122076306,,block_52_184,0
neg_7620,PSEUDO_NEGATIVE,27.524952502853115,96.41657211584891,,block_55_192,0
neg_7621,PSEUDO_NEGATIVE,23.850243318249987,92.53781289321645,,block_47_185,0
neg_7622,PSEUDO_NEGATIVE,26.47697578245169,91.0712328981806,,block_52_182,0
neg_7623,PSEUDO_NEGATIVE,28.753799364857418,94.50613138491813,,block_57_189,0
neg_7624,PSEUDO_NEGATIVE,27.702629655067103,93.48877017699475,,block_55_186,0
neg_7625,PSEUDO_NEGATIVE,28.27492055227976,94.55063262123984,,block_56_189,0
neg_7626,PSEUDO_NEGATIVE,22.316810360110342,92.97280428019884,,block_44_185,0
neg_7627,PSEUDO_NEGATIVE,25.729070367046777,94.26932809763592,,block_51_188,0
neg_7628,PSEUDO_NEGATIVE,25.24281989459048,92.91216263849792,,block_50_185,0
neg_7629,PSEUDO_NEGATIVE,25.453462253140927,91.44240233090048,,block_50_182,0
neg_7630,PSEUDO_NEGATIVE,26.318004567422648,92.64605137140121,,block_52_185,0
neg_7631,PSEUDO_NEGATIVE,25.253306618125947,93.73199510891439,,block_50_187,0
neg_7632,PSEUDO_NEGATIVE,24.82887690395814,93.76326556826076,,block_49_187,0
neg_7633,PSEUDO_NEGATIVE,23.987039755500994,93.14657503389363,,block_47_186,0
neg_7634,PSEUDO_NEGATIVE,27.575047151486224,94.87298712586163,,block_55_189,0
neg_7635,PSEUDO_NEGATIVE,27.22333481677077,94.24673898659879,,block_54_188,0
neg_7636,PSEUDO_NEGATIVE,25.369714891143115,92.68815696555666,,block_50_185,0
neg_7637,PSEUDO_NEGATIVE,25.448890956646007,93.93810462949402,,block_50_187,0
neg_7638,PSEUDO_NEGATIVE,28.536915444450695,94.74047521032708,,block_57_189,0
neg_7639,PSEUDO_NEGATIVE,26.683766201449146,91.65077337660287,,block_53_183,0
neg_7640,PSEUDO_NEGATIVE,26.739515262031542,93.20971873073165,,block_53_186,0
neg_7641,PSEUDO_NEGATIVE,25.61891951609481,93.97243003896034,,block_51_187,0
neg_7642,PSEUDO_NEGATIVE,26.76590650573978,94.69705921725352,,block_53_189,0
neg_7643,PSEUDO_NEGATIVE,27.624332954569596,96.71211799095977,,block_55_193,0
neg_7644,PSEUDO_NEGATIVE,28.88990945547326,94.29178106243035,,block_57_188,0
neg_7645,PSEUDO_NEGATIVE,26.042060155659428,93.28658796473742,,block_52_186,0
neg_7646,PSEUDO_NEGATIVE,28.534447956804875,96.32435405836529,,block_57_192,0
neg_7647,PSEUDO_NEGATIVE,28.237418244467072,93.57125261044929,,block_56_187,0
neg_7648,PSEUDO_NEGATIVE,28.769449100342367,95.74233194995222,,block_57_191,0
neg_7649,PSEUDO_NEGATIVE,27.442163424301324,96.29277544243375,,block_54_192,0
neg_7650,PSEUDO_NEGATIVE,26.825867887111233,90.45166355333853,,block_53_180,0
neg_7651,PSEUDO_NEGATIVE,27.73869606171461,92.5257212752412,,block_55_185,0
neg_7652,PSEUDO_NEGATIVE,26.5367817527043,91.22698885125843,,block_53_182,0
neg_7653,PSEUDO_NEGATIVE,28.39321189434436,96.23739792545324,,block_56_192,0
neg_7654,PSEUDO_NEGATIVE,27.88300429100447,94.90374922171071,,block_55_189,0
neg_7655,PSEUDO_NEGATIVE,27.79357757948842,93.68358579803288,,block_55_187,0
neg_7656,PSEUDO_NEGATIVE,28.629183651953884,94.67697878782852,,block_57_189,0
neg_7657,PSEUDO_NEGATIVE,27.162542955544293,94.2616603860591,,block_54_188,0
neg_7658,PSEUDO_NEGATIVE,25.50122372463906,90.31635224360573,,block_51_180,0
neg_7659,PSEUDO_NEGATIVE,24.484689200079647,92.24562692519459,,block_48_184,0
neg_7660,PSEUDO_NEGATIVE,27.158425525842134,95.16208186708255,,block_54_190,0
neg_7661,PSEUDO_NEGATIVE,27.450322564372232,96.19254255855016,,block_54_192,0
neg_7662,PSEUDO_NEGATIVE,26.85481401463153,93.32373848446592,,block_53_186,0
neg_7663,PSEUDO_NEGATIVE,26.05892114944894,90.09005324200535,,block_52_180,0
neg_7664,PSEUDO_NEGATIVE,27.989933825749223,96.76457013797014,,block_55_193,0
neg_7665,PSEUDO_NEGATIVE,27.60921119992762,92.53826215289494,,block_55_185,0
neg_7666,PSEUDO_NEGATIVE,28.21297410887874,95.34181149014745,,block_56_190,0
neg_7667,PSEUDO_NEGATIVE,25.94301532254849,90.35188141358245,,block_51_180,0
neg_7668,PSEUDO_NEGATIVE,28.61988451060012,94.2645106712299,,block_57_188,0
neg_7669,PSEUDO_NEGATIVE,25.837055725644063,91.09501370367032,,block_51_182,0
neg_7670,PSEUDO_NEGATIVE,27.60872790159823,94.86284731539776,,block_55_189,0
neg_7671,PSEUDO_NEGATIVE,27.312433023112597,93.5342452150542,,block_54_187,0
neg_7672,PSEUDO_NEGATIVE,28.241482228480535,95.99689323698755,,block_56_191,0
neg_7673,PSEUDO_NEGATIVE,27.13139834673334,93.31583374455859,,block_54_186,0
neg_7674,PSEUDO_NEGATIVE,26.602009845845203,92.79114721483492,,block_53_185,0
neg_7675,PSEUDO_NEGATIVE,28.340554840853205,95.34287030010516,,block_56_190,0
neg_7676,PSEUDO_NEGATIVE,25.289184749035822,94.11982136605756,,block_50_188,0
neg_7677,PSEUDO_NEGATIVE,27.119138790764268,92.61604679708039,,block_54_185,0
neg_7678,PSEUDO_NEGATIVE,27.893319104813422,95.9832611800604,,block_55_191,0
neg_7679,PSEUDO_NEGATIVE,28.651507109121635,94.27698231716062,,block_57_188,0
neg_7680,PSEUDO_NEGATIVE,26.71760423438485,90.01908699140141,,block_53_180,0
neg_7681,PSEUDO_NEGATIVE,25.026417009704666,93.10456718849915,,block_50_186,0
neg_7682,PSEUDO_NEGATIVE,24.751937502277233,93.85446629859905,,block_49_187,0
neg_7683,PSEUDO_NEGATIVE,26.285217407682534,93.09486276008538,,block_52_186,0
neg_7684,PSEUDO_NEGATIVE,28.550625264944667,96.00893386841952,,block_57_192,0
neg_7685,PSEUDO_NEGATIVE,27.98999392088856,94.82206080120025,,block_55_189,0
neg_7686,PSEUDO_NEGATIVE,24.863048799222746,92.67484565813066,,block_49_185,0
neg_7687,PSEUDO_NEGATIVE,25.636175105618644,90.96332008292146,,block_51_181,0
neg_7688,PSEUDO_NEGATIVE,26.81964648762013,92.93825205846886,,block_53_185,0
neg_7689,PSEUDO_NEGATIVE,23.954018458013792,92.6440590659482,,block_47_185,0
neg_7690,PSEUDO_NEGATIVE,27.100495255499297,95.54612408352118,,block_54_191,0
neg_7691,PSEUDO_NEGATIVE,24.195034249626072,93.64561211807234,,block_48_187,0
neg_7692,PSEUDO_NEGATIVE,24.4433838848927,92.99978055390088,,block_48_185,0
neg_7693,PSEUDO_NEGATIVE,27.697159305876966,88.78729961646397,,block_55_177,0
neg_7694,PSEUDO_NEGATIVE,24.273169071244983,92.56612987003241,,block_48_185,0
neg_7695,PSEUDO_NEGATIVE,26.308069852063444,91.61391698766965,,block_52_183,0
neg_7696,PSEUDO_NEGATIVE,27.463062223875973,95.29092142823397,,block_54_190,0
neg_7697,PSEUDO_NEGATIVE,26.757725603550565,94.1836326159525,,block_53_188,0
neg_7698,PSEUDO_NEGATIVE,26.55974267097163,92.88092413383086,,block_53_185,0
neg_7699,PSEUDO_NEGATIVE,25.883710827681448,92.10621031401487,,block_51_184,0
neg_7700,PSEUDO_NEGATIVE,25.89573598033183,92.23376991059212,,block_51_184,0
neg_7701,PSEUDO_NEGATIVE,28.262184176379975,94.23374476400448,,block_56_188,0
neg_7702,PSEUDO_NEGATIVE,26.98640569615414,92.74087267309795,,block_53_185,0
neg_7703,PSEUDO_NEGATIVE,27.69550117514082,94.45329818527864,,block_55_188,0
neg_7704,PSEUDO_NEGATIVE,27.37261700289925,93.22736249065944,,block_54_186,0
neg_7705,PSEUDO_NEGATIVE,28.02575628833716,95.16141790976101,,block_56_190,0
neg_7706,PSEUDO_NEGATIVE,26.33129817451651,94.74724588352363,,block_52_189,0
neg_7707,PSEUDO_NEGATIVE,27.20683765539508,93.02154543659898,,block_54_186,0
neg_7708,PSEUDO_NEGATIVE,28.333524991038267,96.60230499596703,,block_56_193,0
neg_7709,PSEUDO_NEGATIVE,24.09379820884712,91.67047674768443,,block_48_183,0
neg_7710,PSEUDO_NEGATIVE,27.994810800336463,93.3176822457399,,block_55_186,0
neg_7711,PSEUDO_NEGATIVE,25.397483907845952,93.2601306414869,,block_50_186,0
neg_7712,PSEUDO_NEGATIVE,25.34196110363698,90.59522903042684,,block_50_181,0
neg_7713,PSEUDO_NEGATIVE,26.019756054601523,91.37243421703441,,block_52_182,0
neg_7714,PSEUDO_NEGATIVE,26.973155106427445,93.3537095308621,,block_53_186,0
neg_7715,PSEUDO_NEGATIVE,23.588830739834837,91.38314266013953,,block_47_182,0
neg_7716,PSEUDO_NEGATIVE,29.128390544204382,94.523249381501,,block_58_189,0
neg_7717,PSEUDO_NEGATIVE,26.47714678348556,94.04587070286176,,block_52_188,0
neg_7718,PSEUDO_NEGATIVE,27.654754476235368,88.39807927934,,block_55_176,0
neg_7719,PSEUDO_NEGATIVE,25.752498886953475,92.6764633751543,,block_51_185,0
neg_7720,PSEUDO_NEGATIVE,27.988482657079988,93.34594104772762,,block_55_186,0
neg_7721,PSEUDO_NEGATIVE,24.752625932972265,93.732873423604,,block_49_187,0
neg_7722,PSEUDO_NEGATIVE,26.68897211163283,91.80631483488615,,block_53_183,0
neg_7723,PSEUDO_NEGATIVE,26.48542235292745,90.16967163453369,,block_52_180,0
neg_7724,PSEUDO_NEGATIVE,27.72325686927346,95.5094203608074,,block_55_191,0
neg_7725,PSEUDO_NEGATIVE,28.54621055908584,93.36421183715431,,block_57_186,0
neg_7726,PSEUDO_NEGATIVE,23.484942228769878,91.55388120320694,,block_46_183,0
neg_7727,PSEUDO_NEGATIVE,28.93345513833215,94.4661154922388,,block_57_188,0
neg_7728,PSEUDO_NEGATIVE,29.3804290667681,96.15371867964951,,block_58_192,0
neg_7729,PSEUDO_NEGATIVE,25.31559015510542,92.93013938576264,,block_50_185,0
neg_7730,PSEUDO_NEGATIVE,27.02639505312815,92.2498733650733,,block_54_184,0
neg_7731,PSEUDO_NEGATIVE,25.451533157774175,93.16854998821852,,block_50_186,0
neg_7732,PSEUDO_NEGATIVE,23.580232879867868,91.62346374275188,,block_47_183,0
neg_7733,PSEUDO_NEGATIVE,27.625492605523675,91.67300986821402,,block_55_183,0
neg_7734,PSEUDO_NEGATIVE,28.062923379749478,96.31470499824215,,block_56_192,0
neg_7735,PSEUDO_NEGATIVE,25.982038466553536,93.2904554219436,,block_51_186,0
neg_7736,PSEUDO_NEGATIVE,27.39508842788064,96.60521975094092,,block_54_193,0
neg_7737,PSEUDO_NEGATIVE,24.447164191811055,92.20515654858228,,block_48_184,0
neg_7738,PSEUDO_NEGATIVE,27.232171755458886,95.63141692547359,,block_54_191,0
neg_7739,PSEUDO_NEGATIVE,27.559684563090865,94.95748571639227,,block_55_189,0
neg_7740,PSEUDO_NEGATIVE,28.23003711379174,93.83749693199982,,block_56_187,0
neg_7741,PSEUDO_NEGATIVE,28.613812172447698,96.2939739488885,,block_57_192,0
neg_7742,PSEUDO_NEGATIVE,27.32236223856754,94.22337664508737,,block_54_188,0
neg_7743,PSEUDO_NEGATIVE,27.40314024329519,92.44150828000518,,block_54_184,0
neg_7744,PSEUDO_NEGATIVE,28.285314231537974,95.26758682032586,,block_56_190,0
neg_7745,PSEUDO_NEGATIVE,24.09298449998836,91.42914617325559,,block_48_182,0
neg_7746,PSEUDO_NEGATIVE,27.548819826803303,93.44656948367485,,block_55_186,0
neg_7747,PSEUDO_NEGATIVE,26.453737509474212,92.86797372006782,,block_52_185,0
neg_7748,PSEUDO_NEGATIVE,27.960725375091236,94.14666445115232,,block_55_188,0
neg_7749,PSEUDO_NEGATIVE,28.602414548809815,94.32334437233008,,block_57_188,0
neg_7750,PSEUDO_NEGATIVE,27.526820502747466,92.87702500095872,,block_55_185,0
neg_7751,PSEUDO_NEGATIVE,25.97348227758875,90.88618724465023,,block_51_181,0
neg_7752,PSEUDO_NEGATIVE,24.478601752862108,92.56612682298548,,block_48_185,0
neg_7753,PSEUDO_NEGATIVE,25.70888648420405,93.15995879673578,,block_51_186,0
neg_7754,PSEUDO_NEGATIVE,25.51415889032547,92.69452393060388,,block_51_185,0
neg_7755,PSEUDO_NEGATIVE,28.869052878482197,95.1682627952254,,block_57_190,0
neg_7756,PSEUDO_NEGATIVE,27.01450373977155,93.07598434644362,,block_54_186,0
neg_7757,PSEUDO_NEGATIVE,25.05416392582886,94.48395896709613,,block_50_188,0
neg_7758,PSEUDO_NEGATIVE,27.7397922877893,92.62864376939427,,block_55_185,0
neg_7759,PSEUDO_NEGATIVE,27.92751065933403,93.13303074916386,,block_55_186,0
neg_7760,PSEUDO_NEGATIVE,24.515051378299944,93.56768620739379,,block_49_187,0
neg_7761,PSEUDO_NEGATIVE,28.276734227464246,96.42330260513245,,block_56_192,0
neg_7762,PSEUDO_NEGATIVE,27.935359659168654,92.74714790604837,,block_55_185,0
neg_7763,PSEUDO_NEGATIVE,26.52752144717892,91.91556526162779,,block_53_183,0
neg_7764,PSEUDO_NEGATIVE,26.788425264441116,93.51651466757907,,block_53_187,0
neg_7765,PSEUDO_NEGATIVE,25.88026052339895,92.13616186867439,,block_51_184,0
neg_7766,PSEUDO_NEGATIVE,26.027044590163495,92.14759836283143,,block_52_184,0
neg_7767,PSEUDO_NEGATIVE,25.86880268925581,90.39063704444668,,block_51_180,0
neg_7768,PSEUDO_NEGATIVE,23.359330493540778,93.18881686426607,,block_46_186,0
neg_7769,PSEUDO_NEGATIVE,25.5504209375855,92.4800944070645,,block_51_184,0
neg_7770,PSEUDO_NEGATIVE,23.530480384932464,93.10148758523407,,block_47_186,0
neg_7771,PSEUDO_NEGATIVE,25.46019817857137,94.2907753048628,,block_50_188,0
neg_7772,PSEUDO_NEGATIVE,27.536400581645438,95.82536351657727,,block_55_191,0
neg_7773,PSEUDO_NEGATIVE,28.815834579270277,94.7226625880022,,block_57_189,0
neg_7774,PSEUDO_NEGATIVE,26.823657203911765,92.72819050237413,,block_53_185,0
neg_7775,PSEUDO_NEGATIVE,27.441800354244364,94.11911765154261,,block_54_188,0
neg_7776,PSEUDO_NEGATIVE,26.659093217869973,94.79995277216014,,block_53_189,0
neg_7777,PSEUDO_NEGATIVE,25.706703431151976,91.38701961956048,,block_51_182,0
neg_7778,PSEUDO_NEGATIVE,25.802711927071652,91.28822112992628,,block_51_182,0
neg_7779,PSEUDO_NEGATIVE,26.943157779081638,94.89693980099244,,block_53_189,0
neg_7780,PSEUDO_NEGATIVE,26.433667609907747,93.61165675367661,,block_52_187,0
neg_7781,PSEUDO_NEGATIVE,26.87587737797944,95.20208628597727,,block_53_190,0
neg_7782,PSEUDO_NEGATIVE,27.779544134628427,92.16631643166332,,block_55_184,0
neg_7783,PSEUDO_NEGATIVE,26.573290617952125,89.92403066868727,,block_53_179,0
neg_7784,PSEUDO_NEGATIVE,25.930745352028385,94.96641351195372,,block_51_189,0
neg_7785,PSEUDO_NEGATIVE,25.938518730827376,91.51759726543675,,block_51_183,0
neg_7786,PSEUDO_NEGATIVE,26.034282202801215,90.79282521680977,,block_52_181,0
neg_7787,PSEUDO_NEGATIVE,23.335420459455822,91.4752916250932,,block_46_182,0
neg_7788,PSEUDO_NEGATIVE,25.204236400582612,93.91659414002353,,block_50_187,0
neg_7789,PSEUDO_NEGATIVE,28.144654507790907,95.40921130708875,,block_56_190,0
neg_7790,PSEUDO_NEGATIVE,27.991953769509614,94.12904762893095,,block_55_188,0
neg_7791,PSEUDO_NEGATIVE,27.467567346059877,95.28905413621621,,block_54_190,0
neg_7792,PSEUDO_NEGATIVE,27.41936906198451,92.04589475324286,,block_54_184,0
neg_7793,PSEUDO_NEGATIVE,28.35838228677676,95.38983462425547,,block_56_190,0
neg_7794,PSEUDO_NEGATIVE,27.948462058644466,96.79198462972104,,block_55_193,0
neg_7795,PSEUDO_NEGATIVE,28.72197354451453,94.02580060441012,,block_57_188,0
neg_7796,PSEUDO_NEGATIVE,26.261427324262648,92.6437272689349,,block_52_185,0
neg_7797,PSEUDO_NEGATIVE,23.00489673510819,92.44570040970609,,block_46_184,0
neg_7798,PSEUDO_NEGATIVE,27.572205978870226,88.12014834714012,,block_55_176,0
neg_7799,PSEUDO_NEGATIVE,26.999411952733603,93.55819562238196,,block_53_187,0
neg_7800,PSEUDO_NEGATIVE,24.727011506666962,94.06363682739219,,block_49_188,0
neg_7801,PSEUDO_NEGATIVE,26.165307086127406,94.33196749655573,,block_52_188,0
neg_7802,PSEUDO_NEGATIVE,26.73333552399267,93.5028710179863,,block_53_187,0
neg_7803,PSEUDO_NEGATIVE,28.524527028552072,94.66559312789882,,block_57_189,0
neg_7804,PSEUDO_NEGATIVE,25.45946066483666,93.5597601051756,,block_50_187,0
neg_7805,PSEUDO_NEGATIVE,28.08070959487879,96.00105148306542,,block_56_192,0
neg_7806,PSEUDO_NEGATIVE,28.198075203686464,95.85634763662364,,block_56_191,0
neg_7807,PSEUDO_NEGATIVE,27.985866570382612,94.96354743622119,,block_55_189,0
neg_7808,PSEUDO_NEGATIVE,28.078082709744763,96.1541672388546,,block_56_192,0
neg_7809,PSEUDO_NEGATIVE,26.638614205052164,93.21940103060919,,block_53_186,0
neg_7810,PSEUDO_NEGATIVE,24.64866653138279,93.33101271902092,,block_49_186,0
neg_7811,PSEUDO_NEGATIVE,28.87521384870645,95.79960639137151,,block_57_191,0
neg_7812,PSEUDO_NEGATIVE,27.148829047065902,92.85508942173573,,block_54_185,0
neg_7813,PSEUDO_NEGATIVE,26.530928148033514,90.13658389013231,,block_53_180,0
neg_7814,PSEUDO_NEGATIVE,27.911277175112303,95.48461700878852,,block_55_190,0
neg_7815,PSEUDO_NEGATIVE,25.63596981329429,91.51284905641359,,block_51_183,0
neg_7816,PSEUDO_NEGATIVE,26.24004284708402,93.05330484696375,,block_52_186,0
neg_7817,PSEUDO_NEGATIVE,25.745250397346854,94.95115060597995,,block_51_189,0
neg_7818,PSEUDO_NEGATIVE,26.71990781475101,92.50039572224848,,block_53_185,0
neg_7819,PSEUDO_NEGATIVE,26.727608430780624,93.24818938461117,,block_53_186,0
neg_7820,PSEUDO_NEGATIVE,26.3172582412042,91.07464516185847,,block_52_182,0
neg_7821,PSEUDO_NEGATIVE,25.582605878468662,90.89118683919263,,block_51_181,0
neg_7822,PSEUDO_NEGATIVE,23.59677789099558,91.22633759353795,,block_47_182,0
neg_7823,PSEUDO_NEGATIVE,28.092065268384108,95.67812241533836,,block_56_191,0
neg_7824,PSEUDO_NEGATIVE,27.328185940578035,95.29160739911305,,block_54_190,0
neg_7825,PSEUDO_NEGATIVE,25.524551860609854,94.52731300405803,,block_51_189,0
neg_7826,PSEUDO_NEGATIVE,23.27223166818568,91.44704083994976,,block_46_182,0
neg_7827,PSEUDO_NEGATIVE,25.823155408851402,94.6776695285199,,block_51_189,0
neg_7828,PSEUDO_NEGATIVE,25.50044516409395,92.58790318203143,,block_51_185,0
neg_7829,PSEUDO_NEGATIVE,26.294365340103298,93.51113789370794,,block_52_187,0
neg_7830,PSEUDO_NEGATIVE,28.759405568233905,96.16585169896682,,block_57_192,0
neg_7831,PSEUDO_NEGATIVE,27.387113907443457,95.77170081400784,,block_54_191,0
neg_7832,PSEUDO_NEGATIVE,27.40118501990344,92.43763653451848,,block_54_184,0
neg_7833,PSEUDO_NEGATIVE,27.600903028558363,91.67293941226039,,block_55_183,0
neg_7834,PSEUDO_NEGATIVE,24.110013315012576,93.16435372177389,,block_48_186,0
neg_7835,PSEUDO_NEGATIVE,25.320708162753526,90.36612339248376,,block_50_180,0
neg_7836,PSEUDO_NEGATIVE,26.720212083899217,94.60574962189612,,block_53_189,0
neg_7837,PSEUDO_NEGATIVE,28.894615052430836,95.21468774680953,,block_57_190,0
neg_7838,PSEUDO_NEGATIVE,25.33990782269214,91.5075026502311,,block_50_183,0
neg_7839,PSEUDO_NEGATIVE,26.843272412772926,93.67860209801431,,block_53_187,0
neg_7840,PSEUDO_NEGATIVE,26.51896720159847,91.08923591812105,,block_53_182,0
neg_7841,PSEUDO_NEGATIVE,25.678468583064408,92.48437226029853,,block_51_184,0
neg_7842,PSEUDO_NEGATIVE,24.90815093063047,92.61070858941808,,block_49_185,0
neg_7843,PSEUDO_NEGATIVE,24.94036997349856,92.89082850011644,,block_49_185,0
neg_7844,PSEUDO_NEGATIVE,28.2317028243656,93.56627442007724,,block_56_187,0
neg_7845,PSEUDO_NEGATIVE,28.01591917964074,95.33680913623819,,block_56_190,0
neg_7846,PSEUDO_NEGATIVE,27.98235737084959,94.97355772146437,,block_55_189,0
neg_7847,PSEUDO_NEGATIVE,25.894433484176133,93.66949690563712,,block_51_187,0
neg_7848,PSEUDO_NEGATIVE,25.01219485389487,92.48968814744218,,block_50_184,0
neg_7849,PSEUDO_NEGATIVE,26.332638066270313,91.8763987335698,,block_52_183,0
neg_7850,PSEUDO_NEGATIVE,26.785953881425364,94.1028048771161,,block_53_188,0
neg_7851,PSEUDO_NEGATIVE,24.168405690912795,92.57348392087184,,block_48_185,0
neg_7852,PSEUDO_NEGATIVE,27.50150756355409,88.2267341048983,,block_55_176,0
neg_7853,PSEUDO_NEGATIVE,27.762387197172988,94.83731958286657,,block_55_189,0
neg_7854,PSEUDO_NEGATIVE,25.08239409088798,93.84786834672104,,block_50_187,0
neg_7855,PSEUDO_NEGATIVE,26.25932368932083,92.48698130335794,,block_52_184,0
neg_7856,PSEUDO_NEGATIVE,28.320847949462717,95.48915389208088,,block_56_190,0
neg_7857,PSEUDO_NEGATIVE,26.74457724353111,92.34525970663636,,block_53_184,0
neg_7858,PSEUDO_NEGATIVE,24.135618354435667,93.79634161411379,,block_48_187,0
neg_7859,PSEUDO_NEGATIVE,27.69882590037693,93.56840333743935,,block_55_187,0
neg_7860,PSEUDO_NEGATIVE,28.398574792802375,96.12526594735151,,block_56_192,0
neg_7861,PSEUDO_NEGATIVE,28.798672490984803,94.60154734490969,,block_57_189,0
neg_7862,PSEUDO_NEGATIVE,27.46593053384182,92.60532392902364,,block_54_185,0
neg_7863,PSEUDO_NEGATIVE,24.728332222800333,92.46604937198474,,block_49_184,0
neg_7864,PSEUDO_NEGATIVE,23.387689677225673,92.79742676150418,,block_46_185,0
neg_7865,PSEUDO_NEGATIVE,27.834293331234555,93.39285581319277,,block_55_186,0
neg_7866,PSEUDO_NEGATIVE,28.862139704330737,95.46204629923339,,block_57_190,0
neg_7867,PSEUDO_NEGATIVE,25.573592672340737,94.02874379193354,,block_51_188,0
neg_7868,PSEUDO_NEGATIVE,26.313454879751557,92.72379410734395,,block_52_185,0
neg_7869,PSEUDO_NEGATIVE,27.417898354541332,94.39690278752681,,block_54_188,0
neg_7870,PSEUDO_NEGATIVE,22.83953410511733,92.85500045595506,,block_45_185,0
neg_7871,PSEUDO_NEGATIVE,27.785480476952475,96.36693824252953,,block_55_192,0
neg_7872,PSEUDO_NEGATIVE,23.836753919554283,93.24346299047966,,block_47_186,0
neg_7873,PSEUDO_NEGATIVE,24.153326321191077,92.17585212864759,,block_48_184,0
neg_7874,PSEUDO_NEGATIVE,28.269950792154482,93.3380384653572,,block_56_186,0
neg_7875,PSEUDO_NEGATIVE,27.061064225316752,94.39403423936841,,block_54_188,0
neg_7876,PSEUDO_NEGATIVE,26.614391349359757,92.07340139387591,,block_53_184,0
neg_7877,PSEUDO_NEGATIVE,26.414983536680612,90.36136289596818,,block_52_180,0
neg_7878,PSEUDO_NEGATIVE,25.482076141550255,92.70958523511443,,block_50_185,0
neg_7879,PSEUDO_NEGATIVE,25.30403814259897,92.42750635457615,,block_50_184,0
neg_7880,PSEUDO_NEGATIVE,24.279908832470284,92.17966391815375,,block_48_184,0
neg_7881,PSEUDO_NEGATIVE,26.562207900433137,90.07074505809737,,block_53_180,0
neg_7882,PSEUDO_NEGATIVE,24.204229837995097,93.65850940075433,,block_48_187,0
neg_7883,PSEUDO_NEGATIVE,25.703059697140297,91.44224014615159,,block_51_182,0
neg_7884,PSEUDO_NEGATIVE,25.91695312849456,93.84593607579428,,block_51_187,0
neg_7885,PSEUDO_NEGATIVE,25.341279139348103,93.63730943794607,,block_50_187,0
neg_7886,PSEUDO_NEGATIVE,26.20270825756584,90.09648528552624,,block_52_180,0
neg_7887,PSEUDO_NEGATIVE,25.449433832705616,90.95268176396064,,block_50_181,0
neg_7888,PSEUDO_NEGATIVE,27.36382023739735,92.76640073603018,,block_54_185,0
neg_7889,PSEUDO_NEGATIVE,25.651525324160527,90.18100226569459,,block_51_180,0
neg_7890,PSEUDO_NEGATIVE,26.974500349541184,95.64039037690148,,block_53_191,0
neg_7891,PSEUDO_NEGATIVE,28.639831080841972,93.9753071846629,,block_57_187,0
neg_7892,PSEUDO_NEGATIVE,27.193650411207468,94.4205013855171,,block_54_188,0
neg_7893,PSEUDO_NEGATIVE,24.751112566313992,94.54533106934657,,block_49_189,0
neg_7894,PSEUDO_NEGATIVE,23.87249564431435,92.56692888531435,,block_47_185,0
neg_7895,PSEUDO_NEGATIVE,26.80019009819799,91.72972530130959,,block_53_183,0
neg_7896,PSEUDO_NEGATIVE,26.317092534022105,93.38084549592247,,block_52_186,0
neg_7897,PSEUDO_NEGATIVE,28.058321601796642,94.58260334391865,,block_56_189,0
neg_7898,PSEUDO_NEGATIVE,27.31191544199486,94.65313735866431,,block_54_189,0
neg_7899,PSEUDO_NEGATIVE,25.619236782181474,90.54760889950586,,block_51_181,0
neg_7900,PSEUDO_NEGATIVE,25.626979468435646,91.09932702831537,,block_51_182,0
neg_7901,PSEUDO_NEGATIVE,28.010117980832646,95.83341728156299,,block_56_191,0
neg_7902,PSEUDO_NEGATIVE,26.09119139311493,94.0236296511036,,block_52_188,0
neg_7903,PSEUDO_NEGATIVE,27.88893380553234,88.39028583940743,,block_55_176,0
neg_7904,PSEUDO_NEGATIVE,26.827102646115687,92.83406708427368,,block_53_185,0
neg_7905,PSEUDO_NEGATIVE,28.17961768573482,93.77899647616786,,block_56_187,0
neg_7906,PSEUDO_NEGATIVE,25.980971112545532,91.15748083540548,,block_51_182,0
neg_7907,PSEUDO_NEGATIVE,26.025059143570495,92.69269541554014,,block_52_185,0
neg_7908,PSEUDO_NEGATIVE,25.252733041311558,91.94051804330063,,block_50_183,0
neg_7909,PSEUDO_NEGATIVE,28.57773714920897,94.75738418165615,,block_57_189,0
neg_7910,PSEUDO_NEGATIVE,28.96731236887275,95.37270124163048,,block_57_190,0
neg_7911,PSEUDO_NEGATIVE,27.350018651836415,94.43791008421705,,block_54_188,0
neg_7912,PSEUDO_NEGATIVE,26.51760267555932,93.93976742805653,,block_53_187,0
neg_7913,PSEUDO_NEGATIVE,27.103501570215936,92.88486167662441,,block_54_185,0
neg_7914,PSEUDO_NEGATIVE,25.709374869308423,91.0371223751865,,block_51_182,0
neg_7915,PSEUDO_NEGATIVE,27.77943164764752,96.07778084883567,,block_55_192,0
neg_7916,PSEUDO_NEGATIVE,25.510417532282506,92.96407636459826,,block_51_185,0
neg_7917,PSEUDO_NEGATIVE,27.732478774544944,95.94168934531764,,block_55_191,0
neg_7918,PSEUDO_NEGATIVE,25.311009428356858,91.24923063312654,,block_50_182,0
neg_7919,PSEUDO_NEGATIVE,26.189142597825825,93.43574427280637,,block_52_186,0
neg_7920,PSEUDO_NEGATIVE,24.585983778379415,93.08301462450066,,block_49_186,0
neg_7921,PSEUDO_NEGATIVE,29.01828914858759,94.54391646101644,,block_58_189,0
neg_7922,PSEUDO_NEGATIVE,23.60510359324648,91.51336922698704,,block_47_183,0
neg_7923,PSEUDO_NEGATIVE,25.77043384864832,90.44446016730951,,block_51_180,0
neg_7924,PSEUDO_NEGATIVE,25.11051909411919,92.57048645904298,,block_50_185,0
neg_7925,PSEUDO_NEGATIVE,27.557547706254404,95.17057821491618,,block_55_190,0
neg_7926,PSEUDO_NEGATIVE,25.808468125162435,91.2949206363006,,block_51_182,0
neg_7927,PSEUDO_NEGATIVE,26.312294769507904,94.99143981638115,,block_52_189,0
neg_7928,PSEUDO_NEGATIVE,26.719643363308705,91.14764817980515,,block_53_182,0
neg_7929,PSEUDO_NEGATIVE,25.919581826203853,92.08674827992728,,block_51_184,0
neg_7930,PSEUDO_NEGATIVE,25.233592207907062,91.6040276107082,,block_50_183,0
neg_7931,PSEUDO_NEGATIVE,24.935294777187583,93.7363519228264,,block_49_187,0
neg_7932,PSEUDO_NEGATIVE,28.0491417721069,92.71497601607851,,block_56_185,0
neg_7933,PSEUDO_NEGATIVE,27.55485522984722,91.82059476948986,,block_55_183,0
neg_7934,PSEUDO_NEGATIVE,28.617967900825683,96.4470090094168,,block_57_192,0
neg_7935,PSEUDO_NEGATIVE,28.077539380286254,88.63207201889199,,block_56_177,0
neg_7936,PSEUDO_NEGATIVE,23.925683817818175,91.66536187483862,,block_47_183,0
neg_7937,PSEUDO_NEGATIVE,25.990034815156584,90.1734191867563,,block_51_180,0
neg_7938,PSEUDO_NEGATIVE,27.764470420919256,92.77678097941286,,block_55_185,0
neg_7939,PSEUDO_NEGATIVE,27.002765245760227,94.37157897592625,,block_54_188,0
neg_7940,PSEUDO_NEGATIVE,28.473511850201312,93.55898213614263,,block_56_187,0
neg_7941,PSEUDO_NEGATIVE,27.336548135068867,93.68185489593091,,block_54_187,0
neg_7942,PSEUDO_NEGATIVE,26.834369941497215,90.32137414341281,,block_53_180,0
neg_7943,PSEUDO_NEGATIVE,24.96204306190775,93.77482153676021,,block_49_187,0
neg_7944,PSEUDO_NEGATIVE,26.59404168072917,94.26301222983095,,block_53_188,0
neg_7945,PSEUDO_NEGATIVE,26.330784692766027,89.87717257588602,,block_52_179,0
neg_7946,PSEUDO_NEGATIVE,26.4566426050855,90.53952515623018,,block_52_181,0
neg_7947,PSEUDO_NEGATIVE,25.212273439475887,90.81744618033493,,block_50_181,0
neg_7948,PSEUDO_NEGATIVE,27.140338081700158,97.0402651773574,,block_54_194,0
neg_7949,PSEUDO_NEGATIVE,27.24380710462505,95.11267371752777,,block_54_190,0
neg_7950,PSEUDO_NEGATIVE,26.484811740700465,90.10805253113713,,block_52_180,0
neg_7951,PSEUDO_NEGATIVE,27.564345202888866,96.40892818730421,,block_55_192,0
neg_7952,PSEUDO_NEGATIVE,27.847706985903912,88.67795914006186,,block_55_177,0
neg_7953,PSEUDO_NEGATIVE,28.333834920041006,94.27084373251155,,block_56_188,0
neg_7954,PSEUDO_NEGATIVE,26.767292907334088,95.24160334945988,,block_53_190,0
neg_7955,PSEUDO_NEGATIVE,27.630905589417857,92.74387512325822,,block_55_185,0
neg_7956,PSEUDO_NEGATIVE,25.407915847055886,93.72708823481247,,block_50_187,0
neg_7957,PSEUDO_NEGATIVE,26.462327605584946,90.69374779903876,,block_52_181,0
neg_7958,PSEUDO_NEGATIVE,26.57907974627731,93.91192709535657,,block_53_187,0
neg_7959,PSEUDO_NEGATIVE,27.650350467182243,95.3766603466672,,block_55_190,0
neg_7960,PSEUDO_NEGATIVE,25.96953586949146,91.9419779404265,,block_51_183,0
neg_7961,PSEUDO_NEGATIVE,25.430737655040208,92.54454516673748,,block_50_185,0
neg_7962,PSEUDO_NEGATIVE,28.07437376073676,93.07650849054197,,block_56_186,0
neg_7963,PSEUDO_NEGATIVE,28.190183755768278,95.41593940424889,,block_56_190,0
neg_7964,PSEUDO_NEGATIVE,27.46832799191467,94.04073032277586,,block_54_188,0
neg_7965,PSEUDO_NEGATIVE,24.460311600252272,92.94942747417426,,block_48_185,0
neg_7966,PSEUDO_NEGATIVE,29.096432510371272,95.76945965288328,,block_58_191,0
neg_7967,PSEUDO_NEGATIVE,24.958065043231294,94.24491669901296,,block_49_188,0
neg_7968,PSEUDO_NEGATIVE,28.65328550116871,96.08656410855735,,block_57_192,0
neg_7969,PSEUDO_NEGATIVE,27.210002087273438,97.08255058831652,,block_54_194,0
neg_7970,PSEUDO_NEGATIVE,28.004051994227545,94.95951774524,,block_56_189,0
neg_7971,PSEUDO_NEGATIVE,24.85351909540559,94.00974933039565,,block_49_188,0
neg_7972,PSEUDO_NEGATIVE,23.395075161373825,92.38347598901923,,block_46_184,0
neg_7973,PSEUDO_NEGATIVE,27.4620632689888,96.14597171400891,,block_54_192,0
neg_7974,PSEUDO_NEGATIVE,24.56096763187655,93.28530779528981,,block_49_186,0
neg_7975,PSEUDO_NEGATIVE,25.23438728069198,92.63786803322768,,block_50_185,0
neg_7976,PSEUDO_NEGATIVE,27.038037809888777,93.85385499134728,,block_54_187,0
neg_7977,PSEUDO_NEGATIVE,28.38455689198571,96.13949993292066,,block_56_192,0
neg_7978,PSEUDO_NEGATIVE,24.06042222747501,93.90651010593824,,block_48_187,0
neg_7979,PSEUDO_NEGATIVE,28.89920114065173,94.76247587403469,,block_57_189,0
neg_7980,PSEUDO_NEGATIVE,27.45334320825347,94.57874584241343,,block_54_189,0
neg_7981,PSEUDO_NEGATIVE,27.942864599416687,95.56990830029174,,block_55_191,0
neg_7982,PSEUDO_NEGATIVE,26.05031516902561,90.50420079258161,,block_52_181,0
neg_7983,PSEUDO_NEGATIVE,23.62017998720244,93.24002079376562,,block_47_186,0
neg_7984,PSEUDO_NEGATIVE,27.49734847972186,96.09419496643679,,block_54_192,0
neg_7985,PSEUDO_NEGATIVE,26.712767562444824,94.74057231432714,,block_53_189,0
neg_7986,PSEUDO_NEGATIVE,26.29367604507975,93.5988606952519,,block_52_187,0
neg_7987,PSEUDO_NEGATIVE,24.89661802802413,93.93799218611227,,block_49_187,0
neg_7988,PSEUDO_NEGATIVE,25.878033011593534,94.39000025337101,,block_51_188,0
neg_7989,PSEUDO_NEGATIVE,25.696320834988317,93.01224936119142,,block_51_186,0
neg_7990,PSEUDO_NEGATIVE,28.292769058118886,94.33787238885243,,block_56_188,0
neg_7991,PSEUDO_NEGATIVE,27.768845313739625,95.87878029969036,,block_55_191,0
neg_7992,PSEUDO_NEGATIVE,24.02296581897337,91.87705760351355,,block_48_183,0
neg_7993,PSEUDO_NEGATIVE,26.573406955274876,93.83403184590598,,block_53_187,0
neg_7994,PSEUDO_NEGATIVE,25.08965779705613,92.51584625786582,,block_50_185,0
neg_7995,PSEUDO_NEGATIVE,27.766056060007685,92.27640914923492,,block_55_184,0
neg_7996,PSEUDO_NEGATIVE,25.039166197588127,92.85610526530904,,block_50_185,0
neg_7997,PSEUDO_NEGATIVE,24.21482128404306,91.95188597490548,,block_48_183,0
neg_7998,PSEUDO_NEGATIVE,27.033935360870863,93.51804242158887,,block_54_187,0
neg_7999,PSEUDO_NEGATIVE,27.74408700423001,94.44607033695006,,block_55_188,0
neg_8000,PSEUDO_NEGATIVE,23.878662709080842,91.52023271927779,,block_47_183,0
neg_8001,PSEUDO_NEGATIVE,27.181448404246787,92.78654882990033,,block_54_185,0
neg_8002,PSEUDO_NEGATIVE,27.517239852404153,88.49115985612045,,block_55_176,0
neg_8003,PSEUDO_NEGATIVE,27.746395022608233,96.712397535646,,block_55_193,0
neg_8004,PSEUDO_NEGATIVE,24.53311353534428,94.38195639599334,,block_49_188,0
neg_8005,PSEUDO_NEGATIVE,28.75785459902307,94.07906388526223,,block_57_188,0
neg_8006,PSEUDO_NEGATIVE,29.189546843102356,95.55403725463582,,block_58_191,0
neg_8007,PSEUDO_NEGATIVE,27.975614500909806,93.73962568972445,,block_55_187,0
neg_8008,PSEUDO_NEGATIVE,27.193160466898497,92.76996361705685,,block_54_185,0
neg_8009,PSEUDO_NEGATIVE,24.672433875422254,93.7265779545173,,block_49_187,0
neg_8010,PSEUDO_NEGATIVE,26.477337532934087,90.44623050360188,,block_52_180,0
neg_8011,PSEUDO_NEGATIVE,27.00831452519065,95.08072515465378,,block_54_190,0
neg_8012,PSEUDO_NEGATIVE,25.459966372734065,94.49057496377746,,block_50_188,0
neg_8013,PSEUDO_NEGATIVE,26.996793155222427,92.39070785890047,,block_53_184,0
neg_8014,PSEUDO_NEGATIVE,25.392508554013812,91.55777944242814,,block_50_183,0
neg_8015,PSEUDO_NEGATIVE,27.17836671563308,94.19256038003809,,block_54_188,0
neg_8016,PSEUDO_NEGATIVE,27.44344086699263,93.82795103571667,,block_54_187,0
neg_8017,PSEUDO_NEGATIVE,25.78044279713276,91.70975589494999,,block_51_183,0
neg_8018,PSEUDO_NEGATIVE,28.698365726864854,95.87367575432559,,block_57_191,0
neg_8019,PSEUDO_NEGATIVE,27.429491551069965,94.57504069458503,,block_54_189,0
neg_8020,PSEUDO_NEGATIVE,28.94014491493615,96.50898559246843,,block_57_193,0
neg_8021,PSEUDO_NEGATIVE,28.37571964730732,93.39229276864053,,block_56_186,0
neg_8022,PSEUDO_NEGATIVE,28.18477754388481,94.5891401227375,,block_56_189,0
neg_8023,PSEUDO_NEGATIVE,24.00858750809532,93.07960747506144,,block_48_186,0
neg_8024,PSEUDO_NEGATIVE,26.368799606733432,90.76949706868932,,block_52_181,0
neg_8025,PSEUDO_NEGATIVE,22.76919502156583,92.53687377424787,,block_45_185,0
neg_8026,PSEUDO_NEGATIVE,24.02296419337678,91.54795634387592,,block_48_183,0
neg_8027,PSEUDO_NEGATIVE,26.752355479380263,93.19261438020142,,block_53_186,0
neg_8028,PSEUDO_NEGATIVE,27.360434755180947,92.15800230729312,,block_54_184,0
neg_8029,PSEUDO_NEGATIVE,25.534147323635153,92.62946019799092,,block_51_185,0
neg_8030,PSEUDO_NEGATIVE,28.29973644145913,94.98082356756522,,block_56_189,0
neg_8031,PSEUDO_NEGATIVE,23.889544980107573,92.04634869107144,,block_47_184,0
neg_8032,PSEUDO_NEGATIVE,26.278269619075473,95.00406406658931,,block_52_190,0
neg_8033,PSEUDO_NEGATIVE,28.79474288930653,96.42907337042993,,block_57_192,0
neg_8034,PSEUDO_NEGATIVE,27.29166400522287,93.99084656944723,,block_54_187,0
neg_8035,PSEUDO_NEGATIVE,28.308781535218017,95.35127519292776,,block_56_190,0
neg_8036,PSEUDO_NEGATIVE,28.597088664193826,93.58450063746103,,block_57_187,0
neg_8037,PSEUDO_NEGATIVE,23.646343261064185,92.5285553584039,,block_47_185,0
neg_8038,PSEUDO_NEGATIVE,25.416169177623757,93.33769375000196,,block_50_186,0
neg_8039,PSEUDO_NEGATIVE,25.464638175788593,91.75170761302617,,block_50_183,0
neg_8040,PSEUDO_NEGATIVE,28.30013424571177,95.22261923490161,,block_56_190,0
neg_8041,PSEUDO_NEGATIVE,26.665928483977645,90.45484498852859,,block_53_180,0
neg_8042,PSEUDO_NEGATIVE,25.982472958504758,94.0548179518442,,block_51_188,0
neg_8043,PSEUDO_NEGATIVE,26.32637740318238,90.37584842624698,,block_52_180,0
neg_8044,PSEUDO_NEGATIVE,29.08543994497802,94.30832395922698,,block_58_188,0
neg_8045,PSEUDO_NEGATIVE,27.925762019439993,96.59518060980372,,block_55_193,0
neg_8046,PSEUDO_NEGATIVE,28.679597738213072,94.24538997306908,,block_57_188,0
neg_8047,PSEUDO_NEGATIVE,26.695584055585247,95.38972938918239,,block_53_190,0
neg_8048,PSEUDO_NEGATIVE,27.591596064901534,92.07353110091188,,block_55_184,0
neg_8049,PSEUDO_NEGATIVE,27.07148274648152,95.74928035965084,,block_54_191,0
neg_8050,PSEUDO_NEGATIVE,25.66886370626856,92.68519179603163,,block_51_185,0
neg_8051,PSEUDO_NEGATIVE,23.694967430750854,92.80738212861449,,block_47_185,0
neg_8052,PSEUDO_NEGATIVE,25.319591975462643,92.08781625067394,,block_50_184,0
neg_8053,PSEUDO_NEGATIVE,23.992796808361664,92.92603797427653,,block_47_185,0
neg_8054,PSEUDO_NEGATIVE,28.038762518852764,94.73447899559528,,block_56_189,0
neg_8055,PSEUDO_NEGATIVE,29.012783855942416,95.45514198552776,,block_58_190,0
neg_8056,PSEUDO_NEGATIVE,24.065703454633706,93.45804479734235,,block_48_186,0
neg_8057,PSEUDO_NEGATIVE,27.188376610142594,94.37205919879497,,block_54_188,0
neg_8058,PSEUDO_NEGATIVE,25.650569325375628,93.9437965493394,,block_51_187,0
neg_8059,PSEUDO_NEGATIVE,26.45456240811746,91.54125524992358,,block_52_183,0
neg_8060,PSEUDO_NEGATIVE,28.221880531139846,96.20031076296854,,block_56_192,0
neg_8061,PSEUDO_NEGATIVE,28.361105591811953,96.87928823677993,,block_56_193,0
neg_8062,PSEUDO_NEGATIVE,23.964723065059193,92.86539853518079,,block_47_185,0
neg_8063,PSEUDO_NEGATIVE,23.942511973704228,91.8456292474793,,block_47_183,0
neg_8064,PSEUDO_NEGATIVE,27.988993479705844,95.75519094456385,,block_55_191,0
neg_8065,PSEUDO_NEGATIVE,25.954383624865553,93.3025185127823,,block_51_186,0
neg_8066,PSEUDO_NEGATIVE,23.56735528011362,91.34610332667134,,block_47_182,0
neg_8067,PSEUDO_NEGATIVE,25.080096521155554,92.66504373092447,,block_50_185,0
neg_8068,PSEUDO_NEGATIVE,25.825349053886463,89.83426699023859,,block_51_179,0
neg_8069,PSEUDO_NEGATIVE,28.958494882103324,95.63579182284822,,block_57_191,0
neg_8070,PSEUDO_NEGATIVE,26.070632412736714,90.56612544009192,,block_52_181,0
neg_8071,PSEUDO_NEGATIVE,24.75702797997824,93.87081169932645,,block_49_187,0
neg_8072,PSEUDO_NEGATIVE,27.901973439404586,96.07330733056719,,block_55_192,0
neg_8073,PSEUDO_NEGATIVE,25.83493761465294,93.5839732301317,,block_51_187,0
neg_8074,PSEUDO_NEGATIVE,26.981055637832757,93.08448461145099,,block_53_186,0
neg_8075,PSEUDO_NEGATIVE,26.214664525768733,94.83310615403568,,block_52_189,0
neg_8076,PSEUDO_NEGATIVE,27.4392980495829,96.65014220286585,,block_54_193,0
neg_8077,PSEUDO_NEGATIVE,26.81535927202533,92.2058249006426,,block_53_184,0
neg_8078,PSEUDO_NEGATIVE,28.178423366317723,94.25660984596368,,block_56_188,0
neg_8079,PSEUDO_NEGATIVE,25.980569288574436,94.27001791862438,,block_51_188,0
neg_8080,PSEUDO_NEGATIVE,27.43512454214417,95.95944156575187,,block_54_191,0
neg_8081,PSEUDO_NEGATIVE,29.15121507895992,95.96496881137162,,block_58_191,0
neg_8082,PSEUDO_NEGATIVE,27.145928746012007,93.57070786600333,,block_54_187,0
neg_8083,PSEUDO_NEGATIVE,25.795704644671787,92.97178858249421,,block_51_185,0
neg_8084,PSEUDO_NEGATIVE,23.154068337915433,92.94796154007246,,block_46_185,0
neg_8085,PSEUDO_NEGATIVE,28.82610829248338,95.72227042459726,,block_57_191,0
neg_8086,PSEUDO_NEGATIVE,23.649234637693215,91.8317080882202,,block_47_183,0
neg_8087,PSEUDO_NEGATIVE,28.347631874313656,94.237760839209,,block_56_188,0
neg_8088,PSEUDO_NEGATIVE,29.15166387395467,96.24050572311438,,block_58_192,0
neg_8089,PSEUDO_NEGATIVE,28.736322161032547,95.40351791584366,,block_57_190,0
neg_8090,PSEUDO_NEGATIVE,25.683426919526323,93.39307177500133,,block_51_186,0
neg_8091,PSEUDO_NEGATIVE,25.345652641748423,93.7380669546562,,block_50_187,0
neg_8092,PSEUDO_NEGATIVE,24.572342712006662,94.025919233984,,block_49_188,0
neg_8093,PSEUDO_NEGATIVE,28.491171404357097,93.4040440033728,,block_56_186,0
neg_8094,PSEUDO_NEGATIVE,26.97481201581459,94.6567555511636,,block_53_189,0
neg_8095,PSEUDO_NEGATIVE,27.969738040359886,95.78772838692258,,block_55_191,0
neg_8096,PSEUDO_NEGATIVE,25.52405352278796,90.33397415179277,,block_51_180,0
neg_8097,PSEUDO_NEGATIVE,24.06163066313623,94.13048705056312,,block_48_188,0
neg_8098,PSEUDO_NEGATIVE,28.217031922601535,97.22873200875671,,block_56_194,0
neg_8099,PSEUDO_NEGATIVE,28.03663858161177,95.55529693840509,,block_56_191,0
neg_8100,PSEUDO_NEGATIVE,26.765844751991807,92.4634342449477,,block_53_184,0
neg_8101,PSEUDO_NEGATIVE,27.717548312485302,92.28582961273452,,block_55_184,0
neg_8102,PSEUDO_NEGATIVE,23.057854893623947,93.03300024356383,,block_46_186,0
neg_8103,PSEUDO_NEGATIVE,27.28840000841006,92.30706457772682,,block_54_184,0
neg_8104,PSEUDO_NEGATIVE,27.845333415956432,96.47874804210365,,block_55_192,0
neg_8105,PSEUDO_NEGATIVE,26.286424273334827,93.41015498435424,,block_52_186,0
neg_8106,PSEUDO_NEGATIVE,25.772889265266326,93.69111173709857,,block_51_187,0
neg_8107,PSEUDO_NEGATIVE,24.704009950596003,94.30107543288224,,block_49_188,0
neg_8108,PSEUDO_NEGATIVE,26.441237617475124,90.95063892540993,,block_52_181,0
neg_8109,PSEUDO_NEGATIVE,26.202095394330108,92.3881147354912,,block_52_184,0
neg_8110,PSEUDO_NEGATIVE,28.846669219968625,95.17259630281532,,block_57_190,0
neg_8111,PSEUDO_NEGATIVE,27.565452715978918,92.31471996966755,,block_55_184,0
neg_8112,PSEUDO_NEGATIVE,27.805337400804948,88.39599704716898,,block_55_176,0
neg_8113,PSEUDO_NEGATIVE,26.061387569985886,91.37888197566794,,block_52_182,0
neg_8114,PSEUDO_NEGATIVE,25.362268772190003,92.81346727953525,,block_50_185,0
neg_8115,PSEUDO_NEGATIVE,25.2792450245043,90.38814296150244,,block_50_180,0
neg_8116,PSEUDO_NEGATIVE,26.4016210551164,89.9633202835496,,block_52_179,0
neg_8117,PSEUDO_NEGATIVE,28.488986791722027,94.41769218010346,,block_56_188,0
neg_8118,PSEUDO_NEGATIVE,27.500273346153175,93.36308880300352,,block_55_186,0
neg_8119,PSEUDO_NEGATIVE,26.00832335275593,90.76518045700315,,block_52_181,0
neg_8120,PSEUDO_NEGATIVE,27.651574273953695,94.86778412987474,,block_55_189,0
neg_8121,PSEUDO_NEGATIVE,27.573109735121545,96.32500374830708,,block_55_192,0
neg_8122,PSEUDO_NEGATIVE,26.253370357916936,92.8934705205998,,block_52_185,0
neg_8123,PSEUDO_NEGATIVE,26.68566353864396,92.02146101901543,,block_53_184,0
neg_8124,PSEUDO_NEGATIVE,25.848599051781072,93.90374861874949,,block_51_187,0
neg_8125,PSEUDO_NEGATIVE,28.237096154444533,95.32044623594777,,block_56_190,0
neg_8126,PSEUDO_NEGATIVE,26.723674395718003,90.00179225052594,,block_53_180,0
neg_8127,PSEUDO_NEGATIVE,26.61373990189054,91.86161155066527,,block_53_183,0
neg_8128,PSEUDO_NEGATIVE,27.542514688198423,92.63396948148663,,block_55_185,0
neg_8129,PSEUDO_NEGATIVE,29.221403031389023,95.98790236250967,,block_58_191,0
neg_8130,PSEUDO_NEGATIVE,26.269934680338384,90.45289261767738,,block_52_180,0
neg_8131,PSEUDO_NEGATIVE,27.114382530491866,94.75322720289557,,block_54_189,0
neg_8132,PSEUDO_NEGATIVE,26.02455655125625,92.43010128883225,,block_52_184,0
neg_8133,PSEUDO_NEGATIVE,28.930708202451317,96.10476889628418,,block_57_192,0
neg_8134,PSEUDO_NEGATIVE,28.153566043760247,96.81848320537176,,block_56_193,0
neg_8135,PSEUDO_NEGATIVE,26.02625277656996,90.11647145188542,,block_52_180,0
neg_8136,PSEUDO_NEGATIVE,25.946362913413374,94.24003091075514,,block_51_188,0
neg_8137,PSEUDO_NEGATIVE,26.429035360735632,90.6264038543408,,block_52_181,0
neg_8138,PSEUDO_NEGATIVE,25.86085932564392,92.49746555663869,,block_51_184,0
neg_8139,PSEUDO_NEGATIVE,26.523209963971993,91.5684802291551,,block_53_183,0
neg_8140,PSEUDO_NEGATIVE,25.63312805400248,92.77045492481871,,block_51_185,0
neg_8141,PSEUDO_NEGATIVE,28.34718702093511,96.69527607815614,,block_56_193,0
neg_8142,PSEUDO_NEGATIVE,25.030431751594058,92.48827775243304,,block_50_184,0
neg_8143,PSEUDO_NEGATIVE,27.26857470887574,95.77601271433774,,block_54_191,0
neg_8144,PSEUDO_NEGATIVE,26.683635793863147,94.57125806841294,,block_53_189,0
neg_8145,PSEUDO_NEGATIVE,22.55984733790619,92.71196002795202,,block_45_185,0
neg_8146,PSEUDO_NEGATIVE,26.796183444477542,91.69446920155914,,block_53_183,0
neg_8147,PSEUDO_NEGATIVE,28.945602682562857,94.16994232488315,,block_57_188,0
neg_8148,PSEUDO_NEGATIVE,24.72629272595521,92.62157389808067,,block_49_185,0
neg_8149,PSEUDO_NEGATIVE,25.61134552159388,93.49126416733667,,block_51_186,0
neg_8150,PSEUDO_NEGATIVE,26.519927613167468,93.80589146590937,,block_53_187,0
neg_8151,PSEUDO_NEGATIVE,27.622287993397165,96.68759008221487,,block_55_193,0
neg_8152,PSEUDO_NEGATIVE,27.39970476240854,95.98308905201925,,block_54_191,0
neg_8153,PSEUDO_NEGATIVE,26.692431923548583,92.93457318804703,,block_53_185,0
neg_8154,PSEUDO_NEGATIVE,24.13893888422742,93.52888971777642,,block_48_187,0
neg_8155,PSEUDO_NEGATIVE,28.353368301900396,93.90799627781925,,block_56_187,0
neg_8156,PSEUDO_NEGATIVE,28.53508933328062,94.48554639512622,,block_57_188,0
neg_8157,PSEUDO_NEGATIVE,26.486073850167408,92.90097168147562,,block_52_185,0
neg_8158,PSEUDO_NEGATIVE,25.806151643600412,94.62101386170882,,block_51_189,0
neg_8159,PSEUDO_NEGATIVE,28.292811701383606,96.55793039775719,,block_56_193,0
neg_8160,PSEUDO_NEGATIVE,25.67124590018529,90.74638196365002,,block_51_181,0
neg_8161,PSEUDO_NEGATIVE,25.288090502955857,94.25334269385438,,block_50_188,0
neg_8162,PSEUDO_NEGATIVE,24.8103561459687,92.52096900806163,,block_49_185,0
neg_8163,PSEUDO_NEGATIVE,26.214196048091104,90.3443858245522,,block_52_180,0
neg_8164,PSEUDO_NEGATIVE,24.601051234649606,93.08109223698008,,block_49_186,0
neg_8165,PSEUDO_NEGATIVE,27.963512305966802,94.84495793038923,,block_55_189,0
neg_8166,PSEUDO_NEGATIVE,25.76244385387398,93.1949912831382,,block_51_186,0
neg_8167,PSEUDO_NEGATIVE,27.37265735872343,93.40853644619972,,block_54_186,0
neg_8168,PSEUDO_NEGATIVE,25.230557626634486,90.59160010710893,,block_50_181,0
neg_8169,PSEUDO_NEGATIVE,29.379798674530726,95.9056136963745,,block_58_191,0
neg_8170,PSEUDO_NEGATIVE,25.36223885551075,91.46737716807361,,block_50_182,0
neg_8171,PSEUDO_NEGATIVE,24.45179730678725,94.32455073391537,,block_48_188,0
neg_8172,PSEUDO_NEGATIVE,27.85183201014001,91.63677366640567,,block_55_183,0
neg_8173,PSEUDO_NEGATIVE,26.929832694817616,95.34922420482329,,block_53_190,0
neg_8174,PSEUDO_NEGATIVE,25.844562879734863,94.82761285537904,,block_51_189,0
neg_8175,PSEUDO_NEGATIVE,27.83708358310641,96.23184865997914,,block_55_192,0
neg_8176,PSEUDO_NEGATIVE,27.683087526862096,91.74003187504645,,block_55_183,0
neg_8177,PSEUDO_NEGATIVE,25.419124940722266,93.09420219257322,,block_50_186,0
neg_8178,PSEUDO_NEGATIVE,26.39584502903561,91.0939322303343,,block_52_182,0
neg_8179,PSEUDO_NEGATIVE,26.942908342305348,92.9199031048795,,block_53_185,0
neg_8180,PSEUDO_NEGATIVE,25.30221111851168,90.45269044879376,,block_50_180,0
neg_8181,PSEUDO_NEGATIVE,26.342585890534146,94.40313599356745,,block_52_188,0
neg_8182,PSEUDO_NEGATIVE,25.109263372731775,92.56837760681661,,block_50_185,0
neg_8183,PSEUDO_NEGATIVE,25.48812724928069,94.34982048278847,,block_50_188,0
neg_8184,PSEUDO_NEGATIVE,25.897313252354685,92.04354367886391,,block_51_184,0
neg_8185,PSEUDO_NEGATIVE,27.21646077509036,94.26489470196056,,block_54_188,0
neg_8186,PSEUDO_NEGATIVE,27.867128813618457,93.24106049236173,,block_55_186,0
neg_8187,PSEUDO_NEGATIVE,22.57976413073549,93.10623741894388,,block_45_186,0
neg_8188,PSEUDO_NEGATIVE,27.0559015568653,95.2261151430507,,block_54_190,0
neg_8189,PSEUDO_NEGATIVE,25.62344788251648,90.55525624309806,,block_51_181,0
neg_8190,PSEUDO_NEGATIVE,26.572574207223624,91.79550410155323,,block_53_183,0
neg_8191,PSEUDO_NEGATIVE,26.907276421494675,94.54077218435624,,block_53_189,0
neg_8192,PSEUDO_NEGATIVE,23.30106376719732,91.61878466059055,,block_46_183,0
neg_8193,PSEUDO_NEGATIVE,26.999732268661003,93.52542358946155,,block_53_187,0
neg_8194,PSEUDO_NEGATIVE,24.542077312614783,93.88105289467433,,block_49_187,0
neg_8195,PSEUDO_NEGATIVE,28.045001741497934,93.03877163658369,,block_56_186,0
neg_8196,PSEUDO_NEGATIVE,24.145754989621143,92.37486244655511,,block_48_184,0
neg_8197,PSEUDO_NEGATIVE,27.85738434177104,94.68355469074358,,block_55_189,0
neg_8198,PSEUDO_NEGATIVE,27.959791289125317,88.37767709095337,,block_55_176,0
neg_8199,PSEUDO_NEGATIVE,23.98384185055131,93.47004921649767,,block_47_186,0
neg_8200,PSEUDO_NEGATIVE,25.750250189279384,94.61077707599966,,block_51_189,0
neg_8201,PSEUDO_NEGATIVE,24.169083421161446,92.19188384092735,,block_48_184,0
neg_8202,PSEUDO_NEGATIVE,28.79845376312712,96.18612037326895,,block_57_192,0
neg_8203,PSEUDO_NEGATIVE,27.16534810619236,92.98808944977772,,block_54_185,0
neg_8204,PSEUDO_NEGATIVE,25.986006202033074,94.67788838882942,,block_51_189,0
neg_8205,PSEUDO_NEGATIVE,26.61682107119806,90.04102056641692,,block_53_180,0
neg_8206,PSEUDO_NEGATIVE,23.53247852901929,91.79724452521249,,block_47_183,0
neg_8207,PSEUDO_NEGATIVE,27.79681822855497,94.8954736447114,,block_55_189,0
neg_8208,PSEUDO_NEGATIVE,26.37814027900569,90.02328508804658,,block_52_180,0
neg_8209,PSEUDO_NEGATIVE,27.157860667675273,92.83232379278279,,block_54_185,0
neg_8210,PSEUDO_NEGATIVE,24.193438186156342,93.0875580679977,,block_48_186,0
neg_8211,PSEUDO_NEGATIVE,26.08551104128798,90.04198923173567,,block_52_180,0
neg_8212,PSEUDO_NEGATIVE,27.90280951385046,95.43225748809861,,block_55_190,0
neg_8213,PSEUDO_NEGATIVE,22.903347610129966,92.6442705198176,,block_45_185,0
neg_8214,PSEUDO_NEGATIVE,26.039061309029123,94.67223787403074,,block_52_189,0
neg_8215,PSEUDO_NEGATIVE,26.881698230944583,90.42778821095484,,block_53_180,0
neg_8216,PSEUDO_NEGATIVE,23.199508965096097,93.05006680001902,,block_46_186,0
neg_8217,PSEUDO_NEGATIVE,28.309395042142246,94.58370320759458,,block_56_189,0
neg_8218,PSEUDO_NEGATIVE,26.980022650117093,95.61843845654202,,block_53_191,0
neg_8219,PSEUDO_NEGATIVE,24.938541604870377,94.10353521690026,,block_49_188,0
neg_8220,PSEUDO_NEGATIVE,23.276733808978943,91.54050441886066,,block_46_183,0
neg_8221,PSEUDO_NEGATIVE,26.395278768196665,90.64362927686072,,block_52_181,0
neg_8222,PSEUDO_NEGATIVE,27.838154699243987,95.5555141465778,,block_55_191,0
neg_8223,PSEUDO_NEGATIVE,28.447024460305457,93.35238382379445,,block_56_186,0
neg_8224,PSEUDO_NEGATIVE,28.976347358442545,94.87604959701113,,block_57_189,0
neg_8225,PSEUDO_NEGATIVE,25.514025218465044,93.42159077131357,,block_51_186,0
neg_8226,PSEUDO_NEGATIVE,26.88646108689217,95.26982113666527,,block_53_190,0
neg_8227,PSEUDO_NEGATIVE,26.943033678018768,95.72050296468,,block_53_191,0
neg_8228,PSEUDO_NEGATIVE,25.833876748191376,90.08385194374877,,block_51_180,0
neg_8229,PSEUDO_NEGATIVE,25.619943219656918,91.91120868678351,,block_51_183,0
neg_8230,PSEUDO_NEGATIVE,28.73761583462074,94.25550240784143,,block_57_188,0
neg_8231,PSEUDO_NEGATIVE,27.967618925770715,95.14169371958306,,block_55_190,0
neg_8232,PSEUDO_NEGATIVE,28.362073399182563,96.51353620693408,,block_56_193,0
neg_8233,PSEUDO_NEGATIVE,28.226535925363347,94.60995620423728,,block_56_189,0
neg_8234,PSEUDO_NEGATIVE,27.171160298321034,92.03189467260846,,block_54_184,0
neg_8235,PSEUDO_NEGATIVE,26.73860087390858,93.7568874917691,,block_53_187,0
neg_8236,PSEUDO_NEGATIVE,25.527050959386,90.56794044090515,,block_51_181,0
neg_8237,PSEUDO_NEGATIVE,25.400425847660845,91.93463082786637,,block_50_183,0
neg_8238,PSEUDO_NEGATIVE,28.013508846926403,97.0636237293867,,block_56_194,0
neg_8239,PSEUDO_NEGATIVE,28.868371698558537,95.1854326059245,,block_57_190,0
neg_8240,PSEUDO_NEGATIVE,27.862755435110586,96.97905876499658,,block_55_193,0
neg_8241,PSEUDO_NEGATIVE,23.844477838621142,91.31954406556679,,block_47_182,0
neg_8242,PSEUDO_NEGATIVE,26.597933114099053,93.26915261450318,,block_53_186,0
neg_8243,PSEUDO_NEGATIVE,25.98066778548565,90.1328582489787,,block_51_180,0
neg_8244,PSEUDO_NEGATIVE,22.593409703145937,93.10348414975945,,block_45_186,0
neg_8245,PSEUDO_NEGATIVE,26.51786494526446,90.80438263749652,,block_53_181,0
neg_8246,PSEUDO_NEGATIVE,28.11689187535088,94.25352355666425,,block_56_188,0
neg_8247,PSEUDO_NEGATIVE,26.163131428717307,93.50561803147474,,block_52_187,0
neg_8248,PSEUDO_NEGATIVE,27.655399496151194,95.86186265729225,,block_55_191,0
neg_8249,PSEUDO_NEGATIVE,24.6115724829404,93.77362863677757,,block_49_187,0
neg_8250,PSEUDO_NEGATIVE,27.79263348664132,96.58229732155138,,block_55_193,0
neg_8251,PSEUDO_NEGATIVE,26.629686055485095,92.41558723783284,,block_53_184,0
neg_8252,PSEUDO_NEGATIVE,28.241141284479486,97.27865653430632,,block_56_194,0
neg_8253,PSEUDO_NEGATIVE,28.46932340269302,96.0800737572161,,block_56_192,0
neg_8254,PSEUDO_NEGATIVE,28.450224546676857,95.31725405082345,,block_56_190,0
neg_8255,PSEUDO_NEGATIVE,28.907804945692185,95.57124844450598,,block_57_191,0
neg_8256,PSEUDO_NEGATIVE,23.99170034028105,93.24414653066545,,block_47_186,0
neg_8257,PSEUDO_NEGATIVE,23.859179189044443,92.24644977226397,,block_47_184,0
neg_8258,PSEUDO_NEGATIVE,27.17403992607202,96.95039501360894,,block_54_193,0
neg_8259,PSEUDO_NEGATIVE,25.307525192501068,91.28846227253457,,block_50_182,0
neg_8260,PSEUDO_NEGATIVE,27.508407817889516,92.75889354648011,,block_55_185,0
neg_8261,PSEUDO_NEGATIVE,28.797327102160907,95.6072123522435,,block_57_191,0
neg_8262,PSEUDO_NEGATIVE,25.860976210961333,93.73190698489557,,block_51_187,0
neg_8263,PSEUDO_NEGATIVE,28.47952764159095,93.31684319340579,,block_56_186,0
neg_8264,PSEUDO_NEGATIVE,23.787264172280764,92.0051434457003,,block_47_184,0
neg_8265,PSEUDO_NEGATIVE,28.911220786155905,95.10996517134748,,block_57_190,0
neg_8266,PSEUDO_NEGATIVE,27.527035447011876,95.03699806986819,,block_55_190,0
neg_8267,PSEUDO_NEGATIVE,24.43860685779785,92.60024051530075,,block_48_185,0
neg_8268,PSEUDO_NEGATIVE,27.300923236647698,93.7142245602197,,block_54_187,0
neg_8269,PSEUDO_NEGATIVE,26.596773857830335,93.35833205908509,,block_53_186,0
neg_8270,PSEUDO_NEGATIVE,27.768964027860143,96.56159585768,,block_55_193,0
neg_8271,PSEUDO_NEGATIVE,25.947712999137753,92.80555429854826,,block_51_185,0
neg_8272,PSEUDO_NEGATIVE,27.740244986632916,96.31247578648284,,block_55_192,0
neg_8273,PSEUDO_NEGATIVE,24.69642723238461,93.87426040872937,,block_49_187,0
neg_8274,PSEUDO_NEGATIVE,28.334559375610606,95.4630937223095,,block_56_190,0
neg_8275,PSEUDO_NEGATIVE,26.051887627910872,90.93536029177619,,block_52_181,0
neg_8276,PSEUDO_NEGATIVE,28.104422947142783,95.49743199976879,,block_56_190,0
neg_8277,PSEUDO_NEGATIVE,26.61341440702481,93.6359270415514,,block_53_187,0
neg_8278,PSEUDO_NEGATIVE,26.34806607847737,92.42041795753153,,block_52_184,0
neg_8279,PSEUDO_NEGATIVE,27.207133809195987,92.72158399568475,,block_54_185,0
neg_8280,PSEUDO_NEGATIVE,27.906412264323656,95.56400831776138,,block_55_191,0
neg_8281,PSEUDO_NEGATIVE,28.02308741892063,96.08351459209457,,block_56_192,0
neg_8282,PSEUDO_NEGATIVE,26.9445972332775,94.10092063379196,,block_53_188,0
neg_8283,PSEUDO_NEGATIVE,28.27548739184083,93.09938857158316,,block_56_186,0
neg_8284,PSEUDO_NEGATIVE,26.44050908595178,93.6129717114882,,block_52_187,0
neg_8285,PSEUDO_NEGATIVE,24.260334556092236,92.85256342791943,,block_48_185,0
neg_8286,PSEUDO_NEGATIVE,26.769646784164568,90.77148951462073,,block_53_181,0
neg_8287,PSEUDO_NEGATIVE,28.240003254337537,96.39499651507737,,block_56_192,0
neg_8288,PSEUDO_NEGATIVE,26.640319476221602,93.52113522347034,,block_53_187,0
neg_8289,PSEUDO_NEGATIVE,22.633137963020513,93.09837754609622,,block_45_186,0
neg_8290,PSEUDO_NEGATIVE,27.19663486491642,93.23195678191139,,block_54_186,0
neg_8291,PSEUDO_NEGATIVE,26.395573082360063,91.5438702913858,,block_52_183,0
neg_8292,PSEUDO_NEGATIVE,25.791218296475563,93.13269454431011,,block_51_186,0
neg_8293,PSEUDO_NEGATIVE,27.08853136774616,92.85175459853725,,block_54_185,0
neg_8294,PSEUDO_NEGATIVE,28.489532201309302,93.71378359880244,,block_56_187,0
neg_8295,PSEUDO_NEGATIVE,26.73353900526553,94.33841474740728,,block_53_188,0
neg_8296,PSEUDO_NEGATIVE,25.52824490115081,90.87454083760656,,block_51_181,0
neg_8297,PSEUDO_NEGATIVE,28.062057666265293,96.73945150314046,,block_56_193,0
neg_8298,PSEUDO_NEGATIVE,27.551948932868328,91.68044169108424,,block_55_183,0
neg_8299,PSEUDO_NEGATIVE,22.843440959434517,92.73484636728708,,block_45_185,0
neg_8300,PSEUDO_NEGATIVE,27.703854842005352,94.16556826731245,,block_55_188,0
neg_8301,PSEUDO_NEGATIVE,27.756149514369767,93.80096213011849,,block_55_187,0
neg_8302,PSEUDO_NEGATIVE,26.605518616894287,91.1118644131709,,block_53_182,0
neg_8303,PSEUDO_NEGATIVE,26.718324498708583,94.60020261467422,,block_53_189,0
neg_8304,PSEUDO_NEGATIVE,24.681796198729845,92.76039280536867,,block_49_185,0
neg_8305,PSEUDO_NEGATIVE,25.440844456259292,90.1898718976479,,block_50_180,0
neg_8306,PSEUDO_NEGATIVE,27.716982602780803,93.59631007906745,,block_55_187,0
neg_8307,PSEUDO_NEGATIVE,26.96625270207767,92.82059299014625,,block_53_185,0
neg_8308,PSEUDO_NEGATIVE,25.83245044463798,90.95504225559259,,block_51_181,0
neg_8309,PSEUDO_NEGATIVE,26.158305583497704,91.00484181780097,,block_52_182,0
neg_8310,PSEUDO_NEGATIVE,27.410801581120918,92.25045569966494,,block_54_184,0
neg_8311,PSEUDO_NEGATIVE,26.463068516777163,94.17437858786754,,block_52_188,0
neg_8312,PSEUDO_NEGATIVE,25.30428647854327,90.3356112608933,,block_50_180,0
neg_8313,PSEUDO_NEGATIVE,26.660741938386092,92.14008473160712,,block_53_184,0
neg_8314,PSEUDO_NEGATIVE,28.61748788389456,94.10182795677878,,block_57_188,0
neg_8315,PSEUDO_NEGATIVE,27.149511146664192,93.97188164863978,,block_54_187,0
neg_8316,PSEUDO_NEGATIVE,26.137032637124726,91.53851426637407,,block_52_183,0
neg_8317,PSEUDO_NEGATIVE,23.51570804376171,91.69582763379374,,block_47_183,0
neg_8318,PSEUDO_NEGATIVE,24.83344465763189,92.80678155330514,,block_49_185,0
neg_8319,PSEUDO_NEGATIVE,28.191340807720188,94.39984694190298,,block_56_188,0
neg_8320,PSEUDO_NEGATIVE,24.43514680196074,92.7248488785605,,block_48_185,0
neg_8321,PSEUDO_NEGATIVE,25.938857266036575,93.18576393143583,,block_51_186,0
neg_8322,PSEUDO_NEGATIVE,23.316554837316005,92.83383836451063,,block_46_185,0
neg_8323,PSEUDO_NEGATIVE,26.370776656614375,94.3123450118526,,block_52_188,0
neg_8324,PSEUDO_NEGATIVE,27.163315337149335,92.18206609804334,,block_54_184,0
neg_8325,PSEUDO_NEGATIVE,27.978600861042104,97.10055775738769,,block_55_194,0
neg_8326,PSEUDO_NEGATIVE,28.33262484444257,93.88391798841366,,block_56_187,0
neg_8327,PSEUDO_NEGATIVE,25.19543835555026,93.83278685092091,,block_50_187,0
neg_8328,PSEUDO_NEGATIVE,27.92023040542796,88.51487104756019,,block_55_177,0
neg_8329,PSEUDO_NEGATIVE,28.091439570366457,93.30863827148569,,block_56_186,0
neg_8330,PSEUDO_NEGATIVE,28.419712999746018,95.21240503940085,,block_56_190,0
neg_8331,PSEUDO_NEGATIVE,24.81185293003311,92.39483492161165,,block_49_184,0
neg_8332,PSEUDO_NEGATIVE,26.895302270684184,93.2703298183225,,block_53_186,0
neg_8333,PSEUDO_NEGATIVE,27.34845991327429,88.5631860501202,,block_54_177,0
neg_8334,PSEUDO_NEGATIVE,22.625730072480664,93.07970460320752,,block_45_186,0
neg_8335,PSEUDO_NEGATIVE,25.822796776474203,93.31245397587858,,block_51_186,0
neg_8336,PSEUDO_NEGATIVE,27.51394301886059,96.12353082845563,,block_55_192,0
neg_8337,PSEUDO_NEGATIVE,25.192678281884035,91.29857500851944,,block_50_182,0
neg_8338,PSEUDO_NEGATIVE,25.052537709201022,93.16214511486479,,block_50_186,0
neg_8339,PSEUDO_NEGATIVE,24.711375442895413,94.53895065084069,,block_49_189,0
neg_8340,PSEUDO_NEGATIVE,24.39236620955902,93.97879767298913,,block_48_187,0
neg_8341,PSEUDO_NEGATIVE,25.485084830395675,93.04584722015055,,block_50_186,0
neg_8342,PSEUDO_NEGATIVE,28.356520608959617,94.82535613261284,,block_56_189,0
neg_8343,PSEUDO_NEGATIVE,28.375733965901304,96.25469924180106,,block_56_192,0
neg_8344,PSEUDO_NEGATIVE,26.60826998091126,92.62147432368654,,block_53_185,0
neg_8345,PSEUDO_NEGATIVE,26.704259847516635,93.58714724798185,,block_53_187,0
neg_8346,PSEUDO_NEGATIVE,28.011865420973812,94.09369508532623,,block_56_188,0
neg_8347,PSEUDO_NEGATIVE,23.554264375847687,92.35121331163083,,block_47_184,0
neg_8348,PSEUDO_NEGATIVE,27.368217653564148,94.91044642309205,,block_54_189,0
neg_8349,PSEUDO_NEGATIVE,27.860977291709236,94.16285913459967,,block_55_188,0
neg_8350,PSEUDO_NEGATIVE,28.163752953014637,96.65423847333997,,block_56_193,0
neg_8351,PSEUDO_NEGATIVE,25.005269014437374,93.79163294283565,,block_50_187,0
neg_8352,PSEUDO_NEGATIVE,22.41173033297043,92.80042405786702,,block_44_185,0
neg_8353,PSEUDO_NEGATIVE,27.8666958245674,96.41478660360137,,block_55_192,0
neg_8354,PSEUDO_NEGATIVE,27.18255558106752,95.1036849950173,,block_54_190,0
neg_8355,PSEUDO_NEGATIVE,28.566039444135832,95.28199917613092,,block_57_190,0
neg_8356,PSEUDO_NEGATIVE,24.653212329156432,94.45091821390535,,block_49_188,0
neg_8357,PSEUDO_NEGATIVE,25.79412033647616,95.03757721705796,,block_51_190,0
neg_8358,PSEUDO_NEGATIVE,25.379671955211638,92.1858061250768,,block_50_184,0
neg_8359,PSEUDO_NEGATIVE,23.11677619038906,92.76648335505921,,block_46_185,0
neg_8360,PSEUDO_NEGATIVE,27.896697402029318,97.06737385850428,,block_55_194,0
neg_8361,PSEUDO_NEGATIVE,27.641039464771342,93.29868776036393,,block_55_186,0
neg_8362,PSEUDO_NEGATIVE,24.598105369387493,93.0411473054462,,block_49_186,0
neg_8363,PSEUDO_NEGATIVE,29.0591481850094,96.00073568432103,,block_58_192,0
neg_8364,PSEUDO_NEGATIVE,28.42112979693776,93.45697993979812,,block_56_186,0
neg_8365,PSEUDO_NEGATIVE,26.94879315310736,92.65187690473468,,block_53_185,0
neg_8366,PSEUDO_NEGATIVE,28.075217145170523,96.80111320985947,,block_56_193,0
neg_8367,PSEUDO_NEGATIVE,27.58826678473781,88.44152582681762,,block_55_176,0
neg_8368,PSEUDO_NEGATIVE,26.90293415200038,94.45680518469851,,block_53_188,0
neg_8369,PSEUDO_NEGATIVE,23.81331529539181,91.46432892903034,,block_47_182,0
neg_8370,PSEUDO_NEGATIVE,23.961278930794666,91.6880088149882,,block_47_183,0
neg_8371,PSEUDO_NEGATIVE,26.063533407600048,92.41377217336203,,block_52_184,0
neg_8372,PSEUDO_NEGATIVE,28.3780818193911,94.95733237210894,,block_56_189,0
neg_8373,PSEUDO_NEGATIVE,28.10339198440037,95.66930572313925,,block_56_191,0
neg_8374,PSEUDO_NEGATIVE,23.267119465640256,91.61374330608194,,block_46_183,0
neg_8375,PSEUDO_NEGATIVE,26.020470524332808,94.94002568014282,,block_52_189,0
neg_8376,PSEUDO_NEGATIVE,24.11337865448392,91.7048284213585,,block_48_183,0
neg_8377,PSEUDO_NEGATIVE,27.339392254198458,94.21211913518796,,block_54_188,0
neg_8378,PSEUDO_NEGATIVE,24.421771549615205,92.75982239494886,,block_48_185,0
neg_8379,PSEUDO_NEGATIVE,26.638542620734665,94.30969599620384,,block_53_188,0
neg_8380,PSEUDO_NEGATIVE,27.476605384348886,96.65890259602982,,block_54_193,0
neg_8381,PSEUDO_NEGATIVE,28.512108888182013,95.0318738440643,,block_57_190,0
neg_8382,PSEUDO_NEGATIVE,24.05242751518385,91.89812147604366,,block_48_183,0
neg_8383,PSEUDO_NEGATIVE,26.91715492489272,94.76981031792427,,block_53_189,0
neg_8384,PSEUDO_NEGATIVE,27.02416419501669,92.70578170899903,,block_54_185,0
neg_8385,PSEUDO_NEGATIVE,27.17197628260296,93.03236669459676,,block_54_186,0
neg_8386,PSEUDO_NEGATIVE,24.37733868347658,93.57882368634658,,block_48_187,0
neg_8387,PSEUDO_NEGATIVE,26.1496472497772,93.46612046889874,,block_52_186,0
neg_8388,PSEUDO_NEGATIVE,27.638494439923853,96.84045617214856,,block_55_193,0
neg_8389,PSEUDO_NEGATIVE,28.442121973393213,94.5463540109191,,block_56_189,0
neg_8390,PSEUDO_NEGATIVE,27.87860906508562,97.15362899141913,,block_55_194,0
neg_8391,PSEUDO_NEGATIVE,24.11319815846027,91.65545878329426,,block_48_183,0
neg_8392,PSEUDO_NEGATIVE,27.886656379794175,93.49476413566002,,block_55_186,0
neg_8393,PSEUDO_NEGATIVE,26.346283153223496,92.74833477779408,,block_52_185,0
neg_8394,PSEUDO_NEGATIVE,28.42147224925693,94.70552974356877,,block_56_189,0
neg_8395,PSEUDO_NEGATIVE,25.221416538507363,93.08799171843572,,block_50_186,0
neg_8396,PSEUDO_NEGATIVE,25.415787865180842,90.31661922526654,,block_50_180,0
neg_8397,PSEUDO_NEGATIVE,27.42899023129314,96.11481655353927,,block_54_192,0
neg_8398,PSEUDO_NEGATIVE,23.720730749205565,91.22983301156846,,block_47_182,0
neg_8399,PSEUDO_NEGATIVE,27.889383870684206,88.7546178340529,,block_55_177,0
neg_8400,PSEUDO_NEGATIVE,24.03370225288679,92.02816031689065,,block_48_184,0
neg_8401,PSEUDO_NEGATIVE,28.826588394677625,94.60844318279455,,block_57_189,0
neg_8402,PSEUDO_NEGATIVE,26.252419068228,94.98704768396361,,block_52_189,0
neg_8403,PSEUDO_NEGATIVE,28.414120043197666,95.45386691638824,,block_56_190,0
neg_8404,PSEUDO_NEGATIVE,27.339001047080128,93.39492043364235,,block_54_186,0
neg_8405,PSEUDO_NEGATIVE,26.018922815289816,91.04775536368777,,block_52_182,0
neg_8406,PSEUDO_NEGATIVE,23.6267417445047,92.36055293550821,,block_47_184,0
neg_8407,PSEUDO_NEGATIVE,26.650575452647548,90.25725244901953,,block_53_180,0
neg_8408,PSEUDO_NEGATIVE,28.017713433606268,93.13536697979146,,block_56_186,0
neg_8409,PSEUDO_NEGATIVE,27.9738585788217,93.54020953306973,,block_55_187,0
neg_8410,PSEUDO_NEGATIVE,24.625951480857175,92.33405130308503,,block_49_184,0
neg_8411,PSEUDO_NEGATIVE,27.55298756396123,96.76150729749719,,block_55_193,0
neg_8412,PSEUDO_NEGATIVE,28.867026399490314,94.04836346780445,,block_57_188,0
neg_8413,PSEUDO_NEGATIVE,27.26902154641443,95.60685088170712,,block_54_191,0
neg_8414,PSEUDO_NEGATIVE,27.783892447329585,96.05357891038305,,block_55_192,0
neg_8415,PSEUDO_NEGATIVE,28.70995607359411,96.46933614862279,,block_57_192,0
neg_8416,PSEUDO_NEGATIVE,25.467239277430213,94.46887873286262,,block_50_188,0
neg_8417,PSEUDO_NEGATIVE,26.703818796105658,94.95639704531662,,block_53_189,0
neg_8418,PSEUDO_NEGATIVE,22.482138490596416,92.85565475602914,,block_44_185,0
neg_8419,PSEUDO_NEGATIVE,25.756026995656814,93.4966575723723,,block_51_186,0
neg_8420,PSEUDO_NEGATIVE,26.80074061912297,93.28524296320997,,block_53_186,0
neg_8421,PSEUDO_NEGATIVE,28.423989660753662,95.73353233257723,,block_56_191,0
neg_8422,PSEUDO_NEGATIVE,25.777220645283993,93.28176133408948,,block_51_186,0
neg_8423,PSEUDO_NEGATIVE,27.4652863610471,93.97684760176678,,block_54_187,0
neg_8424,PSEUDO_NEGATIVE,26.046565986469094,90.50008838340995,,block_52_181,0
neg_8425,PSEUDO_NEGATIVE,26.164039212939173,91.40601353794011,,block_52_182,0
neg_8426,PSEUDO_NEGATIVE,24.024008230538485,91.93602698337966,,block_48_183,0
neg_8427,PSEUDO_NEGATIVE,27.11657251917576,92.4349041691068,,block_54_184,0
neg_8428,PSEUDO_NEGATIVE,28.593397580860433,93.42203832700757,,block_57_186,0
neg_8429,PSEUDO_NEGATIVE,28.037137491127407,96.52795275526373,,block_56_193,0
neg_8430,PSEUDO_NEGATIVE,28.0932440577022,95.7534872902604,,block_56_191,0
neg_8431,PSEUDO_NEGATIVE,26.633514277461856,91.35659272214417,,block_53_182,0
neg_8432,PSEUDO_NEGATIVE,25.772171628858374,91.91585196826685,,block_51_183,0
neg_8433,PSEUDO_NEGATIVE,28.24523089275472,93.06448860312159,,block_56_186,0
neg_8434,PSEUDO_NEGATIVE,28.30528300278572,94.12803017721991,,block_56_188,0
neg_8435,PSEUDO_NEGATIVE,23.555545008036407,91.23908099244764,,block_47_182,0
neg_8436,PSEUDO_NEGATIVE,25.281541630941366,92.76389318476414,,block_50_185,0
neg_8437,PSEUDO_NEGATIVE,26.407850704128265,91.83503519124453,,block_52_183,0
neg_8438,PSEUDO_NEGATIVE,24.22489569943781,91.98482314688326,,block_48_183,0
neg_8439,PSEUDO_NEGATIVE,24.736006551590826,94.2738112592724,,block_49_188,0
neg_8440,PSEUDO_NEGATIVE,27.171713532583112,95.5280767359087,,block_54_191,0
neg_8441,PSEUDO_NEGATIVE,28.65083572104181,93.52027907630358,,block_57_187,0
neg_8442,PSEUDO_NEGATIVE,26.426200031525816,90.8284199350611,,block_52_181,0
neg_8443,PSEUDO_NEGATIVE,26.89897599624158,94.70376876727981,,block_53_189,0
neg_8444,PSEUDO_NEGATIVE,25.253037713916473,92.91866064036861,,block_50_185,0
neg_8445,PSEUDO_NEGATIVE,27.948756463047847,93.6250247311742,,block_55_187,0
neg_8446,PSEUDO_NEGATIVE,27.062351826506323,93.97203637019723,,block_54_187,0
neg_8447,PSEUDO_NEGATIVE,23.577711209820535,91.33869097293808,,block_47_182,0
neg_8448,PSEUDO_NEGATIVE,28.097434307657277,96.87689821784105,,block_56_193,0
neg_8449,PSEUDO_NEGATIVE,27.727361580516714,94.81649142846766,,block_55_189,0
neg_8450,PSEUDO_NEGATIVE,27.56193300750612,88.19033226500454,,block_55_176,0
neg_8451,PSEUDO_NEGATIVE,24.420823872569244,92.8947833041756,,block_48_185,0
neg_8452,PSEUDO_NEGATIVE,25.853368062124304,94.63914725701075,,block_51_189,0
neg_8453,PSEUDO_NEGATIVE,25.80900016446156,93.15134590748264,,block_51_186,0
neg_8454,PSEUDO_NEGATIVE,25.242646586108354,90.40760494184404,,block_50_180,0
neg_8455,PSEUDO_NEGATIVE,28.62312664080175,95.28121773466091,,block_57_190,0
neg_8456,PSEUDO_NEGATIVE,27.60055022564505,93.54541070419418,,block_55_187,0
neg_8457,PSEUDO_NEGATIVE,25.18443049021745,91.48858712612784,,block_50_182,0
neg_8458,PSEUDO_NEGATIVE,27.162644408105937,92.96953540874871,,block_54_185,0
neg_8459,PSEUDO_NEGATIVE,26.73962384822979,95.13506662138732,,block_53_190,0
neg_8460,PSEUDO_NEGATIVE,29.235559646448234,95.87542231817842,,block_58_191,0
neg_8461,PSEUDO_NEGATIVE,24.070225192084223,92.332000446646,,block_48_184,0
neg_8462,PSEUDO_NEGATIVE,28.12451292992064,93.07532989414838,,block_56_186,0
neg_8463,PSEUDO_NEGATIVE,29.022512308227462,95.17361063287395,,block_58_190,0
neg_8464,PSEUDO_NEGATIVE,26.37722846563109,93.56110545282624,,block_52_187,0
neg_8465,PSEUDO_NEGATIVE,25.33583745543308,94.5935226100138,,block_50_189,0
neg_8466,PSEUDO_NEGATIVE,23.750957447259776,93.29671293697677,,block_47_186,0
neg_8467,PSEUDO_NEGATIVE,25.743628682778578,92.2465263874395,,block_51_184,0
neg_8468,PSEUDO_NEGATIVE,27.65700121058974,96.85931669059636,,block_55_193,0
neg_8469,PSEUDO_NEGATIVE,27.3695444729276,92.70937902844254,,block_54_185,0
neg_8470,PSEUDO_NEGATIVE,26.436494400976752,92.57113767081535,,block_52_185,0
neg_8471,PSEUDO_NEGATIVE,27.19001759551895,92.86978257103046,,block_54_185,0
neg_8472,PSEUDO_NEGATIVE,27.34554067235301,96.59004817306582,,block_54_193,0
neg_8473,PSEUDO_NEGATIVE,26.203179294087896,89.76055500982781,,block_52_179,0
neg_8474,PSEUDO_NEGATIVE,28.91895756784733,94.3276976377066,,block_57_188,0
neg_8475,PSEUDO_NEGATIVE,27.068580054579556,93.01525179225008,,block_54_186,0
neg_8476,PSEUDO_NEGATIVE,27.4398328422084,92.80860426341908,,block_54_185,0
neg_8477,PSEUDO_NEGATIVE,27.792820869415667,92.52891453271761,,block_55_185,0
neg_8478,PSEUDO_NEGATIVE,27.42802365943538,95.8928119620204,,block_54_191,0
neg_8479,PSEUDO_NEGATIVE,27.48660612180785,88.21117296841285,,block_54_176,0
neg_8480,PSEUDO_NEGATIVE,27.498071330562684,96.12628379832091,,block_54_192,0
neg_8481,PSEUDO_NEGATIVE,28.532423134326475,95.9192714740924,,block_57_191,0
neg_8482,PSEUDO_NEGATIVE,28.165966723021015,95.06907946766421,,block_56_190,0
neg_8483,PSEUDO_NEGATIVE,28.470320571469863,95.99744868467496,,block_56_191,0
neg_8484,PSEUDO_NEGATIVE,26.91602025979272,93.7108999302609,,block_53_187,0
neg_8485,PSEUDO_NEGATIVE,28.184074192062038,95.3550509731425,,block_56_190,0
neg_8486,PSEUDO_NEGATIVE,24.458348275543173,93.89706687461484,,block_48_187,0
neg_8487,PSEUDO_NEGATIVE,28.399049073563848,95.48966485381953,,block_56_190,0
neg_8488,PSEUDO_NEGATIVE,27.064907486217997,93.95423804185835,,block_54_187,0
neg_8489,PSEUDO_NEGATIVE,23.94496871657442,94.12814967731646,,block_47_188,0
neg_8490,PSEUDO_NEGATIVE,27.841045075832955,94.85326779826765,,block_55_189,0
neg_8491,PSEUDO_NEGATIVE,23.349713864371626,93.02405356344984,,block_46_186,0
neg_8492,PSEUDO_NEGATIVE,25.2349879590236,93.51528200488733,,block_50_187,0
neg_8493,PSEUDO_NEGATIVE,27.678396329700696,88.3566224193197,,block_55_176,0
neg_8494,PSEUDO_NEGATIVE,27.277723160012115,92.98418904881056,,block_54_185,0
neg_8495,PSEUDO_NEGATIVE,22.667713671930926,92.81065681939833,,block_45_185,0
neg_8496,PSEUDO_NEGATIVE,28.054257048103075,96.28445361697513,,block_56_192,0
neg_8497,PSEUDO_NEGATIVE,28.284276247241404,97.10224011208179,,block_56_194,0
neg_8498,PSEUDO_NEGATIVE,27.561596005952435,93.4248794086532,,block_55_186,0
neg_8499,PSEUDO_NEGATIVE,27.51998025775975,94.77954070965431,,block_55_189,0
neg_8500,PSEUDO_NEGATIVE,26.225072207974083,93.9929438904615,,block_52_187,0
neg_8501,PSEUDO_NEGATIVE,28.153947729156712,93.45886754386825,,block_56_186,0
neg_8502,PSEUDO_NEGATIVE,25.54360170228992,94.030364648949,,block_51_188,0
neg_8503,PSEUDO_NEGATIVE,28.079315112211106,96.0461709671528,,block_56_192,0
neg_8504,PSEUDO_NEGATIVE,26.822243552770214,94.46420352190594,,block_53_188,0
neg_8505,PSEUDO_NEGATIVE,25.459259211820353,93.70009315318457,,block_50_187,0
neg_8506,PSEUDO_NEGATIVE,27.579446009338795,95.8808880452966,,block_55_191,0
neg_8507,PSEUDO_NEGATIVE,23.893986823039853,91.27060337048863,,block_47_182,0
neg_8508,PSEUDO_NEGATIVE,26.057787476718236,93.9396444906181,,block_52_187,0
neg_8509,PSEUDO_NEGATIVE,27.140938281113122,93.2932647567137,,block_54_186,0
neg_8510,PSEUDO_NEGATIVE,24.73670300167004,93.99802720739103,,block_49_187,0
neg_8511,PSEUDO_NEGATIVE,28.03816128705731,96.36875188197641,,block_56_192,0
neg_8512,PSEUDO_NEGATIVE,24.54598291983467,93.41931831862836,,block_49_186,0
neg_8513,PSEUDO_NEGATIVE,24.25217026970941,93.92318947824154,,block_48_187,0
neg_8514,PSEUDO_NEGATIVE,28.173011312347743,94.68945134817608,,block_56_189,0
neg_8515,PSEUDO_NEGATIVE,27.179128416414834,93.10527836378789,,block_54_186,0
neg_8516,PSEUDO_NEGATIVE,27.87078399848314,92.88681003430393,,block_55_185,0
neg_8517,PSEUDO_NEGATIVE,25.83954317028962,93.85535783849706,,block_51_187,0
neg_8518,PSEUDO_NEGATIVE,24.941606341911818,92.82434298914013,,block_49_185,0
neg_8519,PSEUDO_NEGATIVE,23.612444384833086,93.11765163987056,,block_47_186,0
neg_8520,PSEUDO_NEGATIVE,26.740056322896574,91.92446653435218,,block_53_183,0
neg_8521,PSEUDO_NEGATIVE,25.34815818249147,92.79289577697858,,block_50_185,0
neg_8522,PSEUDO_NEGATIVE,27.742497029624964,88.46952964910706,,block_55_176,0
neg_8523,PSEUDO_NEGATIVE,26.78424902826935,91.7609012203848,,block_53_183,0
neg_8524,PSEUDO_NEGATIVE,24.46896605394144,92.92179199972506,,block_48_185,0
neg_8525,PSEUDO_NEGATIVE,22.293671451429166,93.04886179858474,,block_44_186,0
neg_8526,PSEUDO_NEGATIVE,26.582410429332256,91.42722308294742,,block_53_182,0
neg_8527,PSEUDO_NEGATIVE,26.33786227551738,92.42564020917386,,block_52_184,0
neg_8528,PSEUDO_NEGATIVE,26.503385736466157,91.24938581783478,,block_53_182,0
neg_8529,PSEUDO_NEGATIVE,26.9804579558749,94.24293739071067,,block_53_188,0
neg_8530,PSEUDO_NEGATIVE,28.48808838885496,94.62304802111757,,block_56_189,0
neg_8531,PSEUDO_NEGATIVE,27.218089886613633,94.88077219534728,,block_54_189,0
neg_8532,PSEUDO_NEGATIVE,27.938348992652124,95.09638180025782,,block_55_190,0
neg_8533,PSEUDO_NEGATIVE,27.196142717707733,96.02205505280196,,block_54_192,0
neg_8534,PSEUDO_NEGATIVE,28.76802874841628,96.54717004772205,,block_57_193,0
neg_8535,PSEUDO_NEGATIVE,24.446413063039742,92.70879980748609,,block_48_185,0
neg_8536,PSEUDO_NEGATIVE,28.793337914665557,96.36730690923947,,block_57_192,0
neg_8537,PSEUDO_NEGATIVE,26.57496947438154,91.01525174186851,,block_53_182,0
neg_8538,PSEUDO_NEGATIVE,29.23904677936376,96.1798125137337,,block_58_192,0
neg_8539,PSEUDO_NEGATIVE,27.02222184305459,94.67550705134533,,block_54_189,0
neg_8540,PSEUDO_NEGATIVE,28.035906835094863,96.33853654101131,,block_56_192,0
neg_8541,PSEUDO_NEGATIVE,27.12476616344573,95.06177942577905,,block_54_190,0
neg_8542,PSEUDO_NEGATIVE,28.675750905597788,94.04032110737833,,block_57_188,0
neg_8543,PSEUDO_NEGATIVE,24.053709032583843,91.97709439877929,,block_48_183,0
neg_8544,PSEUDO_NEGATIVE,23.310808093998062,92.95204025759027,,block_46_185,0
neg_8545,PSEUDO_NEGATIVE,24.06168533097388,92.20497752375853,,block_48_184,0
neg_8546,PSEUDO_NEGATIVE,24.1017091998902,92.69761002158022,,block_48_185,0
neg_8547,PSEUDO_NEGATIVE,28.280974510692637,95.33110348536826,,block_56_190,0
neg_8548,PSEUDO_NEGATIVE,28.035708244446575,94.23734401321346,,block_56_188,0
neg_8549,PSEUDO_NEGATIVE,28.63754482645603,93.90022109270986,,block_57_187,0
neg_8550,PSEUDO_NEGATIVE,26.74514781550237,93.90002336629927,,block_53_187,0
neg_8551,PSEUDO_NEGATIVE,24.88499498389023,92.80576095396984,,block_49_185,0
neg_8552,PSEUDO_NEGATIVE,29.173528742933236,96.04430771058057,,block_58_192,0
neg_8553,PSEUDO_NEGATIVE,28.374846840324402,96.23880517082863,,block_56_192,0
neg_8554,PSEUDO_NEGATIVE,25.371511886270277,91.85495842874381,,block_50_183,0
neg_8555,PSEUDO_NEGATIVE,25.207860606779906,92.29624329192663,,block_50_184,0
neg_8556,PSEUDO_NEGATIVE,28.83829728938618,95.2947928928132,,block_57_190,0
neg_8557,PSEUDO_NEGATIVE,27.6590015146098,96.71447212549637,,block_55_193,0
neg_8558,PSEUDO_NEGATIVE,25.186866709034415,91.31475948775642,,block_50_182,0
neg_8559,PSEUDO_NEGATIVE,27.993341014155384,97.30435761506786,,block_55_194,0
neg_8560,PSEUDO_NEGATIVE,27.321671174542743,94.96567737665367,,block_54_189,0
neg_8561,PSEUDO_NEGATIVE,28.443937827301323,93.47208403074725,,block_56_186,0
neg_8562,PSEUDO_NEGATIVE,27.137377431954746,93.58978627069939,,block_54_187,0
neg_8563,PSEUDO_NEGATIVE,24.485496322654278,94.06589147818255,,block_48_188,0
neg_8564,PSEUDO_NEGATIVE,26.17067974102759,89.91423108489913,,block_52_179,0
neg_8565,PSEUDO_NEGATIVE,28.167869316698532,94.08529847881601,,block_56_188,0
neg_8566,PSEUDO_NEGATIVE,27.83617783855085,88.81459302480661,,block_55_177,0
neg_8567,PSEUDO_NEGATIVE,25.97027320201928,93.10502980621388,,block_51_186,0
neg_8568,PSEUDO_NEGATIVE,26.497047799579207,91.91691616153403,,block_52_183,0
neg_8569,PSEUDO_NEGATIVE,25.25075232273161,91.36968380333802,,block_50_182,0
neg_8570,PSEUDO_NEGATIVE,24.82530646039631,93.2198499985889,,block_49_186,0
neg_8571,PSEUDO_NEGATIVE,28.048028249415193,95.35048873069559,,block_56_190,0
neg_8572,PSEUDO_NEGATIVE,26.32832449952625,94.66563369250862,,block_52_189,0
neg_8573,PSEUDO_NEGATIVE,25.58445416940495,92.98150995268747,,block_51_185,0
neg_8574,PSEUDO_NEGATIVE,25.992315976021583,93.624698720334,,block_51_187,0
neg_8575,PSEUDO_NEGATIVE,27.648178760425623,95.78959497119124,,block_55_191,0
neg_8576,PSEUDO_NEGATIVE,28.866781173011695,96.51144528416093,,block_57_193,0
neg_8577,PSEUDO_NEGATIVE,28.579003521165994,93.80556187643688,,block_57_187,0
neg_8578,PSEUDO_NEGATIVE,27.22105733364444,95.45651623895701,,block_54_190,0
neg_8579,PSEUDO_NEGATIVE,25.283606133346456,92.86554590465181,,block_50_185,0
neg_8580,PSEUDO_NEGATIVE,26.764894749627103,91.99124328602973,,block_53_183,0
neg_8581,PSEUDO_NEGATIVE,22.739875151596085,92.85856755387869,,block_45_185,0
neg_8582,PSEUDO_NEGATIVE,25.22774450698119,93.50260616461307,,block_50_187,0
neg_8583,PSEUDO_NEGATIVE,25.400920228971998,89.84978475339231,,block_50_179,0
neg_8584,PSEUDO_NEGATIVE,26.15510126607529,91.30943200977408,,block_52_182,0
neg_8585,PSEUDO_NEGATIVE,26.086948111522936,90.34896371296065,,block_52_180,0
neg_8586,PSEUDO_NEGATIVE,26.24043889497962,93.96307199250312,,block_52_187,0
neg_8587,PSEUDO_NEGATIVE,27.725541879323757,95.40706728301315,,block_55_190,0
neg_8588,PSEUDO_NEGATIVE,26.94411538157417,92.2210303791788,,block_53_184,0
neg_8589,PSEUDO_NEGATIVE,28.668962348296258,94.35117869914926,,block_57_188,0
neg_8590,PSEUDO_NEGATIVE,26.073528632243676,92.09990282483226,,block_52_184,0
neg_8591,PSEUDO_NEGATIVE,26.354406227473195,90.12324355699796,,block_52_180,0
neg_8592,PSEUDO_NEGATIVE,24.666197395647856,94.15916543277316,,block_49_188,0
neg_8593,PSEUDO_NEGATIVE,28.441068976792764,96.25959328944117,,block_56_192,0
neg_8594,PSEUDO_NEGATIVE,26.78772788924149,92.00158626096588,,block_53_184,0
neg_8595,PSEUDO_NEGATIVE,27.602663595172057,94.32259773567418,,block_55_188,0
neg_8596,PSEUDO_NEGATIVE,28.314433227804244,94.44075554265184,,block_56_188,0
neg_8597,PSEUDO_NEGATIVE,25.677217403147253,92.01637643974414,,block_51_184,0
neg_8598,PSEUDO_NEGATIVE,27.45087386375003,95.01076550694654,,block_54_190,0
neg_8599,PSEUDO_NEGATIVE,27.36868970277221,94.90543695609497,,block_54_189,0
neg_8600,PSEUDO_NEGATIVE,23.772454807250483,91.54820628358637,,block_47_183,0
neg_8601,PSEUDO_NEGATIVE,26.08313806527016,92.96409996036401,,block_52_185,0
neg_8602,PSEUDO_NEGATIVE,27.490640785054353,92.99109671570238,,block_54_185,0
neg_8603,PSEUDO_NEGATIVE,22.100118360093017,92.5895627123298,,block_44_185,0
neg_8604,PSEUDO_NEGATIVE,25.486034295790745,90.25657927591888,,block_50_180,0
neg_8605,PSEUDO_NEGATIVE,25.738521189062354,92.25798569227113,,block_51_184,0
neg_8606,PSEUDO_NEGATIVE,25.757558979421447,91.21162690638369,,block_51_182,0
neg_8607,PSEUDO_NEGATIVE,27.64959479392811,95.33915639873437,,block_55_190,0
neg_8608,PSEUDO_NEGATIVE,23.828261083697438,93.24525245807996,,block_47_186,0
neg_8609,PSEUDO_NEGATIVE,24.690893039226246,92.81162402085823,,block_49_185,0
neg_8610,PSEUDO_NEGATIVE,27.113901999390613,92.2792939135012,,block_54_184,0
neg_8611,PSEUDO_NEGATIVE,27.98840907579276,94.09718669982273,,block_55_188,0
neg_8612,PSEUDO_NEGATIVE,23.906323531727647,92.80252830942432,,block_47_185,0
neg_8613,PSEUDO_NEGATIVE,27.725116530479696,92.24349612421291,,block_55_184,0
neg_8614,PSEUDO_NEGATIVE,27.69619111461906,91.98255269501264,,block_55_183,0
neg_8615,PSEUDO_NEGATIVE,25.54102198111014,93.54581846772777,,block_51_187,0
neg_8616,PSEUDO_NEGATIVE,27.498178254662164,96.04189786568469,,block_54_192,0
neg_8617,PSEUDO_NEGATIVE,28.568932407926745,93.49695664620619,,block_57_186,0
neg_8618,PSEUDO_NEGATIVE,27.70567160178538,94.06628952560703,,block_55_188,0
neg_8619,PSEUDO_NEGATIVE,25.721259298246466,90.42219848736026,,block_51_180,0
neg_8620,PSEUDO_NEGATIVE,28.09174665737646,96.77531453087506,,block_56_193,0
neg_8621,PSEUDO_NEGATIVE,25.274842430313097,94.25337719136684,,block_50_188,0
neg_8622,PSEUDO_NEGATIVE,26.310572722683784,90.69783541065402,,block_52_181,0
neg_8623,PSEUDO_NEGATIVE,26.84625214525225,93.38700092958626,,block_53_186,0
neg_8624,PSEUDO_NEGATIVE,24.85523000227415,92.89319500891955,,block_49_185,0
neg_8625,PSEUDO_NEGATIVE,28.037504650432968,94.8562030823205,,block_56_189,0
neg_8626,PSEUDO_NEGATIVE,28.001803172285857,88.61587343341081,,block_56_177,0
neg_8627,PSEUDO_NEGATIVE,28.993859306908654,95.94870676381886,,block_57_191,0
neg_8628,PSEUDO_NEGATIVE,25.692177501639573,93.18559320383481,,block_51_186,0
neg_8629,PSEUDO_NEGATIVE,25.33955213575278,90.93468177072371,,block_50_181,0
neg_8630,PSEUDO_NEGATIVE,29.0490219314426,94.30442119790533,,block_58_188,0
neg_8631,PSEUDO_NEGATIVE,27.73570285875276,96.52986769142196,,block_55_193,0
neg_8632,PSEUDO_NEGATIVE,27.481761866753907,93.9982742372848,,block_54_187,0
neg_8633,PSEUDO_NEGATIVE,25.646126885157383,94.92488441539336,,block_51_189,0
neg_8634,PSEUDO_NEGATIVE,26.292603579687864,92.76751592205508,,block_52_185,0
neg_8635,PSEUDO_NEGATIVE,28.642384048312376,96.45013831180118,,block_57_192,0
neg_8636,PSEUDO_NEGATIVE,26.4169624233557,92.81934309536506,,block_52_185,0
neg_8637,PSEUDO_NEGATIVE,27.148002487465355,92.52005276809854,,block_54_185,0
neg_8638,PSEUDO_NEGATIVE,28.200977308863486,96.20440641209555,,block_56_192,0
neg_8639,PSEUDO_NEGATIVE,25.952072439142384,93.93462672194464,,block_51_187,0
neg_8640,PSEUDO_NEGATIVE,23.05777234898673,92.61291726674447,,block_46_185,0
neg_8641,PSEUDO_NEGATIVE,25.61970074634996,90.96696181315606,,block_51_181,0
neg_8642,PSEUDO_NEGATIVE,26.006759399549317,94.70461430811238,,block_52_189,0
neg_8643,PSEUDO_NEGATIVE,27.558412178374393,95.8907537296395,,block_55_191,0
neg_8644,PSEUDO_NEGATIVE,26.413788023852447,91.77461919738263,,block_52_183,0
neg_8645,PSEUDO_NEGATIVE,25.786975479927396,91.70763831791699,,block_51_183,0
neg_8646,PSEUDO_NEGATIVE,27.57820008665655,88.61561360299903,,block_55_177,0
neg_8647,PSEUDO_NEGATIVE,27.333406109599604,95.2648300382404,,block_54_190,0
neg_8648,PSEUDO_NEGATIVE,29.049747626567175,94.43213131371019,,block_58_188,0
neg_8649,PSEUDO_NEGATIVE,26.20594051130599,90.65166601211715,,block_52_181,0
neg_8650,PSEUDO_NEGATIVE,26.763971307975364,91.52220913222678,,block_53_183,0
neg_8651,PSEUDO_NEGATIVE,28.93803025151788,94.29548030485857,,block_57_188,0
neg_8652,PSEUDO_NEGATIVE,25.19444283119896,90.96882344438554,,block_50_181,0
neg_8653,PSEUDO_NEGATIVE,27.948346375817437,94.98278640318222,,block_55_189,0
neg_8654,PSEUDO_NEGATIVE,28.002596978219703,97.05856547590665,,block_56_194,0
neg_8655,PSEUDO_NEGATIVE,25.855420881023186,93.64665377717348,,block_51_187,0
neg_8656,PSEUDO_NEGATIVE,28.936670291086422,94.62449966665409,,block_57_189,0
neg_8657,PSEUDO_NEGATIVE,27.3075879963779,95.77369730668994,,block_54_191,0
neg_8658,PSEUDO_NEGATIVE,27.029927491614686,92.79895424995684,,block_54_185,0
neg_8659,PSEUDO_NEGATIVE,23.563620849731848,91.89954422056618,,block_47_183,0
neg_8660,PSEUDO_NEGATIVE,25.05062256678319,94.04197734252729,,block_50_188,0
neg_8661,PSEUDO_NEGATIVE,26.743892982573378,95.35601268303849,,block_53_190,0
neg_8662,PSEUDO_NEGATIVE,25.758053889058623,92.96790929399481,,block_51_185,0
neg_8663,PSEUDO_NEGATIVE,27.791723335720715,92.2592257233183,,block_55_184,0
neg_8664,PSEUDO_NEGATIVE,27.367497923899453,95.91418304676723,,block_54_191,0
neg_8665,PSEUDO_NEGATIVE,26.053295965602125,92.71157493938715,,block_52_185,0
neg_8666,PSEUDO_NEGATIVE,25.60650928983893,91.09281531729353,,block_51_182,0
neg_8667,PSEUDO_NEGATIVE,27.955788709500066,95.15625100904053,,block_55_190,0
neg_8668,PSEUDO_NEGATIVE,24.63160970940369,93.5421138913266,,block_49_187,0
neg_8669,PSEUDO_NEGATIVE,28.768608141709528,94.64477748851965,,block_57_189,0
neg_8670,PSEUDO_NEGATIVE,24.114612260003753,92.08159809085127,,block_48_184,0
neg_8671,PSEUDO_NEGATIVE,24.477968100507674,93.56214397967929,,block_48_187,0
neg_8672,PSEUDO_NEGATIVE,27.109111247486084,95.02730678677482,,block_54_190,0
neg_8673,PSEUDO_NEGATIVE,26.087451014932547,89.90004320386772,,block_52_179,0
neg_8674,PSEUDO_NEGATIVE,26.028682310182532,89.80567478409661,,block_52_179,0
neg_8675,PSEUDO_NEGATIVE,28.804523273845806,94.89677217341583,,block_57_189,0
neg_8676,PSEUDO_NEGATIVE,25.857461194601346,93.017539512071,,block_51_186,0
neg_8677,PSEUDO_NEGATIVE,27.216548699165088,92.29983779791445,,block_54_184,0
neg_8678,PSEUDO_NEGATIVE,28.940896515172035,94.47838322218318,,block_57_188,0
neg_8679,PSEUDO_NEGATIVE,25.595809060741246,91.30771745746063,,block_51_182,0
neg_8680,PSEUDO_NEGATIVE,25.486998315299147,93.17938027319133,,block_50_186,0
neg_8681,PSEUDO_NEGATIVE,25.80800611595612,91.95464228436335,,block_51_183,0
neg_8682,PSEUDO_NEGATIVE,27.606518339422614,94.95266200389699,,block_55_189,0
neg_8683,PSEUDO_NEGATIVE,29.133927041156806,95.05810163082045,,block_58_190,0
neg_8684,PSEUDO_NEGATIVE,24.70998699478673,92.38074569268056,,block_49_184,0
neg_8685,PSEUDO_NEGATIVE,26.273746116769917,91.24567829884975,,block_52_182,0
neg_8686,PSEUDO_NEGATIVE,25.32773277401146,90.40362323027706,,block_50_180,0
neg_8687,PSEUDO_NEGATIVE,28.463597959064185,94.99798403076069,,block_56_189,0
neg_8688,PSEUDO_NEGATIVE,26.276567398721088,90.21915243991705,,block_52_180,0
neg_8689,PSEUDO_NEGATIVE,28.233143348978047,93.23325787497511,,block_56_186,0
neg_8690,PSEUDO_NEGATIVE,26.24315697243436,93.63765793350697,,block_52_187,0
neg_8691,PSEUDO_NEGATIVE,23.751774183279068,93.13022942046769,,block_47_186,0
neg_8692,PSEUDO_NEGATIVE,27.80365935326557,93.7257262355007,,block_55_187,0
neg_8693,PSEUDO_NEGATIVE,27.959630519309364,97.29319968728751,,block_55_194,0
neg_8694,PSEUDO_NEGATIVE,26.34917517957356,93.68758259505007,,block_52_187,0
neg_8695,PSEUDO_NEGATIVE,26.45398265386258,92.56331108344803,,block_52_185,0
neg_8696,PSEUDO_NEGATIVE,26.678368624756708,90.29955237018947,,block_53_180,0
neg_8697,PSEUDO_NEGATIVE,26.139091148867962,90.92784165330474,,block_52_181,0
neg_8698,PSEUDO_NEGATIVE,26.288563908299533,91.41700481007847,,block_52_182,0
neg_8699,PSEUDO_NEGATIVE,27.141681248482637,93.54040094591659,,block_54_187,0
neg_8700,PSEUDO_NEGATIVE,22.891081210587465,93.02480331814331,,block_45_186,0
neg_8701,PSEUDO_NEGATIVE,26.407664470813458,90.37017510366042,,block_52_180,0
neg_8702,PSEUDO_NEGATIVE,26.06627673473113,93.18352968677422,,block_52_186,0
neg_8703,PSEUDO_NEGATIVE,25.633071401344598,91.31420402230094,,block_51_182,0
neg_8704,PSEUDO_NEGATIVE,28.154609744414962,93.95851999875501,,block_56_187,0
neg_8705,PSEUDO_NEGATIVE,25.237505917187484,94.52025403448846,,block_50_189,0
neg_8706,PSEUDO_NEGATIVE,24.537433417949217,92.44961916499496,,block_49_184,0
neg_8707,PSEUDO_NEGATIVE,27.9788813732094,95.8553138454402,,block_55_191,0
neg_8708,PSEUDO_NEGATIVE,27.829866750875404,93.56673442493111,,block_55_187,0
neg_8709,PSEUDO_NEGATIVE,25.72383614280112,94.27088969023396,,block_51_188,0
neg_8710,PSEUDO_NEGATIVE,24.271335480791652,93.6051968648857,,block_48_187,0
neg_8711,PSEUDO_NEGATIVE,23.65493058090222,91.25697865343561,,block_47_182,0
neg_8712,PSEUDO_NEGATIVE,27.852077531807517,88.80033276216288,,block_55_177,0
neg_8713,PSEUDO_NEGATIVE,26.3198990946535,94.06620889061831,,block_52_188,0
neg_8714,PSEUDO_NEGATIVE,23.302422847014807,92.40136436368307,,block_46_184,0
neg_8715,PSEUDO_NEGATIVE,28.168069530882654,93.91876082519184,,block_56_187,0
neg_8716,PSEUDO_NEGATIVE,27.659366261848003,95.44127254076385,,block_55_190,0
neg_8717,PSEUDO_NEGATIVE,26.75435303205944,91.126292494518,,block_53_182,0
neg_8718,PSEUDO_NEGATIVE,26.37704059914004,93.42027546727508,,block_52_186,0
neg_8719,PSEUDO_NEGATIVE,25.407436615878986,91.02265201614662,,block_50_182,0
neg_8720,PSEUDO_NEGATIVE,27.17239186227641,95.86871729227668,,block_54_191,0
neg_8721,PSEUDO_NEGATIVE,28.37691162499273,96.24984888311218,,block_56_192,0
neg_8722,PSEUDO_NEGATIVE,27.807964466621932,96.7688465022752,,block_55_193,0
neg_8723,PSEUDO_NEGATIVE,22.35577499205609,92.90017998001,,block_44_185,0
neg_8724,PSEUDO_NEGATIVE,25.586139531968243,93.2425285523967,,block_51_186,0
neg_8725,PSEUDO_NEGATIVE,25.235060494282802,93.54026364602286,,block_50_187,0
neg_8726,PSEUDO_NEGATIVE,26.20176111351695,93.22209005011099,,block_52_186,0
neg_8727,PSEUDO_NEGATIVE,26.567232038469474,93.80608053942743,,block_53_187,0
neg_8728,PSEUDO_NEGATIVE,27.463097326605393,94.77806263487004,,block_54_189,0
neg_8729,PSEUDO_NEGATIVE,27.77894502107896,95.64927874375394,,block_55_191,0
neg_8730,PSEUDO_NEGATIVE,26.08497466943171,91.34687445963306,,block_52_182,0
neg_8731,PSEUDO_NEGATIVE,29.010523948059976,94.2930119072611,,block_58_188,0
neg_8732,PSEUDO_NEGATIVE,25.90863321081931,91.10750781712194,,block_51_182,0
neg_8733,PSEUDO_NEGATIVE,25.26306473323365,92.24232125127276,,block_50_184,0
neg_8734,PSEUDO_NEGATIVE,23.799143330449844,92.44403736549236,,block_47_184,0
neg_8735,PSEUDO_NEGATIVE,28.89971450679851,94.89829397857028,,block_57_189,0
neg_8736,PSEUDO_NEGATIVE,23.678584494218125,91.67093803265661,,block_47_183,0
neg_8737,PSEUDO_NEGATIVE,27.380758908009014,96.75195629828355,,block_54_193,0
neg_8738,PSEUDO_NEGATIVE,26.853860504014005,93.27617718436458,,block_53_186,0
neg_8739,PSEUDO_NEGATIVE,23.880671198870278,92.38369468358391,,block_47_184,0
neg_8740,PSEUDO_NEGATIVE,23.177890648239366,91.74924703419795,,block_46_183,0
neg_8741,PSEUDO_NEGATIVE,26.579342112696573,90.8599514150873,,block_53_181,0
neg_8742,PSEUDO_NEGATIVE,28.316563699154734,93.80165341717311,,block_56_187,0
neg_8743,PSEUDO_NEGATIVE,25.41234591532314,92.42729719534492,,block_50_184,0
neg_8744,PSEUDO_NEGATIVE,24.708277464313596,93.80403367344225,,block_49_187,0
neg_8745,PSEUDO_NEGATIVE,27.82074922192989,96.94636013385933,,block_55_193,0
neg_8746,PSEUDO_NEGATIVE,27.256393233834117,94.26653829597979,,block_54_188,0
neg_8747,PSEUDO_NEGATIVE,28.725936420170093,95.65614661586073,,block_57_191,0
neg_8748,PSEUDO_NEGATIVE,27.531316590377713,94.90085067950504,,block_55_189,0
neg_8749,PSEUDO_NEGATIVE,27.604045281840612,92.27837066097209,,block_55_184,0
neg_8750,PSEUDO_NEGATIVE,25.396502131599007,93.25176841821725,,block_50_186,0
neg_8751,PSEUDO_NEGATIVE,23.350390440101453,92.6848246869355,,block_46_185,0
neg_8752,PSEUDO_NEGATIVE,26.71161157598496,95.15557769800272,,block_53_190,0
neg_8753,PSEUDO_NEGATIVE,28.288309382495783,95.14528149311981,,block_56_190,0
neg_8754,PSEUDO_NEGATIVE,25.904124211283815,92.01876106152581,,block_51_184,0
neg_8755,PSEUDO_NEGATIVE,25.30558463743807,90.42871989134997,,block_50_180,0
neg_8756,PSEUDO_NEGATIVE,23.78819815762266,92.22814716786334,,block_47_184,0
neg_8757,PSEUDO_NEGATIVE,28.853321335710497,95.25379517869267,,block_57_190,0
neg_8758,PSEUDO_NEGATIVE,23.558666007510947,92.4501690323013,,block_47_184,0
neg_8759,PSEUDO_NEGATIVE,27.35282232050718,95.4140996295826,,block_54_190,0
neg_8760,PSEUDO_NEGATIVE,28.912319892383106,95.31085801720678,,block_57_190,0
neg_8761,PSEUDO_NEGATIVE,27.10790970314922,93.38212626301082,,block_54_186,0
neg_8762,PSEUDO_NEGATIVE,27.31314915240391,92.62846811668979,,block_54_185,0
neg_8763,PSEUDO_NEGATIVE,27.648787509219744,92.07274744600134,,block_55_184,0
neg_8764,PSEUDO_NEGATIVE,25.44344017997126,91.98385315255535,,block_50_183,0
neg_8765,PSEUDO_NEGATIVE,28.000594713184434,94.04747125845981,,block_56_188,0
neg_8766,PSEUDO_NEGATIVE,26.329284268493623,93.54073831845258,,block_52_187,0
neg_8767,PSEUDO_NEGATIVE,22.496023459205624,92.63874030126713,,block_44_185,0
neg_8768,PSEUDO_NEGATIVE,24.407766118852116,92.3103928243129,,block_48_184,0
neg_8769,PSEUDO_NEGATIVE,27.13411744757003,94.50900885050225,,block_54_189,0
neg_8770,PSEUDO_NEGATIVE,25.75395151248221,92.76818652753725,,block_51_185,0
neg_8771,PSEUDO_NEGATIVE,25.896259125675986,92.79470221796159,,block_51_185,0
neg_8772,PSEUDO_NEGATIVE,25.436894884249572,91.55032432965916,,block_50_183,0
neg_8773,PSEUDO_NEGATIVE,26.010379088064315,93.39265993416151,,block_52_186,0
neg_8774,PSEUDO_NEGATIVE,25.537837815811034,93.03469715192861,,block_51_186,0
neg_8775,PSEUDO_NEGATIVE,28.253580307665406,96.38706894173252,,block_56_192,0
neg_8776,PSEUDO_NEGATIVE,26.056349430010616,89.85388060312974,,block_52_179,0
neg_8777,PSEUDO_NEGATIVE,27.528167657981804,88.64417987366235,,block_55_177,0
neg_8778,PSEUDO_NEGATIVE,29.227973513243782,95.63697260463503,,block_58_191,0
neg_8779,PSEUDO_NEGATIVE,26.346856404530193,92.93535223697538,,block_52_185,0
neg_8780,PSEUDO_NEGATIVE,26.79137381296798,91.58678801514294,,block_53_183,0
neg_8781,PSEUDO_NEGATIVE,27.32365268729415,93.01242095733666,,block_54_186,0
neg_8782,PSEUDO_NEGATIVE,25.150783692303385,90.45404806299233,,block_50_180,0
neg_8783,PSEUDO_NEGATIVE,28.84620560397684,95.09180258832104,,block_57_190,0
neg_8784,PSEUDO_NEGATIVE,23.875188183113387,91.97771535003102,,block_47_183,0
neg_8785,PSEUDO_NEGATIVE,26.302548022847265,94.05864340949334,,block_52_188,0
neg_8786,PSEUDO_NEGATIVE,26.33155953254071,92.24161535218033,,block_52_184,0
neg_8787,PSEUDO_NEGATIVE,28.157923342273385,94.60600805670715,,block_56_189,0
neg_8788,PSEUDO_NEGATIVE,24.17541711495887,93.19141287394133,,block_48_186,0
neg_8789,PSEUDO_NEGATIVE,28.66611332626153,95.69532237120168,,block_57_191,0
neg_8790,PSEUDO_NEGATIVE,27.18563302333804,93.83858380899107,,block_54_187,0
neg_8791,PSEUDO_NEGATIVE,25.893582667210744,90.27236652184388,,block_51_180,0
neg_8792,PSEUDO_NEGATIVE,26.390733058907085,94.59188937941002,,block_52_189,0
neg_8793,PSEUDO_NEGATIVE,25.712902447690777,93.42153003842563,,block_51_186,0
neg_8794,PSEUDO_NEGATIVE,24.991665824775136,92.88191036032718,,block_49_185,0
neg_8795,PSEUDO_NEGATIVE,26.523240436531218,93.68483448269357,,block_53_187,0
neg_8796,PSEUDO_NEGATIVE,25.658801468164175,89.93239281332532,,block_51_179,0
neg_8797,PSEUDO_NEGATIVE,25.51480025990183,90.62394735504631,,block_51_181,0
neg_8798,PSEUDO_NEGATIVE,24.103107045004496,92.24456341918315,,block_48_184,0
neg_8799,PSEUDO_NEGATIVE,25.207268775287783,90.37861827217647,,block_50_180,0
neg_8800,PSEUDO_NEGATIVE,26.1635391163081,93.47611181704757,,block_52_186,0
neg_8801,PSEUDO_NEGATIVE,26.601913055939907,93.64315962683781,,block_53_187,0
neg_8802,PSEUDO_NEGATIVE,26.753054190633385,91.68246658085826,,block_53_183,0
neg_8803,PSEUDO_NEGATIVE,25.562246165828416,91.0072577808912,,block_51_182,0
neg_8804,PSEUDO_NEGATIVE,26.205498165463435,90.08702046892658,,block_52_180,0
neg_8805,PSEUDO_NEGATIVE,22.289456331397588,92.71970822495703,,block_44_185,0
neg_8806,PSEUDO_NEGATIVE,27.6878744432548,95.1200920263224,,block_55_190,0
neg_8807,PSEUDO_NEGATIVE,28.850971203571504,95.24387566360609,,block_57_190,0
neg_8808,PSEUDO_NEGATIVE,27.608664465034515,93.65836059464928,,block_55_187,0
neg_8809,PSEUDO_NEGATIVE,26.003138271202186,90.4938379467268,,block_52_180,0
neg_8810,PSEUDO_NEGATIVE,27.68038852849532,91.72540304739992,,block_55_183,0
neg_8811,PSEUDO_NEGATIVE,27.64029286243283,92.47478399175276,,block_55_184,0
neg_8812,PSEUDO_NEGATIVE,23.709952423530023,92.22900661344119,,block_47_184,0
neg_8813,PSEUDO_NEGATIVE,27.007994491910356,94.89730511657201,,block_54_189,0
neg_8814,PSEUDO_NEGATIVE,27.94745300370549,88.52030684618595,,block_55_177,0
neg_8815,PSEUDO_NEGATIVE,25.66764125760941,90.10047478292361,,block_51_180,0
neg_8816,PSEUDO_NEGATIVE,23.518441298811855,91.54396080266382,,block_47_183,0
neg_8817,PSEUDO_NEGATIVE,25.71164168841139,90.32586694681439,,block_51_180,0
neg_8818,PSEUDO_NEGATIVE,28.793964473488025,95.70684150822407,,block_57_191,0
neg_8819,PSEUDO_NEGATIVE,28.018906753173837,95.53675559628577,,block_56_191,0
neg_8820,PSEUDO_NEGATIVE,27.18507788357389,94.86990093479271,,block_54_189,0
neg_8821,PSEUDO_NEGATIVE,27.55264639530128,94.67088721222588,,block_55_189,0
neg_8822,PSEUDO_NEGATIVE,28.816699956067897,94.19956400049703,,block_57_188,0
neg_8823,PSEUDO_NEGATIVE,25.796913684083524,92.77784617797889,,block_51_185,0
neg_8824,PSEUDO_NEGATIVE,23.8892224423246,93.14391330733301,,block_47_186,0
neg_8825,PSEUDO_NEGATIVE,28.114110539866907,95.7202851177406,,block_56_191,0
neg_8826,PSEUDO_NEGATIVE,26.50665123268332,93.74346243118313,,block_53_187,0
neg_8827,PSEUDO_NEGATIVE,27.75266710212915,93.58438817061335,,block_55_187,0
neg_8828,PSEUDO_NEGATIVE,25.58740901885904,91.31812648993734,,block_51_182,0
neg_8829,PSEUDO_NEGATIVE,25.280576799206404,91.30874387241215,,block_50_182,0
neg_8830,PSEUDO_NEGATIVE,25.26827402014589,91.3307849160601,,block_50_182,0
neg_8831,PSEUDO_NEGATIVE,22.56008100626555,93.07512225283057,,block_45_186,0
neg_8832,PSEUDO_NEGATIVE,28.802820767074458,95.41908986633938,,block_57_190,0
neg_8833,PSEUDO_NEGATIVE,23.621455935876888,91.44091482696965,,block_47_182,0
neg_8834,PSEUDO_NEGATIVE,27.787866214053736,94.6457728986834,,block_55_189,0
neg_8835,PSEUDO_NEGATIVE,26.693580380594284,95.2817986631157,,block_53_190,0
neg_8836,PSEUDO_NEGATIVE,25.995988906870714,93.91696069243073,,block_51_187,0
neg_8837,PSEUDO_NEGATIVE,27.566364569098003,91.89007392942372,,block_55_183,0
neg_8838,PSEUDO_NEGATIVE,24.276857844377197,92.03451660775148,,block_48_184,0
neg_8839,PSEUDO_NEGATIVE,26.64989301209668,95.15552125663326,,block_53_190,0
neg_8840,PSEUDO_NEGATIVE,26.599201443138817,92.93959426335108,,block_53_185,0
neg_8841,PSEUDO_NEGATIVE,26.32208404345761,89.9513491775438,,block_52_179,0
neg_8842,PSEUDO_NEGATIVE,27.195793308593412,88.76852308758735,,block_54_177,0
neg_8843,PSEUDO_NEGATIVE,27.79167208882267,95.727985128536,,block_55_191,0
neg_8844,PSEUDO_NEGATIVE,28.925221919548672,95.49167842665565,,block_57_190,0
neg_8845,PSEUDO_NEGATIVE,26.167054131255856,92.0657781965743,,block_52_184,0
neg_8846,PSEUDO_NEGATIVE,22.042852014255057,92.95422759159574,,block_44_185,0
neg_8847,PSEUDO_NEGATIVE,23.93216860524713,92.31945185292216,,block_47_184,0
neg_8848,PSEUDO_NEGATIVE,26.172577297202597,92.97227640350434,,block_52_185,0
neg_8849,PSEUDO_NEGATIVE,27.695346120174534,93.85767986038509,,block_55_187,0
neg_8850,PSEUDO_NEGATIVE,28.566824349248144,95.69398927957846,,block_57_191,0
neg_8851,PSEUDO_NEGATIVE,23.710236984536255,91.9566981492248,,block_47_183,0
neg_8852,PSEUDO_NEGATIVE,26.69680556658426,89.94411277694057,,block_53_179,0
neg_8853,PSEUDO_NEGATIVE,28.331186155055594,95.68525190067577,,block_56_191,0
neg_8854,PSEUDO_NEGATIVE,28.370241767667228,93.6353776380971,,block_56_187,0
neg_8855,PSEUDO_NEGATIVE,27.21725702475914,93.46720099980712,,block_54_186,0
neg_8856,PSEUDO_NEGATIVE,28.80644853445255,94.30456554849317,,block_57_188,0
neg_8857,PSEUDO_NEGATIVE,27.42739779741853,95.42572684672972,,block_54_190,0
neg_8858,PSEUDO_NEGATIVE,27.175678915960496,94.05057375712293,,block_54_188,0
neg_8859,PSEUDO_NEGATIVE,27.808048989500072,96.55534863676806,,block_55_193,0
neg_8860,PSEUDO_NEGATIVE,23.588273172319667,92.6583604140531,,block_47_185,0
neg_8861,PSEUDO_NEGATIVE,28.911791592274774,95.45839748001616,,block_57_190,0
neg_8862,PSEUDO_NEGATIVE,25.215568508451756,92.817092735019,,block_50_185,0
neg_8863,PSEUDO_NEGATIVE,25.801362433068913,93.23918607775273,,block_51_186,0
neg_8864,PSEUDO_NEGATIVE,24.341850148586705,92.15153766288431,,block_48_184,0
neg_8865,PSEUDO_NEGATIVE,27.859131054317785,95.096293748295,,block_55_190,0
neg_8866,PSEUDO_NEGATIVE,26.74773510359191,91.35733287218909,,block_53_182,0
neg_8867,PSEUDO_NEGATIVE,26.01500060532179,90.20433857405239,,block_52_180,0
neg_8868,PSEUDO_NEGATIVE,28.98270142583755,96.30448304473823,,block_57_192,0
neg_8869,PSEUDO_NEGATIVE,27.205391771337045,93.33080943860736,,block_54_186,0
neg_8870,PSEUDO_NEGATIVE,26.495525171835222,90.45608420568679,,block_52_180,0
neg_8871,PSEUDO_NEGATIVE,25.182749351829806,92.86057764811636,,block_50_185,0
neg_8872,PSEUDO_NEGATIVE,28.211883367466353,94.25002957082452,,block_56_188,0
neg_8873,PSEUDO_NEGATIVE,27.457742689672525,92.4693857248459,,block_54_184,0
neg_8874,PSEUDO_NEGATIVE,29.138838171584897,94.70656906656384,,block_58_189,0
neg_8875,PSEUDO_NEGATIVE,27.149887934710975,92.2877676811343,,block_54_184,0
neg_8876,PSEUDO_NEGATIVE,24.69378841329393,94.36888128504077,,block_49_188,0
neg_8877,PSEUDO_NEGATIVE,24.160392891768197,93.77648434167347,,block_48_187,0
neg_8878,PSEUDO_NEGATIVE,26.040302084333476,91.12128184520434,,block_52_182,0
neg_8879,PSEUDO_NEGATIVE,28.066644300792632,94.27938785292088,,block_56_188,0
neg_8880,PSEUDO_NEGATIVE,22.7290510584112,92.60943019264478,,block_45_185,0
neg_8881,PSEUDO_NEGATIVE,28.936351475421734,96.11609445435397,,block_57_192,0
neg_8882,PSEUDO_NEGATIVE,25.868985597697833,90.20460117131168,,block_51_180,0
neg_8883,PSEUDO_NEGATIVE,28.05458977856936,95.75987165769565,,block_56_191,0
neg_8884,PSEUDO_NEGATIVE,25.35459411702866,93.1758343593274,,block_50_186,0
neg_8885,PSEUDO_NEGATIVE,28.643605875461894,95.58644680227162,,block_57_191,0
neg_8886,PSEUDO_NEGATIVE,28.283698106816722,94.78945353226875,,block_56_189,0
neg_8887,PSEUDO_NEGATIVE,26.232171835381994,91.18505267711487,,block_52_182,0
neg_8888,PSEUDO_NEGATIVE,25.962149420258797,90.67808588289913,,block_51_181,0
neg_8889,PSEUDO_NEGATIVE,27.568301175004283,88.5061240811629,,block_55_177,0
neg_8890,PSEUDO_NEGATIVE,25.190188451598694,93.98194719816188,,block_50_187,0
neg_8891,PSEUDO_NEGATIVE,27.945547231997594,97.05490259609938,,block_55_194,0
neg_8892,PSEUDO_NEGATIVE,27.607096257935094,92.63225608838948,,block_55_185,0
neg_8893,PSEUDO_NEGATIVE,26.21293481905643,91.20633217355783,,block_52_182,0
neg_8894,PSEUDO_NEGATIVE,24.48791456486108,92.46325258721144,,block_48_184,0
neg_8895,PSEUDO_NEGATIVE,28.24205377271694,94.04166445998052,,block_56_188,0
neg_8896,PSEUDO_NEGATIVE,26.507448495233422,90.52445348521515,,block_53_181,0
neg_8897,PSEUDO_NEGATIVE,27.664405073204122,94.95072362280818,,block_55_189,0
neg_8898,PSEUDO_NEGATIVE,26.337794822474585,90.61848292792295,,block_52_181,0
neg_8899,PSEUDO_NEGATIVE,23.319188398171587,93.25856733265262,,block_46_186,0
neg_8900,PSEUDO_NEGATIVE,26.61177370345925,90.45223802148749,,block_53_180,0
neg_8901,PSEUDO_NEGATIVE,24.52048885508538,93.95288110672712,,block_49_187,0
neg_8902,PSEUDO_NEGATIVE,26.80325686536293,94.66962907839701,,block_53_189,0
neg_8903,PSEUDO_NEGATIVE,27.95134050333159,93.02046082535327,,block_55_186,0
neg_8904,PSEUDO_NEGATIVE,24.746116628912986,92.80054935288466,,block_49_185,0
neg_8905,PSEUDO_NEGATIVE,27.909039244764337,96.23150868628989,,block_55_192,0
neg_8906,PSEUDO_NEGATIVE,26.72992776507879,91.85501278776538,,block_53_183,0
neg_8907,PSEUDO_NEGATIVE,26.552761337390304,91.39944515287286,,block_53_182,0
neg_8908,PSEUDO_NEGATIVE,27.47670305925971,93.10136340102197,,block_54_186,0
neg_8909,PSEUDO_NEGATIVE,26.342193934177455,94.5808329203433,,block_52_189,0
neg_8910,PSEUDO_NEGATIVE,27.063602125092686,95.00195444701427,,block_54_190,0
neg_8911,PSEUDO_NEGATIVE,27.635863167605983,91.96142779627625,,block_55_183,0
neg_8912,PSEUDO_NEGATIVE,26.850798791335045,94.48213728095371,,block_53_188,0
neg_8913,PSEUDO_NEGATIVE,27.91966529555504,96.12757032270387,,block_55_192,0
neg_8914,PSEUDO_NEGATIVE,27.879221818695648,95.66465441832177,,block_55_191,0
neg_8915,PSEUDO_NEGATIVE,28.0789326518521,96.65939709425844,,block_56_193,0
neg_8916,PSEUDO_NEGATIVE,24.822422033950836,92.5748129166794,,block_49_185,0
neg_8917,PSEUDO_NEGATIVE,23.92598420662424,91.53594613805733,,block_47_183,0
neg_8918,PSEUDO_NEGATIVE,28.802125708448948,94.44617323258443,,block_57_188,0
neg_8919,PSEUDO_NEGATIVE,29.204858388725317,95.69543739557396,,block_58_191,0
neg_8920,PSEUDO_NEGATIVE,27.563141280769454,94.10050318732863,,block_55_188,0
neg_8921,PSEUDO_NEGATIVE,28.077816562664474,93.73803173213847,,block_56_187,0
neg_8922,PSEUDO_NEGATIVE,25.294189488691558,90.5062158477991,,block_50_181,0
neg_8923,PSEUDO_NEGATIVE,26.689282215372454,95.21695687581104,,block_53_190,0
neg_8924,PSEUDO_NEGATIVE,26.035218954518733,91.22000630899485,,block_52_182,0
neg_8925,PSEUDO_NEGATIVE,28.114558261457884,93.47100954577766,,block_56_186,0
neg_8926,PSEUDO_NEGATIVE,26.641331863140095,93.88494585347642,,block_53_187,0
neg_8927,PSEUDO_NEGATIVE,26.243366433967644,93.01398146917283,,block_52_186,0
neg_8928,PSEUDO_NEGATIVE,28.17507732024756,93.47592615049643,,block_56_186,0
neg_8929,PSEUDO_NEGATIVE,25.80917001444294,91.2604755752686,,block_51_182,0
neg_8930,PSEUDO_NEGATIVE,28.23774465427045,94.24698253072248,,block_56_188,0
neg_8931,PSEUDO_NEGATIVE,26.184055614387162,93.03600914706381,,block_52_186,0
neg_8932,PSEUDO_NEGATIVE,25.230359290717722,93.37591541589049,,block_50_186,0
neg_8933,PSEUDO_NEGATIVE,24.03641995606789,92.15331836073732,,block_48_184,0
neg_8934,PSEUDO_NEGATIVE,27.56776687176646,93.11472380051576,,block_55_186,0
neg_8935,PSEUDO_NEGATIVE,27.7991057839809,93.08240661079599,,block_55_186,0
neg_8936,PSEUDO_NEGATIVE,25.424454616837718,91.44786411138982,,block_50_182,0
neg_8937,PSEUDO_NEGATIVE,26.807002714822048,94.77613138780582,,block_53_189,0
neg_8938,PSEUDO_NEGATIVE,26.786919927782204,94.24075690911533,,block_53_188,0
neg_8939,PSEUDO_NEGATIVE,25.281905740596965,90.19988534709043,,block_50_180,0
neg_8940,PSEUDO_NEGATIVE,26.54115394131328,93.32284030716801,,block_53_186,0
neg_8941,PSEUDO_NEGATIVE,27.061161472733254,94.566839569045,,block_54_189,0
neg_8942,PSEUDO_NEGATIVE,26.686452512112723,92.02080398264134,,block_53_184,0
neg_8943,PSEUDO_NEGATIVE,28.255601359599197,93.07482468506178,,block_56_186,0
neg_8944,PSEUDO_NEGATIVE,25.753550747132476,93.41943539898406,,block_51_186,0
neg_8945,PSEUDO_NEGATIVE,26.206051691360287,90.26974854383272,,block_52_180,0
neg_8946,PSEUDO_NEGATIVE,26.09149624071656,92.40076338030075,,block_52_184,0
neg_8947,PSEUDO_NEGATIVE,26.681769585421794,91.83209335303835,,block_53_183,0
neg_8948,PSEUDO_NEGATIVE,25.51155764874032,92.16521768856589,,block_51_184,0
neg_8949,PSEUDO_NEGATIVE,24.344234576289157,94.28342430036501,,block_48_188,0
neg_8950,PSEUDO_NEGATIVE,27.999033224563526,96.37812756362386,,block_55_192,0
neg_8951,PSEUDO_NEGATIVE,26.863942162286378,93.13622176000102,,block_53_186,0
neg_8952,PSEUDO_NEGATIVE,28.071235117188895,88.67501115770064,,block_56_177,0
neg_8953,PSEUDO_NEGATIVE,24.824117164364708,92.66725316927912,,block_49_185,0
neg_8954,PSEUDO_NEGATIVE,27.765832922541463,94.55976288752667,,block_55_189,0
neg_8955,PSEUDO_NEGATIVE,27.110168778364212,94.74867323793144,,block_54_189,0
neg_8956,PSEUDO_NEGATIVE,28.29450808397706,93.45540953545185,,block_56_186,0
neg_8957,PSEUDO_NEGATIVE,25.78651958119593,93.71328430163713,,block_51_187,0
neg_8958,PSEUDO_NEGATIVE,23.99456560723102,91.67498867467258,,block_47_183,0
neg_8959,PSEUDO_NEGATIVE,28.675924585757176,94.79135840225621,,block_57_189,0
neg_8960,PSEUDO_NEGATIVE,25.272134174193226,91.67494480795035,,block_50_183,0
neg_8961,PSEUDO_NEGATIVE,28.985127679414674,95.64897720319546,,block_57_191,0
neg_8962,PSEUDO_NEGATIVE,25.837795228736045,91.11348377167553,,block_51_182,0
neg_8963,PSEUDO_NEGATIVE,27.758969721521968,92.94845976337575,,block_55_185,0
neg_8964,PSEUDO_NEGATIVE,25.152076983876224,93.2517561161918,,block_50_186,0
neg_8965,PSEUDO_NEGATIVE,23.23704937692354,91.50531725948437,,block_46_183,0
neg_8966,PSEUDO_NEGATIVE,26.52824815978848,92.65850157986894,,block_53_185,0
neg_8967,PSEUDO_NEGATIVE,23.80105124782403,92.24379955205433,,block_47_184,0
neg_8968,PSEUDO_NEGATIVE,27.80389528934721,96.19643999769984,,block_55_192,0
neg_8969,PSEUDO_NEGATIVE,27.483047914776627,96.50069380441123,,block_54_193,0
neg_8970,PSEUDO_NEGATIVE,28.597415469316623,95.009580547041,,block_57_190,0
neg_8971,PSEUDO_NEGATIVE,24.043801572014953,93.78361286324368,,block_48_187,0
neg_8972,PSEUDO_NEGATIVE,27.005903472572612,93.3728875309655,,block_54_186,0
neg_8973,PSEUDO_NEGATIVE,27.013078490248724,93.54005759900357,,block_54_187,0
neg_8974,PSEUDO_NEGATIVE,25.56965353694081,94.8347575250722,,block_51_189,0
neg_8975,PSEUDO_NEGATIVE,25.330956791597874,94.42007425685533,,block_50_188,0
neg_8976,PSEUDO_NEGATIVE,26.290915260894643,93.724821793278,,block_52_187,0
neg_8977,PSEUDO_NEGATIVE,27.939569314336786,94.78213317616317,,block_55_189,0
neg_8978,PSEUDO_NEGATIVE,26.79125715967612,95.21414857699139,,block_53_190,0
neg_8979,PSEUDO_NEGATIVE,29.004730995157455,94.9084919499221,,block_58_189,0
neg_8980,PSEUDO_NEGATIVE,25.59088225668977,93.21310771890461,,block_51_186,0
neg_8981,PSEUDO_NEGATIVE,25.798633704663505,90.3776245722673,,block_51_180,0
neg_8982,PSEUDO_NEGATIVE,25.470367751145623,91.00538812900348,,block_50_182,0
neg_8983,PSEUDO_NEGATIVE,27.92939887079101,96.61843176732714,,block_55_193,0
neg_8984,PSEUDO_NEGATIVE,27.408982535482473,93.85348515719332,,block_54_187,0
neg_8985,PSEUDO_NEGATIVE,28.96601117096443,95.72995626204569,,block_57_191,0
neg_8986,PSEUDO_NEGATIVE,25.530639531782352,93.84099173461085,,block_51_187,0
neg_8987,PSEUDO_NEGATIVE,25.609831791053146,93.6865091550155,,block_51_187,0
neg_8988,PSEUDO_NEGATIVE,26.132820026710107,90.99562235155337,,block_52_181,0
neg_8989,PSEUDO_NEGATIVE,25.649852419225226,94.60151765296071,,block_51_189,0
neg_8990,PSEUDO_NEGATIVE,24.8433189101996,94.04138215154549,,block_49_188,0
neg_8991,PSEUDO_NEGATIVE,27.97734016473278,95.41951828577638,,block_55_190,0
neg_8992,PSEUDO_NEGATIVE,23.51220466941752,92.46361150706296,,block_47_184,0
neg_8993,PSEUDO_NEGATIVE,27.965340299352032,95.2808508473355,,block_55_190,0
neg_8994,PSEUDO_NEGATIVE,27.251325010339983,92.30110477983423,,block_54_184,0
neg_8995,PSEUDO_NEGATIVE,23.958390433246343,92.07547328973621,,block_47_184,0
neg_8996,PSEUDO_NEGATIVE,26.047193727793722,91.82576010556421,,block_52_183,0
neg_8997,PSEUDO_NEGATIVE,27.140599989617055,93.45745479936947,,block_54_186,0
neg_8998,PSEUDO_NEGATIVE,26.619899300361,92.17508766921074,,block_53_184,0
neg_8999,PSEUDO_NEGATIVE,28.312378620084942,95.09319430921084,,block_56_190,0
neg_9000,PSEUDO_NEGATIVE,23.820460946289277,93.3340467992256,,block_47_186,0
neg_9001,PSEUDO_NEGATIVE,22.99839669822221,92.5891912660313,,block_45_185,0
neg_9002,PSEUDO_NEGATIVE,23.95584370511167,93.81492370192676,,block_47_187,0
neg_9003,PSEUDO_NEGATIVE,28.371536837521166,95.85955466718002,,block_56_191,0
neg_9004,PSEUDO_NEGATIVE,24.616569815046773,92.75626012978499,,block_49_185,0
neg_9005,PSEUDO_NEGATIVE,26.293932682468302,91.94575590576197,,block_52_183,0
neg_9006,PSEUDO_NEGATIVE,27.309597235521096,92.50456924125089,,block_54_185,0
neg_9007,PSEUDO_NEGATIVE,24.295984972040408,94.18829703009513,,block_48_188,0
neg_9008,PSEUDO_NEGATIVE,24.570648752543832,93.70487739986164,,block_49_187,0
neg_9009,PSEUDO_NEGATIVE,27.958340378548378,94.60675379783417,,block_55_189,0
neg_9010,PSEUDO_NEGATIVE,26.661184432902257,92.39117754508516,,block_53_184,0
neg_9011,PSEUDO_NEGATIVE,27.63292340657894,95.65835489993488,,block_55_191,0
neg_9012,PSEUDO_NEGATIVE,26.919535398146664,95.2505754190063,,block_53_190,0
neg_9013,PSEUDO_NEGATIVE,25.59206156381086,93.76634164553013,,block_51_187,0
neg_9014,PSEUDO_NEGATIVE,25.58799699132564,92.09834802328402,,block_51_184,0
neg_9015,PSEUDO_NEGATIVE,25.554282766705256,94.70898537115654,,block_51_189,0
neg_9016,PSEUDO_NEGATIVE,27.19830416990547,92.90431650193017,,block_54_185,0
neg_9017,PSEUDO_NEGATIVE,27.816433399447323,94.80742590012181,,block_55_189,0
neg_9018,PSEUDO_NEGATIVE,26.894851845351965,95.48044573285519,,block_53_190,0
neg_9019,PSEUDO_NEGATIVE,24.474280722273058,93.58021220288384,,block_48_187,0
neg_9020,PSEUDO_NEGATIVE,27.562168967499364,94.45411570528097,,block_55_188,0
neg_9021,PSEUDO_NEGATIVE,28.267321601901045,94.4124518763072,,block_56_188,0
neg_9022,PSEUDO_NEGATIVE,26.700550724817216,89.96983564084684,,block_53_179,0
neg_9023,PSEUDO_NEGATIVE,29.15614622685915,94.76776841090691,,block_58_189,0
neg_9024,PSEUDO_NEGATIVE,29.131232519705783,95.65156286326844,,block_58_191,0
neg_9025,PSEUDO_NEGATIVE,27.348011701625268,92.93809670763622,,block_54_185,0
neg_9026,PSEUDO_NEGATIVE,22.705391520506765,92.93266622139927,,block_45_185,0
neg_9027,PSEUDO_NEGATIVE,25.663304357523877,90.99121072985001,,block_51_181,0
neg_9028,PSEUDO_NEGATIVE,26.71156849026742,92.65705948917032,,block_53_185,0
neg_9029,PSEUDO_NEGATIVE,27.644303781429848,94.16694812565012,,block_55_188,0
neg_9030,PSEUDO_NEGATIVE,27.962953431249762,93.3589745738066,,block_55_186,0
neg_9031,PSEUDO_NEGATIVE,27.340514716293903,88.58040224657286,,block_54_177,0
neg_9032,PSEUDO_NEGATIVE,27.31381551589344,95.9357734799888,,block_54_191,0
neg_9033,PSEUDO_NEGATIVE,28.561064104229917,93.8153664996805,,block_57_187,0
neg_9034,PSEUDO_NEGATIVE,27.353232493541693,95.0151750155842,,block_54_190,0
neg_9035,PSEUDO_NEGATIVE,28.664067187332197,95.40443996418752,,block_57_190,0
neg_9036,PSEUDO_NEGATIVE,27.43795353873344,96.71322631872806,,block_54_193,0
neg_9037,PSEUDO_NEGATIVE,26.558410870696704,94.17542122482465,,block_53_188,0
neg_9038,PSEUDO_NEGATIVE,27.159265757983835,95.96842738298024,,block_54_191,0
neg_9039,PSEUDO_NEGATIVE,25.991086482472042,95.05549549763182,,block_51_190,0
neg_9040,PSEUDO_NEGATIVE,24.243148480686155,92.45802215746187,,block_48_184,0
neg_9041,PSEUDO_NEGATIVE,27.46453999546955,95.14245575477524,,block_54_190,0
neg_9042,PSEUDO_NEGATIVE,27.224072752070466,93.9630441988052,,block_54_187,0
neg_9043,PSEUDO_NEGATIVE,26.3295438662133,91.14889658208317,,block_52_182,0
neg_9044,PSEUDO_NEGATIVE,26.16845806231805,91.06928315673066,,block_52_182,0
neg_9045,PSEUDO_NEGATIVE,27.681855403857337,95.92048287945713,,block_55_191,0
neg_9046,PSEUDO_NEGATIVE,27.944657810840607,88.64507139218408,,block_55_177,0
neg_9047,PSEUDO_NEGATIVE,28.23781127174405,94.72227286635903,,block_56_189,0
neg_9048,PSEUDO_NEGATIVE,27.934535401557376,94.77191140966148,,block_55_189,0
neg_9049,PSEUDO_NEGATIVE,22.93660210547894,92.90157385050932,,block_45_185,0
neg_9050,PSEUDO_NEGATIVE,25.485064058659532,90.72819628471518,,block_50_181,0
neg_9051,PSEUDO_NEGATIVE,29.185522246394605,95.81410948452692,,block_58_191,0
neg_9052,PSEUDO_NEGATIVE,26.03919808723092,95.10045396317042,,block_52_190,0
neg_9053,PSEUDO_NEGATIVE,29.214981957402006,94.61620877157263,,block_58_189,0
neg_9054,PSEUDO_NEGATIVE,27.549073588302434,95.23107118717635,,block_55_190,0
neg_9055,PSEUDO_NEGATIVE,28.14520191659323,96.78539972254339,,block_56_193,0
neg_9056,PSEUDO_NEGATIVE,28.58322555080511,95.51524730602353,,block_57_191,0
neg_9057,PSEUDO_NEGATIVE,27.319271215364417,93.59673161580794,,block_54_187,0
neg_9058,PSEUDO_NEGATIVE,25.023589466160868,93.77992978576201,,block_50_187,0
neg_9059,PSEUDO_NEGATIVE,27.43285666967527,96.31246537442877,,block_54_192,0
neg_9060,PSEUDO_NEGATIVE,25.08748823297744,93.77989737613227,,block_50_187,0
neg_9061,PSEUDO_NEGATIVE,25.79561868844368,91.63143996106116,,block_51_183,0
neg_9062,PSEUDO_NEGATIVE,25.44744514535866,94.43200567426047,,block_50_188,0
neg_9063,PSEUDO_NEGATIVE,25.675142585947683,90.90161396415446,,block_51_181,0
neg_9064,PSEUDO_NEGATIVE,26.586721146691048,94.92475287952175,,block_53_189,0
neg_9065,PSEUDO_NEGATIVE,27.944231263122877,93.8222527131319,,block_55_187,0
neg_9066,PSEUDO_NEGATIVE,27.45988832751099,93.44782015056161,,block_54_186,0
neg_9067,PSEUDO_NEGATIVE,24.277784029643115,93.81866710382675,,block_48_187,0
neg_9068,PSEUDO_NEGATIVE,25.08373396285122,93.86858557469107,,block_50_187,0
neg_9069,PSEUDO_NEGATIVE,25.091792006850334,94.13452160966814,,block_50_188,0
neg_9070,PSEUDO_NEGATIVE,22.58226318978067,92.7748228751307,,block_45_185,0
neg_9071,PSEUDO_NEGATIVE,26.56694420260434,92.07853753013534,,block_53_184,0
neg_9072,PSEUDO_NEGATIVE,28.03364305122634,88.72104064555084,,block_56_177,0
neg_9073,PSEUDO_NEGATIVE,26.66289818901982,91.22173447964231,,block_53_182,0
neg_9074,PSEUDO_NEGATIVE,25.64184089400992,93.88409228610531,,block_51_187,0
neg_9075,PSEUDO_NEGATIVE,24.442605706357018,93.01900613258255,,block_48_186,0
neg_9076,PSEUDO_NEGATIVE,26.40369643139984,90.64008317065708,,block_52_181,0
neg_9077,PSEUDO_NEGATIVE,26.65620238264668,90.67311751255707,,block_53_181,0
neg_9078,PSEUDO_NEGATIVE,24.95701641170922,93.24996372315088,,block_49_186,0
neg_9079,PSEUDO_NEGATIVE,24.462394088398856,93.3002553214221,,block_48_186,0
neg_9080,PSEUDO_NEGATIVE,28.43131584865189,94.47503508201812,,block_56_188,0
neg_9081,PSEUDO_NEGATIVE,23.298971541638725,91.75041386323625,,block_46_183,0
neg_9082,PSEUDO_NEGATIVE,26.231782758501023,91.47571612551174,,block_52_182,0
neg_9083,PSEUDO_NEGATIVE,28.397444822064053,93.2454225693538,,block_56_186,0
neg_9084,PSEUDO_NEGATIVE,25.366285731445892,91.18680797830257,,block_50_182,0
neg_9085,PSEUDO_NEGATIVE,27.931197677639574,96.89112118537348,,block_55_193,0
neg_9086,PSEUDO_NEGATIVE,27.922495783292952,93.45446158398418,,block_55_186,0
neg_9087,PSEUDO_NEGATIVE,27.567879099933364,96.32259841883119,,block_55_192,0
neg_9088,PSEUDO_NEGATIVE,25.09069272618245,93.43116132411043,,block_50_186,0
neg_9089,PSEUDO_NEGATIVE,25.664203803984243,92.41861876538202,,block_51_184,0
neg_9090,PSEUDO_NEGATIVE,28.477126511100213,93.8288087001898,,block_56_187,0
neg_9091,PSEUDO_NEGATIVE,27.75109293247136,92.89153863803412,,block_55_185,0
neg_9092,PSEUDO_NEGATIVE,25.48990632144183,91.34379770726669,,block_50_182,0
neg_9093,PSEUDO_NEGATIVE,25.61988670732072,93.710058330869,,block_51_187,0
neg_9094,PSEUDO_NEGATIVE,27.794958722334403,88.63848857496704,,block_55_177,0
neg_9095,PSEUDO_NEGATIVE,26.52237445315582,94.29417199887408,,block_53_188,0
neg_9096,PSEUDO_NEGATIVE,27.70658172926687,94.95038269440279,,block_55_189,0
neg_9097,PSEUDO_NEGATIVE,28.036012906095102,96.06585662762407,,block_56_192,0
neg_9098,PSEUDO_NEGATIVE,28.498403878681493,95.57177142550692,,block_56_191,0
neg_9099,PSEUDO_NEGATIVE,26.341591054965274,90.11624088366719,,block_52_180,0
neg_9100,PSEUDO_NEGATIVE,25.261142749011015,90.79244652660473,,block_50_181,0
neg_9101,PSEUDO_NEGATIVE,26.292839417050704,89.96272088932565,,block_52_179,0
neg_9102,PSEUDO_NEGATIVE,27.433175900535975,92.46840378246289,,block_54_184,0
neg_9103,PSEUDO_NEGATIVE,26.76786787156263,95.13229407486115,,block_53_190,0
neg_9104,PSEUDO_NEGATIVE,26.015077172229322,91.17862738712572,,block_52_182,0
neg_9105,PSEUDO_NEGATIVE,28.75334397571563,93.97907524836403,,block_57_187,0
neg_9106,PSEUDO_NEGATIVE,23.97864241944003,93.79799136240861,,block_47_187,0
neg_9107,PSEUDO_NEGATIVE,26.11699306474052,89.98882404282568,,block_52_179,0
neg_9108,PSEUDO_NEGATIVE,27.955989858233476,88.66057977450797,,block_55_177,0
neg_9109,PSEUDO_NEGATIVE,28.561938920732054,95.56727436340879,,block_57_191,0
neg_9110,PSEUDO_NEGATIVE,28.87967219417731,95.15427094526243,,block_57_190,0
neg_9111,PSEUDO_NEGATIVE,27.9307558003642,94.22518398352277,,block_55_188,0
neg_9112,PSEUDO_NEGATIVE,27.663687281667855,93.74070137543303,,block_55_187,0
neg_9113,PSEUDO_NEGATIVE,26.0693473772967,94.14254220918696,,block_52_188,0
neg_9114,PSEUDO_NEGATIVE,24.60756974178427,92.91510951624907,,block_49_185,0
neg_9115,PSEUDO_NEGATIVE,28.530762191529163,95.60215587487514,,block_57_191,0
neg_9116,PSEUDO_NEGATIVE,28.556775351139688,95.24359034794921,,block_57_190,0
neg_9117,PSEUDO_NEGATIVE,26.254874302865346,90.51457594136494,,block_52_181,0
neg_9118,PSEUDO_NEGATIVE,27.06733518811195,92.05088651114184,,block_54_184,0
neg_9119,PSEUDO_NEGATIVE,26.137250345816714,91.40465646597244,,block_52_182,0
neg_9120,PSEUDO_NEGATIVE,25.453161552945453,89.9962485329254,,block_50_179,0
neg_9121,PSEUDO_NEGATIVE,25.554864093936988,92.4803949397574,,block_51_184,0
neg_9122,PSEUDO_NEGATIVE,24.06034721693129,92.47053108985901,,block_48_184,0
neg_9123,PSEUDO_NEGATIVE,24.33831728178776,93.79984006363162,,block_48_187,0
neg_9124,PSEUDO_NEGATIVE,25.57426499396474,90.56724488064114,,block_51_181,0
neg_9125,PSEUDO_NEGATIVE,24.909115896516294,92.50608141204023,,block_49_185,0
neg_9126,PSEUDO_NEGATIVE,27.173025225642327,92.12860216411083,,block_54_184,0
neg_9127,PSEUDO_NEGATIVE,28.80337980756625,94.3525781018411,,block_57_188,0
neg_9128,PSEUDO_NEGATIVE,28.108726429023775,96.80919071786141,,block_56_193,0
neg_9129,PSEUDO_NEGATIVE,28.14952203837046,93.22127417925799,,block_56_186,0
neg_9130,PSEUDO_NEGATIVE,28.59480107226309,94.66677346539653,,block_57_189,0
neg_9131,PSEUDO_NEGATIVE,26.27027175896643,93.42120879455786,,block_52_186,0
neg_9132,PSEUDO_NEGATIVE,23.80650890172273,91.79897350943666,,block_47_183,0
neg_9133,PSEUDO_NEGATIVE,27.52063553261275,96.79136631298013,,block_55_193,0
neg_9134,PSEUDO_NEGATIVE,25.49994893997255,92.60619012666959,,block_50_185,0
neg_9135,PSEUDO_NEGATIVE,26.23259409044752,93.32229734652157,,block_52_186,0
neg_9136,PSEUDO_NEGATIVE,28.849781854063853,95.0344735635924,,block_57_190,0
neg_9137,PSEUDO_NEGATIVE,27.71796710338004,88.61137252951146,,block_55_177,0
neg_9138,PSEUDO_NEGATIVE,28.218833728884373,96.93834095875016,,block_56_193,0
neg_9139,PSEUDO_NEGATIVE,25.441759492540175,89.88383320641184,,block_50_179,0
neg_9140,PSEUDO_NEGATIVE,27.47362685214399,96.16977622993576,,block_54_192,0
neg_9141,PSEUDO_NEGATIVE,23.491425299520547,91.79927413431759,,block_46_183,0
neg_9142,PSEUDO_NEGATIVE,26.642299653250767,92.80253708026173,,block_53_185,0
neg_9143,PSEUDO_NEGATIVE,26.607158509155536,92.89406833951256,,block_53_185,0
neg_9144,PSEUDO_NEGATIVE,25.961330939119836,92.80388138935294,,block_51_185,0
neg_9145,PSEUDO_NEGATIVE,27.01874313614573,94.03151893078731,,block_54_188,0
neg_9146,PSEUDO_NEGATIVE,26.193476738695317,92.21161992234462,,block_52_184,0
neg_9147,PSEUDO_NEGATIVE,26.066984727450354,91.65713370856237,,block_52_183,0
neg_9148,PSEUDO_NEGATIVE,25.36368646747336,94.48610151201544,,block_50_188,0
neg_9149,PSEUDO_NEGATIVE,25.7940187154593,93.7394419282293,,block_51_187,0
neg_9150,PSEUDO_NEGATIVE,25.76722988927221,90.07003086940901,,block_51_180,0
neg_9151,PSEUDO_NEGATIVE,26.456048706879116,91.84757874566124,,block_52_183,0
neg_9152,PSEUDO_NEGATIVE,26.649280649168787,90.67619462296383,,block_53_181,0
neg_9153,PSEUDO_NEGATIVE,26.771154675663247,92.90472554403365,,block_53_185,0
neg_9154,PSEUDO_NEGATIVE,26.546966614350474,91.36303515844793,,block_53_182,0
neg_9155,PSEUDO_NEGATIVE,28.496591750418666,94.01703604153825,,block_56_188,0
neg_9156,PSEUDO_NEGATIVE,27.083160455517593,95.76765863292823,,block_54_191,0
neg_9157,PSEUDO_NEGATIVE,27.419079452876645,96.83643503564721,,block_54_193,0
neg_9158,PSEUDO_NEGATIVE,23.4639186561894,92.66882256079795,,block_46_185,0
neg_9159,PSEUDO_NEGATIVE,26.693617043995673,91.31732110138472,,block_53_182,0
neg_9160,PSEUDO_NEGATIVE,28.02172630810975,93.73386614809803,,block_56_187,0
neg_9161,PSEUDO_NEGATIVE,27.318756713362323,93.64562471463466,,block_54_187,0
neg_9162,PSEUDO_NEGATIVE,27.0597937474578,94.33533468466368,,block_54_188,0
neg_9163,PSEUDO_NEGATIVE,28.778570671107676,96.0730799376872,,block_57_192,0
neg_9164,PSEUDO_NEGATIVE,28.02632146561204,95.59725456430175,,block_56_191,0
neg_9165,PSEUDO_NEGATIVE,25.797214863295157,90.34896608372507,,block_51_180,0
neg_9166,PSEUDO_NEGATIVE,25.5287186650261,92.69398434056883,,block_51_185,0
neg_9167,PSEUDO_NEGATIVE,27.97610331810666,94.85081700666335,,block_55_189,0
neg_9168,PSEUDO_NEGATIVE,28.377073249241437,96.23049561717421,,block_56_192,0
neg_9169,PSEUDO_NEGATIVE,24.464283460526982,92.73170639537864,,block_48_185,0
neg_9170,PSEUDO_NEGATIVE,25.4319321037722,93.87134121828288,,block_50_187,0
neg_9171,PSEUDO_NEGATIVE,23.555240622653855,92.80891050609772,,block_47_185,0
neg_9172,PSEUDO_NEGATIVE,28.147264768050555,95.55717562970649,,block_56_191,0
neg_9173,PSEUDO_NEGATIVE,27.62196782223884,95.89370533892577,,block_55_191,0
neg_9174,PSEUDO_NEGATIVE,26.14987617715677,93.81771976759488,,block_52_187,0
neg_9175,PSEUDO_NEGATIVE,28.443703803502416,96.22614660311106,,block_56_192,0
neg_9176,PSEUDO_NEGATIVE,29.066283656148602,95.79649863277761,,block_58_191,0
neg_9177,PSEUDO_NEGATIVE,27.413811546143656,95.30858631113014,,block_54_190,0
neg_9178,PSEUDO_NEGATIVE,25.469348407803647,92.80574436811531,,block_50_185,0
neg_9179,PSEUDO_NEGATIVE,26.032881911017164,91.44451562773273,,block_52_182,0
neg_9180,PSEUDO_NEGATIVE,26.017877919944638,92.13438210947585,,block_52_184,0
neg_9181,PSEUDO_NEGATIVE,26.27190558648352,91.53727555256737,,block_52_183,0
neg_9182,PSEUDO_NEGATIVE,23.889630656855797,91.68605441987557,,block_47_183,0
neg_9183,PSEUDO_NEGATIVE,25.95960480826892,93.96278497089769,,block_51_187,0
neg_9184,PSEUDO_NEGATIVE,24.372199536820872,93.00986106839675,,block_48_186,0
neg_9185,PSEUDO_NEGATIVE,26.58568232279987,94.61124214346877,,block_53_189,0
neg_9186,PSEUDO_NEGATIVE,26.453108998670174,92.04837106377079,,block_52_184,0
neg_9187,PSEUDO_NEGATIVE,26.90608036790573,95.70832907241859,,block_53_191,0
neg_9188,PSEUDO_NEGATIVE,24.063870486598553,92.48607242946277,,block_48_184,0
neg_9189,PSEUDO_NEGATIVE,28.47900173998908,93.78750225090144,,block_56_187,0
neg_9190,PSEUDO_NEGATIVE,28.863577254229234,94.58442106565889,,block_57_189,0
neg_9191,PSEUDO_NEGATIVE,28.185678486363337,93.77696773236754,,block_56_187,0
neg_9192,PSEUDO_NEGATIVE,23.802902795993617,92.2961680745551,,block_47_184,0
neg_9193,PSEUDO_NEGATIVE,28.977067252836072,94.40701745867979,,block_57_188,0
neg_9194,PSEUDO_NEGATIVE,23.51258389725343,91.7081799538106,,block_47_183,0
neg_9195,PSEUDO_NEGATIVE,28.566008996361028,96.26072632715663,,block_57_192,0
neg_9196,PSEUDO_NEGATIVE,25.208706988223955,92.33602217877849,,block_50_184,0
neg_9197,PSEUDO_NEGATIVE,29.197025639512887,94.78932598567108,,block_58_189,0
neg_9198,PSEUDO_NEGATIVE,24.694951466056825,92.47083420961626,,block_49_184,0
neg_9199,PSEUDO_NEGATIVE,28.567434863386197,95.60142577312381,,block_57_191,0
neg_9200,PSEUDO_NEGATIVE,28.58821327057909,94.77078132941384,,block_57_189,0
neg_9201,PSEUDO_NEGATIVE,26.071331335284277,92.93294610659125,,block_52_185,0
neg_9202,PSEUDO_NEGATIVE,27.81009891426832,88.49061207628132,,block_55_176,0
neg_9203,PSEUDO_NEGATIVE,26.279556719096384,90.5699121227454,,block_52_181,0
neg_9204,PSEUDO_NEGATIVE,29.094009940847716,95.91387788296335,,block_58_191,0
neg_9205,PSEUDO_NEGATIVE,25.463975829757107,91.88292569255215,,block_50_183,0
neg_9206,PSEUDO_NEGATIVE,26.855517171673227,90.37147040112124,,block_53_180,0
neg_9207,PSEUDO_NEGATIVE,28.17310397853739,93.4659408180143,,block_56_186,0
neg_9208,PSEUDO_NEGATIVE,27.700439983827224,92.0319447593648,,block_55_184,0
neg_9209,PSEUDO_NEGATIVE,24.427180186336134,93.94457318465912,,block_48_187,0
neg_9210,PSEUDO_NEGATIVE,26.666353180506064,93.5984129035267,,block_53_187,0
neg_9211,PSEUDO_NEGATIVE,26.505563565005648,90.01730455857486,,block_53_180,0
neg_9212,PSEUDO_NEGATIVE,24.575094472661814,94.14230242702727,,block_49_188,0
neg_9213,PSEUDO_NEGATIVE,26.14510051516818,90.35602939135597,,block_52_180,0
neg_9214,PSEUDO_NEGATIVE,27.130965220503654,93.12076739775527,,block_54_186,0
neg_9215,PSEUDO_NEGATIVE,26.045828641034102,92.90829342166333,,block_52_185,0
neg_9216,PSEUDO_NEGATIVE,26.367927346779467,90.28173836849248,,block_52_180,0
neg_9217,PSEUDO_NEGATIVE,28.30952795047469,94.84505274317715,,block_56_189,0
neg_9218,PSEUDO_NEGATIVE,25.69371286096861,94.48683711686202,,block_51_188,0
neg_9219,PSEUDO_NEGATIVE,27.43453132439847,95.14755321163872,,block_54_190,0
neg_9220,PSEUDO_NEGATIVE,27.595640074255613,94.28293540698782,,block_55_188,0
neg_9221,PSEUDO_NEGATIVE,26.57779422204562,90.204293558633,,block_53_180,0
neg_9222,PSEUDO_NEGATIVE,27.064399224232883,92.57455894590998,,block_54_185,0
neg_9223,PSEUDO_NEGATIVE,27.564877322205216,88.55456907054187,,block_55_177,0
neg_9224,PSEUDO_NEGATIVE,28.22814836250907,93.16492955624327,,block_56_186,0
neg_9225,PSEUDO_NEGATIVE,26.352373533689658,92.99081275508973,,block_52_185,0
neg_9226,PSEUDO_NEGATIVE,27.149765838537544,93.34379812501,,block_54_186,0
neg_9227,PSEUDO_NEGATIVE,25.72871509280367,90.66143394983453,,block_51_181,0
neg_9228,PSEUDO_NEGATIVE,28.326955079663797,96.2587212452263,,block_56_192,0
neg_9229,PSEUDO_NEGATIVE,25.420391201153265,90.61209830168363,,block_50_181,0
neg_9230,PSEUDO_NEGATIVE,28.24379137954142,92.9860684348796,,block_56_185,0
neg_9231,PSEUDO_NEGATIVE,26.683697486317342,92.16341447656464,,block_53_184,0
neg_9232,PSEUDO_NEGATIVE,26.249308379815115,90.25168250945896,,block_52_180,0
neg_9233,PSEUDO_NEGATIVE,27.503968421726462,93.59112524920347,,block_55_187,0
neg_9234,PSEUDO_NEGATIVE,26.185298678802965,90.34256763754178,,block_52_180,0
neg_9235,PSEUDO_NEGATIVE,27.94024761873976,88.75023282688669,,block_55_177,0
neg_9236,PSEUDO_NEGATIVE,26.136485056493605,94.97460021206301,,block_52_189,0
neg_9237,PSEUDO_NEGATIVE,27.41766460063987,93.32561644520504,,block_54_186,0
neg_9238,PSEUDO_NEGATIVE,27.4111962938957,93.48094142882108,,block_54_186,0
neg_9239,PSEUDO_NEGATIVE,28.50354964811579,93.54378184723276,,block_57_187,0
neg_9240,PSEUDO_NEGATIVE,28.20958293887707,96.0191395732902,,block_56_192,0
neg_9241,PSEUDO_NEGATIVE,28.27717855907875,95.94855073646434,,block_56_191,0
neg_9242,PSEUDO_NEGATIVE,27.464233244292167,93.7795461098031,,block_54_187,0
neg_9243,PSEUDO_NEGATIVE,28.521075092119773,95.91943530049608,,block_57_191,0
neg_9244,PSEUDO_NEGATIVE,25.55457549056443,90.98294174930825,,block_51_181,0
neg_9245,PSEUDO_NEGATIVE,22.68824402970999,92.62665694329793,,block_45_185,0
neg_9246,PSEUDO_NEGATIVE,24.469507658467823,93.8119215000158,,block_48_187,0
neg_9247,PSEUDO_NEGATIVE,24.399098314931635,93.49244865140717,,block_48_186,0
neg_9248,PSEUDO_NEGATIVE,25.606086803932083,93.15699447875457,,block_51_186,0
neg_9249,PSEUDO_NEGATIVE,24.455166990698316,93.26979802090436,,block_48_186,0
neg_9250,PSEUDO_NEGATIVE,28.701153871681562,94.47949379213894,,block_57_188,0
neg_9251,PSEUDO_NEGATIVE,26.505307542248453,90.60129567247992,,block_53_181,0
neg_9252,PSEUDO_NEGATIVE,27.514496394297467,96.70875368465279,,block_55_193,0
neg_9253,PSEUDO_NEGATIVE,22.104923441164267,92.60013317983967,,block_44_185,0
neg_9254,PSEUDO_NEGATIVE,23.526794323254858,91.37395204181715,,block_47_182,0
neg_9255,PSEUDO_NEGATIVE,25.859648837145173,91.98014244942716,,block_51_183,0
neg_9256,PSEUDO_NEGATIVE,23.915180631495858,91.77965014968984,,block_47_183,0
neg_9257,PSEUDO_NEGATIVE,25.531587125703492,90.61066311034197,,block_51_181,0
neg_9258,PSEUDO_NEGATIVE,28.622955891550593,95.56779655908544,,block_57_191,0
neg_9259,PSEUDO_NEGATIVE,27.235479075664074,92.32975760441454,,block_54_184,0
neg_9260,PSEUDO_NEGATIVE,26.006549822003834,92.70613498949771,,block_52_185,0
neg_9261,PSEUDO_NEGATIVE,27.888495607149228,92.88787933543799,,block_55_185,0
neg_9262,PSEUDO_NEGATIVE,25.75325815324313,91.22367767993721,,block_51_182,0
neg_9263,PSEUDO_NEGATIVE,26.79934703566914,93.63453097007572,,block_53_187,0
neg_9264,PSEUDO_NEGATIVE,29.181014034695767,95.59134813553354,,block_58_191,0
neg_9265,PSEUDO_NEGATIVE,26.763917663410776,90.57694856072976,,block_53_181,0
neg_9266,PSEUDO_NEGATIVE,25.71160052866058,93.01697331005292,,block_51_186,0
neg_9267,PSEUDO_NEGATIVE,27.411747524155032,95.47687816438442,,block_54_190,0
neg_9268,PSEUDO_NEGATIVE,27.5027269847474,88.2851494397535,,block_55_176,0
neg_9269,PSEUDO_NEGATIVE,26.333463243503072,94.18918254299554,,block_52_188,0
neg_9270,PSEUDO_NEGATIVE,25.261026124304614,91.14549058152643,,block_50_182,0
neg_9271,PSEUDO_NEGATIVE,29.417601959669916,96.03331797132049,,block_58_192,0
neg_9272,PSEUDO_NEGATIVE,26.475411312894842,92.1266523426717,,block_52_184,0
neg_9273,PSEUDO_NEGATIVE,28.803752341888273,95.12891854163587,,block_57_190,0
neg_9274,PSEUDO_NEGATIVE,26.83272140374363,92.09663329917746,,block_53_184,0
neg_9275,PSEUDO_NEGATIVE,28.61011497285306,93.46424197032691,,block_57_186,0
neg_9276,PSEUDO_NEGATIVE,25.506550469067044,90.99968331525983,,block_51_181,0
neg_9277,PSEUDO_NEGATIVE,27.233525450491136,94.7103551657869,,block_54_189,0
neg_9278,PSEUDO_NEGATIVE,27.77556683135794,93.27804713066823,,block_55_186,0
neg_9279,PSEUDO_NEGATIVE,24.88004645031725,93.677075113233,,block_49_187,0
neg_9280,PSEUDO_NEGATIVE,23.754132807177758,93.18717102698368,,block_47_186,0
neg_9281,PSEUDO_NEGATIVE,26.884780117587113,93.47007935787941,,block_53_186,0
neg_9282,PSEUDO_NEGATIVE,25.910456323230207,93.61405968517221,,block_51_187,0
neg_9283,PSEUDO_NEGATIVE,23.576010239190047,93.21957674776661,,block_47_186,0
neg_9284,PSEUDO_NEGATIVE,27.183986947062806,92.6721618929248,,block_54_185,0
neg_9285,PSEUDO_NEGATIVE,25.575838394480716,90.51633718718232,,block_51_181,0
neg_9286,PSEUDO_NEGATIVE,23.68379780923899,92.54494970839708,,block_47_185,0
neg_9287,PSEUDO_NEGATIVE,27.165649778500615,95.14089414909611,,block_54_190,0
neg_9288,PSEUDO_NEGATIVE,27.960987180670728,88.4715992808952,,block_55_176,0
neg_9289,PSEUDO_NEGATIVE,28.853124376295533,95.69260970470627,,block_57_191,0
neg_9290,PSEUDO_NEGATIVE,25.95181876904263,91.43568810907253,,block_51_182,0
neg_9291,PSEUDO_NEGATIVE,26.349858114391395,93.54658341725884,,block_52_187,0
neg_9292,PSEUDO_NEGATIVE,23.830103131259836,91.62991688025322,,block_47_183,0
neg_9293,PSEUDO_NEGATIVE,27.73222369883199,95.28582613519734,,block_55_190,0
neg_9294,PSEUDO_NEGATIVE,28.793301002221455,95.96138796421282,,block_57_191,0
neg_9295,PSEUDO_NEGATIVE,26.42653799737556,93.9869311203259,,block_52_187,0
neg_9296,PSEUDO_NEGATIVE,22.079313930872427,92.61904070548496,,block_44_185,0
neg_9297,PSEUDO_NEGATIVE,27.561828062806907,92.31703013792972,,block_55_184,0
neg_9298,PSEUDO_NEGATIVE,27.074763743792293,95.42610239423817,,block_54_190,0
neg_9299,PSEUDO_NEGATIVE,25.289547832298677,91.36819180027608,,block_50_182,0
neg_9300,PSEUDO_NEGATIVE,24.899644039161103,92.27836443842283,,block_49_184,0
neg_9301,PSEUDO_NEGATIVE,25.868686507737646,94.49322555022255,,block_51_188,0
neg_9302,PSEUDO_NEGATIVE,27.168058577624507,92.35730585617053,,block_54_184,0
neg_9303,PSEUDO_NEGATIVE,28.41404667912384,95.84571063490468,,block_56_191,0
neg_9304,PSEUDO_NEGATIVE,29.153866461215394,95.89025539348232,,block_58_191,0
neg_9305,PSEUDO_NEGATIVE,23.819469036970272,91.27702699006525,,block_47_182,0
neg_9306,PSEUDO_NEGATIVE,27.59513658255002,93.67547401946419,,block_55_187,0
neg_9307,PSEUDO_NEGATIVE,25.194312710002517,92.41409648687572,,block_50_184,0
neg_9308,PSEUDO_NEGATIVE,26.126749671987916,93.48098327065179,,block_52_186,0
neg_9309,PSEUDO_NEGATIVE,27.886061760404992,88.50555145158683,,block_55_177,0
neg_9310,PSEUDO_NEGATIVE,26.65220551798497,92.35966287305773,,block_53_184,0
neg_9311,PSEUDO_NEGATIVE,26.502584426295556,92.92452492080447,,block_53_185,0
neg_9312,PSEUDO_NEGATIVE,27.71946848349277,88.22944059832002,,block_55_176,0
neg_9313,PSEUDO_NEGATIVE,25.65199483940986,92.57266764017278,,block_51_185,0
neg_9314,PSEUDO_NEGATIVE,26.967798110836192,92.49823586029756,,block_53_184,0
neg_9315,PSEUDO_NEGATIVE,27.3986996139145,92.52937447216186,,block_54_185,0
neg_9316,PSEUDO_NEGATIVE,26.565576881475618,91.65557198933081,,block_53_183,0
neg_9317,PSEUDO_NEGATIVE,25.36394629870008,89.91822195764207,,block_50_179,0
neg_9318,PSEUDO_NEGATIVE,26.682379528033206,90.83534211007209,,block_53_181,0
neg_9319,PSEUDO_NEGATIVE,25.37952021843764,94.06502331088677,,block_50_188,0
neg_9320,PSEUDO_NEGATIVE,28.103735577511245,93.34677230594629,,block_56_186,0
neg_9321,PSEUDO_NEGATIVE,27.627352487009475,88.53685369174126,,block_55_177,0
neg_9322,PSEUDO_NEGATIVE,26.598027029871023,92.26524488090604,,block_53_184,0
neg_9323,PSEUDO_NEGATIVE,27.884885898634735,92.876902843875,,block_55_185,0
neg_9324,PSEUDO_NEGATIVE,27.88026397088136,97.16207992457952,,block_55_194,0
neg_9325,PSEUDO_NEGATIVE,25.76694633699297,91.83373536029082,,block_51_183,0
neg_9326,PSEUDO_NEGATIVE,27.87628792404686,96.95402405711711,,block_55_193,0
neg_9327,PSEUDO_NEGATIVE,27.983873216752507,88.80427365042716,,block_55_177,0
neg_9328,PSEUDO_NEGATIVE,26.302860820771258,90.337362603689,,block_52_180,0
neg_9329,PSEUDO_NEGATIVE,26.02192061173165,93.37033340954878,,block_52_186,0
neg_9330,PSEUDO_NEGATIVE,25.919389848456994,90.18036783175569,,block_51_180,0
neg_9331,PSEUDO_NEGATIVE,26.11765500793482,90.20664617964769,,block_52_180,0
neg_9332,PSEUDO_NEGATIVE,26.033652989138886,93.47487005646994,,block_52_186,0
neg_9333,PSEUDO_NEGATIVE,26.602462320269787,93.25751541454925,,block_53_186,0
neg_9334,PSEUDO_NEGATIVE,24.680940266953037,92.81795781260216,,block_49_185,0
neg_9335,PSEUDO_NEGATIVE,27.392039362520244,93.34709515879206,,block_54_186,0
neg_9336,PSEUDO_NEGATIVE,27.435786136693892,93.76240682160318,,block_54_187,0
neg_9337,PSEUDO_NEGATIVE,24.81093554244747,92.89401032027874,,block_49_185,0
neg_9338,PSEUDO_NEGATIVE,24.21126846071608,92.4742957189188,,block_48_184,0
neg_9339,PSEUDO_NEGATIVE,26.83867509592576,92.75323173012373,,block_53_185,0
neg_9340,PSEUDO_NEGATIVE,22.28377526089128,93.02405947185652,,block_44_186,0
neg_9341,PSEUDO_NEGATIVE,24.355495998507436,92.47923393439464,,block_48_184,0
neg_9342,PSEUDO_NEGATIVE,25.95005641950327,91.25632179275335,,block_51_182,0
neg_9343,PSEUDO_NEGATIVE,23.269677407729493,91.72660896874763,,block_46_183,0
neg_9344,PSEUDO_NEGATIVE,26.993156424034304,94.85937137415071,,block_53_189,0
neg_9345,PSEUDO_NEGATIVE,24.376934582946596,92.1100229651355,,block_48_184,0
neg_9346,PSEUDO_NEGATIVE,26.25472652786829,90.23250380465902,,block_52_180,0
neg_9347,PSEUDO_NEGATIVE,23.374828884582925,92.6084916495978,,block_46_185,0
neg_9348,PSEUDO_NEGATIVE,25.612686418330526,94.2878047925443,,block_51_188,0
neg_9349,PSEUDO_NEGATIVE,26.66132692639643,93.81263822901892,,block_53_187,0
neg_9350,PSEUDO_NEGATIVE,26.34943151330534,90.34622374289671,,block_52_180,0
neg_9351,PSEUDO_NEGATIVE,28.12802299927566,93.55476840407754,,block_56_187,0
neg_9352,PSEUDO_NEGATIVE,23.591063258668672,92.44074155627341,,block_47_184,0
neg_9353,PSEUDO_NEGATIVE,25.382791041483447,90.30555281556715,,block_50_180,0
neg_9354,PSEUDO_NEGATIVE,26.391855489854564,91.22708436084619,,block_52_182,0
neg_9355,PSEUDO_NEGATIVE,26.700411088210345,94.27663077373118,,block_53_188,0
neg_9356,PSEUDO_NEGATIVE,27.845458656402194,96.25906169834722,,block_55_192,0
neg_9357,PSEUDO_NEGATIVE,27.07722249175693,93.27184368375241,,block_54_186,0
neg_9358,PSEUDO_NEGATIVE,25.23937496503728,91.27176215200068,,block_50_182,0
neg_9359,PSEUDO_NEGATIVE,28.11304259779701,94.6181187688124,,block_56_189,0
neg_9360,PSEUDO_NEGATIVE,26.293499827284652,91.15310398540454,,block_52_182,0
neg_9361,PSEUDO_NEGATIVE,25.740228604848397,94.13000679009495,,block_51_188,0
neg_9362,PSEUDO_NEGATIVE,25.952897344941313,90.0866449429287,,block_51_180,0
neg_9363,PSEUDO_NEGATIVE,28.5396031265947,94.34934693642421,,block_57_188,0
neg_9364,PSEUDO_NEGATIVE,27.712164810560665,91.64204188866935,,block_55_183,0
neg_9365,PSEUDO_NEGATIVE,25.646439072459344,90.9238796072919,,block_51_181,0
neg_9366,PSEUDO_NEGATIVE,26.053169400849708,94.73889104227753,,block_52_189,0
neg_9367,PSEUDO_NEGATIVE,25.67076912770735,92.52520086678611,,block_51_185,0
neg_9368,PSEUDO_NEGATIVE,26.767385023148762,93.15175457392796,,block_53_186,0
neg_9369,PSEUDO_NEGATIVE,28.56837733162957,95.35602863039635,,block_57_190,0
neg_9370,PSEUDO_NEGATIVE,27.376839990823296,93.41886795531744,,block_54_186,0
neg_9371,PSEUDO_NEGATIVE,27.770206732318567,94.98151956568745,,block_55_189,0
neg_9372,PSEUDO_NEGATIVE,23.603964919866527,91.36922158920396,,block_47_182,0
neg_9373,PSEUDO_NEGATIVE,28.59701055989504,93.84005895310375,,block_57_187,0
neg_9374,PSEUDO_NEGATIVE,29.0548830155488,95.11439996191582,,block_58_190,0
neg_9375,PSEUDO_NEGATIVE,24.74418429021244,94.11060172905022,,block_49_188,0
neg_9376,PSEUDO_NEGATIVE,28.95547824719101,95.50978951624529,,block_57_191,0
neg_9377,PSEUDO_NEGATIVE,25.204721888438023,93.9478902381556,,block_50_187,0
neg_9378,PSEUDO_NEGATIVE,23.96308883299521,91.93356480857585,,block_47_183,0
neg_9379,PSEUDO_NEGATIVE,27.45229311561667,96.21613262395132,,block_54_192,0
neg_9380,PSEUDO_NEGATIVE,28.303751273302606,94.8728561064636,,block_56_189,0
neg_9381,PSEUDO_NEGATIVE,23.68577381373464,92.66147701474344,,block_47_185,0
neg_9382,PSEUDO_NEGATIVE,26.644634432481467,93.46267847906572,,block_53_186,0
neg_9383,PSEUDO_NEGATIVE,25.637073955919714,90.9079763727539,,block_51_181,0
neg_9384,PSEUDO_NEGATIVE,23.30400387411135,93.26962615713049,,block_46_186,0
neg_9385,PSEUDO_NEGATIVE,26.109459479801046,93.53813581518874,,block_52_187,0
neg_9386,PSEUDO_NEGATIVE,26.24965421910988,93.24562046516765,,block_52_186,0
neg_9387,PSEUDO_NEGATIVE,26.864310441637567,95.28883407392199,,block_53_190,0
neg_9388,PSEUDO_NEGATIVE,26.270894561193238,94.49805320927346,,block_52_188,0
neg_9389,PSEUDO_NEGATIVE,26.351222756920215,92.16946473183037,,block_52_184,0
neg_9390,PSEUDO_NEGATIVE,26.924305273838424,95.03637854676,,block_53_190,0
neg_9391,PSEUDO_NEGATIVE,25.964412491455562,92.89082902021357,,block_51_185,0
neg_9392,PSEUDO_NEGATIVE,27.356290149418356,88.8120369291657,,block_54_177,0
neg_9393,PSEUDO_NEGATIVE,28.566104374816952,96.04439888104578,,block_57_192,0
neg_9394,PSEUDO_NEGATIVE,26.413624601997434,91.45931226816944,,block_52_182,0
neg_9395,PSEUDO_NEGATIVE,27.559565948571702,95.67625426525528,,block_55_191,0
neg_9396,PSEUDO_NEGATIVE,26.58266671896012,90.4069521088161,,block_53_180,0
neg_9397,PSEUDO_NEGATIVE,28.507797063268008,96.28382178298227,,block_57_192,0
neg_9398,PSEUDO_NEGATIVE,24.76511270479497,92.44844123717375,,block_49_184,0
neg_9399,PSEUDO_NEGATIVE,27.928943225852223,96.39971224093392,,block_55_192,0
neg_9400,PSEUDO_NEGATIVE,28.319471111988797,96.84042215076947,,block_56_193,0
neg_9401,PSEUDO_NEGATIVE,28.063661407157532,93.61469077372227,,block_56_187,0
neg_9402,PSEUDO_NEGATIVE,27.577703528646627,95.47557369065335,,block_55_190,0
neg_9403,PSEUDO_NEGATIVE,24.29857561924956,93.64994423108892,,block_48_187,0
neg_9404,PSEUDO_NEGATIVE,25.66427012592861,94.57251740830849,,block_51_189,0
neg_9405,PSEUDO_NEGATIVE,26.297376157838077,89.86377478913774,,block_52_179,0
neg_9406,PSEUDO_NEGATIVE,25.61415150798545,91.73465552595098,,block_51_183,0
neg_9407,PSEUDO_NEGATIVE,27.721959661084306,92.06437559486803,,block_55_184,0
neg_9408,PSEUDO_NEGATIVE,28.638138320520046,93.76429338811317,,block_57_187,0
neg_9409,PSEUDO_NEGATIVE,27.61543010349162,95.05359734353529,,block_55_190,0
neg_9410,PSEUDO_NEGATIVE,26.814359084295017,92.28812220261449,,block_53_184,0
neg_9411,PSEUDO_NEGATIVE,25.84556086840812,92.44075731993021,,block_51_184,0
neg_9412,PSEUDO_NEGATIVE,27.568378961958413,91.93177988800194,,block_55_183,0
neg_9413,PSEUDO_NEGATIVE,25.116324360594096,94.16038086242494,,block_50_188,0
neg_9414,PSEUDO_NEGATIVE,25.193205287466647,93.79071977049426,,block_50_187,0
neg_9415,PSEUDO_NEGATIVE,28.140093652724396,93.54696220003615,,block_56_187,0
neg_9416,PSEUDO_NEGATIVE,26.36351901024835,93.02204626986436,,block_52_186,0
neg_9417,PSEUDO_NEGATIVE,26.400132087838514,90.34616476550806,,block_52_180,0
neg_9418,PSEUDO_NEGATIVE,27.61695034169565,96.16045372612393,,block_55_192,0
neg_9419,PSEUDO_NEGATIVE,25.643979832984485,91.4259697896267,,block_51_182,0
neg_9420,PSEUDO_NEGATIVE,27.106889233179782,93.4316627770004,,block_54_186,0
neg_9421,PSEUDO_NEGATIVE,27.118633686630815,92.65969723156199,,block_54_185,0
neg_9422,PSEUDO_NEGATIVE,28.18506325313196,93.40859881811133,,block_56_186,0
neg_9423,PSEUDO_NEGATIVE,22.982217885428245,91.57606700188782,,block_45_183,0
neg_9424,PSEUDO_NEGATIVE,25.4154385677223,93.51773622319506,,block_50_187,0
neg_9425,PSEUDO_NEGATIVE,25.591313641128245,94.54014688714433,,block_51_189,0
neg_9426,PSEUDO_NEGATIVE,23.27230017562176,92.79485731459546,,block_46_185,0
neg_9427,PSEUDO_NEGATIVE,26.193182564432476,94.00890903517625,,block_52_188,0
neg_9428,PSEUDO_NEGATIVE,26.5353164979248,91.2450001063994,,block_53_182,0
neg_9429,PSEUDO_NEGATIVE,28.30007075774538,93.25215867440778,,block_56_186,0
neg_9430,PSEUDO_NEGATIVE,25.58342788601281,90.2238234754249,,block_51_180,0
neg_9431,PSEUDO_NEGATIVE,27.361309811729253,93.87707789183371,,block_54_187,0
neg_9432,PSEUDO_NEGATIVE,27.496310248259743,94.08643881466303,,block_54_188,0
neg_9433,PSEUDO_NEGATIVE,23.66744320832649,91.6754332814862,,block_47_183,0
neg_9434,PSEUDO_NEGATIVE,27.573828751052847,93.24302542185298,,block_55_186,0
neg_9435,PSEUDO_NEGATIVE,27.628103689475783,92.28388460228858,,block_55_184,0
neg_9436,PSEUDO_NEGATIVE,24.178465628278204,92.13587653959581,,block_48_184,0
neg_9437,PSEUDO_NEGATIVE,27.391704536478663,95.93975889302938,,block_54_191,0
neg_9438,PSEUDO_NEGATIVE,25.05753833179221,92.7724253581923,,block_50_185,0
neg_9439,PSEUDO_NEGATIVE,23.141261812914042,92.87748785511889,,block_46_185,0
neg_9440,PSEUDO_NEGATIVE,28.561753802175055,95.59727540580074,,block_57_191,0
neg_9441,PSEUDO_NEGATIVE,23.179181587332472,92.52526108055628,,block_46_185,0
neg_9442,PSEUDO_NEGATIVE,26.494031678301383,94.02681395415064,,block_52_188,0
neg_9443,PSEUDO_NEGATIVE,23.91295744656655,92.4949892351004,,block_47_184,0
neg_9444,PSEUDO_NEGATIVE,27.074397002490397,92.42194243598288,,block_54_184,0
neg_9445,PSEUDO_NEGATIVE,23.95197619388335,92.33558438780719,,block_47_184,0
neg_9446,PSEUDO_NEGATIVE,28.2280206831986,94.80646796760207,,block_56_189,0
neg_9447,PSEUDO_NEGATIVE,26.542842427043684,93.95285157320777,,block_53_187,0
neg_9448,PSEUDO_NEGATIVE,26.079244426023557,93.21916961593243,,block_52_186,0
neg_9449,PSEUDO_NEGATIVE,26.802794104822837,93.87563080507717,,block_53_187,0
neg_9450,PSEUDO_NEGATIVE,23.543805347147515,93.05327191930614,,block_47_186,0
neg_9451,PSEUDO_NEGATIVE,23.783711093693626,91.60955250830537,,block_47_183,0
neg_9452,PSEUDO_NEGATIVE,24.492903099072535,93.46287838298053,,block_48_186,0
neg_9453,PSEUDO_NEGATIVE,26.71507197443853,92.93448852365387,,block_53_185,0
neg_9454,PSEUDO_NEGATIVE,28.677925201280342,95.05579937237681,,block_57_190,0
neg_9455,PSEUDO_NEGATIVE,24.996361143513937,94.71089269144116,,block_49_189,0
neg_9456,PSEUDO_NEGATIVE,27.804134444921285,91.73585271769926,,block_55_183,0
neg_9457,PSEUDO_NEGATIVE,27.71452260065425,96.50937803086407,,block_55_193,0
neg_9458,PSEUDO_NEGATIVE,28.622390100325347,93.45634434606364,,block_57_186,0
neg_9459,PSEUDO_NEGATIVE,25.48827965105678,92.28677318517705,,block_50_184,0
neg_9460,PSEUDO_NEGATIVE,28.50990093658065,95.37249186765686,,block_57_190,0
neg_9461,PSEUDO_NEGATIVE,29.009572924807635,95.64908227482769,,block_58_191,0
neg_9462,PSEUDO_NEGATIVE,26.284607981408037,90.40591923785972,,block_52_180,0
neg_9463,PSEUDO_NEGATIVE,26.970639626195915,94.97587661784674,,block_53_189,0
neg_9464,PSEUDO_NEGATIVE,26.04901951625522,93.35212612449877,,block_52_186,0
neg_9465,PSEUDO_NEGATIVE,27.20229885407571,93.19493632825225,,block_54_186,0
neg_9466,PSEUDO_NEGATIVE,25.32182240594047,92.441074093506,,block_50_184,0
neg_9467,PSEUDO_NEGATIVE,26.70940336016006,93.3212181814354,,block_53_186,0
neg_9468,PSEUDO_NEGATIVE,25.552879873023965,93.07009189149704,,block_51_186,0
neg_9469,PSEUDO_NEGATIVE,25.29057683681439,94.14536265708341,,block_50_188,0
neg_9470,PSEUDO_NEGATIVE,27.974300541592648,96.20182005975721,,block_55_192,0
neg_9471,PSEUDO_NEGATIVE,26.446581940729157,95.01046206829915,,block_52_190,0
neg_9472,PSEUDO_NEGATIVE,28.576448641866463,95.20852838717599,,block_57_190,0
neg_9473,PSEUDO_NEGATIVE,27.11556112366613,95.15828864625443,,block_54_190,0
neg_9474,PSEUDO_NEGATIVE,28.02645326539278,95.89839162479706,,block_56_191,0
neg_9475,PSEUDO_NEGATIVE,26.701395761921603,90.24915009356305,,block_53_180,0
neg_9476,PSEUDO_NEGATIVE,25.87525024579285,91.570527603952,,block_51_183,0
neg_9477,PSEUDO_NEGATIVE,26.39746669423556,94.99730133217963,,block_52_189,0
neg_9478,PSEUDO_NEGATIVE,27.15735398745474,93.43264102390344,,block_54_186,0
neg_9479,PSEUDO_NEGATIVE,24.21263040950071,92.7083367456524,,block_48_185,0
neg_9480,PSEUDO_NEGATIVE,28.878079435419078,96.265806923508,,block_57_192,0
neg_9481,PSEUDO_NEGATIVE,28.69541781943919,94.79191075484444,,block_57_189,0
neg_9482,PSEUDO_NEGATIVE,22.999872620254425,92.62898676533473,,block_45_185,0
neg_9483,PSEUDO_NEGATIVE,26.09641160707362,94.17768923650064,,block_52_188,0
neg_9484,PSEUDO_NEGATIVE,27.022962531965646,94.80346764668938,,block_54_189,0
neg_9485,PSEUDO_NEGATIVE,28.035652249893083,94.34024500123897,,block_56_188,0
neg_9486,PSEUDO_NEGATIVE,27.85245506513307,93.58592397660333,,block_55_187,0
neg_9487,PSEUDO_NEGATIVE,24.99462765849818,93.2375157937619,,block_49_186,0
neg_9488,PSEUDO_NEGATIVE,25.41300594177063,92.54851331132818,,block_50_185,0
neg_9489,PSEUDO_NEGATIVE,27.717305243881565,88.68287964521569,,block_55_177,0
neg_9490,PSEUDO_NEGATIVE,27.016312870218773,93.43906822218187,,block_54_186,0
neg_9491,PSEUDO_NEGATIVE,27.69427292540451,92.56630470319288,,block_55_185,0
neg_9492,PSEUDO_NEGATIVE,27.581154139963463,88.39800470787705,,block_55_176,0
neg_9493,PSEUDO_NEGATIVE,26.19238977803521,92.6062956328523,,block_52_185,0
neg_9494,PSEUDO_NEGATIVE,25.10695188152556,92.53846050978923,,block_50_185,0
neg_9495,PSEUDO_NEGATIVE,26.038325498998155,93.79952740646645,,block_52_187,0
neg_9496,PSEUDO_NEGATIVE,25.262378888750263,91.00095365268122,,block_50_182,0
neg_9497,PSEUDO_NEGATIVE,27.68833181813726,96.21569634760061,,block_55_192,0
neg_9498,PSEUDO_NEGATIVE,26.00286941187562,93.27302720883834,,block_52_186,0
neg_9499,PSEUDO_NEGATIVE,26.128866442940645,94.66266618318691,,block_52_189,0
neg_9500,PSEUDO_NEGATIVE,24.15463647162484,92.75387075657886,,block_48_185,0
neg_9501,PSEUDO_NEGATIVE,23.93470575971023,91.47018180803254,,block_47_182,0
neg_9502,PSEUDO_NEGATIVE,26.800946550090256,92.10118141399268,,block_53_184,0
neg_9503,PSEUDO_NEGATIVE,26.229749683531125,90.85114018892864,,block_52_181,0
neg_9504,PSEUDO_NEGATIVE,25.974564646533914,93.36775488902208,,block_51_186,0
neg_9505,PSEUDO_NEGATIVE,25.614184538643002,91.46756928542901,,block_51_182,0
neg_9506,PSEUDO_NEGATIVE,25.421165727809857,93.75531747905791,,block_50_187,0
neg_9507,PSEUDO_NEGATIVE,27.997153532294224,97.36985901095377,,block_55_194,0
neg_9508,PSEUDO_NEGATIVE,28.002987716594575,94.66993252718638,,block_56_189,0
neg_9509,PSEUDO_NEGATIVE,26.61089511480764,93.9022174284873,,block_53_187,0
neg_9510,PSEUDO_NEGATIVE,27.047189256194812,94.87477022581147,,block_54_189,0
neg_9511,PSEUDO_NEGATIVE,25.019331411883837,94.26748187857832,,block_50_188,0
neg_9512,PSEUDO_NEGATIVE,24.66788125940982,93.19346416866358,,block_49_186,0
neg_9513,PSEUDO_NEGATIVE,27.991556501863588,93.11202508783734,,block_55_186,0
neg_9514,PSEUDO_NEGATIVE,27.68890641387617,92.5124974771534,,block_55_185,0
neg_9515,PSEUDO_NEGATIVE,27.959465314537272,94.01169997592702,,block_55_188,0
neg_9516,PSEUDO_NEGATIVE,27.47380041983058,96.05274941779629,,block_54_192,0
neg_9517,PSEUDO_NEGATIVE,27.062516581367134,94.81837795658585,,block_54_189,0
neg_9518,PSEUDO_NEGATIVE,25.69609991785182,92.95677915407218,,block_51_185,0
neg_9519,PSEUDO_NEGATIVE,26.91765531729368,93.76761630566736,,block_53_187,0
neg_9520,PSEUDO_NEGATIVE,23.95049284303263,92.52584452130179,,block_47_185,0
neg_9521,PSEUDO_NEGATIVE,25.485354569266526,94.25989463701696,,block_50_188,0
neg_9522,PSEUDO_NEGATIVE,27.425612740742146,96.82257595419487,,block_54_193,0
neg_9523,PSEUDO_NEGATIVE,24.600132526687503,94.24021048761172,,block_49_188,0
neg_9524,PSEUDO_NEGATIVE,25.81671048252123,93.98048768032187,,block_51_187,0
neg_9525,PSEUDO_NEGATIVE,25.634075248182285,91.97196886315686,,block_51_183,0
neg_9526,PSEUDO_NEGATIVE,28.14871675472841,94.33312095674123,,block_56_188,0
neg_9527,PSEUDO_NEGATIVE,26.709915634091406,92.82697436182276,,block_53_185,0
neg_9528,PSEUDO_NEGATIVE,27.539469094434004,96.54830423755915,,block_55_193,0
neg_9529,PSEUDO_NEGATIVE,27.380837394503473,88.12536303540965,,block_54_176,0
neg_9530,PSEUDO_NEGATIVE,27.433565327168047,93.24909567078487,,block_54_186,0
neg_9531,PSEUDO_NEGATIVE,25.910212995987745,91.19171121669717,,block_51_182,0
neg_9532,PSEUDO_NEGATIVE,25.395849018497643,90.79342006042286,,block_50_181,0
neg_9533,PSEUDO_NEGATIVE,27.05936098515214,92.76997682111381,,block_54_185,0
neg_9534,PSEUDO_NEGATIVE,27.976749508979626,94.83484313641937,,block_55_189,0
neg_9535,PSEUDO_NEGATIVE,27.768924296179602,93.22993258754566,,block_55_186,0
neg_9536,PSEUDO_NEGATIVE,28.49160473562403,94.39610722097282,,block_56_188,0
neg_9537,PSEUDO_NEGATIVE,26.84150994237521,95.58532851688554,,block_53_191,0
neg_9538,PSEUDO_NEGATIVE,26.690912601715397,94.60667746280308,,block_53_189,0
neg_9539,PSEUDO_NEGATIVE,26.700441048195362,90.58149281320568,,block_53_181,0
neg_9540,PSEUDO_NEGATIVE,27.526381205749658,93.69983158365397,,block_55_187,0
neg_9541,PSEUDO_NEGATIVE,27.02481623571812,92.92499175517048,,block_54_185,0
neg_9542,PSEUDO_NEGATIVE,23.510432611681015,92.80755562247803,,block_47_185,0
neg_9543,PSEUDO_NEGATIVE,25.90359780227353,90.64602393236545,,block_51_181,0
neg_9544,PSEUDO_NEGATIVE,27.70969378756752,96.74461174355318,,block_55_193,0
neg_9545,PSEUDO_NEGATIVE,26.722777329513534,91.05788087613472,,block_53_182,0
neg_9546,PSEUDO_NEGATIVE,25.380043171288442,90.29530641218915,,block_50_180,0
neg_9547,PSEUDO_NEGATIVE,25.243230507300495,91.62600741212326,,block_50_183,0
neg_9548,PSEUDO_NEGATIVE,26.067270191564695,90.17626289663701,,block_52_180,0
neg_9549,PSEUDO_NEGATIVE,26.293857591741222,90.57809162866278,,block_52_181,0
neg_9550,PSEUDO_NEGATIVE,26.58127653289748,90.91480158260907,,block_53_181,0
neg_9551,PSEUDO_NEGATIVE,25.484724611873823,93.27362459675858,,block_50_186,0
neg_9552,PSEUDO_NEGATIVE,27.37660587274747,92.3423650635115,,block_54_184,0
neg_9553,PSEUDO_NEGATIVE,25.809708379566707,93.51008502842905,,block_51_187,0
neg_9554,PSEUDO_NEGATIVE,28.64649637717247,95.07713118911973,,block_57_190,0
neg_9555,PSEUDO_NEGATIVE,25.971219717973668,90.6504705333099,,block_51_181,0
neg_9556,PSEUDO_NEGATIVE,27.919919241071977,94.56096352413967,,block_55_189,0
neg_9557,PSEUDO_NEGATIVE,27.015714783111555,92.71612454411509,,block_54_185,0
neg_9558,PSEUDO_NEGATIVE,23.29118608986097,93.12381591433595,,block_46_186,0
neg_9559,PSEUDO_NEGATIVE,27.67120514503256,88.45919755064358,,block_55_176,0
neg_9560,PSEUDO_NEGATIVE,28.251172711173037,96.7544826353941,,block_56_193,0
neg_9561,PSEUDO_NEGATIVE,26.563011842891846,94.83969970184727,,block_53_189,0
neg_9562,PSEUDO_NEGATIVE,27.41965445479489,93.15180348416825,,block_54_186,0
neg_9563,PSEUDO_NEGATIVE,27.10625156001975,92.0676774311347,,block_54_184,0
neg_9564,PSEUDO_NEGATIVE,26.957888589292217,94.17394533184323,,block_53_188,0
neg_9565,PSEUDO_NEGATIVE,28.954036168178835,94.41196872998268,,block_57_188,0
neg_9566,PSEUDO_NEGATIVE,26.300902603199404,90.49489915436332,,block_52_180,0
neg_9567,PSEUDO_NEGATIVE,27.527105245605572,94.42594178225588,,block_55_188,0
neg_9568,PSEUDO_NEGATIVE,28.833434711403555,95.114127481062,,block_57_190,0
neg_9569,PSEUDO_NEGATIVE,27.705782791231293,95.29916207959405,,block_55_190,0
neg_9570,PSEUDO_NEGATIVE,27.631786935503673,91.73090771655511,,block_55_183,0
neg_9571,PSEUDO_NEGATIVE,26.62218160427192,93.89485063320816,,block_53_187,0
neg_9572,PSEUDO_NEGATIVE,27.778758657888027,93.0337835936927,,block_55_186,0
neg_9573,PSEUDO_NEGATIVE,25.890712793808795,93.08591712695069,,block_51_186,0
neg_9574,PSEUDO_NEGATIVE,26.49112839372703,91.64155186603902,,block_52_183,0
neg_9575,PSEUDO_NEGATIVE,27.720951195903112,88.77400542159981,,block_55_177,0
neg_9576,PSEUDO_NEGATIVE,27.454813427558058,92.45562168577243,,block_54_184,0
neg_9577,PSEUDO_NEGATIVE,26.312202843203444,92.54019829807625,,block_52_185,0
neg_9578,PSEUDO_NEGATIVE,25.167869009581175,92.26873603815041,,block_50_184,0
neg_9579,PSEUDO_NEGATIVE,27.281923085589412,93.49692950049636,,block_54_186,0
neg_9580,PSEUDO_NEGATIVE,27.104939606468093,93.23221270691143,,block_54_186,0
neg_9581,PSEUDO_NEGATIVE,23.603544967019385,93.23600008964488,,block_47_186,0
neg_9582,PSEUDO_NEGATIVE,28.160165021388828,94.20561908316851,,block_56_188,0
neg_9583,PSEUDO_NEGATIVE,24.55700233384331,93.54362329098232,,block_49_187,0
neg_9584,PSEUDO_NEGATIVE,27.461874680010585,88.16997443976126,,block_54_176,0
neg_9585,PSEUDO_NEGATIVE,23.889038601706734,92.18119533982814,,block_47_184,0
neg_9586,PSEUDO_NEGATIVE,27.28493686563816,95.21497900995168,,block_54_190,0
neg_9587,PSEUDO_NEGATIVE,28.240587923892317,95.01891928074969,,block_56_190,0
neg_9588,PSEUDO_NEGATIVE,26.577689505284255,91.75001988485594,,block_53_183,0
neg_9589,PSEUDO_NEGATIVE,24.02571732857089,93.63938635777728,,block_48_187,0
neg_9590,PSEUDO_NEGATIVE,27.469975292870398,94.81994613716441,,block_54_189,0
neg_9591,PSEUDO_NEGATIVE,27.803728596851737,94.91768031359743,,block_55_189,0
neg_9592,PSEUDO_NEGATIVE,27.835590726073253,94.18052105278167,,block_55_188,0
neg_9593,PSEUDO_NEGATIVE,28.220512388267448,97.13877627933928,,block_56_194,0
neg_9594,PSEUDO_NEGATIVE,26.817333447396763,94.10060333384999,,block_53_188,0
neg_9595,PSEUDO_NEGATIVE,24.907016891124723,93.7641338780831,,block_49_187,0
neg_9596,PSEUDO_NEGATIVE,27.756217136641677,95.17144391299723,,block_55_190,0
neg_9597,PSEUDO_NEGATIVE,27.62084987153428,95.99250904274399,,block_55_191,0
neg_9598,PSEUDO_NEGATIVE,26.17903633943746,93.05746169619951,,block_52_186,0
neg_9599,PSEUDO_NEGATIVE,27.791320358685198,94.04420033585043,,block_55_188,0
neg_9600,PSEUDO_NEGATIVE,26.269850776047193,89.8451689431664,,block_52_179,0
neg_9601,PSEUDO_NEGATIVE,28.09767823321346,93.81018434307802,,block_56_187,0
neg_9602,PSEUDO_NEGATIVE,25.874275322190975,91.91526080204919,,block_51_183,0
neg_9603,PSEUDO_NEGATIVE,25.11290509865324,93.10324154017604,,block_50_186,0
neg_9604,PSEUDO_NEGATIVE,24.832616129741805,94.24595164938228,,block_49_188,0
neg_9605,PSEUDO_NEGATIVE,24.36245116036425,93.40374712079158,,block_48_186,0
neg_9606,PSEUDO_NEGATIVE,28.119343299800803,93.9381994128334,,block_56_187,0
neg_9607,PSEUDO_NEGATIVE,27.385328725780305,95.70903094640805,,block_54_191,0
neg_9608,PSEUDO_NEGATIVE,26.495886648399345,93.2517049216899,,block_52_186,0
neg_9609,PSEUDO_NEGATIVE,28.005975637661496,92.96874678122117,,block_56_185,0
neg_9610,PSEUDO_NEGATIVE,28.94725933638632,96.43196512857202,,block_57_192,0
neg_9611,PSEUDO_NEGATIVE,26.240894493954126,94.16318509226718,,block_52_188,0
neg_9612,PSEUDO_NEGATIVE,26.29749171139021,93.70657906165312,,block_52_187,0
neg_9613,PSEUDO_NEGATIVE,26.58227943716542,91.74827531075039,,block_53_183,0
neg_9614,PSEUDO_NEGATIVE,27.631565296904533,92.52313563776806,,block_55_185,0
neg_9615,PSEUDO_NEGATIVE,25.13515290327766,94.72577705753478,,block_50_189,0
neg_9616,PSEUDO_NEGATIVE,24.059999492580527,93.24473084578955,,block_48_186,0
neg_9617,PSEUDO_NEGATIVE,25.72721079696644,94.21375326790468,,block_51_188,0
neg_9618,PSEUDO_NEGATIVE,28.972669504200198,95.88498094394953,,block_57_191,0
neg_9619,PSEUDO_NEGATIVE,24.301527945037115,94.09871434495852,,block_48_188,0
neg_9620,PSEUDO_NEGATIVE,27.362580420561322,95.29230115871407,,block_54_190,0
neg_9621,PSEUDO_NEGATIVE,28.348378495226314,95.18367689505948,,block_56_190,0
neg_9622,PSEUDO_NEGATIVE,25.664298788001016,93.80625064556261,,block_51_187,0
neg_9623,PSEUDO_NEGATIVE,24.574278877767508,92.33869812452625,,block_49_184,0
neg_9624,PSEUDO_NEGATIVE,27.000669905525612,92.83768035495683,,block_54_185,0
neg_9625,PSEUDO_NEGATIVE,26.916396877884655,93.60367003499132,,block_53_187,0
neg_9626,PSEUDO_NEGATIVE,26.482215338057586,92.94090653848765,,block_52_185,0
neg_9627,PSEUDO_NEGATIVE,29.325554879668445,95.89624456957081,,block_58_191,0
neg_9628,PSEUDO_NEGATIVE,24.023771550636873,93.84755956093619,,block_48_187,0
neg_9629,PSEUDO_NEGATIVE,23.570154129750552,91.61870344444658,,block_47_183,0
neg_9630,PSEUDO_NEGATIVE,26.47499387327494,93.91079169050136,,block_52_187,0
neg_9631,PSEUDO_NEGATIVE,26.100367644392037,94.64726888655602,,block_52_189,0
neg_9632,PSEUDO_NEGATIVE,23.28859470651798,91.51563277238486,,block_46_183,0
neg_9633,PSEUDO_NEGATIVE,25.38336830741011,91.0630839182723,,block_50_182,0
neg_9634,PSEUDO_NEGATIVE,25.720082822463592,93.66787416090459,,block_51_187,0
neg_9635,PSEUDO_NEGATIVE,25.761749406766626,93.0838570591724,,block_51_186,0
neg_9636,PSEUDO_NEGATIVE,26.756180287442334,92.05644227149575,,block_53_184,0
neg_9637,PSEUDO_NEGATIVE,27.578161917302168,96.62883028660326,,block_55_193,0
neg_9638,PSEUDO_NEGATIVE,23.454331124819035,91.31976781235724,,block_46_182,0
neg_9639,PSEUDO_NEGATIVE,25.255322256634358,92.89424000110625,,block_50_185,0
neg_9640,PSEUDO_NEGATIVE,27.191395332436166,95.09168505053312,,block_54_190,0
neg_9641,PSEUDO_NEGATIVE,26.799670372922705,91.44153294268824,,block_53_182,0
neg_9642,PSEUDO_NEGATIVE,27.679567935197774,93.5762669204724,,block_55_187,0
neg_9643,PSEUDO_NEGATIVE,27.65115725117332,92.0190425178886,,block_55_184,0
neg_9644,PSEUDO_NEGATIVE,27.07344118901652,94.6794206832933,,block_54_189,0
neg_9645,PSEUDO_NEGATIVE,28.901019295733384,95.47364275410641,,block_57_190,0
neg_9646,PSEUDO_NEGATIVE,27.42373068428828,93.26471855640673,,block_54_186,0
neg_9647,PSEUDO_NEGATIVE,25.773282639724734,94.64440923938143,,block_51_189,0
neg_9648,PSEUDO_NEGATIVE,25.767993050298838,90.73507674349058,,block_51_181,0
neg_9649,PSEUDO_NEGATIVE,23.085471801704454,91.78751851120224,,block_46_183,0
neg_9650,PSEUDO_NEGATIVE,27.510465973010007,96.42783962479405,,block_55_192,0
neg_9651,PSEUDO_NEGATIVE,25.993282882138164,93.19398402011257,,block_51_186,0
neg_9652,PSEUDO_NEGATIVE,28.400209407826903,95.4726330491861,,block_56_190,0
neg_9653,PSEUDO_NEGATIVE,27.642251166639305,95.47463149152337,,block_55_190,0
neg_9654,PSEUDO_NEGATIVE,26.569975397470838,92.74055154702391,,block_53_185,0
neg_9655,PSEUDO_NEGATIVE,28.183066577290393,96.46922459729925,,block_56_192,0
neg_9656,PSEUDO_NEGATIVE,26.502262348764944,90.51515902863167,,block_53_181,0
neg_9657,PSEUDO_NEGATIVE,26.76221186133742,91.74735067241166,,block_53_183,0
neg_9658,PSEUDO_NEGATIVE,26.0310728246554,91.33641755743137,,block_52_182,0
neg_9659,PSEUDO_NEGATIVE,27.922426700965545,93.51690321527701,,block_55_187,0
neg_9660,PSEUDO_NEGATIVE,29.204413078840762,95.8057049455756,,block_58_191,0
neg_9661,PSEUDO_NEGATIVE,27.9008884008513,95.69352425926115,,block_55_191,0
neg_9662,PSEUDO_NEGATIVE,29.097880975337745,95.54624690260466,,block_58_191,0
neg_9663,PSEUDO_NEGATIVE,25.208868310878188,92.56760018178788,,block_50_185,0
neg_9664,PSEUDO_NEGATIVE,26.459592359834637,89.91251570327329,,block_52_179,0
neg_9665,PSEUDO_NEGATIVE,25.939696817743524,90.58520410757428,,block_51_181,0
neg_9666,PSEUDO_NEGATIVE,25.65811081869782,93.45035890196898,,block_51_186,0
neg_9667,PSEUDO_NEGATIVE,24.099651524286294,93.35056504020629,,block_48_186,0
neg_9668,PSEUDO_NEGATIVE,25.82086800539916,92.79878551389123,,block_51_185,0
neg_9669,PSEUDO_NEGATIVE,24.362654130084643,92.35701165550327,,block_48_184,0
neg_9670,PSEUDO_NEGATIVE,28.057114784695386,96.99138892424595,,block_56_193,0
neg_9671,PSEUDO_NEGATIVE,27.07514040709255,95.31123623442257,,block_54_190,0
neg_9672,PSEUDO_NEGATIVE,28.26242034949982,94.43853585962538,,block_56_188,0
neg_9673,PSEUDO_NEGATIVE,26.02757068261847,91.39473668668046,,block_52_182,0
neg_9674,PSEUDO_NEGATIVE,22.42488115962545,93.03988042158481,,block_44_186,0
neg_9675,PSEUDO_NEGATIVE,27.566515384085115,95.64548353322093,,block_55_191,0
neg_9676,PSEUDO_NEGATIVE,28.044653548464243,94.27395846942646,,block_56_188,0
neg_9677,PSEUDO_NEGATIVE,27.994872627964337,96.78124702402405,,block_55_193,0
neg_9678,PSEUDO_NEGATIVE,27.312905589948624,93.30250119677783,,block_54_186,0
neg_9679,PSEUDO_NEGATIVE,29.02267429107686,95.6516944709311,,block_58_191,0
neg_9680,PSEUDO_NEGATIVE,27.111132697330643,95.54926453632324,,block_54_191,0
neg_9681,PSEUDO_NEGATIVE,28.338074164675533,95.38533115916482,,block_56_190,0
neg_9682,PSEUDO_NEGATIVE,27.225082760619564,94.0278260025154,,block_54_188,0
neg_9683,PSEUDO_NEGATIVE,25.58451286953867,92.36224279807696,,block_51_184,0
neg_9684,PSEUDO_NEGATIVE,27.421648941334947,93.92170594765908,,block_54_187,0
neg_9685,PSEUDO_NEGATIVE,24.62700314035285,93.79697744528586,,block_49_187,0
neg_9686,PSEUDO_NEGATIVE,27.93606202999434,96.12326786398808,,block_55_192,0
neg_9687,PSEUDO_NEGATIVE,24.372211239515305,92.73317690721672,,block_48_185,0
neg_9688,PSEUDO_NEGATIVE,27.094310377632414,94.43412711318079,,block_54_188,0
neg_9689,PSEUDO_NEGATIVE,26.523042458016988,91.8669900087587,,block_53_183,0
neg_9690,PSEUDO_NEGATIVE,26.985665796250615,93.69327938157436,,block_53_187,0
neg_9691,PSEUDO_NEGATIVE,25.85868291300864,90.112572173367,,block_51_180,0
neg_9692,PSEUDO_NEGATIVE,26.653288545170817,93.97951498432788,,block_53_187,0
neg_9693,PSEUDO_NEGATIVE,27.970790986691018,94.93197104697151,,block_55_189,0
neg_9694,PSEUDO_NEGATIVE,29.026291978489382,95.69870443427934,,block_58_191,0
neg_9695,PSEUDO_NEGATIVE,27.891140473029278,88.20228020098276,,block_55_176,0
neg_9696,PSEUDO_NEGATIVE,28.055766497723837,92.7960203830607,,block_56_185,0
neg_9697,PSEUDO_NEGATIVE,25.45983483128273,90.97787094665208,,block_50_181,0
neg_9698,PSEUDO_NEGATIVE,28.123390115773624,96.73589082655603,,block_56_193,0
neg_9699,PSEUDO_NEGATIVE,28.48016953720319,95.89732600421065,,block_56_191,0
neg_9700,PSEUDO_NEGATIVE,27.65049833303103,94.31650661531924,,block_55_188,0
neg_9701,PSEUDO_NEGATIVE,26.185192946676153,93.91706634845936,,block_52_187,0
neg_9702,PSEUDO_NEGATIVE,24.109706524655365,93.76014650675,,block_48_187,0
neg_9703,PSEUDO_NEGATIVE,27.703725589327135,88.15552861440483,,block_55_176,0
neg_9704,PSEUDO_NEGATIVE,28.113723655875198,95.3813410328251,,block_56_190,0
neg_9705,PSEUDO_NEGATIVE,25.204250568513793,90.83020019648285,,block_50_181,0
neg_9706,PSEUDO_NEGATIVE,28.218216510961653,93.72392687484457,,block_56_187,0
neg_9707,PSEUDO_NEGATIVE,24.185512367085323,94.16053600444991,,block_48_188,0
neg_9708,PSEUDO_NEGATIVE,28.533427226818485,95.9401274153999,,block_57_191,0
neg_9709,PSEUDO_NEGATIVE,25.231172132846606,93.76102315981451,,block_50_187,0
neg_9710,PSEUDO_NEGATIVE,27.68821871439206,93.70775475361707,,block_55_187,0
neg_9711,PSEUDO_NEGATIVE,26.6563379850258,94.90164440001845,,block_53_189,0
neg_9712,PSEUDO_NEGATIVE,23.73272253224891,93.03225693626621,,block_47_186,0
neg_9713,PSEUDO_NEGATIVE,29.06276683850562,94.39931239201775,,block_58_188,0
neg_9714,PSEUDO_NEGATIVE,25.700968391895117,92.67376035742868,,block_51_185,0
neg_9715,PSEUDO_NEGATIVE,27.549317029286964,95.50205474561064,,block_55_191,0
neg_9716,PSEUDO_NEGATIVE,26.371074384544837,94.7542749701672,,block_52_189,0
neg_9717,PSEUDO_NEGATIVE,22.437867179816028,92.79973723631863,,block_44_185,0
neg_9718,PSEUDO_NEGATIVE,27.690973501310324,91.88039657475395,,block_55_183,0
neg_9719,PSEUDO_NEGATIVE,25.22763359072666,93.45871888815405,,block_50_186,0
neg_9720,PSEUDO_NEGATIVE,26.932667334791255,93.84546846515799,,block_53_187,0
neg_9721,PSEUDO_NEGATIVE,23.32058923217325,92.58229949290083,,block_46_185,0
neg_9722,PSEUDO_NEGATIVE,26.812438393431478,95.40910793756761,,block_53_190,0
neg_9723,PSEUDO_NEGATIVE,25.369792903136464,91.15885444582376,,block_50_182,0
neg_9724,PSEUDO_NEGATIVE,26.715626423533983,92.11367357132686,,block_53_184,0
neg_9725,PSEUDO_NEGATIVE,27.329600691758344,94.96837803616309,,block_54_189,0
neg_9726,PSEUDO_NEGATIVE,29.101063623681394,95.93663963446616,,block_58_191,0
neg_9727,PSEUDO_NEGATIVE,28.595446554255794,96.3883205086398,,block_57_192,0
neg_9728,PSEUDO_NEGATIVE,23.005477269236636,93.06372892417971,,block_46_186,0
neg_9729,PSEUDO_NEGATIVE,23.987533107460763,92.20593142753162,,block_47_184,0
neg_9730,PSEUDO_NEGATIVE,26.239193572378884,89.85774283715801,,block_52_179,0
neg_9731,PSEUDO_NEGATIVE,23.89344660866472,92.0589339581328,,block_47_184,0
neg_9732,PSEUDO_NEGATIVE,22.326758958455578,92.96455143428177,,block_44_185,0
neg_9733,PSEUDO_NEGATIVE,25.326763196362826,93.38552874083177,,block_50_186,0
neg_9734,PSEUDO_NEGATIVE,27.442807740384183,96.10498629684112,,block_54_192,0
neg_9735,PSEUDO_NEGATIVE,26.402785599537104,92.06155741909197,,block_52_184,0
neg_9736,PSEUDO_NEGATIVE,26.38960885378202,91.78637107177299,,block_52_183,0
neg_9737,PSEUDO_NEGATIVE,27.737749548825526,94.45018493290853,,block_55_188,0
neg_9738,PSEUDO_NEGATIVE,26.461849882675516,92.23491803703651,,block_52_184,0
neg_9739,PSEUDO_NEGATIVE,26.03551938671156,94.18583746056198,,block_52_188,0
neg_9740,PSEUDO_NEGATIVE,26.194772500230904,92.54050830617086,,block_52_185,0
neg_9741,PSEUDO_NEGATIVE,28.883320116949022,95.80770555521612,,block_57_191,0
neg_9742,PSEUDO_NEGATIVE,24.470947470080883,93.16461620486064,,block_48_186,0
neg_9743,PSEUDO_NEGATIVE,27.066320847189573,95.02246197137993,,block_54_190,0
neg_9744,PSEUDO_NEGATIVE,25.879077056880092,94.14086085034535,,block_51_188,0
neg_9745,PSEUDO_NEGATIVE,27.876003050803256,95.53106741706499,,block_55_191,0
neg_9746,PSEUDO_NEGATIVE,27.472456207024116,95.01880561237483,,block_54_190,0
neg_9747,PSEUDO_NEGATIVE,25.78465193413693,90.73932331659208,,block_51_181,0
neg_9748,PSEUDO_NEGATIVE,24.590678337874344,92.71949467938356,,block_49_185,0
neg_9749,PSEUDO_NEGATIVE,25.442911171214885,93.0673233682571,,block_50_186,0
neg_9750,PSEUDO_NEGATIVE,25.907348331317184,91.20438428757458,,block_51_182,0
neg_9751,PSEUDO_NEGATIVE,27.57456118188942,93.5445983783971,,block_55_187,0
neg_9752,PSEUDO_NEGATIVE,27.592103096157324,93.21303194109892,,block_55_186,0
neg_9753,PSEUDO_NEGATIVE,25.200705574227413,94.56838942632693,,block_50_189,0
neg_9754,PSEUDO_NEGATIVE,23.289116272074125,91.37990898633805,,block_46_182,0
neg_9755,PSEUDO_NEGATIVE,27.427415104293843,92.39205922358977,,block_54_184,0
neg_9756,PSEUDO_NEGATIVE,26.703942441585063,90.9289748966399,,block_53_181,0
neg_9757,PSEUDO_NEGATIVE,26.692759652852487,90.26644727201601,,block_53_180,0
neg_9758,PSEUDO_NEGATIVE,28.476326353124254,94.35257834163913,,block_56_188,0
neg_9759,PSEUDO_NEGATIVE,26.563332468859095,94.27661684679364,,block_53_188,0
neg_9760,PSEUDO_NEGATIVE,25.468905907218122,90.66643959596954,,block_50_181,0
neg_9761,PSEUDO_NEGATIVE,28.057413294317712,93.07240941444125,,block_56_186,0
neg_9762,PSEUDO_NEGATIVE,25.826061040072886,90.38593678181667,,block_51_180,0
neg_9763,PSEUDO_NEGATIVE,26.961692796492613,92.8510683945966,,block_53_185,0
neg_9764,PSEUDO_NEGATIVE,27.581597970195375,93.74162556163118,,block_55_187,0
neg_9765,PSEUDO_NEGATIVE,27.2054318099498,95.46490284433068,,block_54_190,0
neg_9766,PSEUDO_NEGATIVE,26.716269758726895,90.72875898134691,,block_53_181,0
neg_9767,PSEUDO_NEGATIVE,26.316804075164754,89.88180401843702,,block_52_179,0
neg_9768,PSEUDO_NEGATIVE,26.057065775612976,94.70047042507944,,block_52_189,0
neg_9769,PSEUDO_NEGATIVE,28.544398445341486,93.54877123972676,,block_57_187,0
neg_9770,PSEUDO_NEGATIVE,27.937194541500723,88.20660638748649,,block_55_176,0
neg_9771,PSEUDO_NEGATIVE,29.107173905730605,94.42619510947326,,block_58_188,0
neg_9772,PSEUDO_NEGATIVE,27.934210157874155,96.67636866727258,,block_55_193,0
neg_9773,PSEUDO_NEGATIVE,22.299291151841636,92.67392331998249,,block_44_185,0
neg_9774,PSEUDO_NEGATIVE,25.320153120780237,91.22947068958877,,block_50_182,0
neg_9775,PSEUDO_NEGATIVE,23.95658376465168,91.4168647044633,,block_47_182,0
neg_9776,PSEUDO_NEGATIVE,28.734306130208815,94.09738282058215,,block_57_188,0
neg_9777,PSEUDO_NEGATIVE,27.164364667101758,97.09748156723964,,block_54_194,0
neg_9778,PSEUDO_NEGATIVE,22.742702612184743,92.86276324744277,,block_45_185,0
neg_9779,PSEUDO_NEGATIVE,28.221121145602414,93.68009806770385,,block_56_187,0
neg_9780,PSEUDO_NEGATIVE,23.815153294735648,93.28252509708182,,block_47_186,0
neg_9781,PSEUDO_NEGATIVE,27.46252056625645,96.6051571620125,,block_54_193,0
neg_9782,PSEUDO_NEGATIVE,28.63995791945497,95.39415608922201,,block_57_190,0
neg_9783,PSEUDO_NEGATIVE,25.494903091780994,93.35163235590359,,block_50_186,0
neg_9784,PSEUDO_NEGATIVE,27.970153180551364,96.80967478567713,,block_55_193,0
neg_9785,PSEUDO_NEGATIVE,27.72878190584252,93.73716395284612,,block_55_187,0
neg_9786,PSEUDO_NEGATIVE,28.028287622275485,94.49843431131163,,block_56_188,0
neg_9787,PSEUDO_NEGATIVE,27.482959340348174,96.64116421036748,,block_54_193,0
neg_9788,PSEUDO_NEGATIVE,28.682861214678706,94.02025822454857,,block_57_188,0
neg_9789,PSEUDO_NEGATIVE,24.79584565623976,94.57143080961784,,block_49_189,0
neg_9790,PSEUDO_NEGATIVE,24.14290446398539,92.64631112738364,,block_48_185,0
neg_9791,PSEUDO_NEGATIVE,28.058779940328495,92.76880773408884,,block_56_185,0
neg_9792,PSEUDO_NEGATIVE,26.89549640030122,95.62100754175272,,block_53_191,0
neg_9793,PSEUDO_NEGATIVE,25.397284061901985,90.38994885950059,,block_50_180,0
neg_9794,PSEUDO_NEGATIVE,24.482519693349918,93.41983621544966,,block_48_186,0
neg_9795,PSEUDO_NEGATIVE,25.72924466204651,93.33730048537545,,block_51_186,0
neg_9796,PSEUDO_NEGATIVE,24.24321073807548,93.13743818079757,,block_48_186,0
neg_9797,PSEUDO_NEGATIVE,26.999663484006152,92.45160799237513,,block_53_184,0
neg_9798,PSEUDO_NEGATIVE,25.476726262108297,90.26692362230996,,block_50_180,0
neg_9799,PSEUDO_NEGATIVE,26.56052962356925,91.91804364635821,,block_53_183,0
neg_9800,PSEUDO_NEGATIVE,26.62411246596235,91.5700560195584,,block_53_183,0
neg_9801,PSEUDO_NEGATIVE,24.238162673193937,93.95873404657428,,block_48_187,0
neg_9802,PSEUDO_NEGATIVE,25.885219925960524,92.94954574338978,,block_51_185,0
neg_9803,PSEUDO_NEGATIVE,26.66527701766906,94.71176461539186,,block_53_189,0
neg_9804,PSEUDO_NEGATIVE,26.53776842115054,93.8775450788887,,block_53_187,0
neg_9805,PSEUDO_NEGATIVE,25.590309767146568,93.38357140120554,,block_51_186,0
neg_9806,PSEUDO_NEGATIVE,25.599623275472972,94.38206673939136,,block_51_188,0
neg_9807,PSEUDO_NEGATIVE,26.149686061068813,91.00027919679951,,block_52_182,0
neg_9808,PSEUDO_NEGATIVE,27.128589187917484,93.90624064055181,,block_54_187,0
neg_9809,PSEUDO_NEGATIVE,23.87530614450769,91.83624692255297,,block_47_183,0
neg_9810,PSEUDO_NEGATIVE,23.909150805354013,91.48850704277143,,block_47_182,0
neg_9811,PSEUDO_NEGATIVE,28.03567020631321,96.76273259928647,,block_56_193,0
neg_9812,PSEUDO_NEGATIVE,26.19678988784314,89.93688704192033,,block_52_179,0
neg_9813,PSEUDO_NEGATIVE,25.336659263209906,93.31320512199737,,block_50_186,0
neg_9814,PSEUDO_NEGATIVE,25.7588690139018,90.13159212971232,,block_51_180,0
neg_9815,PSEUDO_NEGATIVE,26.443168454464363,93.45155374633147,,block_52_186,0
neg_9816,PSEUDO_NEGATIVE,25.45521939013674,91.13267987737649,,block_50_182,0
neg_9817,PSEUDO_NEGATIVE,28.24467962834874,95.36464420303925,,block_56_190,0
neg_9818,PSEUDO_NEGATIVE,25.548206426022578,93.33633314256726,,block_51_186,0
neg_9819,PSEUDO_NEGATIVE,27.240863760345235,94.67843078813821,,block_54_189,0
neg_9820,PSEUDO_NEGATIVE,27.497175082694312,92.24673079061883,,block_54_184,0
neg_9821,PSEUDO_NEGATIVE,28.24346683115072,97.24366298084063,,block_56_194,0
neg_9822,PSEUDO_NEGATIVE,22.660931282344606,92.81296663187793,,block_45_185,0
neg_9823,PSEUDO_NEGATIVE,26.420864704670077,94.23658734780037,,block_52_188,0
neg_9824,PSEUDO_NEGATIVE,23.87118724496938,91.92353344687513,,block_47_183,0
neg_9825,PSEUDO_NEGATIVE,26.705769898568562,90.27854449531064,,block_53_180,0
neg_9826,PSEUDO_NEGATIVE,25.879331747232744,89.86970913591315,,block_51_179,0
neg_9827,PSEUDO_NEGATIVE,26.26857785158625,90.02278599328726,,block_52_180,0
neg_9828,PSEUDO_NEGATIVE,27.730319111205922,94.99652815774479,,block_55_189,0
neg_9829,PSEUDO_NEGATIVE,26.51493799012857,92.5838937299644,,block_53_185,0
neg_9830,PSEUDO_NEGATIVE,24.018816214471105,92.36937089667202,,block_48_184,0
neg_9831,PSEUDO_NEGATIVE,28.87903598641531,95.8743670403804,,block_57_191,0
neg_9832,PSEUDO_NEGATIVE,27.212364360377123,95.08381472780772,,block_54_190,0
neg_9833,PSEUDO_NEGATIVE,27.82823207966148,94.8762438710142,,block_55_189,0
neg_9834,PSEUDO_NEGATIVE,27.538898058294293,96.55007254111102,,block_55_193,0
neg_9835,PSEUDO_NEGATIVE,28.233506067080285,93.6503140813764,,block_56_187,0
neg_9836,PSEUDO_NEGATIVE,27.488201185550757,94.07417384873622,,block_54_188,0
neg_9837,PSEUDO_NEGATIVE,27.251212735721456,95.98884109537109,,block_54_191,0
neg_9838,PSEUDO_NEGATIVE,27.45066354612203,95.86836036130582,,block_54_191,0
neg_9839,PSEUDO_NEGATIVE,27.56342794726898,93.37451556093008,,block_55_186,0
neg_9840,PSEUDO_NEGATIVE,27.607072213722848,88.3795279586058,,block_55_176,0
neg_9841,PSEUDO_NEGATIVE,29.16160902007169,95.73867266057152,,block_58_191,0
neg_9842,PSEUDO_NEGATIVE,27.54690062451941,93.91048836390317,,block_55_187,0
neg_9843,PSEUDO_NEGATIVE,26.9982917435571,94.29119928844186,,block_53_188,0
neg_9844,PSEUDO_NEGATIVE,25.345393773993898,91.43871827343739,,block_50_182,0
neg_9845,PSEUDO_NEGATIVE,27.55049500312112,96.60159905439141,,block_55_193,0
neg_9846,PSEUDO_NEGATIVE,23.444134685655918,91.60431132651979,,block_46_183,0
neg_9847,PSEUDO_NEGATIVE,26.293703680447585,94.18618729703398,,block_52_188,0
neg_9848,PSEUDO_NEGATIVE,25.575777673743655,93.61351204718443,,block_51_187,0
neg_9849,PSEUDO_NEGATIVE,25.185028081504093,90.41985055727491,,block_50_180,0
neg_9850,PSEUDO_NEGATIVE,28.158005126276596,93.47410257177394,,block_56_186,0
neg_9851,PSEUDO_NEGATIVE,28.210792174889257,92.92023669410497,,block_56_185,0
neg_9852,PSEUDO_NEGATIVE,27.9486622250891,94.53377245888385,,block_55_189,0
neg_9853,PSEUDO_NEGATIVE,25.186689313386225,92.57435334834884,,block_50_185,0
neg_9854,PSEUDO_NEGATIVE,28.05464088804281,97.0248897257842,,block_56_194,0
neg_9855,PSEUDO_NEGATIVE,23.32667624417367,91.39199016282542,,block_46_182,0
neg_9856,PSEUDO_NEGATIVE,26.9610631638533,94.81274739949748,,block_53_189,0
neg_9857,PSEUDO_NEGATIVE,27.13048028014249,92.30221860244656,,block_54_184,0
neg_9858,PSEUDO_NEGATIVE,25.374956467928232,92.98263965341212,,block_50_185,0
neg_9859,PSEUDO_NEGATIVE,23.884507461532706,91.48950725501939,,block_47_182,0
neg_9860,PSEUDO_NEGATIVE,28.41717670352322,94.71591007141693,,block_56_189,0
neg_9861,PSEUDO_NEGATIVE,25.53768060209201,94.80651478929724,,block_51_189,0
neg_9862,PSEUDO_NEGATIVE,27.679102109245395,95.49414058036514,,block_55_190,0
neg_9863,PSEUDO_NEGATIVE,26.938774361558007,95.72555523999898,,block_53_191,0
neg_9864,PSEUDO_NEGATIVE,27.25538405770178,95.39581690625772,,block_54_190,0
neg_9865,PSEUDO_NEGATIVE,24.074747037095964,91.69721212131942,,block_48_183,0
neg_9866,PSEUDO_NEGATIVE,29.188088938063377,94.66752295635632,,block_58_189,0
neg_9867,PSEUDO_NEGATIVE,26.871105682246267,94.09339035989468,,block_53_188,0
neg_9868,PSEUDO_NEGATIVE,28.207986002310072,94.75940960892208,,block_56_189,0
neg_9869,PSEUDO_NEGATIVE,22.497536514310994,92.85862381714996,,block_44_185,0
neg_9870,PSEUDO_NEGATIVE,27.752021900726742,91.81179223609193,,block_55_183,0
neg_9871,PSEUDO_NEGATIVE,25.783700754207285,92.50799521543678,,block_51_185,0
neg_9872,PSEUDO_NEGATIVE,27.33951808807287,94.2150370463741,,block_54_188,0
neg_9873,PSEUDO_NEGATIVE,26.397862069949543,90.73484081656743,,block_52_181,0
neg_9874,PSEUDO_NEGATIVE,27.418796088586017,88.45615358541929,,block_54_176,0
neg_9875,PSEUDO_NEGATIVE,27.997645967242338,97.16640234215699,,block_55_194,0
neg_9876,PSEUDO_NEGATIVE,25.22107120518678,90.716691763726,,block_50_181,0
neg_9877,PSEUDO_NEGATIVE,26.70764899995313,94.12567009948776,,block_53_188,0
neg_9878,PSEUDO_NEGATIVE,28.230597525333494,95.17447107020435,,block_56_190,0
neg_9879,PSEUDO_NEGATIVE,22.98107464861411,92.80924798825191,,block_45_185,0
neg_9880,PSEUDO_NEGATIVE,26.487843748192024,91.39007061154898,,block_52_182,0
neg_9881,PSEUDO_NEGATIVE,28.343916546956734,93.33782737421254,,block_56_186,0
neg_9882,PSEUDO_NEGATIVE,28.047899456886583,93.81052114268077,,block_56_187,0
neg_9883,PSEUDO_NEGATIVE,27.244601531086804,93.9324689821776,,block_54_187,0
neg_9884,PSEUDO_NEGATIVE,25.984556858294372,90.46860947495038,,block_51_180,0
neg_9885,PSEUDO_NEGATIVE,27.2236919184369,88.46462815414723,,block_54_176,0
neg_9886,PSEUDO_NEGATIVE,25.393936334028684,93.89964826937181,,block_50_187,0
neg_9887,PSEUDO_NEGATIVE,27.263084499698596,93.00779458584914,,block_54_186,0
neg_9888,PSEUDO_NEGATIVE,27.4555110709389,88.59250948036428,,block_54_177,0
neg_9889,PSEUDO_NEGATIVE,23.636034764135157,91.49752783800213,,block_47_182,0
neg_9890,PSEUDO_NEGATIVE,23.96855225522973,94.11478980024228,,block_47_188,0
neg_9891,PSEUDO_NEGATIVE,26.759891371335478,91.11620506558181,,block_53_182,0
neg_9892,PSEUDO_NEGATIVE,29.24091467034048,94.73588612115043,,block_58_189,0
neg_9893,PSEUDO_NEGATIVE,23.89902929334321,92.95586242274878,,block_47_185,0
neg_9894,PSEUDO_NEGATIVE,24.28420590904517,94.18546336362314,,block_48_188,0
neg_9895,PSEUDO_NEGATIVE,27.935052514651098,93.47006291292439,,block_55_186,0
neg_9896,PSEUDO_NEGATIVE,28.778718904353582,94.35660899235897,,block_57_188,0
neg_9897,PSEUDO_NEGATIVE,26.856588869108773,94.46776815577941,,block_53_188,0
neg_9898,PSEUDO_NEGATIVE,25.876870594841627,93.53918393309868,,block_51_187,0
neg_9899,PSEUDO_NEGATIVE,23.428749726972324,92.9645414055024,,block_46_185,0
neg_9900,PSEUDO_NEGATIVE,26.840852501059796,93.42755399547042,,block_53_186,0
neg_9901,PSEUDO_NEGATIVE,25.290112151663568,90.62864685135514,,block_50_181,0
neg_9902,PSEUDO_NEGATIVE,23.10280865768808,91.71568531569152,,block_46_183,0
neg_9903,PSEUDO_NEGATIVE,27.149325679009806,93.2347629078031,,block_54_186,0
neg_9904,PSEUDO_NEGATIVE,28.731037878511955,96.34328522914626,,block_57_192,0
neg_9905,PSEUDO_NEGATIVE,26.411006456721896,90.5198300491503,,block_52_181,0
neg_9906,PSEUDO_NEGATIVE,26.81159933264943,94.08862939073764,,block_53_188,0
neg_9907,PSEUDO_NEGATIVE,28.121269968391637,96.50958594067433,,block_56_193,0
neg_9908,PSEUDO_NEGATIVE,26.61886098222356,90.08677461617575,,block_53_180,0
neg_9909,PSEUDO_NEGATIVE,28.62169078257766,95.88998664565733,,block_57_191,0
neg_9910,PSEUDO_NEGATIVE,28.58993857087563,95.9661682614684,,block_57_191,0
neg_9911,PSEUDO_NEGATIVE,22.909508435986847,92.69705642906696,,block_45_185,0
neg_9912,PSEUDO_NEGATIVE,28.446942561664997,93.51101851014184,,block_56_187,0
neg_9913,PSEUDO_NEGATIVE,27.627310352679,91.65170767773012,,block_55_183,0
neg_9914,PSEUDO_NEGATIVE,26.322219084601677,91.98818674082419,,block_52_183,0
neg_9915,PSEUDO_NEGATIVE,27.238614179148055,96.03507792396537,,block_54_192,0
neg_9916,PSEUDO_NEGATIVE,25.764543052190177,90.30039401153772,,block_51_180,0
neg_9917,PSEUDO_NEGATIVE,28.353563628076913,93.77037385138752,,block_56_187,0
neg_9918,PSEUDO_NEGATIVE,27.59597106598836,93.14691620271779,,block_55_186,0
neg_9919,PSEUDO_NEGATIVE,23.693030474631428,92.39814195721205,,block_47_184,0
neg_9920,PSEUDO_NEGATIVE,26.42245296750304,94.52394562678957,,block_52_189,0
neg_9921,PSEUDO_NEGATIVE,26.74239711417542,93.3584515900649,,block_53_186,0
neg_9922,PSEUDO_NEGATIVE,28.856806732513668,96.49719285180872,,block_57_192,0
neg_9923,PSEUDO_NEGATIVE,25.899028342038207,90.72812990040221,,block_51_181,0
neg_9924,PSEUDO_NEGATIVE,27.58332904189549,94.24092895672216,,block_55_188,0
neg_9925,PSEUDO_NEGATIVE,27.918622995592912,94.48291652064626,,block_55_188,0
neg_9926,PSEUDO_NEGATIVE,25.908625270718815,89.91550565330756,,block_51_179,0
neg_9927,PSEUDO_NEGATIVE,28.513714732568225,94.81091621123197,,block_57_189,0
neg_9928,PSEUDO_NEGATIVE,26.74853659389777,93.2170759975852,,block_53_186,0
neg_9929,PSEUDO_NEGATIVE,25.81178129381394,90.51229993912726,,block_51_181,0
neg_9930,PSEUDO_NEGATIVE,26.286084131814047,91.23648501281845,,block_52_182,0
neg_9931,PSEUDO_NEGATIVE,26.94684483633008,94.83596269857131,,block_53_189,0
neg_9932,PSEUDO_NEGATIVE,27.472450859077853,94.28353135959833,,block_54_188,0
neg_9933,PSEUDO_NEGATIVE,27.47960463029644,94.58249400652083,,block_54_189,0
neg_9934,PSEUDO_NEGATIVE,24.106712613665422,91.92615137426363,,block_48_183,0
neg_9935,PSEUDO_NEGATIVE,24.303577034964377,93.02394801864767,,block_48_186,0
neg_9936,PSEUDO_NEGATIVE,22.963731629043185,92.87290089753633,,block_45_185,0
neg_9937,PSEUDO_NEGATIVE,27.026644051411786,92.10176443809132,,block_54_184,0
neg_9938,PSEUDO_NEGATIVE,25.383038501978476,92.64511786453483,,block_50_185,0
neg_9939,PSEUDO_NEGATIVE,27.532234797792725,93.49045835630298,,block_55_186,0
neg_9940,PSEUDO_NEGATIVE,25.441288178067303,90.32799720117119,,block_50_180,0
neg_9941,PSEUDO_NEGATIVE,25.29268680359997,91.26342539809298,,block_50_182,0
neg_9942,PSEUDO_NEGATIVE,26.633427215391436,90.79338339717536,,block_53_181,0
neg_9943,PSEUDO_NEGATIVE,28.140149287327755,97.1391200048927,,block_56_194,0
neg_9944,PSEUDO_NEGATIVE,28.624132656794263,94.11343670163548,,block_57_188,0
neg_9945,PSEUDO_NEGATIVE,25.976432141811472,93.993211209011,,block_51_187,0
neg_9946,PSEUDO_NEGATIVE,23.462017480206082,92.92869291286797,,block_46_185,0
neg_9947,PSEUDO_NEGATIVE,25.44102898393089,94.2945739210142,,block_50_188,0
neg_9948,PSEUDO_NEGATIVE,24.453992276458678,93.98330378655555,,block_48_187,0
neg_9949,PSEUDO_NEGATIVE,27.16761565637617,94.07979452077149,,block_54_188,0
neg_9950,PSEUDO_NEGATIVE,26.257664303726827,92.28891446350251,,block_52_184,0
neg_9951,PSEUDO_NEGATIVE,24.00993001811127,92.51595406665224,,block_48_185,0
neg_9952,PSEUDO_NEGATIVE,28.40770684024926,94.28030759388464,,block_56_188,0
neg_9953,PSEUDO_NEGATIVE,26.599973116050553,93.44907345738137,,block_53_186,0
neg_9954,PSEUDO_NEGATIVE,26.392913619182202,93.82694862440015,,block_52_187,0
neg_9955,PSEUDO_NEGATIVE,27.13987627724276,95.53441860963633,,block_54_191,0
neg_9956,PSEUDO_NEGATIVE,25.89880941220191,92.58690564228353,,block_51_185,0
neg_9957,PSEUDO_NEGATIVE,27.1352311977072,92.9395374127625,,block_54_185,0
neg_9958,PSEUDO_NEGATIVE,24.664281043386257,93.03545129853299,,block_49_186,0
neg_9959,PSEUDO_NEGATIVE,28.459834702384327,94.76953383527811,,block_56_189,0
neg_9960,PSEUDO_NEGATIVE,25.29361970698657,92.05756839089202,,block_50_184,0
neg_9961,PSEUDO_NEGATIVE,26.945224350461384,94.95981016456238,,block_53_189,0
neg_9962,PSEUDO_NEGATIVE,26.52907748894053,90.78179760773148,,block_53_181,0
neg_9963,PSEUDO_NEGATIVE,27.901643394900567,92.94124645229356,,block_55_185,0
neg_9964,PSEUDO_NEGATIVE,27.410742381028392,88.16745429062055,,block_54_176,0
neg_9965,PSEUDO_NEGATIVE,25.239311269114207,91.21955993940152,,block_50_182,0
neg_9966,PSEUDO_NEGATIVE,27.617978449899212,91.62791521915791,,block_55_183,0
neg_9967,PSEUDO_NEGATIVE,28.15753146982243,93.35611546316295,,block_56_186,0
neg_9968,PSEUDO_NEGATIVE,27.649319468614447,91.60070546876388,,block_55_183,0
neg_9969,PSEUDO_NEGATIVE,25.96394379640313,92.71941138670371,,block_51_185,0
neg_9970,PSEUDO_NEGATIVE,28.27892654554777,95.05447110291887,,block_56_190,0
neg_9971,PSEUDO_NEGATIVE,28.194631125457462,95.41734970651477,,block_56_190,0
neg_9972,PSEUDO_NEGATIVE,26.47805993390925,94.71906476466552,,block_52_189,0
neg_9973,PSEUDO_NEGATIVE,29.287209149585156,95.88587113131248,,block_58_191,0
neg_9974,PSEUDO_NEGATIVE,25.972486088471708,93.04576258158284,,block_51_186,0
neg_9975,PSEUDO_NEGATIVE,27.410784980598713,93.21086179426395,,block_54_186,0
neg_9976,PSEUDO_NEGATIVE,27.75249556342664,96.33555512286219,,block_55_192,0
neg_9977,PSEUDO_NEGATIVE,27.757106624382242,94.83589806635821,,block_55_189,0
neg_9978,PSEUDO_NEGATIVE,29.272462644515542,95.76287160943387,,block_58_191,0
neg_9979,PSEUDO_NEGATIVE,27.825537442256852,96.24582507064459,,block_55_192,0
neg_9980,PSEUDO_NEGATIVE,29.19643616102011,94.39669139512756,,block_58_188,0
neg_9981,PSEUDO_NEGATIVE,25.306367962540012,90.19021876554162,,block_50_180,0
neg_9982,PSEUDO_NEGATIVE,26.131966083334756,90.869410757747,,block_52_181,0
neg_9983,PSEUDO_NEGATIVE,28.45060383986172,93.64714748518385,,block_56_187,0
neg_9984,PSEUDO_NEGATIVE,28.34143507852255,96.50288378455755,,block_56_193,0
neg_9985,PSEUDO_NEGATIVE,28.06504349622022,93.59222774185751,,block_56_187,0
neg_9986,PSEUDO_NEGATIVE,29.08908098945016,95.18957924037827,,block_58_190,0
neg_9987,PSEUDO_NEGATIVE,28.791485475289818,94.29995272903736,,block_57_188,0
neg_9988,PSEUDO_NEGATIVE,26.380108757022214,93.90275153811183,,block_52_187,0
neg_9989,PSEUDO_NEGATIVE,28.14880200607415,93.76546444843214,,block_56_187,0
neg_9990,PSEUDO_NEGATIVE,27.675626087546433,95.13987520507456,,block_55_190,0
neg_9991,PSEUDO_NEGATIVE,25.62682486576742,93.57900494277737,,block_51_187,0
neg_9992,PSEUDO_NEGATIVE,26.072998129514346,91.60903406724711,,block_52_183,0
neg_9993,PSEUDO_NEGATIVE,23.135493727313474,91.7343257902734,,block_46_183,0
neg_9994,PSEUDO_NEGATIVE,25.301663314092327,93.10529464340044,,block_50_186,0
neg_9995,PSEUDO_NEGATIVE,26.770120860902036,93.9613856734082,,block_53_187,0
neg_9996,PSEUDO_NEGATIVE,27.90317828182853,93.63695536552179,,block_55_187,0
neg_9997,PSEUDO_NEGATIVE,25.183123188629146,93.58465746260235,,block_50_187,0
neg_9998,PSEUDO_NEGATIVE,27.40167510734799,95.33768997776038,,block_54_190,0
neg_9999,PSEUDO_NEGATIVE,26.39242288756008,92.61529475437246,,block_52_185,0
neg_10000,PSEUDO_NEGATIVE,27.36173046794464,93.14002191580069,,block_54_186,0
neg_10001,PSEUDO_NEGATIVE,28.49492841976625,96.36519597551907,,block_56_192,0
neg_10002,PSEUDO_NEGATIVE,26.587522048685383,92.83402955783419,,block_53_185,0
neg_10003,PSEUDO_NEGATIVE,28.309470731469467,95.50030754615106,,block_56_191,0
neg_10004,PSEUDO_NEGATIVE,25.93756182649235,90.21684027209449,,block_51_180,0
neg_10005,PSEUDO_NEGATIVE,28.61709799331241,96.2334707697561,,block_57_192,0
neg_10006,PSEUDO_NEGATIVE,26.883730257981306,93.02174238628751,,block_53_186,0
neg_10007,PSEUDO_NEGATIVE,29.06941881091268,94.31974864641433,,block_58_188,0
neg_10008,PSEUDO_NEGATIVE,27.504429217032932,96.85860621442401,,block_55_193,0
neg_10009,PSEUDO_NEGATIVE,26.029278078916022,90.03628735535929,,block_52_180,0
neg_10010,PSEUDO_NEGATIVE,27.124963438704423,93.3621893998795,,block_54_186,0
neg_10011,PSEUDO_NEGATIVE,27.852787416696756,93.31361359182482,,block_55_186,0
neg_10012,PSEUDO_NEGATIVE,26.36115695368884,91.39829041319858,,block_52_182,0
neg_10013,PSEUDO_NEGATIVE,24.069398297016495,93.04451784979898,,block_48_186,0
neg_10014,PSEUDO_NEGATIVE,27.178561264730476,94.86645815372735,,block_54_189,0
neg_10015,PSEUDO_NEGATIVE,28.86046383443232,94.18403211268446,,block_57_188,0
neg_10016,PSEUDO_NEGATIVE,23.434215994677114,93.25910147090197,,block_46_186,0
neg_10017,PSEUDO_NEGATIVE,26.726785391687763,90.91321203395793,,block_53_181,0
neg_10018,PSEUDO_NEGATIVE,24.651227883974794,93.47583119354701,,block_49_186,0
neg_10019,PSEUDO_NEGATIVE,27.519892694947057,92.48300912601711,,block_55_184,0
neg_10020,PSEUDO_NEGATIVE,28.49869094612485,93.70444931363119,,block_56_187,0
neg_10021,PSEUDO_NEGATIVE,28.653392340441908,93.81006276660514,,block_57_187,0
neg_10022,PSEUDO_NEGATIVE,28.065150056305278,93.98304495030474,,block_56_187,0
neg_10023,PSEUDO_NEGATIVE,27.072729683583027,94.98797649474481,,block_54_189,0
neg_10024,PSEUDO_NEGATIVE,28.447755165222706,94.87587358593925,,block_56_189,0
neg_10025,PSEUDO_NEGATIVE,25.987577018070276,95.02920092468709,,block_51_190,0
neg_10026,PSEUDO_NEGATIVE,27.23810303750881,94.14889850635882,,block_54_188,0
neg_10027,PSEUDO_NEGATIVE,27.28234255042642,94.95323373177443,,block_54_189,0
neg_10028,PSEUDO_NEGATIVE,28.273084683469925,93.4866650524613,,block_56_186,0
neg_10029,PSEUDO_NEGATIVE,27.16573926383773,93.61203168390382,,block_54_187,0
neg_10030,PSEUDO_NEGATIVE,27.55595501444148,94.46650622002956,,block_55_188,0
neg_10031,PSEUDO_NEGATIVE,25.406012684263278,90.2942444873158,,block_50_180,0
neg_10032,PSEUDO_NEGATIVE,26.344892107386418,91.49872816606334,,block_52_182,0
neg_10033,PSEUDO_NEGATIVE,27.507370894817036,88.41132464827692,,block_55_176,0
neg_10034,PSEUDO_NEGATIVE,23.54917488916822,91.51570517861548,,block_47_183,0
neg_10035,PSEUDO_NEGATIVE,22.815282186524907,92.55363219469578,,block_45_185,0
neg_10036,PSEUDO_NEGATIVE,26.80557772096397,93.52010371913019,,block_53_187,0
neg_10037,PSEUDO_NEGATIVE,26.25705286003069,91.54339493917755,,block_52_183,0
neg_10038,PSEUDO_NEGATIVE,24.68007459444607,93.58005683859753,,block_49_187,0
neg_10039,PSEUDO_NEGATIVE,25.932069419567817,92.7164466587721,,block_51_185,0
neg_10040,PSEUDO_NEGATIVE,27.26771090495218,94.02493958590394,,block_54_188,0
neg_10041,PSEUDO_NEGATIVE,27.846494675221127,95.34080075388363,,block_55_190,0
neg_10042,PSEUDO_NEGATIVE,28.248410180091764,94.50722966442115,,block_56_189,0
neg_10043,PSEUDO_NEGATIVE,27.885643100638656,95.08426191429537,,block_55_190,0
neg_10044,PSEUDO_NEGATIVE,27.26000251795893,95.58359323668957,,block_54_191,0
neg_10045,PSEUDO_NEGATIVE,26.57020545744933,90.63340983240417,,block_53_181,0
neg_10046,PSEUDO_NEGATIVE,26.68768903690242,91.33361968581188,,block_53_182,0
neg_10047,PSEUDO_NEGATIVE,22.2320032312907,93.08027130636334,,block_44_186,0
neg_10048,PSEUDO_NEGATIVE,28.11368942262296,94.58704031466952,,block_56_189,0
neg_10049,PSEUDO_NEGATIVE,26.020834293198085,91.2294141553594,,block_52_182,0
neg_10050,PSEUDO_NEGATIVE,28.227473070573474,94.68199429468154,,block_56_189,0
neg_10051,PSEUDO_NEGATIVE,28.64599853640228,95.62959772782352,,block_57_191,0
neg_10052,PSEUDO_NEGATIVE,25.574676230661943,90.88514767336612,,block_51_181,0
neg_10053,PSEUDO_NEGATIVE,26.04922605756284,92.16271061860502,,block_52_184,0
neg_10054,PSEUDO_NEGATIVE,27.654337341743986,91.92451791540662,,block_55_183,0
neg_10055,PSEUDO_NEGATIVE,29.060284700041127,94.67596520154409,,block_58_189,0
neg_10056,PSEUDO_NEGATIVE,25.194235245667976,92.94212280113138,,block_50_185,0
neg_10057,PSEUDO_NEGATIVE,26.694262925721784,90.09210752581143,,block_53_180,0
neg_10058,PSEUDO_NEGATIVE,28.67058617934995,94.05932832240752,,block_57_188,0
neg_10059,PSEUDO_NEGATIVE,29.049859851401376,95.7841355070068,,block_58_191,0
neg_10060,PSEUDO_NEGATIVE,23.87489659550593,92.81493504406707,,block_47_185,0
neg_10061,PSEUDO_NEGATIVE,26.645967918851532,91.45962835573471,,block_53_182,0
neg_10062,PSEUDO_NEGATIVE,24.434581506805763,93.41073520109882,,block_48_186,0
neg_10063,PSEUDO_NEGATIVE,23.969705029209205,91.52253811198437,,block_47_183,0
neg_10064,PSEUDO_NEGATIVE,25.934604972039367,91.49685585978261,,block_51_182,0
neg_10065,PSEUDO_NEGATIVE,25.896731976964954,93.99486228152621,,block_51_187,0
neg_10066,PSEUDO_NEGATIVE,25.695595057606088,90.92809977312328,,block_51_181,0
neg_10067,PSEUDO_NEGATIVE,23.231568300962298,93.00674687132977,,block_46_186,0
neg_10068,PSEUDO_NEGATIVE,26.53836565136832,93.00080420353342,,block_53_186,0
neg_10069,PSEUDO_NEGATIVE,26.125694188545875,90.97834940793727,,block_52_181,0
neg_10070,PSEUDO_NEGATIVE,22.303237302980783,92.68467234040446,,block_44_185,0
neg_10071,PSEUDO_NEGATIVE,28.24843641500649,97.15237776085488,,block_56_194,0
neg_10072,PSEUDO_NEGATIVE,28.20199103253942,96.94832074993903,,block_56_193,0
neg_10073,PSEUDO_NEGATIVE,23.2069665624656,92.70414213304062,,block_46_185,0
neg_10074,PSEUDO_NEGATIVE,27.636864727056306,93.5421989205657,,block_55_187,0
neg_10075,PSEUDO_NEGATIVE,25.5149778785348,93.22583405489875,,block_51_186,0
neg_10076,PSEUDO_NEGATIVE,28.145733470989338,92.92570708036138,,block_56_185,0
neg_10077,PSEUDO_NEGATIVE,27.841384198439705,95.79732028440341,,block_55_191,0
neg_10078,PSEUDO_NEGATIVE,24.76847979259157,92.4944229206166,,block_49_184,0
neg_10079,PSEUDO_NEGATIVE,26.603881052826015,93.65351628064296,,block_53_187,0
neg_10080,PSEUDO_NEGATIVE,27.476865894414196,96.68016639190478,,block_54_193,0
neg_10081,PSEUDO_NEGATIVE,26.643923717019753,92.71280701496394,,block_53_185,0
neg_10082,PSEUDO_NEGATIVE,28.11864277913797,92.7610623692553,,block_56_185,0
neg_10083,PSEUDO_NEGATIVE,25.99639015289972,92.80470788933972,,block_51_185,0
neg_10084,PSEUDO_NEGATIVE,26.429328614694715,91.07531421899462,,block_52_182,0
neg_10085,PSEUDO_NEGATIVE,26.2341432660042,91.71680287828083,,block_52_183,0
neg_10086,PSEUDO_NEGATIVE,26.650388803803764,92.44344310501262,,block_53_184,0
neg_10087,PSEUDO_NEGATIVE,26.228132406554906,92.3500328770305,,block_52_184,0
neg_10088,PSEUDO_NEGATIVE,23.235451311845516,93.02293818691953,,block_46_186,0
neg_10089,PSEUDO_NEGATIVE,26.20312739194592,91.38047507379318,,block_52_182,0
neg_10090,PSEUDO_NEGATIVE,24.643417148368556,93.52422499472124,,block_49_187,0
neg_10091,PSEUDO_NEGATIVE,26.417302541089057,91.24665025287025,,block_52_182,0
neg_10092,PSEUDO_NEGATIVE,23.10306186662003,93.09091597362479,,block_46_186,0
neg_10093,PSEUDO_NEGATIVE,28.942157373521045,95.20108740836723,,block_57_190,0
neg_10094,PSEUDO_NEGATIVE,28.076793761228544,94.28523076720501,,block_56_188,0
neg_10095,PSEUDO_NEGATIVE,24.063295147702906,91.41862846227338,,block_48_182,0
neg_10096,PSEUDO_NEGATIVE,25.335855461543474,91.42599317539839,,block_50_182,0
neg_10097,PSEUDO_NEGATIVE,25.372464505704542,91.29588898166827,,block_50_182,0
neg_10098,PSEUDO_NEGATIVE,23.97905641080486,92.4226764846092,,block_47_184,0
neg_10099,PSEUDO_NEGATIVE,27.64936620638619,88.34128959194041,,block_55_176,0
neg_10100,PSEUDO_NEGATIVE,27.819177622991905,94.68460215774715,,block_55_189,0
neg_10101,PSEUDO_NEGATIVE,25.84688413988492,90.24166339417977,,block_51_180,0
neg_10102,PSEUDO_NEGATIVE,25.78155931022956,92.45196701780519,,block_51_184,0
neg_10103,PSEUDO_NEGATIVE,28.14462996598683,96.46063104950285,,block_56_192,0
neg_10104,PSEUDO_NEGATIVE,23.85162082769634,91.69929315361375,,block_47_183,0
neg_10105,PSEUDO_NEGATIVE,27.298803722940647,88.67160566507475,,block_54_177,0
neg_10106,PSEUDO_NEGATIVE,25.262598639464017,92.42391966782859,,block_50_184,0
neg_10107,PSEUDO_NEGATIVE,28.13635753685479,95.19608911926855,,block_56_190,0
neg_10108,PSEUDO_NEGATIVE,26.69969228527868,92.0554185592836,,block_53_184,0
neg_10109,PSEUDO_NEGATIVE,28.573177702579038,95.49563451711117,,block_57_190,0
neg_10110,PSEUDO_NEGATIVE,22.17649163064507,92.9665423210484,,block_44_185,0
neg_10111,PSEUDO_NEGATIVE,28.229314917880387,93.24581724042044,,block_56_186,0
neg_10112,PSEUDO_NEGATIVE,26.74812035877288,91.88867453709138,,block_53_183,0
neg_10113,PSEUDO_NEGATIVE,27.24602264790424,93.5633744075464,,block_54_187,0
neg_10114,PSEUDO_NEGATIVE,24.568949887455133,93.61955254173913,,block_49_187,0
neg_10115,PSEUDO_NEGATIVE,28.26159846546689,95.36220876443501,,block_56_190,0
neg_10116,PSEUDO_NEGATIVE,23.54306198027197,91.43393677584224,,block_47_182,0
neg_10117,PSEUDO_NEGATIVE,24.374535452744958,93.29912129966235,,block_48_186,0
neg_10118,PSEUDO_NEGATIVE,24.22468041451444,94.1586530242978,,block_48_188,0
neg_10119,PSEUDO_NEGATIVE,28.13584212149059,93.8876442697147,,block_56_187,0
neg_10120,PSEUDO_NEGATIVE,26.816053896779785,94.50789566859744,,block_53_189,0
neg_10121,PSEUDO_NEGATIVE,25.65288507298667,91.02647692360371,,block_51_182,0
neg_10122,PSEUDO_NEGATIVE,27.733845630009924,94.28853977546405,,block_55_188,0
neg_10123,PSEUDO_NEGATIVE,25.37962379261244,93.50727994661136,,block_50_187,0
neg_10124,PSEUDO_NEGATIVE,25.906781178382705,91.95586245637284,,block_51_183,0
neg_10125,PSEUDO_NEGATIVE,26.541863868962345,91.09578555826592,,block_53_182,0
neg_10126,PSEUDO_NEGATIVE,26.53368182715568,95.00023523503707,,block_53_190,0
neg_10127,PSEUDO_NEGATIVE,27.398433533404415,95.73206548682522,,block_54_191,0
neg_10128,PSEUDO_NEGATIVE,25.318417427721272,93.76358138192964,,block_50_187,0
neg_10129,PSEUDO_NEGATIVE,24.849568840242846,93.86226207903105,,block_49_187,0
neg_10130,PSEUDO_NEGATIVE,23.98842260262147,93.16282462869411,,block_47_186,0
neg_10131,PSEUDO_NEGATIVE,26.874769397372017,92.87309327361818,,block_53_185,0
neg_10132,PSEUDO_NEGATIVE,28.114399272771927,94.06047142400938,,block_56_188,0
neg_10133,PSEUDO_NEGATIVE,27.95802530594336,96.0596081019877,,block_55_192,0
neg_10134,PSEUDO_NEGATIVE,26.523686829913103,94.53370942547886,,block_53_189,0
neg_10135,PSEUDO_NEGATIVE,26.017506496030464,92.70789245181322,,block_52_185,0
neg_10136,PSEUDO_NEGATIVE,26.383635441586044,90.29225865779499,,block_52_180,0
neg_10137,PSEUDO_NEGATIVE,28.109325695460896,97.25168437614144,,block_56_194,0
neg_10138,PSEUDO_NEGATIVE,26.408652349597503,94.07868184419515,,block_52_188,0
neg_10139,PSEUDO_NEGATIVE,23.963456221144135,93.3142293209954,,block_47_186,0
neg_10140,PSEUDO_NEGATIVE,28.41283162474632,96.4765394344779,,block_56_192,0
neg_10141,PSEUDO_NEGATIVE,25.439831185124902,93.21092685587055,,block_50_186,0
neg_10142,PSEUDO_NEGATIVE,24.231664625708703,93.47453969153187,,block_48_186,0
neg_10143,PSEUDO_NEGATIVE,25.70456140088373,94.98097884309144,,block_51_189,0
neg_10144,PSEUDO_NEGATIVE,23.547563514218655,91.36567742333277,,block_47_182,0
neg_10145,PSEUDO_NEGATIVE,25.58928852446577,90.1071020723539,,block_51_180,0
neg_10146,PSEUDO_NEGATIVE,27.88128574703146,94.14575780574783,,block_55_188,0
neg_10147,PSEUDO_NEGATIVE,26.81069724002945,93.52353073597953,,block_53_187,0
neg_10148,PSEUDO_NEGATIVE,23.860741281576125,91.50069562925567,,block_47_183,0
neg_10149,PSEUDO_NEGATIVE,23.597959163816395,92.99825579308737,,block_47_185,0
neg_10150,PSEUDO_NEGATIVE,25.0057330573854,93.12977500367059,,block_50_186,0
neg_10151,PSEUDO_NEGATIVE,25.3843205592914,90.9428170286579,,block_50_181,0
neg_10152,PSEUDO_NEGATIVE,25.90653430245332,92.13192928901812,,block_51_184,0
neg_10153,PSEUDO_NEGATIVE,23.21311715563754,91.69106269989533,,block_46_183,0
neg_10154,PSEUDO_NEGATIVE,27.963467395216973,93.17630936077178,,block_55_186,0
neg_10155,PSEUDO_NEGATIVE,28.572307288035795,94.55447942274465,,block_57_189,0
neg_10156,PSEUDO_NEGATIVE,24.2012162228756,94.05335381608438,,block_48_188,0
neg_10157,PSEUDO_NEGATIVE,26.68083952936908,92.37644402098101,,block_53_184,0
neg_10158,PSEUDO_NEGATIVE,25.807242535338464,92.65031697105552,,block_51_185,0
neg_10159,PSEUDO_NEGATIVE,27.026134349378157,94.44203616744596,,block_54_188,0
neg_10160,PSEUDO_NEGATIVE,26.51341587966352,91.97010992004004,,block_53_183,0
neg_10161,PSEUDO_NEGATIVE,25.995339231892277,92.75042593227934,,block_51_185,0
neg_10162,PSEUDO_NEGATIVE,27.727031165936978,95.34027247698243,,block_55_190,0
neg_10163,PSEUDO_NEGATIVE,26.04589036514107,93.50708716292093,,block_52_187,0
neg_10164,PSEUDO_NEGATIVE,26.1076909589336,92.35798849456805,,block_52_184,0
neg_10165,PSEUDO_NEGATIVE,26.150138521140974,89.98156052590326,,block_52_179,0
neg_10166,PSEUDO_NEGATIVE,28.38644009852645,94.5819494149115,,block_56_189,0
neg_10167,PSEUDO_NEGATIVE,28.236269806577273,95.6209500073733,,block_56_191,0
neg_10168,PSEUDO_NEGATIVE,28.61818150497664,94.12979581512158,,block_57_188,0
neg_10169,PSEUDO_NEGATIVE,27.393680054521408,94.07604617716824,,block_54_188,0
neg_10170,PSEUDO_NEGATIVE,25.136736474307035,92.43411657431851,,block_50_184,0
neg_10171,PSEUDO_NEGATIVE,26.480797284820454,93.33972710648311,,block_52_186,0
neg_10172,PSEUDO_NEGATIVE,27.3285099191683,95.8116219247167,,block_54_191,0
neg_10173,PSEUDO_NEGATIVE,26.797370259469954,91.08573376455689,,block_53_182,0
neg_10174,PSEUDO_NEGATIVE,25.960196956873773,92.03538423829144,,block_51_184,0
neg_10175,PSEUDO_NEGATIVE,26.987555853761197,95.161480340606,,block_53_190,0
neg_10176,PSEUDO_NEGATIVE,25.61765910671842,90.17359356447837,,block_51_180,0
neg_10177,PSEUDO_NEGATIVE,26.80753915918401,94.34271398472245,,block_53_188,0
neg_10178,PSEUDO_NEGATIVE,26.058539473386766,93.48449927198422,,block_52_186,0
neg_10179,PSEUDO_NEGATIVE,27.521424648663448,94.90808698959175,,block_55_189,0
neg_10180,PSEUDO_NEGATIVE,26.892110023489487,93.34683048656214,,block_53_186,0
neg_10181,PSEUDO_NEGATIVE,25.971492844596213,94.97484213156872,,block_51_189,0
neg_10182,PSEUDO_NEGATIVE,24.228097081408283,93.36840754619975,,block_48_186,0
neg_10183,PSEUDO_NEGATIVE,28.255398831073222,96.09209446471316,,block_56_192,0
neg_10184,PSEUDO_NEGATIVE,28.713132328273304,94.45456073123154,,block_57_188,0
neg_10185,PSEUDO_NEGATIVE,26.819183311069136,94.59418765317393,,block_53_189,0
neg_10186,PSEUDO_NEGATIVE,28.160614009384023,93.98192842463315,,block_56_187,0
neg_10187,PSEUDO_NEGATIVE,28.955178430481794,95.13092060267458,,block_57_190,0
neg_10188,PSEUDO_NEGATIVE,26.084812803572547,92.26977508298525,,block_52_184,0
neg_10189,PSEUDO_NEGATIVE,28.255304554775744,97.14502612563206,,block_56_194,0
neg_10190,PSEUDO_NEGATIVE,28.176636610163794,96.22590037091427,,block_56_192,0
neg_10191,PSEUDO_NEGATIVE,26.83744890848407,90.29102288654589,,block_53_180,0
neg_10192,PSEUDO_NEGATIVE,26.300484614722826,93.16641677267626,,block_52_186,0
neg_10193,PSEUDO_NEGATIVE,25.85569643260282,93.23497435478212,,block_51_186,0
neg_10194,PSEUDO_NEGATIVE,26.94675076626124,92.9700834144964,,block_53_185,0
neg_10195,PSEUDO_NEGATIVE,29.21414219271604,95.97447780990126,,block_58_191,0
neg_10196,PSEUDO_NEGATIVE,27.50217361493837,88.61222672050981,,block_55_177,0
neg_10197,PSEUDO_NEGATIVE,27.474442721094405,96.62438066446153,,block_54_193,0
neg_10198,PSEUDO_NEGATIVE,23.9332947473186,91.48042770777359,,block_47_182,0
neg_10199,PSEUDO_NEGATIVE,25.3681086163106,93.70954982101611,,block_50_187,0
neg_10200,PSEUDO_NEGATIVE,28.59704725341556,96.09607400943099,,block_57_192,0
neg_10201,PSEUDO_NEGATIVE,26.942919569773906,94.94777239468227,,block_53_189,0
neg_10202,PSEUDO_NEGATIVE,25.284006368151047,91.04708679219026,,block_50_182,0
neg_10203,PSEUDO_NEGATIVE,26.738577398813945,94.9001176361804,,block_53_189,0
neg_10204,PSEUDO_NEGATIVE,27.330420904703914,96.41869532157573,,block_54_192,0
neg_10205,PSEUDO_NEGATIVE,27.23785694706106,94.24760193510092,,block_54_188,0
neg_10206,PSEUDO_NEGATIVE,26.600923826461628,92.60012594427089,,block_53_185,0
neg_10207,PSEUDO_NEGATIVE,26.184696950022385,89.84124058198478,,block_52_179,0
neg_10208,PSEUDO_NEGATIVE,26.550856018886726,92.44731922230669,,block_53_184,0
neg_10209,PSEUDO_NEGATIVE,25.959162399616595,95.0239359315856,,block_51_190,0
neg_10210,PSEUDO_NEGATIVE,24.877121903612867,93.02882835138465,,block_49_186,0
neg_10211,PSEUDO_NEGATIVE,28.36509040423565,94.29691196805463,,block_56_188,0
neg_10212,PSEUDO_NEGATIVE,28.94041445962794,95.08579951175652,,block_57_190,0
neg_10213,PSEUDO_NEGATIVE,27.536082908387936,95.3590423152302,,block_55_190,0
neg_10214,PSEUDO_NEGATIVE,28.70354884409875,95.66732742519457,,block_57_191,0
neg_10215,PSEUDO_NEGATIVE,24.36644714120535,92.43878164390131,,block_48_184,0
neg_10216,PSEUDO_NEGATIVE,26.121774748466922,94.42950286810378,,block_52_188,0
neg_10217,PSEUDO_NEGATIVE,25.807918367732313,92.9068575111416,,block_51_185,0
neg_10218,PSEUDO_NEGATIVE,26.2353989667046,94.75941585144795,,block_52_189,0
neg_10219,PSEUDO_NEGATIVE,27.642073369169445,92.20679368102199,,block_55_184,0
neg_10220,PSEUDO_NEGATIVE,27.69698506251415,95.73730635118697,,block_55_191,0
neg_10221,PSEUDO_NEGATIVE,27.068270284645436,92.75070227909369,,block_54_185,0
neg_10222,PSEUDO_NEGATIVE,28.01175406922473,96.87161610454037,,block_56_193,0
neg_10223,PSEUDO_NEGATIVE,23.861794511001296,92.09930535533532,,block_47_184,0
neg_10224,PSEUDO_NEGATIVE,25.656960066426738,91.74808856401731,,block_51_183,0
neg_10225,PSEUDO_NEGATIVE,26.292727769825913,92.40650816600537,,block_52_184,0
neg_10226,PSEUDO_NEGATIVE,26.14229339350954,93.65007005109526,,block_52_187,0
neg_10227,PSEUDO_NEGATIVE,29.127922027123553,94.36978387433862,,block_58_188,0
neg_10228,PSEUDO_NEGATIVE,23.099470404598485,93.09019163830496,,block_46_186,0
neg_10229,PSEUDO_NEGATIVE,25.90111235264593,90.6419459734408,,block_51_181,0
neg_10230,PSEUDO_NEGATIVE,26.564722939552883,91.84372110989457,,block_53_183,0
neg_10231,PSEUDO_NEGATIVE,26.356080020616044,92.14839261930265,,block_52_184,0
neg_10232,PSEUDO_NEGATIVE,24.344259728525934,93.58818970173601,,block_48_187,0
neg_10233,PSEUDO_NEGATIVE,25.587168488118316,90.87875513507768,,block_51_181,0
neg_10234,PSEUDO_NEGATIVE,25.97498172223496,89.96283579025143,,block_51_179,0
neg_10235,PSEUDO_NEGATIVE,28.639520695125835,94.15769029776294,,block_57_188,0
neg_10236,PSEUDO_NEGATIVE,27.59683804352604,96.52111508683136,,block_55_193,0
neg_10237,PSEUDO_NEGATIVE,25.961310506312778,89.96505232750236,,block_51_179,0
neg_10238,PSEUDO_NEGATIVE,27.370894873655867,94.60577463013854,,block_54_189,0
neg_10239,PSEUDO_NEGATIVE,22.97949807812005,92.40983053402873,,block_45_184,0
neg_10240,PSEUDO_NEGATIVE,27.371385492994165,96.40455040757568,,block_54_192,0
neg_10241,PSEUDO_NEGATIVE,26.287751440092908,89.91147938737002,,block_52_179,0
neg_10242,PSEUDO_NEGATIVE,27.37130427999914,96.69078878778802,,block_54_193,0
neg_10243,PSEUDO_NEGATIVE,26.900940069054077,94.46466309936018,,block_53_188,0
neg_10244,PSEUDO_NEGATIVE,26.059103642693124,90.00508746224043,,block_52_180,0
neg_10245,PSEUDO_NEGATIVE,27.06274909497469,94.41538189942291,,block_54_188,0
neg_10246,PSEUDO_NEGATIVE,28.019432009045865,93.53012929986053,,block_56_187,0
neg_10247,PSEUDO_NEGATIVE,27.941439766453072,88.70332544266684,,block_55_177,0
neg_10248,PSEUDO_NEGATIVE,28.29103772159131,94.22541152444583,,block_56_188,0
neg_10249,PSEUDO_NEGATIVE,25.96009362736984,90.49865922778586,,block_51_180,0
neg_10250,PSEUDO_NEGATIVE,24.61932770664443,92.89467894583797,,block_49_185,0
neg_10251,PSEUDO_NEGATIVE,25.171205924352755,93.88156130116872,,block_50_187,0
neg_10252,PSEUDO_NEGATIVE,24.046746451633517,93.84426147447611,,block_48_187,0
neg_10253,PSEUDO_NEGATIVE,26.894140559439208,94.17890719276743,,block_53_188,0
neg_10254,PSEUDO_NEGATIVE,24.554839490998326,93.86898471060307,,block_49_187,0
neg_10255,PSEUDO_NEGATIVE,25.00452433394683,94.25532277491628,,block_50_188,0
neg_10256,PSEUDO_NEGATIVE,25.58607071372915,91.54035627108148,,block_51_183,0
neg_10257,PSEUDO_NEGATIVE,26.828623859300123,90.39814918230762,,block_53_180,0
neg_10258,PSEUDO_NEGATIVE,28.50574520441189,93.62326865395916,,block_57_187,0
neg_10259,PSEUDO_NEGATIVE,27.777738056949747,88.65217089380606,,block_55_177,0
neg_10260,PSEUDO_NEGATIVE,27.335627687114535,94.26826308270975,,block_54_188,0
neg_10261,PSEUDO_NEGATIVE,24.913260645468352,93.7693521078445,,block_49_187,0
neg_10262,PSEUDO_NEGATIVE,28.302574730061593,96.17644214352491,,block_56_192,0
neg_10263,PSEUDO_NEGATIVE,27.43034273059338,96.80485072489796,,block_54_193,0
neg_10264,PSEUDO_NEGATIVE,26.769448579934142,93.15985480828262,,block_53_186,0
neg_10265,PSEUDO_NEGATIVE,28.00045490512408,88.6214630936668,,block_56_177,0
neg_10266,PSEUDO_NEGATIVE,28.59184789749177,94.15320076870282,,block_57_188,0
neg_10267,PSEUDO_NEGATIVE,25.323712025288035,90.57351516066592,,block_50_181,0
neg_10268,PSEUDO_NEGATIVE,27.60631551963423,96.47689515038394,,block_55_192,0
neg_10269,PSEUDO_NEGATIVE,27.690242918455933,96.75582007092962,,block_55_193,0
neg_10270,PSEUDO_NEGATIVE,28.067456852802998,93.23701157674424,,block_56_186,0
neg_10271,PSEUDO_NEGATIVE,25.70406249089901,93.89301858063716,,block_51_187,0
neg_10272,PSEUDO_NEGATIVE,23.030650953836982,92.95897822695332,,block_46_185,0
neg_10273,PSEUDO_NEGATIVE,26.436864053858383,93.87044306392926,,block_52_187,0
neg_10274,PSEUDO_NEGATIVE,23.956300144740492,92.54224589925377,,block_47_185,0
neg_10275,PSEUDO_NEGATIVE,27.980774081473122,93.56517866129782,,block_55_187,0
neg_10276,PSEUDO_NEGATIVE,26.529400817986538,93.97959619552482,,block_53_187,0
neg_10277,PSEUDO_NEGATIVE,24.948113564049148,94.6487554900662,,block_49_189,0
neg_10278,PSEUDO_NEGATIVE,28.137296721629973,96.43657573881661,,block_56_192,0
neg_10279,PSEUDO_NEGATIVE,28.82993819483598,95.27326505230943,,block_57_190,0
neg_10280,PSEUDO_NEGATIVE,27.722927603781038,94.7843571111814,,block_55_189,0
neg_10281,PSEUDO_NEGATIVE,26.28287542459592,89.77896951707055,,block_52_179,0
neg_10282,PSEUDO_NEGATIVE,26.022447392542077,95.08201472135389,,block_52_190,0
neg_10283,PSEUDO_NEGATIVE,27.68232729611669,92.99878638207716,,block_55_185,0
neg_10284,PSEUDO_NEGATIVE,26.52611286622395,91.66962011252184,,block_53_183,0
neg_10285,PSEUDO_NEGATIVE,25.32941848790533,90.47725489371736,,block_50_180,0
neg_10286,PSEUDO_NEGATIVE,26.144890860018254,91.09124570757994,,block_52_182,0
neg_10287,PSEUDO_NEGATIVE,23.293338676934262,91.45744493091522,,block_46_182,0
neg_10288,PSEUDO_NEGATIVE,27.729679012923565,94.32885956905444,,block_55_188,0
neg_10289,PSEUDO_NEGATIVE,26.57489033843198,91.13163017452717,,block_53_182,0
neg_10290,PSEUDO_NEGATIVE,26.80191618972848,95.2191294234942,,block_53_190,0
neg_10291,PSEUDO_NEGATIVE,26.705762118604014,93.15380754798979,,block_53_186,0
neg_10292,PSEUDO_NEGATIVE,25.512329579379674,91.60739266982584,,block_51_183,0
neg_10293,PSEUDO_NEGATIVE,26.91718018361959,94.24198025200455,,block_53_188,0
neg_10294,PSEUDO_NEGATIVE,26.533805139142125,90.72946126419554,,block_53_181,0
neg_10295,PSEUDO_NEGATIVE,28.746554670490482,95.67671489337866,,block_57_191,0
neg_10296,PSEUDO_NEGATIVE,27.943736821271997,93.49868704514292,,block_55_186,0
neg_10297,PSEUDO_NEGATIVE,28.12154167480096,96.32986431257376,,block_56_192,0
neg_10298,PSEUDO_NEGATIVE,26.316696312117198,90.98283392810225,,block_52_181,0
neg_10299,PSEUDO_NEGATIVE,25.928800730069163,92.53155837428595,,block_51_185,0
neg_10300,PSEUDO_NEGATIVE,26.452643948406354,92.80030361048178,,block_52_185,0
neg_10301,PSEUDO_NEGATIVE,26.77049375221458,93.67290011159575,,block_53_187,0
neg_10302,PSEUDO_NEGATIVE,27.42776156214347,94.93186134881616,,block_54_189,0
neg_10303,PSEUDO_NEGATIVE,27.365324439529267,88.10352817557114,,block_54_176,0
neg_10304,PSEUDO_NEGATIVE,23.576413794505903,91.2893784142934,,block_47_182,0
neg_10305,PSEUDO_NEGATIVE,29.147087283018017,94.44009835643108,,block_58_188,0
neg_10306,PSEUDO_NEGATIVE,27.48854978586501,93.40737114911994,,block_54_186,0
neg_10307,PSEUDO_NEGATIVE,24.376192254570032,92.36452515611225,,block_48_184,0
neg_10308,PSEUDO_NEGATIVE,28.81528020026154,94.7313502682271,,block_57_189,0
neg_10309,PSEUDO_NEGATIVE,23.410730031873555,91.70278669998125,,block_46_183,0
neg_10310,PSEUDO_NEGATIVE,26.942637632046164,93.40727961805257,,block_53_186,0
neg_10311,PSEUDO_NEGATIVE,26.262023642875725,93.31002320910058,,block_52_186,0
neg_10312,PSEUDO_NEGATIVE,24.832557217751035,94.4486266860161,,block_49_188,0
neg_10313,PSEUDO_NEGATIVE,28.167651014180457,96.06928377590279,,block_56_192,0
neg_10314,PSEUDO_NEGATIVE,26.107978883174198,91.9631296432815,,block_52_183,0
neg_10315,PSEUDO_NEGATIVE,28.2771254861823,93.24728339409357,,block_56_186,0
neg_10316,PSEUDO_NEGATIVE,25.645792238187536,92.78182045279426,,block_51_185,0
neg_10317,PSEUDO_NEGATIVE,26.33731687796361,92.95433065213793,,block_52_185,0
neg_10318,PSEUDO_NEGATIVE,28.18737384846793,93.81636425883518,,block_56_187,0
neg_10319,PSEUDO_NEGATIVE,29.020593066509313,94.97977780018016,,block_58_189,0
neg_10320,PSEUDO_NEGATIVE,26.23595072467096,91.74513528868368,,block_52_183,0
neg_10321,PSEUDO_NEGATIVE,27.249835601889835,95.3748624345447,,block_54_190,0
neg_10322,PSEUDO_NEGATIVE,28.000860762866093,88.60874028205058,,block_56_177,0
neg_10323,PSEUDO_NEGATIVE,27.43578536420013,88.69387673134885,,block_54_177,0
neg_10324,PSEUDO_NEGATIVE,24.20022116226389,92.75943561449164,,block_48_185,0
neg_10325,PSEUDO_NEGATIVE,27.751704151639597,96.89876057653088,,block_55_193,0
neg_10326,PSEUDO_NEGATIVE,25.301903527093508,94.46371118559655,,block_50_188,0
neg_10327,PSEUDO_NEGATIVE,28.893618481665513,94.18587215832164,,block_57_188,0
neg_10328,PSEUDO_NEGATIVE,25.582881819185392,94.26840571735882,,block_51_188,0
neg_10329,PSEUDO_NEGATIVE,26.758922597700746,93.12958579671064,,block_53_186,0
neg_10330,PSEUDO_NEGATIVE,22.215618752271237,92.9859012916328,,block_44_185,0
neg_10331,PSEUDO_NEGATIVE,28.44385479994501,95.0612850080672,,block_56_190,0
neg_10332,PSEUDO_NEGATIVE,24.326342343674902,93.04951065311859,,block_48_186,0
neg_10333,PSEUDO_NEGATIVE,27.167336570213905,88.72434004261886,,block_54_177,0
neg_10334,PSEUDO_NEGATIVE,25.489147540238484,92.92424825162308,,block_50_185,0
neg_10335,PSEUDO_NEGATIVE,27.519941238066362,91.706396637691,,block_55_183,0
neg_10336,PSEUDO_NEGATIVE,26.72512156202677,91.18858859805752,,block_53_182,0
neg_10337,PSEUDO_NEGATIVE,26.74813311392096,91.16490262339582,,block_53_182,0
neg_10338,PSEUDO_NEGATIVE,28.671524744903415,94.39499841705707,,block_57_188,0
neg_10339,PSEUDO_NEGATIVE,27.78011077406146,95.17919217214556,,block_55_190,0
neg_10340,PSEUDO_NEGATIVE,24.7784245781434,93.02646376919934,,block_49_186,0
neg_10341,PSEUDO_NEGATIVE,27.589090033569747,94.44694140680113,,block_55_188,0
neg_10342,PSEUDO_NEGATIVE,26.401904009916272,89.8616465142123,,block_52_179,0
neg_10343,PSEUDO_NEGATIVE,25.766798483795768,92.65748507405279,,block_51_185,0
neg_10344,PSEUDO_NEGATIVE,28.528800646395567,95.4451843889655,,block_57_190,0
neg_10345,PSEUDO_NEGATIVE,22.743559156339483,93.10030880687617,,block_45_186,0
neg_10346,PSEUDO_NEGATIVE,27.717831688645663,94.89752909717022,,block_55_189,0
neg_10347,PSEUDO_NEGATIVE,27.636738525905947,96.37920345507365,,block_55_192,0
neg_10348,PSEUDO_NEGATIVE,24.32477644946674,92.60553605118147,,block_48_185,0
neg_10349,PSEUDO_NEGATIVE,26.445099466632726,94.76467092050272,,block_52_189,0
neg_10350,PSEUDO_NEGATIVE,27.34272525519397,94.02061287527364,,block_54_188,0
neg_10351,PSEUDO_NEGATIVE,23.533393015043096,91.68688967722998,,block_47_183,0
neg_10352,PSEUDO_NEGATIVE,24.91355625704973,93.43365511946833,,block_49_186,0
neg_10353,PSEUDO_NEGATIVE,26.772639719530915,91.90271948852096,,block_53_183,0
neg_10354,PSEUDO_NEGATIVE,27.45582587030439,88.74381144797314,,block_54_177,0
neg_10355,PSEUDO_NEGATIVE,28.892233863601753,95.51582609763317,,block_57_191,0
neg_10356,PSEUDO_NEGATIVE,24.960339180060796,93.00905571827387,,block_49_186,0
neg_10357,PSEUDO_NEGATIVE,23.364672052531088,92.48273601339235,,block_46_184,0
neg_10358,PSEUDO_NEGATIVE,26.469095137961276,91.33919770716186,,block_52_182,0
neg_10359,PSEUDO_NEGATIVE,25.79876035259646,94.20365710901892,,block_51_188,0
neg_10360,PSEUDO_NEGATIVE,26.42110919077976,90.02413496479349,,block_52_180,0
neg_10361,PSEUDO_NEGATIVE,28.255546126954385,94.47090356674704,,block_56_188,0
neg_10362,PSEUDO_NEGATIVE,25.82420659513407,93.81136051903997,,block_51_187,0
neg_10363,PSEUDO_NEGATIVE,24.98184315784525,93.84712361630035,,block_49_187,0
neg_10364,PSEUDO_NEGATIVE,25.089863697373218,93.69983072814058,,block_50_187,0
neg_10365,PSEUDO_NEGATIVE,27.491933347014594,96.28209006765148,,block_54_192,0
neg_10366,PSEUDO_NEGATIVE,27.51760483729269,95.69618416230404,,block_55_191,0
neg_10367,PSEUDO_NEGATIVE,25.974799190312236,92.26435767957764,,block_51_184,0
neg_10368,PSEUDO_NEGATIVE,26.1544704671258,93.52295315438458,,block_52_187,0
neg_10369,PSEUDO_NEGATIVE,24.607789591960174,93.27957784814997,,block_49_186,0
neg_10370,PSEUDO_NEGATIVE,28.498681255117123,95.15942511309714,,block_56_190,0
neg_10371,PSEUDO_NEGATIVE,25.471595685040647,92.01776246314463,,block_50_184,0
neg_10372,PSEUDO_NEGATIVE,26.41863655372221,93.98662318995638,,block_52_187,0
neg_10373,PSEUDO_NEGATIVE,29.05818171253034,94.5344357711557,,block_58_189,0
neg_10374,PSEUDO_NEGATIVE,27.949467766949002,95.23404028469494,,block_55_190,0
neg_10375,PSEUDO_NEGATIVE,27.938713908961013,95.93050668706275,,block_55_191,0
neg_10376,PSEUDO_NEGATIVE,23.757799990627344,93.34442313544675,,block_47_186,0
neg_10377,PSEUDO_NEGATIVE,25.605736899767727,91.06962917435482,,block_51_182,0
neg_10378,PSEUDO_NEGATIVE,27.162088396421545,95.91931296332524,,block_54_191,0
neg_10379,PSEUDO_NEGATIVE,26.97508718390116,92.92168517292986,,block_53_185,0
neg_10380,PSEUDO_NEGATIVE,23.839823535480885,91.60574119104331,,block_47_183,0
neg_10381,PSEUDO_NEGATIVE,23.75019230973456,91.69040213627895,,block_47_183,0
neg_10382,PSEUDO_NEGATIVE,29.204816751734903,94.71110482109745,,block_58_189,0
neg_10383,PSEUDO_NEGATIVE,26.32731305132643,92.7067905468989,,block_52_185,0
neg_10384,PSEUDO_NEGATIVE,25.620215902158673,89.9255497784168,,block_51_179,0
neg_10385,PSEUDO_NEGATIVE,25.599658104607794,90.72862809777334,,block_51_181,0
neg_10386,PSEUDO_NEGATIVE,26.90208313202146,93.15703522003771,,block_53_186,0
neg_10387,PSEUDO_NEGATIVE,24.140369840818636,92.60626822013448,,block_48_185,0
neg_10388,PSEUDO_NEGATIVE,26.688136156233227,93.26450314248957,,block_53_186,0
neg_10389,PSEUDO_NEGATIVE,25.27866027583983,93.08518048175878,,block_50_186,0
neg_10390,PSEUDO_NEGATIVE,24.858173826788715,93.54317181904266,,block_49_187,0
neg_10391,PSEUDO_NEGATIVE,28.146549897387928,94.2907049530586,,block_56_188,0
neg_10392,PSEUDO_NEGATIVE,23.41047573295012,92.79329028174216,,block_46_185,0
neg_10393,PSEUDO_NEGATIVE,25.887827711568335,90.12452894500316,,block_51_180,0
neg_10394,PSEUDO_NEGATIVE,23.77986230521931,91.5146434334801,,block_47_183,0
neg_10395,PSEUDO_NEGATIVE,27.50591977629492,95.71192564978958,,block_55_191,0
neg_10396,PSEUDO_NEGATIVE,26.698607474848565,93.94074148996438,,block_53_187,0
neg_10397,PSEUDO_NEGATIVE,27.375384370874016,94.797668916467,,block_54_189,0
neg_10398,PSEUDO_NEGATIVE,28.13106021172732,94.47227372268694,,block_56_188,0
neg_10399,PSEUDO_NEGATIVE,28.59964639287148,95.26803185971451,,block_57_190,0
neg_10400,PSEUDO_NEGATIVE,28.16610964031489,94.86231997948161,,block_56_189,0
neg_10401,PSEUDO_NEGATIVE,26.144281801978657,90.04712131317581,,block_52_180,0
neg_10402,PSEUDO_NEGATIVE,26.568980446640534,92.47165850414027,,block_53_184,0
neg_10403,PSEUDO_NEGATIVE,27.672964813435364,91.8362881181231,,block_55_183,0
neg_10404,PSEUDO_NEGATIVE,24.895090461689946,94.46246394128653,,block_49_188,0
neg_10405,PSEUDO_NEGATIVE,28.327255060737325,94.09668700349279,,block_56_188,0
neg_10406,PSEUDO_NEGATIVE,26.223853086914506,93.9711809944231,,block_52_187,0
neg_10407,PSEUDO_NEGATIVE,22.814900379038544,92.85098780550473,,block_45_185,0
neg_10408,PSEUDO_NEGATIVE,28.126458427032468,93.42890031794718,,block_56_186,0
neg_10409,PSEUDO_NEGATIVE,28.677786628557932,95.21289049814416,,block_57_190,0
neg_10410,PSEUDO_NEGATIVE,28.597963357394367,95.63411949884569,,block_57_191,0
neg_10411,PSEUDO_NEGATIVE,23.814388662778015,92.76412451083418,,block_47_185,0
neg_10412,PSEUDO_NEGATIVE,27.47226359467552,88.29269553174953,,block_54_176,0
neg_10413,PSEUDO_NEGATIVE,26.327891369156212,95.10178279591516,,block_52_190,0
neg_10414,PSEUDO_NEGATIVE,26.453009324896172,94.48034892309862,,block_52_188,0
neg_10415,PSEUDO_NEGATIVE,25.636054186444078,92.47028163966039,,block_51_184,0
neg_10416,PSEUDO_NEGATIVE,27.4230377003347,95.20804415745295,,block_54_190,0
neg_10417,PSEUDO_NEGATIVE,25.924139430690083,91.53650092159755,,block_51_183,0
neg_10418,PSEUDO_NEGATIVE,25.63916151062245,92.39662644580334,,block_51_184,0
neg_10419,PSEUDO_NEGATIVE,27.639961931428815,92.03461180794045,,block_55_184,0
neg_10420,PSEUDO_NEGATIVE,27.36212934355885,93.75622112706196,,block_54_187,0
neg_10421,PSEUDO_NEGATIVE,27.733352136690986,96.41786353417683,,block_55_192,0
neg_10422,PSEUDO_NEGATIVE,24.45039175997507,93.65513435829583,,block_48_187,0
neg_10423,PSEUDO_NEGATIVE,28.59780776946036,93.68362461998493,,block_57_187,0
neg_10424,PSEUDO_NEGATIVE,27.59091695835916,93.91964645206455,,block_55_187,0
neg_10425,PSEUDO_NEGATIVE,27.286539593045262,92.95695007955118,,block_54_185,0
neg_10426,PSEUDO_NEGATIVE,28.95576511762962,95.28015429101006,,block_57_190,0
neg_10427,PSEUDO_NEGATIVE,25.75289334409623,92.77952082797408,,block_51_185,0
neg_10428,PSEUDO_NEGATIVE,26.585178673615616,94.82861782191051,,block_53_189,0
neg_10429,PSEUDO_NEGATIVE,27.042221398702118,94.44055137558638,,block_54_188,0
neg_10430,PSEUDO_NEGATIVE,25.988939547580156,91.34394194625108,,block_51_182,0
neg_10431,PSEUDO_NEGATIVE,26.42974336664716,93.69307947898928,,block_52_187,0
neg_10432,PSEUDO_NEGATIVE,27.84101997003536,96.04505716004392,,block_55_192,0
neg_10433,PSEUDO_NEGATIVE,27.863989113899784,94.53277969723383,,block_55_189,0
neg_10434,PSEUDO_NEGATIVE,26.537691648452522,93.72951607523052,,block_53_187,0
neg_10435,PSEUDO_NEGATIVE,27.059045401004532,94.79330499827687,,block_54_189,0
neg_10436,PSEUDO_NEGATIVE,27.648905572765155,88.1302765696135,,block_55_176,0
neg_10437,PSEUDO_NEGATIVE,28.120274993815908,96.22848377440722,,block_56_192,0
neg_10438,PSEUDO_NEGATIVE,27.403196801958547,93.12904138531276,,block_54_186,0
neg_10439,PSEUDO_NEGATIVE,25.76482708786758,90.81597209024552,,block_51_181,0
neg_10440,PSEUDO_NEGATIVE,25.573840644574766,90.50198235239004,,block_51_181,0
neg_10441,PSEUDO_NEGATIVE,26.093415245014086,90.78558265522697,,block_52_181,0
neg_10442,PSEUDO_NEGATIVE,28.858467149368416,95.22280660308067,,block_57_190,0
neg_10443,PSEUDO_NEGATIVE,26.55604531779676,91.99281737576473,,block_53_183,0
neg_10444,PSEUDO_NEGATIVE,26.100750753189484,93.49922142669898,,block_52_186,0
neg_10445,PSEUDO_NEGATIVE,26.546537949999333,90.38490572344298,,block_53_180,0
neg_10446,PSEUDO_NEGATIVE,28.82208197151635,94.37340896642863,,block_57_188,0
neg_10447,PSEUDO_NEGATIVE,24.717110120270444,92.41677139876818,,block_49_184,0
neg_10448,PSEUDO_NEGATIVE,24.72265786927474,94.07126480321205,,block_49_188,0
neg_10449,PSEUDO_NEGATIVE,26.597018112894833,91.91699248678812,,block_53_183,0
neg_10450,PSEUDO_NEGATIVE,27.12737766238302,94.6624997942553,,block_54_189,0
neg_10451,PSEUDO_NEGATIVE,26.488579492998415,93.27012615146351,,block_52_186,0
neg_10452,PSEUDO_NEGATIVE,25.317583667416386,93.91272917770499,,block_50_187,0
neg_10453,PSEUDO_NEGATIVE,28.181771871061272,96.15880061646,,block_56_192,0
neg_10454,PSEUDO_NEGATIVE,27.01582406247583,94.69404639963275,,block_54_189,0
neg_10455,PSEUDO_NEGATIVE,28.248385873057522,93.42702271020522,,block_56_186,0
neg_10456,PSEUDO_NEGATIVE,28.13668566122135,96.3614869438589,,block_56_192,0
neg_10457,PSEUDO_NEGATIVE,26.81764469542783,95.48309842115502,,block_53_190,0
neg_10458,PSEUDO_NEGATIVE,27.822662662284422,96.49865384279317,,block_55_192,0
neg_10459,PSEUDO_NEGATIVE,29.019753191478813,94.21977061157652,,block_58_188,0
neg_10460,PSEUDO_NEGATIVE,26.278102471131202,91.85316575415852,,block_52_183,0
neg_10461,PSEUDO_NEGATIVE,27.544504980563673,95.5142859892439,,block_55_191,0
neg_10462,PSEUDO_NEGATIVE,28.054486976641186,96.8614509935955,,block_56_193,0
neg_10463,PSEUDO_NEGATIVE,28.664811676839328,95.35260197449665,,block_57_190,0
neg_10464,PSEUDO_NEGATIVE,25.80745172788774,92.19372711948614,,block_51_184,0
neg_10465,PSEUDO_NEGATIVE,27.155191445915648,93.89816220018997,,block_54_187,0
neg_10466,PSEUDO_NEGATIVE,27.862426131073477,95.48539430234653,,block_55_190,0
neg_10467,PSEUDO_NEGATIVE,25.72706430735261,93.89814879163858,,block_51_187,0
neg_10468,PSEUDO_NEGATIVE,28.03518588309658,93.15641238775245,,block_56_186,0
neg_10469,PSEUDO_NEGATIVE,27.102381439354495,95.5662747007014,,block_54_191,0
neg_10470,PSEUDO_NEGATIVE,22.939089926331185,93.07054443833435,,block_45_186,0
neg_10471,PSEUDO_NEGATIVE,27.96106944480838,95.2127563911387,,block_55_190,0
neg_10472,PSEUDO_NEGATIVE,26.813913767836794,93.36154666291398,,block_53_186,0
neg_10473,PSEUDO_NEGATIVE,25.745406211300516,94.60638372456663,,block_51_189,0
neg_10474,PSEUDO_NEGATIVE,26.175427123907753,90.03817142331259,,block_52_180,0
neg_10475,PSEUDO_NEGATIVE,26.922194395930017,94.8897731929342,,block_53_189,0
neg_10476,PSEUDO_NEGATIVE,27.267791347305234,93.28251177913693,,block_54_186,0
neg_10477,PSEUDO_NEGATIVE,24.30710761325007,92.42114731381608,,block_48_184,0
neg_10478,PSEUDO_NEGATIVE,26.214154966131005,91.52052159193462,,block_52_183,0
neg_10479,PSEUDO_NEGATIVE,24.507651060230057,93.04138549847234,,block_49_186,0
neg_10480,PSEUDO_NEGATIVE,28.208033977506968,94.85216971674646,,block_56_189,0
neg_10481,PSEUDO_NEGATIVE,26.984176088303894,95.62542048133983,,block_53_191,0
neg_10482,PSEUDO_NEGATIVE,26.24936443215254,90.49703840670118,,block_52_180,0
neg_10483,PSEUDO_NEGATIVE,28.008541077313545,95.60959004773986,,block_56_191,0
neg_10484,PSEUDO_NEGATIVE,23.572416368134263,91.47953016221354,,block_47_182,0
neg_10485,PSEUDO_NEGATIVE,25.795920373310697,92.38975077554805,,block_51_184,0
neg_10486,PSEUDO_NEGATIVE,26.327824918499804,90.96820041858628,,block_52_181,0
neg_10487,PSEUDO_NEGATIVE,26.592771174641868,94.43947659075558,,block_53_188,0
neg_10488,PSEUDO_NEGATIVE,26.108092720068846,91.31779339447944,,block_52_182,0
neg_10489,PSEUDO_NEGATIVE,27.93834742022886,94.73159181837275,,block_55_189,0
neg_10490,PSEUDO_NEGATIVE,26.402173706942634,92.27042009500576,,block_52_184,0
neg_10491,PSEUDO_NEGATIVE,25.179417925877427,90.82692854614432,,block_50_181,0
neg_10492,PSEUDO_NEGATIVE,27.551625106090444,95.63303733397262,,block_55_191,0
neg_10493,PSEUDO_NEGATIVE,28.18926819676045,94.20957429911553,,block_56_188,0
neg_10494,PSEUDO_NEGATIVE,27.869987182550787,93.72218093143478,,block_55_187,0
neg_10495,PSEUDO_NEGATIVE,26.422480444428516,91.55849667661366,,block_52_183,0
neg_10496,PSEUDO_NEGATIVE,25.373015182408338,93.06292821496282,,block_50_186,0
neg_10497,PSEUDO_NEGATIVE,23.10015077380426,91.72769629776253,,block_46_183,0
neg_10498,PSEUDO_NEGATIVE,28.846706097960805,95.77246898856905,,block_57_191,0
neg_10499,PSEUDO_NEGATIVE,27.35778437177744,95.18380974196333,,block_54_190,0
neg_10500,PSEUDO_NEGATIVE,26.44266679951501,93.19136403688832,,block_52_186,0
neg_10501,PSEUDO_NEGATIVE,25.813065605377734,93.56480696376491,,block_51_187,0
neg_10502,PSEUDO_NEGATIVE,23.99631971111245,92.81405583302967,,block_47_185,0
neg_10503,PSEUDO_NEGATIVE,28.506411623223876,94.43631621042914,,block_57_188,0
neg_10504,PSEUDO_NEGATIVE,28.833374707824916,94.18199376838533,,block_57_188,0
neg_10505,PSEUDO_NEGATIVE,27.667442236882742,91.88229665768753,,block_55_183,0
neg_10506,PSEUDO_NEGATIVE,27.609982764557206,94.22221176344257,,block_55_188,0
neg_10507,PSEUDO_NEGATIVE,27.338582022325056,88.13142464649977,,block_54_176,0
neg_10508,PSEUDO_NEGATIVE,25.266973979085243,93.78473456306827,,block_50_187,0
neg_10509,PSEUDO_NEGATIVE,23.64279710725105,91.8524322068656,,block_47_183,0
neg_10510,PSEUDO_NEGATIVE,28.65187959376282,93.89103287341152,,block_57_187,0
neg_10511,PSEUDO_NEGATIVE,23.639275202435627,93.422915417388,,block_47_186,0
neg_10512,PSEUDO_NEGATIVE,29.12052455201533,94.84463147381987,,block_58_189,0
neg_10513,PSEUDO_NEGATIVE,27.50906281460523,93.79143214129837,,block_55_187,0
neg_10514,PSEUDO_NEGATIVE,24.473582700035173,92.64097817529833,,block_48_185,0
neg_10515,PSEUDO_NEGATIVE,26.779451007149476,91.06503684491537,,block_53_182,0
neg_10516,PSEUDO_NEGATIVE,27.341246262310968,96.5130657709902,,block_54_193,0
neg_10517,PSEUDO_NEGATIVE,27.706646984909714,91.885706044658,,block_55_183,0
neg_10518,PSEUDO_NEGATIVE,24.44484352052915,93.73837347442084,,block_48_187,0
neg_10519,PSEUDO_NEGATIVE,25.57509207888851,94.65196580252294,,block_51_189,0
neg_10520,PSEUDO_NEGATIVE,24.06765124077192,92.73434958536728,,block_48_185,0
neg_10521,PSEUDO_NEGATIVE,25.98323353968161,93.33806343314964,,block_51_186,0
neg_10522,PSEUDO_NEGATIVE,24.61807575159094,94.02580515633534,,block_49_188,0
neg_10523,PSEUDO_NEGATIVE,28.196904984008256,92.80286976835433,,block_56_185,0
neg_10524,PSEUDO_NEGATIVE,27.796746063479233,94.60545686640843,,block_55_189,0
neg_10525,PSEUDO_NEGATIVE,27.14561044245395,95.89360546080792,,block_54_191,0
neg_10526,PSEUDO_NEGATIVE,26.350802419734265,90.67456029849711,,block_52_181,0
neg_10527,PSEUDO_NEGATIVE,27.707376925721096,96.29633986473601,,block_55_192,0
neg_10528,PSEUDO_NEGATIVE,27.27468422963676,93.84672256227539,,block_54_187,0
neg_10529,PSEUDO_NEGATIVE,22.697867557207132,92.52518682242066,,block_45_185,0
neg_10530,PSEUDO_NEGATIVE,25.99604197869127,91.0746779404789,,block_51_182,0
neg_10531,PSEUDO_NEGATIVE,27.144168414117807,95.54045875955732,,block_54_191,0
neg_10532,PSEUDO_NEGATIVE,27.962363128186844,88.6924119948335,,block_55_177,0
neg_10533,PSEUDO_NEGATIVE,25.582805729675236,92.1221278871351,,block_51_184,0
neg_10534,PSEUDO_NEGATIVE,27.874671807402308,95.66862908076877,,block_55_191,0
neg_10535,PSEUDO_NEGATIVE,27.617479142890716,96.10900156589109,,block_55_192,0
neg_10536,PSEUDO_NEGATIVE,22.31236694849054,93.06338459022338,,block_44_186,0
neg_10537,PSEUDO_NEGATIVE,25.489352967284006,90.87375432965842,,block_50_181,0
neg_10538,PSEUDO_NEGATIVE,24.76533689278341,94.42824438572897,,block_49_188,0
neg_10539,PSEUDO_NEGATIVE,26.23256136359304,94.00649453064511,,block_52_188,0
neg_10540,PSEUDO_NEGATIVE,23.77407793133856,92.23881896860408,,block_47_184,0
neg_10541,PSEUDO_NEGATIVE,27.95278878245977,93.60055964340168,,block_55_187,0
neg_10542,PSEUDO_NEGATIVE,28.81562119228173,94.68990721966473,,block_57_189,0
neg_10543,PSEUDO_NEGATIVE,28.155869364820354,96.59297099263183,,block_56_193,0
neg_10544,PSEUDO_NEGATIVE,25.016678914605684,92.55823780482623,,block_50_185,0
neg_10545,PSEUDO_NEGATIVE,28.124919052494157,93.28290751035304,,block_56_186,0
neg_10546,PSEUDO_NEGATIVE,26.405212916908496,91.2047392756322,,block_52_182,0
neg_10547,PSEUDO_NEGATIVE,27.114342171676228,95.86368451714073,,block_54_191,0
neg_10548,PSEUDO_NEGATIVE,26.34122540638678,93.98010965167812,,block_52_187,0
neg_10549,PSEUDO_NEGATIVE,28.26001250456924,93.70692096118638,,block_56_187,0
neg_10550,PSEUDO_NEGATIVE,26.110048116312345,90.28865838602127,,block_52_180,0
neg_10551,PSEUDO_NEGATIVE,22.613300001971627,92.84276589012872,,block_45_185,0
neg_10552,PSEUDO_NEGATIVE,25.05599233185999,93.77895111624674,,block_50_187,0
neg_10553,PSEUDO_NEGATIVE,25.783123762643093,90.15672481563875,,block_51_180,0
neg_10554,PSEUDO_NEGATIVE,27.051251938547317,94.4065012309919,,block_54_188,0
neg_10555,PSEUDO_NEGATIVE,25.743166007160667,91.51687701386383,,block_51_183,0
neg_10556,PSEUDO_NEGATIVE,24.1694416100854,92.83775133162693,,block_48_185,0
neg_10557,PSEUDO_NEGATIVE,28.863180705446098,96.30865140651433,,block_57_192,0
neg_10558,PSEUDO_NEGATIVE,27.730677281141993,96.36454595690408,,block_55_192,0
neg_10559,PSEUDO_NEGATIVE,24.977048793086258,94.06831729404979,,block_49_188,0
neg_10560,PSEUDO_NEGATIVE,24.422998467887012,93.14947235675655,,block_48_186,0
neg_10561,PSEUDO_NEGATIVE,24.606521631050626,93.11067722691821,,block_49_186,0
neg_10562,PSEUDO_NEGATIVE,25.405243540881003,90.18546068486131,,block_50_180,0
neg_10563,PSEUDO_NEGATIVE,28.727192328226693,95.54217929842194,,block_57_191,0
neg_10564,PSEUDO_NEGATIVE,25.309979334679188,90.76169998484153,,block_50_181,0
neg_10565,PSEUDO_NEGATIVE,28.16895669408507,94.52804255016017,,block_56_189,0
neg_10566,PSEUDO_NEGATIVE,25.33610701298868,93.73023250402727,,block_50_187,0
neg_10567,PSEUDO_NEGATIVE,26.471217995536684,92.59787633872044,,block_52_185,0
neg_10568,PSEUDO_NEGATIVE,27.89498364858801,88.80772590850296,,block_55_177,0
neg_10569,PSEUDO_NEGATIVE,28.17457298414817,94.61180148254682,,block_56_189,0
neg_10570,PSEUDO_NEGATIVE,25.990895623027733,89.89059904097616,,block_51_179,0
neg_10571,PSEUDO_NEGATIVE,27.966232796186347,95.24783177623353,,block_55_190,0
neg_10572,PSEUDO_NEGATIVE,28.383433251093887,94.49495079396708,,block_56_188,0
neg_10573,PSEUDO_NEGATIVE,25.341449983280654,94.11277840400138,,block_50_188,0
neg_10574,PSEUDO_NEGATIVE,23.95853394679738,93.14591832971307,,block_47_186,0
neg_10575,PSEUDO_NEGATIVE,26.43292094604972,90.32307642462624,,block_52_180,0
neg_10576,PSEUDO_NEGATIVE,26.18190548927418,93.37668402244955,,block_52_186,0
neg_10577,PSEUDO_NEGATIVE,26.08536215326741,91.40734913678334,,block_52_182,0
neg_10578,PSEUDO_NEGATIVE,24.835817809275433,93.94383059151998,,block_49_187,0
neg_10579,PSEUDO_NEGATIVE,28.825716446649018,96.2517307557701,,block_57_192,0
neg_10580,PSEUDO_NEGATIVE,28.004834231536535,88.64987423226647,,block_56_177,0
neg_10581,PSEUDO_NEGATIVE,27.76935027892597,94.60802291278883,,block_55_189,0
neg_10582,PSEUDO_NEGATIVE,23.05891178388155,93.04527914132527,,block_46_186,0
neg_10583,PSEUDO_NEGATIVE,25.768483625147383,91.00628769628801,,block_51_182,0
neg_10584,PSEUDO_NEGATIVE,25.879526866015752,90.77776076641501,,block_51_181,0
neg_10585,PSEUDO_NEGATIVE,27.73626608747187,95.50528427866806,,block_55_191,0
neg_10586,PSEUDO_NEGATIVE,28.758246224260045,96.02096203238328,,block_57_192,0
neg_10587,PSEUDO_NEGATIVE,29.10524739053082,95.76329108537035,,block_58_191,0
neg_10588,PSEUDO_NEGATIVE,27.782283268118135,95.27052743473568,,block_55_190,0
neg_10589,PSEUDO_NEGATIVE,23.989797228793947,92.97077829395448,,block_47_185,0
neg_10590,PSEUDO_NEGATIVE,24.682575354315475,94.02018538418625,,block_49_188,0
neg_10591,PSEUDO_NEGATIVE,23.341853941494822,91.53358355079428,,block_46_183,0
neg_10592,PSEUDO_NEGATIVE,27.453517715884374,96.21981994749014,,block_54_192,0
neg_10593,PSEUDO_NEGATIVE,27.233705422906628,94.84507873153379,,block_54_189,0
neg_10594,PSEUDO_NEGATIVE,27.61133518340549,95.13304692755983,,block_55_190,0
neg_10595,PSEUDO_NEGATIVE,27.81764829464932,92.80390501304178,,block_55_185,0
neg_10596,PSEUDO_NEGATIVE,26.748297610330898,90.62890913065418,,block_53_181,0
neg_10597,PSEUDO_NEGATIVE,24.188002156482483,93.14466599607807,,block_48_186,0
neg_10598,PSEUDO_NEGATIVE,24.095102388299708,91.69626469497439,,block_48_183,0
neg_10599,PSEUDO_NEGATIVE,28.96845826958066,95.71180868290861,,block_57_191,0
neg_10600,PSEUDO_NEGATIVE,27.988375951300622,95.9291784305355,,block_55_191,0
neg_10601,PSEUDO_NEGATIVE,25.70197206245273,92.63894064756596,,block_51_185,0
neg_10602,PSEUDO_NEGATIVE,25.57939216300099,90.59483273825192,,block_51_181,0
neg_10603,PSEUDO_NEGATIVE,25.306097096741293,94.42054603098589,,block_50_188,0
neg_10604,PSEUDO_NEGATIVE,26.241671712630804,90.88897907063138,,block_52_181,0
neg_10605,PSEUDO_NEGATIVE,26.136334149470187,93.25346782155324,,block_52_186,0
neg_10606,PSEUDO_NEGATIVE,24.69983499441124,93.18215921244102,,block_49_186,0
neg_10607,PSEUDO_NEGATIVE,27.05804575222434,93.43288935536562,,block_54_186,0
neg_10608,PSEUDO_NEGATIVE,27.984652055857858,94.39810616422878,,block_55_188,0
neg_10609,PSEUDO_NEGATIVE,27.73396365510123,94.09016714267327,,block_55_188,0
neg_10610,PSEUDO_NEGATIVE,28.36885268692427,94.99793114821983,,block_56_189,0
neg_10611,PSEUDO_NEGATIVE,27.695567279006184,91.63503716686863,,block_55_183,0
neg_10612,PSEUDO_NEGATIVE,28.443368383009307,96.29441590298106,,block_56_192,0
neg_10613,PSEUDO_NEGATIVE,24.813898875590297,94.2420303379773,,block_49_188,0
neg_10614,PSEUDO_NEGATIVE,27.449968865909977,93.4681283372394,,block_54_186,0
neg_10615,PSEUDO_NEGATIVE,25.398621305578462,90.12195784710492,,block_50_180,0
neg_10616,PSEUDO_NEGATIVE,27.270317977407828,95.86019646028683,,block_54_191,0
neg_10617,PSEUDO_NEGATIVE,28.167581281467,95.56994075798708,,block_56_191,0
neg_10618,PSEUDO_NEGATIVE,26.131377814678274,94.4704108760029,,block_52_188,0
neg_10619,PSEUDO_NEGATIVE,24.570787147172844,93.81592041985256,,block_49_187,0
neg_10620,PSEUDO_NEGATIVE,24.234230551593786,93.60568846127916,,block_48_187,0
neg_10621,PSEUDO_NEGATIVE,27.51493616725456,94.22467359132588,,block_55_188,0
neg_10622,PSEUDO_NEGATIVE,26.172428096397237,92.12274450224146,,block_52_184,0
neg_10623,PSEUDO_NEGATIVE,25.253264835531947,93.68873940932767,,block_50_187,0
neg_10624,PSEUDO_NEGATIVE,28.124311341222768,94.84731216903063,,block_56_189,0
neg_10625,PSEUDO_NEGATIVE,26.583093173645732,94.95244351328049,,block_53_189,0
neg_10626,PSEUDO_NEGATIVE,28.00550836411292,94.82812297316772,,block_56_189,0
neg_10627,PSEUDO_NEGATIVE,28.99428061577257,95.89971975106056,,block_57_191,0
neg_10628,PSEUDO_NEGATIVE,24.22543169086901,93.90200830013858,,block_48_187,0
neg_10629,PSEUDO_NEGATIVE,27.691734430466134,93.4102746414558,,block_55_186,0
neg_10630,PSEUDO_NEGATIVE,29.081285948676285,94.24554920946238,,block_58_188,0
neg_10631,PSEUDO_NEGATIVE,26.347821840067887,89.83454865211282,,block_52_179,0
neg_10632,PSEUDO_NEGATIVE,25.869976013847065,91.43380203645034,,block_51_182,0
neg_10633,PSEUDO_NEGATIVE,24.82914772468503,93.12063240771025,,block_49_186,0
neg_10634,PSEUDO_NEGATIVE,22.816827669051516,92.5460984628411,,block_45_185,0
neg_10635,PSEUDO_NEGATIVE,24.039938168747895,91.6211363527745,,block_48_183,0
neg_10636,PSEUDO_NEGATIVE,27.32034237746086,94.49474834550101,,block_54_188,0
neg_10637,PSEUDO_NEGATIVE,27.415441408817124,95.00971980855412,,block_54_190,0
neg_10638,PSEUDO_NEGATIVE,28.80351397338127,94.47075017998948,,block_57_188,0
neg_10639,PSEUDO_NEGATIVE,24.118677527767897,94.15848472036745,,block_48_188,0
neg_10640,PSEUDO_NEGATIVE,24.281161757836376,93.84487860181122,,block_48_187,0
neg_10641,PSEUDO_NEGATIVE,22.698796432323405,93.09374259947748,,block_45_186,0
neg_10642,PSEUDO_NEGATIVE,27.81873031039349,95.45079850477279,,block_55_190,0
neg_10643,PSEUDO_NEGATIVE,26.945821204413555,93.20787070089047,,block_53_186,0
neg_10644,PSEUDO_NEGATIVE,25.742926268473866,93.55491729255576,,block_51_187,0
neg_10645,PSEUDO_NEGATIVE,27.215534550785602,94.27174076325848,,block_54_188,0
neg_10646,PSEUDO_NEGATIVE,24.88663315993136,93.8979741665552,,block_49_187,0
neg_10647,PSEUDO_NEGATIVE,26.96687189467355,94.9196296316153,,block_53_189,0
neg_10648,PSEUDO_NEGATIVE,26.775095097294574,95.28213871956086,,block_53_190,0
neg_10649,PSEUDO_NEGATIVE,26.75173834489477,92.75933465906363,,block_53_185,0
neg_10650,PSEUDO_NEGATIVE,25.777049843716878,90.75693180488554,,block_51_181,0
neg_10651,PSEUDO_NEGATIVE,26.987840651397356,95.23077617507737,,block_53_190,0
neg_10652,PSEUDO_NEGATIVE,25.452293912724794,94.16765970462055,,block_50_188,0
neg_10653,PSEUDO_NEGATIVE,27.576236516394797,93.72982678037488,,block_55_187,0
neg_10654,PSEUDO_NEGATIVE,26.83523054085568,91.90959355206002,,block_53_183,0
neg_10655,PSEUDO_NEGATIVE,25.989049637860575,94.42994583536239,,block_51_188,0
neg_10656,PSEUDO_NEGATIVE,25.568110913001572,93.6856576974508,,block_51_187,0
neg_10657,PSEUDO_NEGATIVE,25.796218712411868,91.46445867304968,,block_51_182,0
neg_10658,PSEUDO_NEGATIVE,26.22973116465593,91.80143795779993,,block_52_183,0
neg_10659,PSEUDO_NEGATIVE,23.769329843033148,91.55064497538774,,block_47_183,0
neg_10660,PSEUDO_NEGATIVE,26.660593847639827,93.83141798909575,,block_53_187,0
neg_10661,PSEUDO_NEGATIVE,27.95330057406423,92.82395785016087,,block_55_185,0
neg_10662,PSEUDO_NEGATIVE,25.785098863172585,89.85154150556048,,block_51_179,0
neg_10663,PSEUDO_NEGATIVE,28.176090559885083,97.23858597924063,,block_56_194,0
neg_10664,PSEUDO_NEGATIVE,26.50474712455712,90.16676775882307,,block_53_180,0
neg_10665,PSEUDO_NEGATIVE,29.38198958266998,96.04084485387102,,block_58_192,0
neg_10666,PSEUDO_NEGATIVE,24.210507563396703,93.58665909635323,,block_48_187,0
neg_10667,PSEUDO_NEGATIVE,25.653152833776844,90.21774470999986,,block_51_180,0
neg_10668,PSEUDO_NEGATIVE,26.821693212632614,94.56244306395509,,block_53_189,0
neg_10669,PSEUDO_NEGATIVE,25.326243726658063,93.3942685100704,,block_50_186,0
neg_10670,PSEUDO_NEGATIVE,27.168707560860376,97.09591380979349,,block_54_194,0
neg_10671,PSEUDO_NEGATIVE,27.26028207758347,92.46169948662755,,block_54_184,0
neg_10672,PSEUDO_NEGATIVE,25.37919001183149,92.8357755399235,,block_50_185,0
neg_10673,PSEUDO_NEGATIVE,27.41913608589546,93.07545727131428,,block_54_186,0
neg_10674,PSEUDO_NEGATIVE,25.799637334739753,95.02362653455381,,block_51_190,0
neg_10675,PSEUDO_NEGATIVE,25.62685355288461,93.16948527971832,,block_51_186,0
neg_10676,PSEUDO_NEGATIVE,27.90553726630874,96.15056320798124,,block_55_192,0
neg_10677,PSEUDO_NEGATIVE,28.292613236446748,96.81660317475101,,block_56_193,0
neg_10678,PSEUDO_NEGATIVE,25.829379455453882,93.25088464568566,,block_51_186,0
neg_10679,PSEUDO_NEGATIVE,23.577269262136888,93.14318548479316,,block_47_186,0
neg_10680,PSEUDO_NEGATIVE,26.502530289219816,93.70601480618626,,block_53_187,0
neg_10681,PSEUDO_NEGATIVE,27.698312621065817,92.16104504810731,,block_55_184,0
neg_10682,PSEUDO_NEGATIVE,27.458513193661318,93.99153555212027,,block_54_187,0
neg_10683,PSEUDO_NEGATIVE,27.445219924499945,92.74406679478972,,block_54_185,0
neg_10684,PSEUDO_NEGATIVE,25.653431742512094,93.40606343880327,,block_51_186,0
neg_10685,PSEUDO_NEGATIVE,27.90401235481116,96.02182839796886,,block_55_192,0
neg_10686,PSEUDO_NEGATIVE,26.289246363388088,93.32845824067462,,block_52_186,0
neg_10687,PSEUDO_NEGATIVE,29.197684826185235,94.41356866869155,,block_58_188,0
neg_10688,PSEUDO_NEGATIVE,25.946594178772088,93.70732279495473,,block_51_187,0
neg_10689,PSEUDO_NEGATIVE,23.94371603084262,92.85119116858387,,block_47_185,0
neg_10690,PSEUDO_NEGATIVE,25.754723395985188,90.76819165062774,,block_51_181,0
neg_10691,PSEUDO_NEGATIVE,25.950630257808882,90.39056003603937,,block_51_180,0
neg_10692,PSEUDO_NEGATIVE,25.245292489622656,90.09577253699884,,block_50_180,0
neg_10693,PSEUDO_NEGATIVE,26.600022725615815,93.18388848909925,,block_53_186,0
neg_10694,PSEUDO_NEGATIVE,26.21645576536497,94.09792538391781,,block_52_188,0
neg_10695,PSEUDO_NEGATIVE,27.678360775833887,96.41015116254636,,block_55_192,0
neg_10696,PSEUDO_NEGATIVE,27.500928117911265,95.92503429031053,,block_55_191,0
neg_10697,PSEUDO_NEGATIVE,25.338281534389665,93.83025579289578,,block_50_187,0
neg_10698,PSEUDO_NEGATIVE,25.78821512285839,90.57832496031824,,block_51_181,0
neg_10699,PSEUDO_NEGATIVE,26.500674251567993,90.50045773958156,,block_53_181,0
neg_10700,PSEUDO_NEGATIVE,27.154346247673395,92.45405938240353,,block_54_184,0
neg_10701,PSEUDO_NEGATIVE,24.151128329777947,91.86259620593673,,block_48_183,0
neg_10702,PSEUDO_NEGATIVE,27.389780295920925,94.68741482472964,,block_54_189,0
neg_10703,PSEUDO_NEGATIVE,28.564569502480545,94.47037620931557,,block_57_188,0
neg_10704,PSEUDO_NEGATIVE,27.77705837322654,95.0177388391411,,block_55_190,0
neg_10705,PSEUDO_NEGATIVE,27.692460498197686,93.53064001255659,,block_55_187,0
neg_10706,PSEUDO_NEGATIVE,26.061497013500944,93.88109229438845,,block_52_187,0
neg_10707,PSEUDO_NEGATIVE,25.491363436113094,94.19851882241693,,block_50_188,0
neg_10708,PSEUDO_NEGATIVE,28.407260633377934,94.84064487706235,,block_56_189,0
neg_10709,PSEUDO_NEGATIVE,25.68924500474137,92.44091005903205,,block_51_184,0
neg_10710,PSEUDO_NEGATIVE,28.836064474993698,96.01255678640426,,block_57_192,0
neg_10711,PSEUDO_NEGATIVE,24.155396481250452,92.67985992567445,,block_48_185,0
neg_10712,PSEUDO_NEGATIVE,28.497511558605538,94.06503309744048,,block_56_188,0
neg_10713,PSEUDO_NEGATIVE,25.54094427872908,93.28242511125758,,block_51_186,0
neg_10714,PSEUDO_NEGATIVE,27.45505250820587,94.93210464817845,,block_54_189,0
neg_10715,PSEUDO_NEGATIVE,22.945179052011394,93.14350248865958,,block_45_186,0
neg_10716,PSEUDO_NEGATIVE,23.084748886548688,93.23658285095252,,block_46_186,0
neg_10717,PSEUDO_NEGATIVE,24.736572291777033,92.76416116096732,,block_49_185,0
neg_10718,PSEUDO_NEGATIVE,26.50813638165564,90.84102526490605,,block_53_181,0
neg_10719,PSEUDO_NEGATIVE,28.117876203499634,93.5011034016438,,block_56_187,0
neg_10720,PSEUDO_NEGATIVE,26.204525149540096,94.8761627719172,,block_52_189,0
neg_10721,PSEUDO_NEGATIVE,28.288500406308053,96.06774009508872,,block_56_192,0
neg_10722,PSEUDO_NEGATIVE,26.23209594876497,90.3535111865976,,block_52_180,0
neg_10723,PSEUDO_NEGATIVE,25.987105284988377,91.11526612624829,,block_51_182,0
neg_10724,PSEUDO_NEGATIVE,26.44082177054625,92.79312334015921,,block_52_185,0
neg_10725,PSEUDO_NEGATIVE,27.48649678643033,96.69601611676397,,block_54_193,0
neg_10726,PSEUDO_NEGATIVE,28.43168877367024,96.53668074189099,,block_56_193,0
neg_10727,PSEUDO_NEGATIVE,23.123106733179124,91.71201149908663,,block_46_183,0
neg_10728,PSEUDO_NEGATIVE,27.294207222741882,96.97297439562195,,block_54_193,0
neg_10729,PSEUDO_NEGATIVE,27.683077176467464,92.2358066494938,,block_55_184,0
neg_10730,PSEUDO_NEGATIVE,28.47493681928104,95.39516349951626,,block_56_190,0
neg_10731,PSEUDO_NEGATIVE,27.466433771076836,96.26047138976965,,block_54_192,0
neg_10732,PSEUDO_NEGATIVE,25.959177756201264,91.7695407405596,,block_51_183,0
neg_10733,PSEUDO_NEGATIVE,25.83250730843018,91.00268420005149,,block_51_182,0
neg_10734,PSEUDO_NEGATIVE,22.941234573788496,92.4017903120457,,block_45_184,0
neg_10735,PSEUDO_NEGATIVE,25.225778468188437,93.60119453511395,,block_50_187,0
neg_10736,PSEUDO_NEGATIVE,25.67650301606322,94.67100030456855,,block_51_189,0
neg_10737,PSEUDO_NEGATIVE,28.24056660866651,96.27285418599102,,block_56_192,0
neg_10738,PSEUDO_NEGATIVE,26.500376041067746,94.55939176775132,,block_53_189,0
neg_10739,PSEUDO_NEGATIVE,28.892737599527134,95.3180212357403,,block_57_190,0
neg_10740,PSEUDO_NEGATIVE,27.252285004455295,95.16590385452746,,block_54_190,0
neg_10741,PSEUDO_NEGATIVE,24.757029047161605,94.42108068140497,,block_49_188,0
neg_10742,PSEUDO_NEGATIVE,24.568276285902368,93.80413740861208,,block_49_187,0
neg_10743,PSEUDO_NEGATIVE,25.650571598578406,93.56403557353697,,block_51_187,0
neg_10744,PSEUDO_NEGATIVE,28.512173781229556,95.7550458096309,,block_57_191,0
neg_10745,PSEUDO_NEGATIVE,28.41826368471946,93.74293067146165,,block_56_187,0
neg_10746,PSEUDO_NEGATIVE,27.724298766176823,94.74178459674235,,block_55_189,0
neg_10747,PSEUDO_NEGATIVE,27.511204553255936,94.63600248860381,,block_55_189,0
neg_10748,PSEUDO_NEGATIVE,24.139003878062248,93.89948907415132,,block_48_187,0
neg_10749,PSEUDO_NEGATIVE,25.657422202733848,92.65494978362277,,block_51_185,0
neg_10750,PSEUDO_NEGATIVE,25.951202168177858,92.56337414645047,,block_51_185,0
neg_10751,PSEUDO_NEGATIVE,27.68301830207092,93.48826139629551,,block_55_186,0
neg_10752,PSEUDO_NEGATIVE,28.249395108584714,96.42953364644421,,block_56_192,0
neg_10753,PSEUDO_NEGATIVE,25.51901629001049,93.26964439988745,,block_51_186,0
neg_10754,PSEUDO_NEGATIVE,28.584902186009913,93.91154267631468,,block_57_187,0
neg_10755,PSEUDO_NEGATIVE,22.273635384311692,92.8918155729672,,block_44_185,0
neg_10756,PSEUDO_NEGATIVE,27.46253132515367,95.09481569861867,,block_54_190,0
neg_10757,PSEUDO_NEGATIVE,22.25194515919766,92.94471757700379,,block_44_185,0
neg_10758,PSEUDO_NEGATIVE,26.951619957221265,92.5309873312483,,block_53_185,0
neg_10759,PSEUDO_NEGATIVE,26.41555504511091,94.25534318914958,,block_52_188,0
neg_10760,PSEUDO_NEGATIVE,26.44105254452305,94.99621676071213,,block_52_189,0
neg_10761,PSEUDO_NEGATIVE,25.269940595459445,93.49757665514065,,block_50_186,0
neg_10762,PSEUDO_NEGATIVE,27.9867617505192,93.88686660029497,,block_55_187,0
neg_10763,PSEUDO_NEGATIVE,28.090322637824663,93.10801058942971,,block_56_186,0
neg_10764,PSEUDO_NEGATIVE,27.304528952069084,93.26180367620559,,block_54_186,0
neg_10765,PSEUDO_NEGATIVE,27.97880155909254,94.88200389093312,,block_55_189,0
neg_10766,PSEUDO_NEGATIVE,28.048186076502784,96.6811999528049,,block_56_193,0
neg_10767,PSEUDO_NEGATIVE,26.305824678690705,91.75197932353285,,block_52_183,0
neg_10768,PSEUDO_NEGATIVE,27.072664415203253,95.89799267014335,,block_54_191,0
neg_10769,PSEUDO_NEGATIVE,27.174173326893378,94.80535509965473,,block_54_189,0
neg_10770,PSEUDO_NEGATIVE,27.778420339057803,93.11775141867929,,block_55_186,0
neg_10771,PSEUDO_NEGATIVE,27.152657172785588,92.45335096400497,,block_54_184,0
neg_10772,PSEUDO_NEGATIVE,23.446231635895323,91.87958892264949,,block_46_183,0
neg_10773,PSEUDO_NEGATIVE,25.311026140538186,91.694676490859,,block_50_183,0
neg_10774,PSEUDO_NEGATIVE,25.77409977283552,90.67468253989058,,block_51_181,0
neg_10775,PSEUDO_NEGATIVE,23.552871333651492,92.71698125502401,,block_47_185,0
neg_10776,PSEUDO_NEGATIVE,22.689255244727427,92.80709662528072,,block_45_185,0
neg_10777,PSEUDO_NEGATIVE,26.703078474071148,94.06791036172608,,block_53_188,0
neg_10778,PSEUDO_NEGATIVE,26.11708415290219,94.51841234137657,,block_52_189,0
neg_10779,PSEUDO_NEGATIVE,28.665813009805408,94.60772240702954,,block_57_189,0
neg_10780,PSEUDO_NEGATIVE,28.268705932674195,93.06181263567528,,block_56_186,0
neg_10781,PSEUDO_NEGATIVE,26.35779818761469,94.06210937937921,,block_52_188,0
neg_10782,PSEUDO_NEGATIVE,25.01239282512054,93.21476088317009,,block_50_186,0
neg_10783,PSEUDO_NEGATIVE,26.336716453504565,90.94851603114806,,block_52_181,0
neg_10784,PSEUDO_NEGATIVE,24.087129419454588,91.69468906786079,,block_48_183,0
neg_10785,PSEUDO_NEGATIVE,26.123132663663448,92.23086433536184,,block_52_184,0
neg_10786,PSEUDO_NEGATIVE,25.993830920820727,93.0513105737905,,block_51_186,0
neg_10787,PSEUDO_NEGATIVE,26.643264132588012,92.69494855629405,,block_53_185,0
neg_10788,PSEUDO_NEGATIVE,25.23759663584413,93.63968339020396,,block_50_187,0
neg_10789,PSEUDO_NEGATIVE,24.227339521279383,93.58484758094762,,block_48_187,0
neg_10790,PSEUDO_NEGATIVE,25.357390237515425,92.6773354211215,,block_50_185,0
neg_10791,PSEUDO_NEGATIVE,28.757388163286986,95.80648710528938,,block_57_191,0
neg_10792,PSEUDO_NEGATIVE,25.923192184134273,90.48381267118903,,block_51_180,0
neg_10793,PSEUDO_NEGATIVE,24.01193528800425,92.45456918764596,,block_48_184,0
neg_10794,PSEUDO_NEGATIVE,27.242405068766292,94.33942732769242,,block_54_188,0
neg_10795,PSEUDO_NEGATIVE,27.315594069918777,96.85995036526991,,block_54_193,0
neg_10796,PSEUDO_NEGATIVE,26.34696133642065,95.03883946409,,block_52_190,0
neg_10797,PSEUDO_NEGATIVE,27.82212537721431,93.01719878419092,,block_55_186,0
neg_10798,PSEUDO_NEGATIVE,28.217040548131678,94.18846486957467,,block_56_188,0
neg_10799,PSEUDO_NEGATIVE,23.496957604012408,93.00618260317015,,block_46_186,0
neg_10800,PSEUDO_NEGATIVE,26.949069482592925,95.45711478884198,,block_53_190,0
neg_10801,PSEUDO_NEGATIVE,28.6307532981673,95.97036949020591,,block_57_191,0
neg_10802,PSEUDO_NEGATIVE,27.10528107814788,95.04677441847875,,block_54_190,0
neg_10803,PSEUDO_NEGATIVE,26.84150866328575,92.84948993144792,,block_53_185,0
neg_10804,PSEUDO_NEGATIVE,29.301952738741214,95.7590521774288,,block_58_191,0
neg_10805,PSEUDO_NEGATIVE,27.10138154772573,92.02951092473172,,block_54_184,0
neg_10806,PSEUDO_NEGATIVE,24.094688935220965,91.64605480094274,,block_48_183,0
neg_10807,PSEUDO_NEGATIVE,28.02472641155869,94.44593893570638,,block_56_188,0
neg_10808,PSEUDO_NEGATIVE,28.714106092252546,94.52280946058937,,block_57_189,0
neg_10809,PSEUDO_NEGATIVE,27.038700245578177,92.81099260779635,,block_54_185,0
neg_10810,PSEUDO_NEGATIVE,25.39061051811146,93.8620980387365,,block_50_187,0
neg_10811,PSEUDO_NEGATIVE,26.34715776042356,93.66590598734945,,block_52_187,0
neg_10812,PSEUDO_NEGATIVE,27.664781840303966,93.03684278891502,,block_55_186,0
neg_10813,PSEUDO_NEGATIVE,25.959295129955105,93.30598735551098,,block_51_186,0
neg_10814,PSEUDO_NEGATIVE,27.49532793700422,95.00479720465395,,block_54_190,0
neg_10815,PSEUDO_NEGATIVE,27.47764152655241,93.66722319865127,,block_54_187,0
neg_10816,PSEUDO_NEGATIVE,26.57578415761865,91.87655378754997,,block_53_183,0
neg_10817,PSEUDO_NEGATIVE,23.61761578809282,91.79709786468099,,block_47_183,0
neg_10818,PSEUDO_NEGATIVE,26.27683785813382,93.85267468345967,,block_52_187,0
neg_10819,PSEUDO_NEGATIVE,24.903124962693422,93.88470024232836,,block_49_187,0
neg_10820,PSEUDO_NEGATIVE,26.950671742673137,92.39394098602612,,block_53_184,0
neg_10821,PSEUDO_NEGATIVE,23.345873974170285,91.45773086512847,,block_46_182,0
neg_10822,PSEUDO_NEGATIVE,25.79295693759335,91.57671995116407,,block_51_183,0
neg_10823,PSEUDO_NEGATIVE,27.36216288760354,92.47928003563702,,block_54_184,0
neg_10824,PSEUDO_NEGATIVE,25.20944818536222,94.57729024850346,,block_50_189,0
neg_10825,PSEUDO_NEGATIVE,25.094610639410305,92.67993234638391,,block_50_185,0
neg_10826,PSEUDO_NEGATIVE,27.52914946257886,88.45183403754969,,block_55_176,0
neg_10827,PSEUDO_NEGATIVE,28.866353976379635,94.41575541512347,,block_57_188,0
neg_10828,PSEUDO_NEGATIVE,29.04442361223918,96.1339064575281,,block_58_192,0
neg_10829,PSEUDO_NEGATIVE,25.98557153041382,90.40582376067054,,block_51_180,0
neg_10830,PSEUDO_NEGATIVE,26.710344697684885,92.20495310556294,,block_53_184,0
neg_10831,PSEUDO_NEGATIVE,27.267691271685635,94.41794844973275,,block_54_188,0
neg_10832,PSEUDO_NEGATIVE,25.476749574235825,90.47513950362833,,block_50_180,0
neg_10833,PSEUDO_NEGATIVE,24.247854181764236,92.86292866567791,,block_48_185,0
neg_10834,PSEUDO_NEGATIVE,27.566382229130436,88.23149301609517,,block_55_176,0
neg_10835,PSEUDO_NEGATIVE,28.038597592639512,96.5187982743606,,block_56_193,0
neg_10836,PSEUDO_NEGATIVE,24.03466637939416,93.75201041979977,,block_48_187,0
neg_10837,PSEUDO_NEGATIVE,25.423251363442684,91.33330492415043,,block_50_182,0
neg_10838,PSEUDO_NEGATIVE,28.003471524403015,94.43766517238751,,block_56_188,0
neg_10839,PSEUDO_NEGATIVE,24.49003777433312,93.5177725053474,,block_48_187,0
neg_10840,PSEUDO_NEGATIVE,24.331814903145077,91.9438738010755,,block_48_183,0
neg_10841,PSEUDO_NEGATIVE,27.357562793676312,93.94235689427369,,block_54_187,0
neg_10842,PSEUDO_NEGATIVE,27.569903277931243,96.09421105143254,,block_55_192,0
neg_10843,PSEUDO_NEGATIVE,27.93012037260266,94.61209774820198,,block_55_189,0
neg_10844,PSEUDO_NEGATIVE,27.72432815862405,94.88788587164238,,block_55_189,0
neg_10845,PSEUDO_NEGATIVE,27.506369845032907,93.75357396532112,,block_55_187,0
neg_10846,PSEUDO_NEGATIVE,26.504115046093133,94.74108776492267,,block_53_189,0
neg_10847,PSEUDO_NEGATIVE,25.710704456742217,92.62485246063375,,block_51_185,0
neg_10848,PSEUDO_NEGATIVE,27.575243961608663,95.90517522011389,,block_55_191,0
neg_10849,PSEUDO_NEGATIVE,27.007409048380296,93.14713916292267,,block_54_186,0
neg_10850,PSEUDO_NEGATIVE,26.414250132875672,93.52052145207577,,block_52_187,0
neg_10851,PSEUDO_NEGATIVE,28.512325620286884,94.75370783440846,,block_57_189,0
neg_10852,PSEUDO_NEGATIVE,26.313733043891723,92.91684103430117,,block_52_185,0
neg_10853,PSEUDO_NEGATIVE,24.54501943980848,93.8853572985324,,block_49_187,0
neg_10854,PSEUDO_NEGATIVE,26.957572592857556,92.69609158902831,,block_53_185,0
neg_10855,PSEUDO_NEGATIVE,26.189971454948832,90.54294320604525,,block_52_181,0
neg_10856,PSEUDO_NEGATIVE,27.311107350091003,94.93922067056374,,block_54_189,0
neg_10857,PSEUDO_NEGATIVE,26.503167472168776,94.9073369718042,,block_53_189,0
neg_10858,PSEUDO_NEGATIVE,25.192839272815853,92.90541905106487,,block_50_185,0
neg_10859,PSEUDO_NEGATIVE,25.252135612991605,91.92656850849542,,block_50_183,0
neg_10860,PSEUDO_NEGATIVE,26.50217353848701,92.26271603361383,,block_53_184,0
neg_10861,PSEUDO_NEGATIVE,24.31752733284484,94.29950579956531,,block_48_188,0
neg_10862,PSEUDO_NEGATIVE,26.094263419369153,93.52132470206872,,block_52_187,0
neg_10863,PSEUDO_NEGATIVE,27.64970342536144,94.01921783522351,,block_55_188,0
neg_10864,PSEUDO_NEGATIVE,23.36877796943095,91.39633140793313,,block_46_182,0
neg_10865,PSEUDO_NEGATIVE,23.3834931775103,92.78142423573374,,block_46_185,0
neg_10866,PSEUDO_NEGATIVE,26.51103957473346,94.0916296596356,,block_53_188,0
neg_10867,PSEUDO_NEGATIVE,27.587577342388798,88.6748411592335,,block_55_177,0
neg_10868,PSEUDO_NEGATIVE,29.194739147399904,96.15622957727146,,block_58_192,0
neg_10869,PSEUDO_NEGATIVE,23.053032862148385,93.23084137681741,,block_46_186,0
neg_10870,PSEUDO_NEGATIVE,26.107834730280455,92.1777512137767,,block_52_184,0
neg_10871,PSEUDO_NEGATIVE,24.556317573124268,93.7964315998775,,block_49_187,0
neg_10872,PSEUDO_NEGATIVE,23.272369417972705,92.40231487270246,,block_46_184,0
neg_10873,PSEUDO_NEGATIVE,26.96206265632688,93.19869859473931,,block_53_186,0
neg_10874,PSEUDO_NEGATIVE,27.554308934030615,92.25662568022582,,block_55_184,0
neg_10875,PSEUDO_NEGATIVE,25.182679858783363,92.94922076971808,,block_50_185,0
neg_10876,PSEUDO_NEGATIVE,28.00816775703612,95.2975069438662,,block_56_190,0
neg_10877,PSEUDO_NEGATIVE,27.383556079181727,92.1330597652484,,block_54_184,0
neg_10878,PSEUDO_NEGATIVE,26.586380127945493,92.9077801388528,,block_53_185,0
neg_10879,PSEUDO_NEGATIVE,26.447863126714964,92.90889371799778,,block_52_185,0
neg_10880,PSEUDO_NEGATIVE,25.782399683296585,89.84792056619314,,block_51_179,0
neg_10881,PSEUDO_NEGATIVE,24.471040579876814,94.2892888673571,,block_48_188,0
neg_10882,PSEUDO_NEGATIVE,28.999433228587083,95.53395495617322,,block_57_191,0
neg_10883,PSEUDO_NEGATIVE,28.51333661480763,93.94652087773044,,block_57_187,0
neg_10884,PSEUDO_NEGATIVE,29.12399586993262,94.59925463612663,,block_58_189,0
neg_10885,PSEUDO_NEGATIVE,26.960265210816026,92.86910921769035,,block_53_185,0
neg_10886,PSEUDO_NEGATIVE,28.500759307969155,95.28935505573799,,block_57_190,0
neg_10887,PSEUDO_NEGATIVE,22.270244671715012,92.75027820397025,,block_44_185,0
neg_10888,PSEUDO_NEGATIVE,25.81013142707333,92.3027285255514,,block_51_184,0
neg_10889,PSEUDO_NEGATIVE,27.930042057458596,93.20920946088671,,block_55_186,0
neg_10890,PSEUDO_NEGATIVE,27.936925269107654,93.79760339256127,,block_55_187,0
neg_10891,PSEUDO_NEGATIVE,27.86757925387144,94.03467306276583,,block_55_188,0
neg_10892,PSEUDO_NEGATIVE,25.97088605594026,92.23794950358781,,block_51_184,0
neg_10893,PSEUDO_NEGATIVE,23.333909104652864,91.54075719772901,,block_46_183,0
neg_10894,PSEUDO_NEGATIVE,24.520515784549342,93.30485728157753,,block_49_186,0
neg_10895,PSEUDO_NEGATIVE,24.809806955836734,94.00746687559422,,block_49_188,0
neg_10896,PSEUDO_NEGATIVE,27.22367250009082,94.62381493698898,,block_54_189,0
neg_10897,PSEUDO_NEGATIVE,25.843222690033315,92.83159525584918,,block_51_185,0
neg_10898,PSEUDO_NEGATIVE,25.695620885309435,92.41976239359325,,block_51_184,0
neg_10899,PSEUDO_NEGATIVE,26.862097934505037,95.1090251246089,,block_53_190,0
neg_10900,PSEUDO_NEGATIVE,24.66776571616319,92.52561592758693,,block_49_185,0
neg_10901,PSEUDO_NEGATIVE,26.10897436771047,93.2902279973563,,block_52_186,0
neg_10902,PSEUDO_NEGATIVE,27.939641625344265,96.9226312849135,,block_55_193,0
neg_10903,PSEUDO_NEGATIVE,25.620693968697545,93.59629260852465,,block_51_187,0
neg_10904,PSEUDO_NEGATIVE,27.79804806110553,92.23302561429438,,block_55_184,0
neg_10905,PSEUDO_NEGATIVE,27.10357716903824,94.01275434529248,,block_54_188,0
neg_10906,PSEUDO_NEGATIVE,25.856125728947895,93.79348241967259,,block_51_187,0
neg_10907,PSEUDO_NEGATIVE,24.06427845715516,92.86034235181381,,block_48_185,0
neg_10908,PSEUDO_NEGATIVE,25.79648400152662,92.89802436972091,,block_51_185,0
neg_10909,PSEUDO_NEGATIVE,26.009917690825635,92.4285899593116,,block_52_184,0
neg_10910,PSEUDO_NEGATIVE,27.636192858080744,95.1295469208165,,block_55_190,0
neg_10911,PSEUDO_NEGATIVE,27.83046344687841,96.0812193045547,,block_55_192,0
neg_10912,PSEUDO_NEGATIVE,25.712837318737634,94.7184698919379,,block_51_189,0
neg_10913,PSEUDO_NEGATIVE,25.704256600898464,92.25006439864201,,block_51_184,0
neg_10914,PSEUDO_NEGATIVE,23.229613744140746,91.54522270311496,,block_46_183,0
neg_10915,PSEUDO_NEGATIVE,26.511591978928653,92.3762371912649,,block_53_184,0
neg_10916,PSEUDO_NEGATIVE,25.802174175651214,91.73272138242017,,block_51_183,0
neg_10917,PSEUDO_NEGATIVE,27.104959464671907,94.07961225677286,,block_54_188,0
neg_10918,PSEUDO_NEGATIVE,27.01294188943683,93.46078249621293,,block_54_186,0
neg_10919,PSEUDO_NEGATIVE,27.536829014250138,96.4380737670726,,block_55_192,0
neg_10920,PSEUDO_NEGATIVE,23.61268179489484,92.92907623991337,,block_47_185,0
neg_10921,PSEUDO_NEGATIVE,27.940398306575297,95.04043422837292,,block_55_190,0
neg_10922,PSEUDO_NEGATIVE,27.940019792842524,92.99748325836624,,block_55_185,0
neg_10923,PSEUDO_NEGATIVE,28.10032583697709,97.19731451820198,,block_56_194,0
neg_10924,PSEUDO_NEGATIVE,24.82651499476995,93.36846730755471,,block_49_186,0
neg_10925,PSEUDO_NEGATIVE,27.74760173432949,94.14545565002241,,block_55_188,0
neg_10926,PSEUDO_NEGATIVE,23.03620672889054,93.10206926012708,,block_46_186,0
neg_10927,PSEUDO_NEGATIVE,26.073755680279834,91.84832273110352,,block_52_183,0
neg_10928,PSEUDO_NEGATIVE,26.96861142988084,95.46519329589053,,block_53_190,0
neg_10929,PSEUDO_NEGATIVE,27.729197483218556,95.08977239119172,,block_55_190,0
neg_10930,PSEUDO_NEGATIVE,26.74316308942911,92.49337903325072,,block_53_184,0
neg_10931,PSEUDO_NEGATIVE,23.76771005902397,92.4036311355264,,block_47_184,0
neg_10932,PSEUDO_NEGATIVE,25.546154040218312,91.93837842617542,,block_51_183,0
neg_10933,PSEUDO_NEGATIVE,26.33780841446606,93.61809537128512,,block_52_187,0
neg_10934,PSEUDO_NEGATIVE,27.692409524473725,92.4539427861242,,block_55_184,0
neg_10935,PSEUDO_NEGATIVE,24.48017434884843,92.73040593220088,,block_48_185,0
neg_10936,PSEUDO_NEGATIVE,25.571549420427893,92.18045821130737,,block_51_184,0
neg_10937,PSEUDO_NEGATIVE,26.94574613205582,95.34550652200801,,block_53_190,0
neg_10938,PSEUDO_NEGATIVE,27.55943933193236,96.05551017043564,,block_55_192,0
neg_10939,PSEUDO_NEGATIVE,26.58139610386504,94.80625261123971,,block_53_189,0
neg_10940,PSEUDO_NEGATIVE,27.923525585891866,96.8704996828709,,block_55_193,0
neg_10941,PSEUDO_NEGATIVE,27.990733214357277,93.26670483925092,,block_55_186,0
neg_10942,PSEUDO_NEGATIVE,28.397282547947505,96.1088320542519,,block_56_192,0
neg_10943,PSEUDO_NEGATIVE,25.24580381006852,93.56808633884327,,block_50_187,0
neg_10944,PSEUDO_NEGATIVE,23.574230468119183,91.86905148083636,,block_47_183,0
neg_10945,PSEUDO_NEGATIVE,26.332034400983076,92.48520729596632,,block_52_184,0
neg_10946,PSEUDO_NEGATIVE,27.548925510816137,96.7527479115887,,block_55_193,0
neg_10947,PSEUDO_NEGATIVE,26.064624964672436,89.90965973009898,,block_52_179,0
neg_10948,PSEUDO_NEGATIVE,27.658295170250703,94.30916394478749,,block_55_188,0
neg_10949,PSEUDO_NEGATIVE,26.32135049959051,92.03273868903868,,block_52_184,0
neg_10950,PSEUDO_NEGATIVE,27.562545538880357,95.85039050248193,,block_55_191,0
neg_10951,PSEUDO_NEGATIVE,27.652170860004993,94.74123973572206,,block_55_189,0
neg_10952,PSEUDO_NEGATIVE,27.1159111073082,95.54973337955909,,block_54_191,0
neg_10953,PSEUDO_NEGATIVE,27.32906823363294,95.37676067078056,,block_54_190,0
neg_10954,PSEUDO_NEGATIVE,25.459097258155765,92.60429625400857,,block_50_185,0
neg_10955,PSEUDO_NEGATIVE,26.15518518941733,93.1615272261193,,block_52_186,0
neg_10956,PSEUDO_NEGATIVE,26.265400813368288,89.92859214903613,,block_52_179,0
neg_10957,PSEUDO_NEGATIVE,25.362065867367708,91.92868207379128,,block_50_183,0
neg_10958,PSEUDO_NEGATIVE,24.928332724694858,93.3422043879586,,block_49_186,0
neg_10959,PSEUDO_NEGATIVE,23.21276207253929,92.72466447711776,,block_46_185,0
neg_10960,PSEUDO_NEGATIVE,24.71950758296282,93.65028027103764,,block_49_187,0
neg_10961,PSEUDO_NEGATIVE,27.24120529911088,97.06616990641736,,block_54_194,0
neg_10962,PSEUDO_NEGATIVE,28.1546782299461,95.56759537507162,,block_56_191,0
neg_10963,PSEUDO_NEGATIVE,24.029608367116744,92.29831664740175,,block_48_184,0
neg_10964,PSEUDO_NEGATIVE,27.728054559817885,88.41057000858324,,block_55_176,0
neg_10965,PSEUDO_NEGATIVE,27.572074881459905,95.09611629336227,,block_55_190,0
neg_10966,PSEUDO_NEGATIVE,27.60160306582818,96.51232936791905,,block_55_193,0
neg_10967,PSEUDO_NEGATIVE,26.794114796466136,90.59872302112277,,block_53_181,0
neg_10968,PSEUDO_NEGATIVE,25.43718714723959,93.8830942871929,,block_50_187,0
neg_10969,PSEUDO_NEGATIVE,29.31040069632397,95.96397139808494,,block_58_191,0
neg_10970,PSEUDO_NEGATIVE,27.25923543928947,93.26850394308534,,block_54_186,0
neg_10971,PSEUDO_NEGATIVE,25.683305290636664,93.47705820133464,,block_51_186,0
neg_10972,PSEUDO_NEGATIVE,25.99790541629331,90.16276355369395,,block_51_180,0
neg_10973,PSEUDO_NEGATIVE,26.609751319098187,92.67569401634064,,block_53_185,0
neg_10974,PSEUDO_NEGATIVE,27.334569521441065,93.5480733487,,block_54_187,0
neg_10975,PSEUDO_NEGATIVE,28.075408807779986,93.2868687180292,,block_56_186,0
neg_10976,PSEUDO_NEGATIVE,28.09695610664952,96.20890750067454,,block_56_192,0
neg_10977,PSEUDO_NEGATIVE,29.452421209578823,96.06173483905403,,block_58_192,0
neg_10978,PSEUDO_NEGATIVE,28.055876000849807,94.30893493335647,,block_56_188,0
neg_10979,PSEUDO_NEGATIVE,22.785463464270915,92.85420738800224,,block_45_185,0
neg_10980,PSEUDO_NEGATIVE,28.245755128520695,96.2127052048004,,block_56_192,0
neg_10981,PSEUDO_NEGATIVE,26.204280116857966,91.70761605670246,,block_52_183,0
neg_10982,PSEUDO_NEGATIVE,27.31996610629872,95.95633338632128,,block_54_191,0
neg_10983,PSEUDO_NEGATIVE,27.147981862330415,95.10100610026662,,block_54_190,0
neg_10984,PSEUDO_NEGATIVE,27.092096253216493,92.23730663273604,,block_54_184,0
neg_10985,PSEUDO_NEGATIVE,27.151293225445006,93.63981041627898,,block_54_187,0
neg_10986,PSEUDO_NEGATIVE,28.810839895610528,95.5119434615195,,block_57_191,0
neg_10987,PSEUDO_NEGATIVE,25.807290491865448,90.75429240002136,,block_51_181,0
neg_10988,PSEUDO_NEGATIVE,26.64118405070538,94.06128803709457,,block_53_188,0
neg_10989,PSEUDO_NEGATIVE,22.143255609714327,92.90820846272854,,block_44_185,0
neg_10990,PSEUDO_NEGATIVE,27.61647944965894,88.49381279893055,,block_55_176,0
neg_10991,PSEUDO_NEGATIVE,27.20045621622777,95.80686997547085,,block_54_191,0
neg_10992,PSEUDO_NEGATIVE,27.634036997109284,96.00190201023432,,block_55_192,0
neg_10993,PSEUDO_NEGATIVE,27.116649196244673,94.98382432805097,,block_54_189,0
neg_10994,PSEUDO_NEGATIVE,27.278541827475514,94.16805027610431,,block_54_188,0
neg_10995,PSEUDO_NEGATIVE,26.85376904708405,94.92724263650486,,block_53_189,0
neg_10996,PSEUDO_NEGATIVE,26.323217061113734,94.16005816637174,,block_52_188,0
neg_10997,PSEUDO_NEGATIVE,29.104334237721265,94.36397576094933,,block_58_188,0
neg_10998,PSEUDO_NEGATIVE,26.567288634455295,95.00229050488365,,block_53_190,0
neg_10999,PSEUDO_NEGATIVE,26.43472075982816,93.97320782014425,,block_52_187,0
neg_11000,PSEUDO_NEGATIVE,26.294029695185372,94.52437361984481,,block_52_189,0
neg_11001,PSEUDO_NEGATIVE,25.247832692096665,93.08239242271567,,block_50_186,0
neg_11002,PSEUDO_NEGATIVE,23.506930783605817,91.45292277266721,,block_47_182,0
neg_11003,PSEUDO_NEGATIVE,27.17446551006377,94.78501713413922,,block_54_189,0
neg_11004,PSEUDO_NEGATIVE,26.8257982374192,92.95509716349903,,block_53_185,0
neg_11005,PSEUDO_NEGATIVE,25.381624031377743,93.62130586476981,,block_50_187,0
neg_11006,PSEUDO_NEGATIVE,26.460774456873793,92.0430675113094,,block_52_184,0
neg_11007,PSEUDO_NEGATIVE,27.784731755191707,88.44400379656436,,block_55_176,0
neg_11008,PSEUDO_NEGATIVE,25.306724281968407,90.69734596755384,,block_50_181,0
neg_11009,PSEUDO_NEGATIVE,26.16010557640674,91.53026561928274,,block_52_183,0
neg_11010,PSEUDO_NEGATIVE,28.305862801734527,96.77800178985717,,block_56_193,0
neg_11011,PSEUDO_NEGATIVE,24.530557039304142,92.75865557225225,,block_49_185,0
neg_11012,PSEUDO_NEGATIVE,25.568177124311987,92.1682006099033,,block_51_184,0
neg_11013,PSEUDO_NEGATIVE,26.473729312615376,92.62639578652033,,block_52_185,0
neg_11014,PSEUDO_NEGATIVE,25.83280251246267,92.0128160488218,,block_51_184,0
neg_11015,PSEUDO_NEGATIVE,24.853424886317057,92.91189642563371,,block_49_185,0
neg_11016,PSEUDO_NEGATIVE,28.12480807613626,95.51074629318654,,block_56_191,0
neg_11017,PSEUDO_NEGATIVE,28.83178804642064,94.12443784343925,,block_57_188,0
neg_11018,PSEUDO_NEGATIVE,29.068927038082045,94.64831782959946,,block_58_189,0
neg_11019,PSEUDO_NEGATIVE,27.832071401344475,96.46517084605583,,block_55_192,0
neg_11020,PSEUDO_NEGATIVE,22.947897808442352,92.65437660957663,,block_45_185,0
neg_11021,PSEUDO_NEGATIVE,27.736270378551783,95.52911295669037,,block_55_191,0
neg_11022,PSEUDO_NEGATIVE,28.795603885403768,96.23379901448783,,block_57_192,0
neg_11023,PSEUDO_NEGATIVE,26.687664823692046,94.7244666030072,,block_53_189,0
neg_11024,PSEUDO_NEGATIVE,24.142523213576403,91.66248461376513,,block_48_183,0
neg_11025,PSEUDO_NEGATIVE,24.250006699420652,92.03993104410524,,block_48_184,0
neg_11026,PSEUDO_NEGATIVE,26.285685735296425,92.29750527614753,,block_52_184,0
neg_11027,PSEUDO_NEGATIVE,23.325662369225174,91.5028171593926,,block_46_183,0
neg_11028,PSEUDO_NEGATIVE,25.54903880410505,90.11620208167143,,block_51_180,0
neg_11029,PSEUDO_NEGATIVE,25.523885127919037,91.42125659162168,,block_51_182,0
neg_11030,PSEUDO_NEGATIVE,29.280907108966478,95.79727050065503,,block_58_191,0
neg_11031,PSEUDO_NEGATIVE,27.419688207227495,96.06182205936061,,block_54_192,0
neg_11032,PSEUDO_NEGATIVE,27.655293762132047,94.48260574894023,,block_55_188,0
neg_11033,PSEUDO_NEGATIVE,27.944737688677083,96.3228182779316,,block_55_192,0
neg_11034,PSEUDO_NEGATIVE,25.379066812838925,90.39347804135586,,block_50_180,0
neg_11035,PSEUDO_NEGATIVE,27.66855637624539,88.3559427877054,,block_55_176,0
neg_11036,PSEUDO_NEGATIVE,25.934564255329875,93.20244336663238,,block_51_186,0
neg_11037,PSEUDO_NEGATIVE,26.321116728564167,94.23499572847737,,block_52_188,0
neg_11038,PSEUDO_NEGATIVE,26.094092756558922,93.55123137645366,,block_52_187,0
neg_11039,PSEUDO_NEGATIVE,26.233463066226278,94.51572208376028,,block_52_189,0
neg_11040,PSEUDO_NEGATIVE,26.108242173084303,93.85799447759506,,block_52_187,0
neg_11041,PSEUDO_NEGATIVE,27.55063640154081,88.117915377116,,block_55_176,0
neg_11042,PSEUDO_NEGATIVE,27.255709595424765,94.44148582309428,,block_54_188,0
neg_11043,PSEUDO_NEGATIVE,25.48236382332742,91.51540299941917,,block_50_183,0
neg_11044,PSEUDO_NEGATIVE,26.365379337302354,91.31759053657963,,block_52_182,0
neg_11045,PSEUDO_NEGATIVE,28.255320193982286,96.34340912685299,,block_56_192,0
neg_11046,PSEUDO_NEGATIVE,27.766468941506698,96.36006698997345,,block_55_192,0
neg_11047,PSEUDO_NEGATIVE,26.786501508355073,90.58174043809368,,block_53_181,0
neg_11048,PSEUDO_NEGATIVE,26.194978833265772,92.79581802725721,,block_52_185,0
neg_11049,PSEUDO_NEGATIVE,26.63851884211895,90.44681192287976,,block_53_180,0
neg_11050,PSEUDO_NEGATIVE,28.09682926081376,93.45893900799243,,block_56_186,0
neg_11051,PSEUDO_NEGATIVE,28.98823095572,96.15024280272745,,block_57_192,0
neg_11052,PSEUDO_NEGATIVE,27.925033508528216,96.05004166654601,,block_55_192,0
neg_11053,PSEUDO_NEGATIVE,26.98190642648438,92.36979140716564,,block_53_184,0
neg_11054,PSEUDO_NEGATIVE,24.731401366615202,92.63382624080589,,block_49_185,0
neg_11055,PSEUDO_NEGATIVE,22.462024343911548,92.81513952608842,,block_44_185,0
neg_11056,PSEUDO_NEGATIVE,27.102060110279858,92.86112528656538,,block_54_185,0
neg_11057,PSEUDO_NEGATIVE,26.17826982731804,92.84659051942396,,block_52_185,0
neg_11058,PSEUDO_NEGATIVE,24.05342399812619,93.1805793778178,,block_48_186,0
neg_11059,PSEUDO_NEGATIVE,23.506195933008538,91.27113959293546,,block_47_182,0
neg_11060,PSEUDO_NEGATIVE,26.811500663433836,92.41789838130543,,block_53_184,0
neg_11061,PSEUDO_NEGATIVE,25.6882617132643,93.67942674057204,,block_51_187,0
neg_11062,PSEUDO_NEGATIVE,26.015763107295236,90.5538272815102,,block_52_181,0
neg_11063,PSEUDO_NEGATIVE,26.837999234776863,91.94752433727213,,block_53_183,0
neg_11064,PSEUDO_NEGATIVE,28.821461123892156,96.53525585522985,,block_57_193,0
neg_11065,PSEUDO_NEGATIVE,28.38025883504632,93.66299426717896,,block_56_187,0
neg_11066,PSEUDO_NEGATIVE,27.358908231747975,92.80975645244293,,block_54_185,0
neg_11067,PSEUDO_NEGATIVE,28.07915013014297,97.15579877452241,,block_56_194,0
neg_11068,PSEUDO_NEGATIVE,27.3312382052815,94.10387653241754,,block_54_188,0
neg_11069,PSEUDO_NEGATIVE,25.690894381546652,91.76761344126794,,block_51_183,0
neg_11070,PSEUDO_NEGATIVE,28.634160830016537,96.0905898707282,,block_57_192,0
neg_11071,PSEUDO_NEGATIVE,26.683677624141858,94.66771228508563,,block_53_189,0
neg_11072,PSEUDO_NEGATIVE,26.717092213685927,92.12208889692934,,block_53_184,0
neg_11073,PSEUDO_NEGATIVE,27.511832016522867,93.38947737886139,,block_55_186,0
neg_11074,PSEUDO_NEGATIVE,24.49578933163717,92.22879933470247,,block_48_184,0
neg_11075,PSEUDO_NEGATIVE,26.64748227809988,92.40066653856759,,block_53_184,0
neg_11076,PSEUDO_NEGATIVE,27.95140633657485,95.05362110618671,,block_55_190,0
neg_11077,PSEUDO_NEGATIVE,26.16333057722698,92.41089654575802,,block_52_184,0
neg_11078,PSEUDO_NEGATIVE,28.304616548554502,94.2022288394534,,block_56_188,0
neg_11079,PSEUDO_NEGATIVE,27.643689622174538,94.28605070249374,,block_55_188,0
neg_11080,PSEUDO_NEGATIVE,27.52407838978453,94.48191904154528,,block_55_188,0
neg_11081,PSEUDO_NEGATIVE,27.371905527730704,92.50572372156977,,block_54_185,0
neg_11082,PSEUDO_NEGATIVE,27.52117598510123,92.35200656339032,,block_55_184,0
neg_11083,PSEUDO_NEGATIVE,27.888226868401794,92.92883801406273,,block_55_185,0
neg_11084,PSEUDO_NEGATIVE,24.89823171797068,93.41536140691902,,block_49_186,0
neg_11085,PSEUDO_NEGATIVE,23.78058280493687,93.18057488556637,,block_47_186,0
