source_id,source,latitude,longitude,event_date,spatial_block_id
11502,NASA_GLC,23.71701896,91.61577214,2018-05-20,block_47_183
9982,NASA_GLC,26.3312531,94.55427723,2017-07-01,block_52_189
9829,NASA_GLC,27.06992579,93.6146564,2017-06-19,block_54_187
9785,NASA_GLC,27.54295099,88.59676956,2017-05-26,block_55_177
9932,NASA_GLC,27.10647226,93.65975252,2017-07-01,block_54_187
2042,NASA_GLC,26.0093,94.5238,2010-07-06,block_52_189
2026,NASA_GLC,25.4916,91.2698,2010-06-28,block_50_182
247,NASA_GLC,25.0604,93.9877,2007-09-08,block_50_187
5552,NASA_GLC,25.0985,94.3619,2013-09-24,block_50_188
1961,NASA_GLC,25.8833,91.2,2010-06-09,block_51_182
6971,NASA_GLC,27.0987,93.816,2015-06-09,block_54_187
9051,NASA_GLC,26.09748244,91.8744337,2016-07-19,block_52_183
6107,NASA_GLC,26.1844,91.7896,2014-06-26,block_52_183
4556,NASA_GLC,27.1675,88.3651,2012-09-16,block_54_176
2587,NASA_GLC,25.6623,94.1072,2010-10-10,block_51_188
1102,NASA_GLC,27.2644,88.1365,2009-08-19,block_54_176
7313,NASA_GLC,24.1077,94.0396,2015-08-01,block_48_188
2568,NASA_GLC,24.7679,93.4108,2010-10-08,block_49_186
5300,NASA_GLC,25.318,94.0441,2013-08-09,block_50_188
4861,NASA_GLC,24.9926,93.4946,2013-05-12,block_49_186
5584,NASA_GLC,26.1665,91.7049,2013-10-06,block_52_183
2043,NASA_GLC,26.7225,95.0281,2010-07-06,block_53_190
6786,NASA_GLC,24.6108,92.562,2015-02-19,block_49_185
4848,NASA_GLC,24.0896,91.4663,2013-05-08,block_48_182
2249,NASA_GLC,26.0814,94.803,2010-08-14,block_52_189
7780,NASA_GLC,23.3572,92.7878,2015-08-26,block_46_185
1996,NASA_GLC,26.4333,94.8833,2010-06-17,block_52_189
147,NASA_GLC,22.533,92.899,2007-07-30,block_45_185
130,NASA_GLC,26.1699,91.7986,2007-07-19,block_52_183
11405,NASA_GLC,26.07821691,94.72071068,2018-05-12,block_52_189
11443,NASA_GLC,27.23279809,88.59292517,2018-05-26,block_54_177
10962,NASA_GLC,23.65637182,93.02746602,2017-06-17,block_47_186
11171,NASA_GLC,27.104022,93.61156568,2017-04-26,block_54_187
11178,NASA_GLC,26.96437841,92.78260587,2017-06-18,block_53_185
1111,NASA_GLC,27.1344,88.4575,2009-08-20,block_54_176
4570,NASA_GLC,27.8458,95.2253,2012-09-19,block_55_190
5269,NASA_GLC,25.8376,94.5234,2013-08-04,block_51_189
1127,NASA_GLC,25.1718,93.123,2009-08-27,block_50_186
2112,NASA_GLC,27.5509,88.6475,2010-07-21,block_55_177
9750,NASA_GLC,25.15246863,92.94670614,2017-06-04,block_50_185
2344,NASA_GLC,24.7505,93.4221,2010-08-27,block_49_186
9338,NASA_GLC,24.4638,92.4943,2016-05-18,block_48_184
6016,NASA_GLC,24.8669,92.3576,2014-05-09,block_49_184
869,NASA_GLC,27.2333,94.1167,2008-10-29,block_54_188
3830,NASA_GLC,24.3527,94.3429,2011-07-22,block_48_188
9335,NASA_GLC,24.5202,92.7239,2016-05-18,block_49_185
260,NASA_GLC,27.2084,88.4909,2007-09-11,block_54_176
2182,NASA_GLC,24.9356,93.8443,2010-07-31,block_49_187
3837,NASA_GLC,26.5836,93.0038,2011-07-24,block_53_186
2140,NASA_GLC,25.0477,92.801,2010-07-25,block_50_185
1954,NASA_GLC,24.7543,93.5039,2010-06-07,block_49_187
2426,NASA_GLC,22.7176,92.8416,2010-09-13,block_45_185
9789,NASA_GLC,25.907233,91.881892,2017-05-26,block_51_183
9712,NASA_GLC,23.73354779,92.74744512,2017-06-10,block_47_185
9933,NASA_GLC,27.04768643,93.61899644,2017-06-30,block_54_187
2025,NASA_GLC,25.5728,91.885,2010-06-28,block_51_183
8012,NASA_GLC,25.9703,91.8584,2015-09-06,block_51_183
2392,NASA_GLC,27.3702,88.7334,2010-09-04,block_54_177
2164,NASA_GLC,25.3098633,94.48214677,2010-07-29,block_50_188
4845,NASA_GLC,24.2315,92.6755,2013-05-07,block_48_185
10024,NASA_GLC,25.83762589,93.94633448,2017-06-25,block_51_187
6963,NASA_GLC,23.7131,92.7362,2015-06-19,block_47_185
1222,NASA_GLC,23.73478778,92.72124394,2009-10-05,block_47_185
4859,NASA_GLC,26.1771,91.7599,2013-05-11,block_52_183
8930,NASA_GLC,26.1699,94.4922,2016-07-11,block_52_188
285,NASA_GLC,24.1293,92.6921,2007-09-29,block_48_185
2045,NASA_GLC,26.2363,94.8133,2010-07-06,block_52_189
215,NASA_GLC,25.7428,93.9136,2007-08-28,block_51_187
6513,NASA_GLC,23.0137,91.7174,2014-08-14,block_46_183
10988,NASA_GLC,25.82601444,91.87113067,2017-07-09,block_51_183
11172,NASA_GLC,27.0844941,93.60505989,2017-07-09,block_54_187
11165,NASA_GLC,27.092916,93.61882043,2017-07-09,block_54_187
2341,NASA_GLC,27.2319,88.497,2010-08-26,block_54_176
594,NASA_GLC,24.9336,93.8275,2008-06-19,block_49_187
3813,NASA_GLC,27.1141,88.4658,2011-07-20,block_54_176
2044,NASA_GLC,25.8877,94.7861,2010-07-06,block_51_189
2304,NASA_GLC,25.5718,94.1211,2010-08-21,block_51_188
7388,NASA_GLC,24.416,94.0984,2015-08-01,block_48_188
2425,NASA_GLC,23.3439,93.0748,2010-09-13,block_46_186
2579,NASA_GLC,25.682,94.1076,2010-10-09,block_51_188
4446,NASA_GLC,28.9986,94.8885,2012-07-05,block_57_189
4610,NASA_GLC,23.7705,92.5217,2012-11-11,block_47_185
5275,NASA_GLC,26.1498,94.6055,2013-08-04,block_52_189
2424,NASA_GLC,23.591,92.9296,2010-09-13,block_47_185
78,NASA_GLC,27.3383,88.6069,2007-05-23,block_54_177
9168,NASA_GLC,27.6438,93.871,2016-06-12,block_55_187
4424,NASA_GLC,26.149,91.7351,2012-06-20,block_52_183
9186,NASA_GLC,25.48,94.1383,2016-07-25,block_50_188
4757,NASA_GLC,28.1193,95.1645,2013-02-18,block_56_190
3965,NASA_GLC,24.808,93.117,2011-09-06,block_49_186
6969,NASA_GLC,25.5114,90.215,2015-06-16,block_51_180
6293,NASA_GLC,25.5006,90.0896,2014-10-20,block_51_180
7267,NASA_GLC,25.3908,94.0926,2015-07-22,block_50_188
2248,NASA_GLC,26.222,94.9152,2010-08-14,block_52_189
2422,NASA_GLC,23.74182634,92.7141905,2010-09-13,block_47_185
7214,NASA_GLC,27.36,93.0385,2015-07-15,block_54_186
1929,NASA_GLC,27.3543,88.6428,2010-05-31,block_54_177
7390,NASA_GLC,24.4265,94.1913,2015-08-01,block_48_188
7384,NASA_GLC,23.9278,94.0906,2015-08-01,block_47_188
4383,NASA_GLC,25.3056,93.1265,2012-06-03,block_50_186
6283,NASA_GLC,26.1314,91.7548,2014-09-22,block_52_183
2573,NASA_GLC,25.1796,93.0083,2010-10-09,block_50_186
9604,NASA_GLC,27.2676,88.2891,2016-10-12,block_54_176
7665,NASA_GLC,24.7016,93.5291,2015-08-11,block_49_187
1994,NASA_GLC,25.0633,92.8025,2010-06-16,block_50_185
692,NASA_GLC,25.705,94.04,2008-08-07,block_51_188
259,NASA_GLC,25.52,91.27,2007-09-11,block_51_182
251,NASA_GLC,27.1667,88.35,2007-09-09,block_54_176
5485,NASA_GLC,27.6047,88.6463,2013-09-08,block_55_177
9010,NASA_GLC,27.3034,93.804,2016-07-16,block_54_187
9965,NASA_GLC,26.324724,94.514651,2016-09-05,block_52_189
3943,NASA_GLC,27.13862165,88.22551799,2011-08-23,block_54_176
7369,NASA_GLC,24.1988,94.1016,2015-08-01,block_48_188
9252,NASA_GLC,27.5748,91.8644,2016-07-28,block_55_183
7728,NASA_GLC,26.1028,91.8806,2015-08-22,block_52_183
5274,NASA_GLC,26.0838,94.564,2013-08-04,block_52_189
11175,NASA_GLC,27.82743132,93.62407259,2017-05-03,block_55_187
11158,NASA_GLC,25.69111465,94.09483333,2017-07-12,block_51_188
11604,NASA_GLC,23.40991836,93.36421745,1970-01-01,block_46_186
10960,NASA_GLC,23.725943,92.7178,2016-09-17,block_47_185
11157,NASA_GLC,25.73111942,93.98827528,2017-07-09,block_51_187
3776,NASA_GLC,27.125,93.7145,2011-07-15,block_54_187
4378,NASA_GLC,28.8254,96.1517,2012-06-02,block_57_192
6289,NASA_GLC,26.1001,91.6849,2014-09-22,block_52_183
11177,NASA_GLC,27.583849,91.876945,2017-07-11,block_55_183
10978,NASA_GLC,25.132228,93.04681,2017-04-04,block_50_186
10961,NASA_GLC,24.0135808,92.67420963,2017-04-25,block_48_185
11156,NASA_GLC,25.73318099,93.99655231,2017-05-16,block_51_187
11161,NASA_GLC,26.66354481,94.62220277,2017-06-24,block_53_189
731,NASA_GLC,26.138,94.25,2008-08-19,block_52_188
7590,NASA_GLC,25.1416,92.3807,2015-08-19,block_50_184
8237,NASA_GLC,27.0136,92.6351,2016-07-01,block_54_185
6286,NASA_GLC,26.1044,91.7082,2014-09-22,block_52_183
7266,NASA_GLC,25.5098,93.8794,2015-07-22,block_51_187
580,NASA_GLC,24.6596,93.9784,2008-06-09,block_49_187
585,NASA_GLC,27.0998,93.6287,2008-06-14,block_54_187
7655,NASA_GLC,27.5799,91.8569,2016-04-22,block_55_183
9464,NASA_GLC,27.5754,91.9754,2016-08-05,block_55_183
1613,NASA_GLC,27.8997,93.3497,2010-04-02,block_55_186
2282,NASA_GLC,26.1984,94.8158,2010-08-19,block_52_189
2567,NASA_GLC,25.6633,94.4703,2010-10-08,block_51_188
6285,NASA_GLC,26.159,91.8178,2014-09-22,block_52_183
10005,NASA_GLC,26.10973183,91.80317334,2017-07-06,block_52_183
1756,NASA_GLC,27.322,88.6087,2010-04-17,block_54_177
4436,NASA_GLC,26.9986,95.4993,2012-06-25,block_53_190
7910,NASA_GLC,24.3481,94.1146,2015-08-01,block_48_188
1776,NASA_GLC,25.3612,92.2845,2010-04-21,block_50_184
252,NASA_GLC,25.4993,94.1192,2007-09-09,block_50_188
211,NASA_GLC,24.9667,93.55,2007-08-26,block_49_187
7375,NASA_GLC,25.1941,94.4481,2015-08-01,block_50_188
3932,NASA_GLC,25.83,94.13,2011-08-18,block_51_188
3831,NASA_GLC,24.7992,93.948,2011-07-22,block_49_187
6213,NASA_GLC,25.8143,90.5763,2014-09-24,block_51_181
9998,NASA_GLC,27.98531715,94.21263589,2017-07-04,block_55_188
9931,NASA_GLC,25.06657276,93.9310888,2017-06-30,block_50_187
1112,NASA_GLC,27.1761,88.5287,2009-08-20,block_54_177
5431,NASA_GLC,24.9829,93.5063,2013-09-01,block_49_187
3672,NASA_GLC,25.5125,93.3613,2011-06-29,block_51_186
3997,NASA_GLC,27.5161,88.5575,2011-09-30,block_55_177
1108,NASA_GLC,24.9925,93.5,2009-08-20,block_49_187
1935,NASA_GLC,23.8986,91.7599,2010-06-03,block_47_183
11501,NASA_GLC,23.79260297,91.53090192,2018-05-20,block_47_183
3916,NASA_GLC,25.7713,93.8067,2011-08-13,block_51_187
8222,NASA_GLC,26.1961,91.7825,2016-06-22,block_52_183
4241,NASA_GLC,25.1604,93.6795,2012-03-04,block_50_187
1930,NASA_GLC,28.4298,95.8776,2010-05-31,block_56_191
2163,NASA_GLC,25.4196,94.1054,2010-07-29,block_50_188
1934,NASA_GLC,24.6005,92.3814,2010-06-03,block_49_184
545,NASA_GLC,24.9849,92.8411,2008-05-20,block_49_185
7727,NASA_GLC,25.6263,94.1057,2015-08-20,block_51_188
7778,NASA_GLC,23.8447,93.0514,2015-08-26,block_47_186
9142,NASA_GLC,26.3185,94.5247,2016-06-14,block_52_189
4435,NASA_GLC,27.174,95.8011,2012-06-25,block_54_191
5271,NASA_GLC,26.284,94.5808,2013-08-04,block_52_189
7031,NASA_GLC,27.6163,88.6586,2015-05-24,block_55_177
587,NASA_GLC,27.2298,94.0989,2008-06-15,block_54_188
148,NASA_GLC,22.479,92.967,2007-07-30,block_44_185
2539,NASA_GLC,28.3092,95.4149,2010-10-03,block_56_190
6015,NASA_GLC,27.9032,96.174,2014-05-08,block_55_192
870,NASA_GLC,27.4,92.35,2008-10-29,block_54_184
5427,NASA_GLC,25.3833,94.1884,2013-08-15,block_50_188
7666,NASA_GLC,25.1019,93.3729,2015-08-11,block_50_186
126,NASA_GLC,27.1499,88.38,2007-07-16,block_54_176
220,NASA_GLC,25.1333,93.9667,2007-08-31,block_50_187
5123,NASA_GLC,25.7131,94.0885,2013-07-17,block_51_188
9972,NASA_GLC,26.22247247,91.92053028,2017-07-03,block_52_183
9875,NASA_GLC,24.32420539,93.15020652,2017-06-26,block_48_186
7334,NASA_GLC,28.1737,94.7596,2015-08-18,block_56_189
256,NASA_GLC,27.3425,88.6236,2007-09-10,block_54_177
7279,NASA_GLC,24.9818,93.5142,2015-07-24,block_49_187
4569,NASA_GLC,27.8385,88.556,2012-09-19,block_55_177
5084,NASA_GLC,25.616,94.1167,2013-07-12,block_51_188
8996,NASA_GLC,26.1768,91.7702,2016-07-14,block_52_183
9834,NASA_GLC,27.05880384,93.54136779,2017-06-21,block_54_187
9797,NASA_GLC,27.769793,93.50995626,2017-05-24,block_55_187
10004,NASA_GLC,26.14547804,91.79364785,2017-07-10,block_52_183
1109,NASA_GLC,25.5215,93.1645,2009-08-20,block_51_186
1775,NASA_GLC,27.8965,96.1779,2010-04-21,block_55_192
3269,NASA_GLC,28.0791,96.5242,2011-03-22,block_56_193
2283,NASA_GLC,24.8961,93.4957,2010-08-19,block_49_186
3662,NASA_GLC,25.03561729,94.0144205,2011-06-28,block_50_188
7383,NASA_GLC,23.899,94.1434,2015-08-01,block_47_188
11173,NASA_GLC,27.61790706,93.84196894,2017-04-22,block_55_187
4858,NASA_GLC,26.1662,91.7138,2013-05-11,block_52_183
6288,NASA_GLC,26.1985,91.7998,2014-09-22,block_52_183
13263,NASA_GLC,27.303999,92.407813,2017-09-30,block_54_184
9974,NASA_GLC,25.4976444,94.12901274,2017-07-04,block_50_188
9853,NASA_GLC,27.593,88.492,2016-08-16,block_55_176
9877,NASA_GLC,24.21988831,93.20266204,2017-06-26,block_48_186
9876,NASA_GLC,24.30415689,93.18182448,2017-06-27,block_48_186
1125,NASA_GLC,27.3746,88.7648,2009-08-26,block_54_177
10957,NASA_GLC,22.90813548,92.47207294,2017-06-09,block_45_184
10985,NASA_GLC,25.43807422,91.79904872,2017-06-17,block_50_183
12712,NASA_GLC,24.981195,94.018619,2017-09-29,block_49_188
12713,NASA_GLC,25.533595,94.133345,2017-10-22,block_51_188
11170,NASA_GLC,27.14163897,93.66495709,2017-07-09,block_54_187
3633,NASA_GLC,26.3186,94.5121,2011-06-20,block_52_189
11152,NASA_GLC,25.08303063,94.23757741,2017-04-06,block_50_188
11163,NASA_GLC,26.95223279,93.85748748,2017-07-10,block_53_187
11160,NASA_GLC,26.2632687,94.81481951,2017-07-10,block_52_189
11174,NASA_GLC,27.6802471,93.62592773,2017-04-22,block_55_187
7409,NASA_GLC,25.72,94.6219,2015-08-02,block_51_189
6112,NASA_GLC,26.1964,91.7652,2014-06-28,block_52_183
7838,NASA_GLC,23.6866,93.017,2015-08-27,block_47_186
212,NASA_GLC,25.5576,91.8506,2007-08-26,block_51_183
4408,NASA_GLC,25.5498,92.0757,2012-06-13,block_51_184
5429,NASA_GLC,27.3425,88.2426,2013-09-01,block_54_176
7933,NASA_GLC,26.1868,91.6739,2015-09-01,block_52_183
7372,NASA_GLC,25.0634,94.3415,2015-07-31,block_50_188
2570,NASA_GLC,24.837,93.9128,2010-10-08,block_49_187
7389,NASA_GLC,24.4072,94.0644,2015-08-01,block_48_188
142,NASA_GLC,25.5212,90.232,2007-07-27,block_51_180
11164,NASA_GLC,27.1071241,93.65156438,2017-07-09,block_54_187
10963,NASA_GLC,23.33501164,92.85410625,2017-06-12,block_46_185
269,NASA_GLC,27.2872,88.2816,2007-09-18,block_54_176
10979,NASA_GLC,25.195355,93.172758,2017-04-04,block_50_186
10968,NASA_GLC,24.27173018,93.28039349,2017-07-09,block_48_186
11169,NASA_GLC,27.05957271,93.50102778,2017-07-09,block_54_187
11155,NASA_GLC,25.72019272,94.03225673,2017-07-08,block_51_188
11154,NASA_GLC,25.77171292,93.93507183,2017-04-07,block_51_187
11166,NASA_GLC,27.07671517,93.59755441,2017-07-09,block_54_187
11151,NASA_GLC,25.06466676,94.27420555,2017-07-08,block_50_188
11403,NASA_GLC,23.73672831,92.7516868,2018-05-12,block_47_185
319,NASA_GLC,25.4379,94.1162,2007-10-19,block_50_188
2415,NASA_GLC,25.63961883,94.11112157,2010-09-12,block_51_188
7385,NASA_GLC,24.004,93.9815,2015-08-01,block_48_187
3683,NASA_GLC,25.8782,94.1739,2011-07-01,block_51_188
7956,NASA_GLC,26.048,91.8695,2015-09-05,block_52_183
1857,NASA_GLC,25.3433,92.2897,2010-05-11,block_50_184
9232,NASA_GLC,23.5397,93.3783,2016-07-28,block_47_186
3944,NASA_GLC,27.7344,88.633,2011-08-25,block_55_177
7335,NASA_GLC,25.5145,90.2023,2015-08-18,block_51_180
3643,NASA_GLC,27.2879,88.2579,2011-06-23,block_54_176
2106,NASA_GLC,26.8716,94.9921,2010-07-20,block_53_189
2411,NASA_GLC,27.0011,93.7273,2010-09-10,block_54_187
9124,NASA_GLC,25.203,90.5573,2016-07-19,block_50_181
2421,NASA_GLC,23.75406693,92.74128531,2010-09-13,block_47_185
5268,NASA_GLC,26.0137,94.5163,2013-08-04,block_52_189
2405,NASA_GLC,28.3036,95.4112,2010-09-09,block_56_190
2345,NASA_GLC,27.3392,88.6188,2010-08-27,block_54_177
9869,NASA_GLC,26.88161,95.399897,2016-08-16,block_53_190
9934,NASA_GLC,27.01145644,92.64204045,2017-07-01,block_54_185
322,NASA_GLC,24.75,93.4333,2007-10-21,block_49_186
5442,NASA_GLC,27.1614,93.7525,2013-09-02,block_54_187
6292,NASA_GLC,25.7238,89.9032,2014-09-23,block_51_179
5336,NASA_GLC,26.3897,94.9439,2013-08-16,block_52_189
7836,NASA_GLC,24.042,92.6724,2015-08-27,block_48_185
7923,NASA_GLC,26.49349035,91.72137514,2015-09-01,block_52_183
3760,NASA_GLC,25.6703,94.1095,2011-07-11,block_51_188
1084,NASA_GLC,27.7,92.8,2009-08-12,block_55_185
2166,NASA_GLC,24.9786,93.5027,2010-07-29,block_49_187
8366,NASA_GLC,25.583,91.893,2015-09-23,block_51_183
11956,NASA_GLC,22.148327,92.80921064,1970-01-01,block_44_185
5430,NASA_GLC,24.9037,93.487,2013-09-01,block_49_186
8901,NASA_GLC,25.7902,94.1318,2016-07-10,block_51_188
5337,NASA_GLC,26.4205,94.9731,2013-08-16,block_52_189
6106,NASA_GLC,26.1407,91.7645,2014-06-26,block_52_183
7373,NASA_GLC,24.9111,94.4759,2015-08-01,block_49_188
7887,NASA_GLC,27.8835,96.9262,2015-08-16,block_55_193
7972,NASA_GLC,23.4495,92.8112,2015-08-28,block_46_185
5107,NASA_GLC,25.6269,94.1139,2013-07-15,block_51_188
5343,NASA_GLC,24.7625,93.4341,2013-08-17,block_49_186
6990,NASA_GLC,26.0319,94.5466,2015-06-24,block_52_189
9169,NASA_GLC,26.1677,94.2442,2016-06-12,block_52_188
4313,NASA_GLC,28.4659,95.86,2012-04-08,block_56_191
4892,NASA_GLC,27.8776,94.25,2013-06-01,block_55_188
7664,NASA_GLC,24.7459,93.4251,2015-08-11,block_49_186
2420,NASA_GLC,23.72988966,92.71495623,2010-09-13,block_47_185
7837,NASA_GLC,23.7269,92.7265,2015-08-27,block_47_185
5338,NASA_GLC,26.8727,94.9275,2013-08-16,block_53_189
4385,NASA_GLC,27.7167,88.5577,2012-06-03,block_55_177
9428,NASA_GLC,27.5523,91.752,2016-04-22,block_55_183
6331,NASA_GLC,25.9466,94.6279,2014-09-08,block_51_189
1987,NASA_GLC,25.2269,93.1658,2010-06-15,block_50_186
6775,NASA_GLC,26.1468,91.6469,2015-02-14,block_52_183
4860,NASA_GLC,26.1016,91.6906,2013-05-11,block_52_183
3619,NASA_GLC,27.4885,88.4451,2011-06-17,block_54_176
11149,NASA_GLC,24.82767572,93.51825,2017-07-09,block_49_187
10975,NASA_GLC,25.61919207,92.7094701,2017-04-29,block_51_185
10973,NASA_GLC,26.181606,91.772042,2016-12-15,block_52_183
9733,NASA_GLC,23.86469956,91.8949662,2017-06-03,block_47_183
2575,NASA_GLC,25.5242,92.9914,2010-10-09,block_51_185
3840,NASA_GLC,24.6869,93.9157,2011-07-25,block_49_187
4906,NASA_GLC,26.0977,94.7499,2013-06-07,block_52_189
9952,NASA_GLC,26.10430759,91.86227824,2017-07-03,block_52_183
9993,NASA_GLC,27.97875751,94.26296826,2017-07-04,block_55_188
9704,NASA_GLC,25.11956675,94.36416626,2017-06-12,block_50_188
264,NASA_GLC,26.1833,91.8,2007-09-13,block_52_183
2263,NASA_GLC,26.2753,94.6654,2010-08-17,block_52_189
9087,NASA_GLC,28.235,94.9612,2016-07-19,block_56_189
5006,NASA_GLC,26.1147,94.3864,2013-07-01,block_52_188
12715,NASA_GLC,25.26049558,94.01914123,2017-08-26,block_50_188
7265,NASA_GLC,25.5007,93.9854,2015-07-22,block_51_187
6290,NASA_GLC,25.5772,91.8666,2014-09-23,block_51_183
2437,NASA_GLC,23.7527,92.694,2010-09-16,block_47_185
7371,NASA_GLC,23.9939,94.0573,2015-08-01,block_47_188
1129,NASA_GLC,24.8628,94.4182,2009-08-30,block_49_188
3912,NASA_GLC,27.44,92.2833,2011-08-12,block_54_184
2423,NASA_GLC,23.73504471,92.71060943,2010-09-13,block_47_185
7336,NASA_GLC,25.2193,90.5549,2015-08-19,block_50_181
3925,NASA_GLC,27.4888,93.0153,2011-08-15,block_54_186
2113,NASA_GLC,27.3773,88.559,2010-07-21,block_54_177
1596,NASA_GLC,24.7339,93.9161,2010-03-27,block_49_187
7699,NASA_GLC,26.0214,94.5224,2015-08-19,block_52_189
7374,NASA_GLC,25.1122,94.3591,2015-08-01,block_50_188
10980,NASA_GLC,25.181453,93.118105,2017-04-04,block_50_186
3789,NASA_GLC,27.2743,92.9064,2011-07-16,block_54_185
4403,NASA_GLC,24.8142,93.5444,2012-06-10,block_49_187
2243,NASA_GLC,25.70223725,94.04619681,2010-08-13,block_51_188
258,NASA_GLC,24.4279,94.0564,2007-09-11,block_48_188
9731,NASA_GLC,23.83291945,92.63125938,2017-08-26,block_47_185
12719,NASA_GLC,25.03190213,92.42257695,2018-04-28,block_50_184
7706,NASA_GLC,25.0728,92.3636,2015-08-19,block_50_184
7276,NASA_GLC,26.1062,91.8717,2015-07-25,block_52_183
6287,NASA_GLC,26.1295,91.7056,2014-09-22,block_52_183
5273,NASA_GLC,26.1807,94.5497,2013-08-04,block_52_189
9336,NASA_GLC,24.5308,92.5121,2016-05-18,block_49_185
2574,NASA_GLC,25.4749,93.1477,2010-10-09,block_50_186
6282,NASA_GLC,26.1097,91.7747,2014-09-22,block_52_183
11176,NASA_GLC,28.10756941,94.18315697,2017-06-20,block_56_188
11150,NASA_GLC,24.79591421,93.72386429,2017-03-30,block_49_187
11153,NASA_GLC,24.83507319,93.89896294,2017-07-09,block_49_187
4905,NASA_GLC,26.0977,94.7031,2013-06-07,block_52_189
4394,NASA_GLC,27.1748,88.6458,2012-06-07,block_54_177
10972,NASA_GLC,26.191688,91.810079,2016-12-15,block_52_183
10974,NASA_GLC,26.16066111,91.85294885,2017-04-05,block_52_183
11168,NASA_GLC,27.20938411,93.61539279,2017-07-11,block_54_187
11167,NASA_GLC,27.11610665,93.79559574,2017-07-09,block_54_187
10987,NASA_GLC,25.67836832,91.9234343,2017-06-17,block_51_183
2324,NASA_GLC,24.8029,93.6228,2010-08-24,block_49_187
11332,NASA_GLC,24.86388954,93.62191829,2018-05-10,block_49_187
3637,NASA_GLC,25.51614662,94.2341227,2011-06-21,block_51_188
7589,NASA_GLC,25.2568,92.3825,2015-08-19,block_50_184
9404,NASA_GLC,28.0822,96.5316,2016-05-01,block_56_193
8995,NASA_GLC,26.1963,91.8074,2016-07-14,block_52_183
12716,NASA_GLC,25.14429782,93.97198129,2017-06-05,block_50_187
1061,NASA_GLC,27.478,88.527,2009-07-01,block_54_177
9984,NASA_GLC,26.1445447,94.24416766,2017-07-01,block_52_188
9940,NASA_GLC,26.20450454,91.87202793,2017-07-03,block_52_183
9966,NASA_GLC,26.092493,94.257523,2016-09-05,block_52_188
9983,NASA_GLC,26.11613908,94.24222574,2017-07-01,block_52_188
9989,NASA_GLC,23.69461107,92.87641207,2017-06-28,block_47_185
9745,NASA_GLC,24.19467451,91.82931979,2017-06-03,block_48_183
4382,NASA_GLC,25.1175,92.8573,2012-06-03,block_50_185
3560,NASA_GLC,24.8286,93.5935,2011-05-31,block_49_187
5270,NASA_GLC,26.0481,94.4619,2013-08-04,block_52_188
10007,NASA_GLC,26.19037705,91.77306002,2017-07-10,block_52_183
2436,NASA_GLC,24.3069,93.125,2010-09-16,block_48_186
10977,NASA_GLC,25.481623,93.141692,2017-04-04,block_50_186
11162,NASA_GLC,26.56636244,93.13195098,2017-07-09,block_53_186
4426,NASA_GLC,26.1226,91.7162,2012-06-22,block_52_183
3881,NASA_GLC,27.1034,93.6885,2011-08-05,block_54_187
8900,NASA_GLC,25.0118,94.3136,2016-07-07,block_50_188
9742,NASA_GLC,25.67061161,94.11844319,2017-06-02,block_51_188
1611,NASA_GLC,25.1553,93.028,2010-04-01,block_50_186
6105,NASA_GLC,28.9205,95.3429,2014-06-26,block_57_190
10989,NASA_GLC,25.51826286,91.9630294,2017-02-15,block_51_183
9701,NASA_GLC,24.938948,93.496837,2017-09-21,block_49_186
8684,NASA_GLC,25.9611,91.3681,2016-07-07,block_51_182
241,NASA_GLC,27.201,88.4883,2007-09-07,block_54_176
4392,NASA_GLC,29.2409,95.9761,2012-06-06,block_58_191
868,NASA_GLC,26.3333,91.25,2008-10-29,block_52_182
1168,NASA_GLC,27.1954,88.6115,2009-09-17,block_54_177
714,NASA_GLC,27.163,94.0,2008-08-14,block_54_188
6110,NASA_GLC,26.1619,91.7697,2014-06-27,block_52_183
11159,NASA_GLC,25.6320357,94.10065403,2017-07-09,block_51_188
10967,NASA_GLC,24.37169581,93.70684171,2017-07-10,block_48_187
11459,NASA_GLC,24.98793655,93.49870413,2018-06-03,block_49_186
11530,NASA_GLC,22.87370331,92.7581259,2018-06-05,block_45_185
6968,NASA_GLC,25.463,92.2121,2015-06-13,block_50_184
2577,NASA_GLC,25.5265,93.8673,2010-10-09,block_51_187
4571,NASA_GLC,27.6558,88.605,2012-09-19,block_55_177
5122,NASA_GLC,25.7658,93.9413,2013-07-17,block_51_187
9951,NASA_GLC,26.1061808,91.85158907,2017-07-03,block_52_183
255,NASA_GLC,24.2451,94.0691,2007-09-10,block_48_188
11183,NASA_GLC,27.360364,88.651914,2017-07-10,block_54_177
10986,NASA_GLC,25.82860033,91.876717,2017-07-06,block_51_183
11357,NASA_GLC,24.02515388,91.49747518,2018-05-18,block_48_182
6222,NASA_GLC,27.1249,93.7706,2014-10-01,block_54_187
3525,NASA_GLC,25.0672,93.4093,2011-05-22,block_50_186
7263,NASA_GLC,25.4477,94.0489,2015-07-22,block_50_188
7264,NASA_GLC,25.4538,93.9827,2015-07-22,block_50_187
12714,NASA_GLC,25.658708,94.098536,2017-09-30,block_51_188
12718,NASA_GLC,25.55544,93.63981,2017-08-28,block_51_187
5250,NASA_GLC,27.8837,93.0515,2013-08-01,block_55_186
7364,NASA_GLC,24.819,94.3551,2015-07-31,block_49_188
4393,NASA_GLC,27.7565,88.632,2012-06-07,block_55_177
2247,NASA_GLC,26.148,94.8422,2010-08-14,block_52_189
313,NASA_GLC,25.7055,94.0132,2007-10-16,block_51_188
3532,NASA_GLC,25.0888,92.8551,2011-05-24,block_50_185
6970,NASA_GLC,25.5084,90.2191,2015-06-16,block_51_180
6284,NASA_GLC,26.1324,91.8342,2014-09-22,block_52_183
9251,NASA_GLC,25.8702,94.7844,2016-07-28,block_51_189
7253,NASA_GLC,24.7979,92.9974,2015-07-22,block_49_185
5603,NASA_GLC,25.426,94.6024,2013-10-13,block_50_189
7591,NASA_GLC,25.0318,92.4584,2015-03-19,block_50_184
4434,NASA_GLC,26.1049,91.7369,2012-06-25,block_52_183
3556,NASA_GLC,25.1555,93.8474,2011-05-31,block_50_187
2569,NASA_GLC,25.2745,94.0212,2010-10-08,block_50_188
4407,NASA_GLC,25.0951,92.3567,2012-06-13,block_50_184
3738,NASA_GLC,24.8063,93.9482,2011-07-06,block_49_187
5575,NASA_GLC,25.8266,94.1497,2013-10-05,block_51_188
6945,NASA_GLC,25.16,93.686,2015-06-19,block_50_187
2343,NASA_GLC,25.4786,94.1327,2010-08-27,block_50_188
5441,NASA_GLC,28.611,94.9829,2013-09-02,block_57_189
7387,NASA_GLC,24.954,94.2156,2015-08-01,block_49_188
6291,NASA_GLC,25.7354,90.3852,2014-09-21,block_51_180
9917,NASA_GLC,24.768609,92.821182,2016-09-01,block_49_185
4908,NASA_GLC,27.3721,88.708,2013-06-08,block_54_177
9948,NASA_GLC,24.95178179,94.20340026,2017-07-01,block_49_188
57,NASA_GLC,27.4459,88.6193,2007-04-11,block_54_177
141,NASA_GLC,25.38,91.88,2007-07-26,block_50_183
3983,NASA_GLC,26.1548,91.7351,2011-09-23,block_52_183
7370,NASA_GLC,24.1419,94.1078,2015-08-01,block_48_188
213,NASA_GLC,25.2946,92.8339,2007-08-26,block_50_185
5272,NASA_GLC,26.2083,94.5438,2013-08-04,block_52_189
5312,NASA_GLC,26.7103,94.693,2013-08-11,block_53_189
511,GSI,25.23908,90.63944,,block_50_181
22463,GSI,25.39466,90.69083,,block_50_181
22701,GSI,25.512611,90.658611,,block_51_181
22459,GSI,25.50781,90.68,,block_51_181
22460,GSI,25.5014,90.68972,,block_51_181
27533,GSI,25.56,90.37,,block_51_180
27532,GSI,25.56,90.34,,block_51_180
27531,GSI,25.55,90.33,,block_51_180
27510,GSI,25.51,90.21,,block_51_180
27513,GSI,25.5,90.21,,block_51_180
27514,GSI,25.5,90.22,,block_51_180
568,GSI,25.25419,90.21486,,block_50_180
27509,GSI,25.53,89.98,,block_51_179
27507,GSI,25.57,89.98,,block_51_179
27506,GSI,25.58,89.99,,block_51_179
27511,GSI,25.6,90.03,,block_51_180
27512,GSI,25.67,90.18,,block_51_180
27519,GSI,25.6,90.29,,block_51_180
27520,GSI,25.61,90.29,,block_51_180
27523,GSI,25.61,90.3,,block_51_180
27524,GSI,25.61,90.31,,block_51_180
27525,GSI,25.62,90.33,,block_51_180
27527,GSI,25.63,90.33,,block_51_180
27530,GSI,25.65,90.38,,block_51_180
27517,GSI,25.79,90.44,,block_51_180
19857,GSI,26.006,90.595,,block_52_181
19858,GSI,26.061,90.605,,block_52_181
19839,GSI,26.3848,90.5943,,block_52_181
19838,GSI,26.3733,90.5499,,block_52_181
19631,GSI,26.394,90.48,,block_52_180
19632,GSI,26.198,90.298,,block_52_180
12474,GSI,27.749111,88.542972,,block_55_177
12476,GSI,27.740944,88.545361,,block_55_177
12478,GSI,27.735278,88.54925,,block_55_177
12501,GSI,27.726083,88.54975,,block_55_177
12238,GSI,27.704306,88.560694,,block_55_177
12269,GSI,27.662444,88.602556,,block_55_177
12268,GSI,27.676722,88.597194,,block_55_177
12267,GSI,27.697139,88.57025,,block_55_177
12242,GSI,27.700444,88.566083,,block_55_177
12271,GSI,27.641139,88.612,,block_55_177
12449,GSI,27.637167,88.712028,,block_55_177
12451,GSI,27.675778,88.733417,,block_55_177
12473,GSI,27.686389,88.73875,,block_55_177
13376,GSI,27.6295,88.692778,,block_55_177
13375,GSI,27.628083,88.685306,,block_55_177
13373,GSI,27.611333,88.655222,,block_55_177
12272,GSI,27.629944,88.619833,,block_55_177
12430,GSI,27.619722,88.618861,,block_55_177
12431,GSI,27.61775,88.623639,,block_55_177
11882,GSI,27.575444,88.651417,,block_55_177
11881,GSI,27.554889,88.654444,,block_55_177
11941,GSI,27.545694,88.636,,block_55_177
11942,GSI,27.548417,88.641944,,block_55_177
11940,GSI,27.5435,88.628306,,block_55_177
13342,GSI,27.552861,88.622306,,block_55_177
13343,GSI,27.547111,88.602667,,block_55_177
11939,GSI,27.535056,88.610194,,block_55_177
13346,GSI,27.553583,88.577194,,block_55_177
13344,GSI,27.549194,88.583556,,block_55_177
13371,GSI,27.54375,88.58475,,block_55_177
14482,GSI,27.535333,88.497972,,block_55_176
11841,GSI,27.517306,88.542889,,block_55_177
11824,GSI,27.502,88.5375,,block_55_177
521,GSI,27.48603,88.53269,,block_54_177
519,GSI,27.5091,88.53848,,block_55_177
8676,GSI,27.438389,88.514389,,block_54_177
8674,GSI,27.433083,88.514528,,block_54_177
8948,GSI,27.438778,88.527444,,block_54_177
8678,GSI,27.448306,88.519667,,block_54_177
8811,GSI,27.461694,88.523472,,block_54_177
8813,GSI,27.482583,88.52875,,block_54_177
8944,GSI,27.437889,88.601694,,block_54_177
11842,GSI,27.514972,88.565472,,block_55_177
11843,GSI,27.516444,88.587361,,block_55_177
11844,GSI,27.527333,88.590778,,block_55_177
11845,GSI,27.529639,88.598139,,block_55_177
11873,GSI,27.527194,88.603222,,block_55_177
11854,GSI,27.531667,88.606333,,block_55_177
8913,GSI,27.437444,88.613972,,block_54_177
8912,GSI,27.429556,88.611667,,block_54_177
8719,GSI,27.417444,88.621083,,block_54_177
8920,GSI,27.418472,88.616083,,block_54_177
8909,GSI,27.412111,88.627083,,block_54_177
8885,GSI,27.394,88.62525,,block_54_177
8888,GSI,27.398083,88.614583,,block_54_177
8932,GSI,27.383806,88.633083,,block_54_177
8934,GSI,27.384444,88.639611,,block_54_177
26072,GSI,27.393056,88.635278,,block_54_177
9030,GSI,27.365056,88.655167,,block_54_177
8636,GSI,27.340917,88.628389,,block_54_177
8908,GSI,27.376306,88.629583,,block_54_177
8906,GSI,27.372333,88.617556,,block_54_177
8723,GSI,27.348722,88.600556,,block_54_177
8914,GSI,27.426361,88.583028,,block_54_177
8937,GSI,27.40825,88.571167,,block_54_177
566,GSI,27.4097,88.54371,,block_54_177
8657,GSI,27.397083,88.519167,,block_54_177
8673,GSI,27.426,88.514,,block_54_177
8660,GSI,27.420028,88.515944,,block_54_177
8659,GSI,27.411306,88.516611,,block_54_177
8725,GSI,27.330778,88.49225,,block_54_176
8916,GSI,27.375194,88.54275,,block_54_177
8699,GSI,27.315028,88.558611,,block_54_177
189,GSI,27.28408,88.54611,,block_54_177
8724,GSI,27.315083,88.506056,,block_54_177
8749,GSI,27.240861,88.486278,,block_54_176
8750,GSI,27.240556,88.48025,,block_54_176
10189,GSI,27.23575,88.506472,,block_54_177
546,GSI,27.23772,88.51384,,block_54_177
9788,GSI,27.250556,88.53325,,block_54_177
10192,GSI,27.245028,88.524389,,block_54_177
8696,GSI,27.265944,88.534556,,block_54_177
9789,GSI,27.254778,88.542444,,block_54_177
8714,GSI,27.259694,88.550417,,block_54_177
9942,GSI,27.262583,88.562389,,block_54_177
8899,GSI,27.237694,88.598806,,block_54_177
14481,GSI,27.24144,88.60681,,block_54_177
26071,GSI,27.315833,88.606667,,block_54_177
9943,GSI,27.292944,88.589417,,block_54_177
8838,GSI,27.282444,88.598917,,block_54_177
8840,GSI,27.329472,88.648917,,block_54_177
8839,GSI,27.293556,88.642056,,block_54_177
10184,GSI,27.246194,88.625694,,block_54_177
8895,GSI,27.22975,88.619361,,block_54_177
10185,GSI,27.233417,88.634806,,block_54_177
9781,GSI,27.235917,88.645167,,block_54_177
9782,GSI,27.250972,88.659833,,block_54_177
8691,GSI,27.257083,88.65975,,block_54_177
9784,GSI,27.257083,88.696583,,block_54_177
9783,GSI,27.252667,88.694194,,block_54_177
9809,GSI,27.250889,88.715444,,block_54_177
9807,GSI,27.25475,88.711,,block_54_177
9808,GSI,27.259833,88.711722,,block_54_177
9786,GSI,27.258222,88.704778,,block_54_177
9034,GSI,27.378667,88.699611,,block_54_177
8847,GSI,27.372278,88.688944,,block_54_177
9006,GSI,27.370861,88.683167,,block_54_177
26070,GSI,27.370278,88.673611,,block_54_177
9031,GSI,27.381306,88.690444,,block_54_177
8844,GSI,27.383361,88.702611,,block_54_177
9968,GSI,27.372806,88.739139,,block_54_177
9990,GSI,27.375028,88.728278,,block_54_177
9033,GSI,27.380806,88.726,,block_54_177
9163,GSI,27.373472,88.721944,,block_54_177
9944,GSI,27.369333,88.714917,,block_54_177
12154,GSI,27.367111,88.776028,,block_54_177
12156,GSI,27.364583,88.787333,,block_54_177
12174,GSI,27.368917,88.794611,,block_54_177
12155,GSI,27.37475,88.782889,,block_54_177
12153,GSI,27.378306,88.770083,,block_54_177
12129,GSI,27.38375,88.808694,,block_54_177
12132,GSI,27.361583,88.839306,,block_54_177
12131,GSI,27.364722,88.834917,,block_54_177
12105,GSI,27.376222,88.799667,,block_54_177
12134,GSI,27.3145,88.8365,,block_54_177
12135,GSI,27.292583,88.820417,,block_54_177
12157,GSI,27.288667,88.816111,,block_54_177
12158,GSI,27.279972,88.804278,,block_54_177
12159,GSI,27.264694,88.792667,,block_54_177
11822,GSI,27.2615,88.788778,,block_54_177
11823,GSI,27.253528,88.786111,,block_54_177
283,GSI,27.17925,88.65875,,block_54_177
9966,GSI,27.198928,88.66095,,block_54_177
9965,GSI,27.201278,88.665381,,block_54_177
10032,GSI,27.205047,88.689053,,block_54_177
9963,GSI,27.22075,88.699833,,block_54_177
10183,GSI,27.206653,88.679953,,block_54_177
10033,GSI,27.207264,88.672817,,block_54_177
10031,GSI,27.203869,88.658333,,block_54_177
8690,GSI,27.220861,88.657111,,block_54_177
282,GSI,27.2064444,88.6433611,,block_54_177
280,GSI,27.19375,88.6505556,,block_54_177
284,GSI,27.1956389,88.6340278,,block_54_177
10028,GSI,27.199722,88.641633,,block_54_177
9986,GSI,27.195703,88.625444,,block_54_177
8689,GSI,27.214222,88.608361,,block_54_177
8926,GSI,27.203194,88.600278,,block_54_177
8900,GSI,27.205,88.591722,,block_54_177
8923,GSI,27.2115,88.58775,,block_54_177
286,GSI,27.1913333,88.5865278,,block_54_177
8927,GSI,27.19,88.564472,,block_54_177
8709,GSI,27.189261,88.595686,,block_54_177
9985,GSI,27.192989,88.603083,,block_54_177
9342,GSI,27.165586,88.488511,,block_54_176
9341,GSI,27.158111,88.491722,,block_54_176
9322,GSI,27.153528,88.494389,,block_54_176
8790,GSI,27.15425,88.500333,,block_54_177
9321,GSI,27.160722,88.505889,,block_54_177
9344,GSI,27.165528,88.496556,,block_54_176
9975,GSI,27.158972,88.514611,,block_54_177
296,GSI,27.1585,88.529,,block_54_177
9947,GSI,27.157694,88.522194,,block_54_177
9971,GSI,27.163861,88.52,,block_54_177
9993,GSI,27.179639,88.519778,,block_54_177
295,GSI,27.1790556,88.5331111,,block_54_177
9995,GSI,27.180417,88.51025,,block_54_177
10165,GSI,27.188528,88.501194,,block_54_177
10186,GSI,27.223833,88.491833,,block_54_176
8789,GSI,27.178111,88.430556,,block_54_176
8903,GSI,27.206611,88.442814,,block_54_176
9111,GSI,27.220972,88.397639,,block_54_176
9210,GSI,27.216639,88.392361,,block_54_176
9134,GSI,27.221778,88.390861,,block_54_176
9132,GSI,27.220917,88.385083,,block_54_176
9214,GSI,27.20825,88.387667,,block_54_176
9113,GSI,27.212583,88.399333,,block_54_176
9215,GSI,27.202417,88.391583,,block_54_176
9213,GSI,27.195722,88.387472,,block_54_176
8702,GSI,27.18175,88.395778,,block_54_176
9130,GSI,27.189222,88.391056,,block_54_176
8787,GSI,27.166611,88.417528,,block_54_176
8940,GSI,27.158417,88.420139,,block_54_176
8987,GSI,27.160194,88.415056,,block_54_176
8975,GSI,27.153083,88.412056,,block_54_176
8974,GSI,27.16375,88.406417,,block_54_176
8711,GSI,27.177056,88.402611,,block_54_176
8973,GSI,27.166528,88.401333,,block_54_176
8701,GSI,27.172444,88.386972,,block_54_176
8949,GSI,27.172333,88.381444,,block_54_176
8950,GSI,27.168167,88.384556,,block_54_176
8972,GSI,27.16275,88.383306,,block_54_176
8773,GSI,27.155306,88.390278,,block_54_176
9003,GSI,27.133722,88.390833,,block_54_176
8744,GSI,27.131528,88.384417,,block_54_176
9000,GSI,27.137694,88.401556,,block_54_176
8976,GSI,27.130056,88.412944,,block_54_176
8977,GSI,27.133583,88.404583,,block_54_176
8736,GSI,27.128694,88.442778,,block_54_176
8735,GSI,27.150778,88.4385,,block_54_176
8943,GSI,27.15625,88.430722,,block_54_176
9367,GSI,27.165833,88.436667,,block_54_176
8791,GSI,27.165,88.444444,,block_54_176
8792,GSI,27.159194,88.444361,,block_54_176
8793,GSI,27.154722,88.443056,,block_54_176
8967,GSI,27.163556,88.458833,,block_54_176
9346,GSI,27.174389,88.452028,,block_54_176
8965,GSI,27.169583,88.462361,,block_54_176
8713,GSI,27.158583,88.466306,,block_54_176
8754,GSI,27.102,88.458667,,block_54_176
8753,GSI,27.106694,88.449389,,block_54_176
8751,GSI,27.106944,88.43375,,block_54_176
8982,GSI,27.096444,88.433375,,block_54_176
8777,GSI,27.08275,88.434778,,block_54_176
8776,GSI,27.084722,88.443833,,block_54_176
8755,GSI,27.093278,88.457444,,block_54_176
8979,GSI,27.098417,88.400167,,block_54_176
8778,GSI,27.087667,88.416528,,block_54_176
8780,GSI,27.090944,88.406833,,block_54_176
8954,GSI,27.103111,88.402722,,block_54_176
8981,GSI,27.101194,88.394611,,block_54_176
8746,GSI,27.125528,88.384556,,block_54_176
8935,GSI,27.107417,88.363139,,block_54_176
8801,GSI,27.101083,88.3615,,block_54_176
10060,GSI,27.122611,88.343389,,block_54_176
10055,GSI,27.110583,88.340472,,block_54_176
8781,GSI,27.097833,88.3785,,block_54_176
291,GSI,27.1175556,88.3236667,,block_54_176
10056,GSI,27.123889,88.319778,,block_54_176
10059,GSI,27.12825,88.292194,,block_54_176
10058,GSI,27.127194,88.308306,,block_54_176
8959,GSI,27.145444,88.305694,,block_54_176
8960,GSI,27.151028,88.309889,,block_54_176
8685,GSI,27.159472,88.300028,,block_54_176
8684,GSI,27.157694,88.306806,,block_54_176
8963,GSI,27.155028,88.319556,,block_54_176
8962,GSI,27.159639,88.318889,,block_54_176
8958,GSI,27.144167,88.311083,,block_54_176
10080,GSI,27.126444,88.340444,,block_54_176
10082,GSI,27.133806,88.342778,,block_54_176
10084,GSI,27.149722,88.348333,,block_54_176
8747,GSI,27.126306,88.378667,,block_54_176
8748,GSI,27.134306,88.370528,,block_54_176
8768,GSI,27.139944,88.368167,,block_54_176
8770,GSI,27.145056,88.370778,,block_54_176
8774,GSI,27.159972,88.379083,,block_54_176
13753,GSI,27.172228,88.372,,block_54_176
8936,GSI,27.177167,88.369611,,block_54_176
9159,GSI,27.171139,88.354611,,block_54_176
8988,GSI,27.158,88.347972,,block_54_176
9137,GSI,27.200861,88.340861,,block_54_176
9138,GSI,27.199028,88.350417,,block_54_176
9090,GSI,27.2215,88.370667,,block_54_176
9091,GSI,27.221444,88.376167,,block_54_176
259,GSI,27.2179444,88.3180833,,block_54_176
10062,GSI,27.204694,88.32375,,block_54_176
10041,GSI,27.213556,88.321833,,block_54_176
10063,GSI,27.191639,88.325861,,block_54_176
260,GSI,27.1848056,88.3168333,,block_54_176
9397,GSI,27.181222,88.309528,,block_54_176
9393,GSI,27.191917,88.2885,,block_54_176
9158,GSI,27.226556,88.308861,,block_54_176
9391,GSI,27.222917,88.281972,,block_54_176
9371,GSI,27.219917,88.276306,,block_54_176
9372,GSI,27.220306,88.261861,,block_54_176
9368,GSI,27.20175,88.268194,,block_54_176
9114,GSI,27.1545,88.275667,,block_54_176
9117,GSI,27.129861,88.266222,,block_54_176
12168,GSI,27.171083,88.245417,,block_54_176
11893,GSI,27.167972,88.224778,,block_54_176
12169,GSI,27.1645,88.228444,,block_54_176
11892,GSI,27.156944,88.230778,,block_54_176
11918,GSI,27.141,88.211194,,block_54_176
11894,GSI,27.164472,88.213889,,block_54_176
12330,GSI,27.185944,88.197944,,block_54_176
12329,GSI,27.197111,88.208722,,block_54_176
12332,GSI,27.186611,88.206278,,block_54_176
12141,GSI,27.219444,88.234361,,block_54_176
12139,GSI,27.225556,88.240333,,block_54_176
12388,GSI,27.2275,88.220278,,block_54_176
12389,GSI,27.2195,88.210222,,block_54_176
12138,GSI,27.216361,88.199667,,block_54_176
11922,GSI,27.181167,88.192028,,block_54_176
12151,GSI,27.166278,88.144333,,block_54_176
12127,GSI,27.158056,88.141528,,block_54_176
12126,GSI,27.144056,88.127361,,block_54_176
12148,GSI,27.128694,88.141639,,block_54_176
11901,GSI,27.128333,88.148833,,block_54_176
11947,GSI,27.171639,88.159333,,block_54_176
12117,GSI,27.165333,88.162028,,block_54_176
12118,GSI,27.157361,88.171667,,block_54_176
11945,GSI,27.152722,88.190833,,block_54_176
11946,GSI,27.149972,88.184222,,block_54_176
12120,GSI,27.142028,88.172139,,block_54_176
12119,GSI,27.141944,88.180222,,block_54_176
11929,GSI,27.1205,88.152722,,block_54_176
11928,GSI,27.121611,88.145528,,block_54_176
11925,GSI,27.122,88.139889,,block_54_176
11919,GSI,27.123833,88.225333,,block_54_176
11921,GSI,27.121611,88.237,,block_54_176
12147,GSI,27.149889,88.096861,,block_54_176
12121,GSI,27.157861,88.090194,,block_54_176
11952,GSI,27.158222,88.100361,,block_54_176
11951,GSI,27.161,88.094306,,block_54_176
12125,GSI,27.173861,88.092111,,block_54_176
11953,GSI,27.170833,88.086361,,block_54_176
287,GSI,27.1889167,88.0604722,,block_54_176
12212,GSI,27.295444,88.094583,,block_54_176
12601,GSI,27.294889,88.079944,,block_54_176
12447,GSI,27.289861,88.084389,,block_54_176
12446,GSI,27.280889,88.084333,,block_54_176
12445,GSI,27.27575,88.084972,,block_54_176
12425,GSI,27.269917,88.077111,,block_54_176
12423,GSI,27.248583,88.117444,,block_54_176
12213,GSI,27.270667,88.142056,,block_54_176
12586,GSI,27.258889,88.145611,,block_54_176
12585,GSI,27.254389,88.145306,,block_54_176
12612,GSI,27.246944,88.184833,,block_54_176
12611,GSI,27.251722,88.182972,,block_54_176
12610,GSI,27.252139,88.176944,,block_54_176
12609,GSI,27.260167,88.171889,,block_54_176
12426,GSI,27.27,88.179944,,block_54_176
12428,GSI,27.270056,88.174444,,block_54_176
12584,GSI,27.27075,88.167417,,block_54_176
12607,GSI,27.257361,88.165333,,block_54_176
12589,GSI,27.255861,88.156139,,block_54_176
12382,GSI,27.281444,88.187833,,block_54_176
12404,GSI,27.283444,88.192639,,block_54_176
11924,GSI,27.304028,88.178806,,block_54_176
12258,GSI,27.315778,88.178944,,block_54_176
12540,GSI,27.313722,88.189917,,block_54_176
190,GSI,27.31892,88.16222,,block_54_176
12603,GSI,27.282667,88.108278,,block_54_176
12606,GSI,27.288444,88.102667,,block_54_176
12210,GSI,27.29525,88.102694,,block_54_176
12566,GSI,27.347278,88.196833,,block_54_176
12546,GSI,27.335,88.206722,,block_54_176
12545,GSI,27.333333,88.212972,,block_54_176
12543,GSI,27.342,88.223722,,block_54_176
9116,GSI,27.3515,88.273028,,block_54_176
984,GSI,27.2810278,88.2673611,,block_54_176
951,GSI,27.2853611,88.2490278,,block_54_176
983,GSI,27.2951944,88.2500278,,block_54_176
12541,GSI,27.320611,88.219611,,block_54_176
12544,GSI,27.326444,88.219,,block_54_176
12255,GSI,27.324944,88.213861,,block_54_176
12521,GSI,27.30675,88.199083,,block_54_176
12406,GSI,27.285,88.197583,,block_54_176
12407,GSI,27.281028,88.227667,,block_54_176
12520,GSI,27.301972,88.218778,,block_54_176
12384,GSI,27.260861,88.233278,,block_54_176
12284,GSI,27.261778,88.197194,,block_54_176
12383,GSI,27.258778,88.202639,,block_54_176
12285,GSI,27.253889,88.210028,,block_54_176
12309,GSI,27.245028,88.226861,,block_54_176
12288,GSI,27.241333,88.233972,,block_54_176
12287,GSI,27.236889,88.235917,,block_54_176
12286,GSI,27.233194,88.246361,,block_54_176
12385,GSI,27.258306,88.245306,,block_54_176
9816,GSI,27.275917,88.254278,,block_54_176
680,GSI,27.2727778,88.28,,block_54_176
9843,GSI,27.252167,88.272778,,block_54_176
9370,GSI,27.243806,88.2725,,block_54_176
258,GSI,27.2375833,88.2983056,,block_54_176
294,GSI,27.2502222,88.3019444,,block_54_176
9165,GSI,27.237917,88.30475,,block_54_176
9166,GSI,27.230583,88.306056,,block_54_176
9140,GSI,27.239972,88.332778,,block_54_176
9141,GSI,27.242139,88.327389,,block_54_176
9819,GSI,27.2755,88.308056,,block_54_176
9820,GSI,27.27325,88.303417,,block_54_176
9841,GSI,27.257194,88.305444,,block_54_176
293,GSI,27.2633889,88.2926667,,block_54_176
9115,GSI,27.293417,88.294917,,block_54_176
8968,GSI,27.306861,88.368444,,block_54_176
9839,GSI,27.306806,88.375194,,block_54_176
8682,GSI,27.28425,88.370056,,block_54_176
8681,GSI,27.263194,88.377139,,block_54_176
8929,GSI,27.242917,88.354417,,block_54_176
8952,GSI,27.244056,88.348056,,block_54_176
8794,GSI,27.233667,88.348389,,block_54_176
8928,GSI,27.237889,88.346444,,block_54_176
9086,GSI,27.232639,88.378417,,block_54_176
9092,GSI,27.251417,88.3845,,block_54_176
9094,GSI,27.254917,88.390889,,block_54_176
8680,GSI,27.26,88.381361,,block_54_176
8970,GSI,27.273083,88.389528,,block_54_176
8993,GSI,27.273861,88.398722,,block_54_176
9095,GSI,27.255167,88.396944,,block_54_176
9810,GSI,27.257417,88.418889,,block_54_176
9818,GSI,27.235861,88.433167,,block_54_176
9812,GSI,27.262056,88.4305,,block_54_176
9834,GSI,27.271583,88.430389,,block_54_176
9835,GSI,27.279889,88.436472,,block_54_176
9836,GSI,27.303083,88.433167,,block_54_176
9996,GSI,27.314694,88.417917,,block_54_176
9862,GSI,27.29975,88.419778,,block_54_176
9837,GSI,27.282,88.415028,,block_54_176
9838,GSI,27.297139,88.388472,,block_54_176
9863,GSI,27.330917,88.450528,,block_54_176
10036,GSI,27.366944,88.449806,,block_54_176
10035,GSI,27.369778,88.456833,,block_54_176
9394,GSI,27.397389,88.356139,,block_54_176
9815,GSI,27.379639,88.315361,,block_54_176
10065,GSI,27.3955,88.306889,,block_54_176
9814,GSI,27.383611,88.305806,,block_54_176
9794,GSI,27.389222,88.310972,,block_54_176
9396,GSI,27.399806,88.329139,,block_54_176
30831,GSI,28.5279444,94.3094444,,block_57_188
30069,GSI,28.242389,94.220861,,block_56_188
30068,GSI,28.22675,94.225111,,block_56_188
25017,GSI,28.1339633,94.6119526,,block_56_189
25018,GSI,28.1342381,94.6201327,,block_56_189
25019,GSI,28.1377619,94.6243098,,block_56_189
25020,GSI,28.1922168,94.7139267,,block_56_189
25021,GSI,28.310626,94.6756367,,block_56_189
25022,GSI,28.3555012,94.6795438,,block_56_189
25024,GSI,28.4273929,94.674582,,block_56_189
25030,GSI,28.4430155,94.6647954,,block_56_189
25029,GSI,28.4400822,94.6691303,,block_56_189
30037,GSI,28.543178,94.6339911,,block_57_189
30036,GSI,28.5354742,94.597063,,block_57_189
25032,GSI,28.4556549,94.6802821,,block_56_189
30117,GSI,28.506306,94.873361,,block_57_189
30021,GSI,28.7824261,94.8105464,,block_57_189
30023,GSI,28.810126,94.7855078,,block_57_189
30024,GSI,28.8168817,94.7910322,,block_57_189
30016,GSI,28.7932795,94.848477,,block_57_189
30017,GSI,28.8000828,94.8422653,,block_57_189
30018,GSI,28.7879368,94.8200977,,block_57_189
30013,GSI,28.7626613,94.8601379,,block_57_189
30015,GSI,28.7794083,94.8593273,,block_57_189
30025,GSI,28.8300966,94.8747146,,block_57_189
25036,GSI,28.7293711,94.9201201,,block_57_189
25035,GSI,28.7549279,94.8953999,,block_57_189
30010,GSI,28.7440777,94.8697604,,block_57_189
25037,GSI,28.6938375,94.9737835,,block_57_189
25038,GSI,28.6947785,95.0018872,,block_57_190
25040,GSI,28.7067482,94.9852983,,block_57_189
30007,GSI,28.7201868,94.9716364,,block_57_189
30009,GSI,28.7231657,94.9596872,,block_57_189
30103,GSI,28.605528,95.105528,,block_57_190
30098,GSI,28.615028,95.053306,,block_57_190
30100,GSI,28.619917,95.057583,,block_57_190
30101,GSI,28.614667,95.063611,,block_57_190
30102,GSI,28.609361,95.088583,,block_57_190
30112,GSI,28.633861,95.023806,,block_57_190
30111,GSI,28.632361,95.037917,,block_57_190
30110,GSI,28.639389,95.033639,,block_57_190
30086,GSI,28.622722,95.043528,,block_57_190
30085,GSI,28.626972,95.035722,,block_57_190
30114,GSI,28.531528,95.050417,,block_57_190
30113,GSI,28.550472,95.06325,,block_57_190
30027,GSI,28.2600512,94.9847516,,block_56_189
30028,GSI,28.2659628,94.9834639,,block_56_189
30031,GSI,28.2802461,94.9538964,,block_56_189
30030,GSI,28.2740188,94.9624957,,block_56_189
30034,GSI,28.3425509,94.9871358,,block_56_189
30035,GSI,28.3353763,94.9565085,,block_56_189
30026,GSI,28.2822996,94.8630312,,block_56_189
30033,GSI,28.3037715,94.9487273,,block_56_189
30032,GSI,28.287317,94.9476514,,block_56_189
30122,GSI,28.235361,94.933333,,block_56_189
30121,GSI,28.232472,94.914889,,block_56_189
30118,GSI,28.225583,94.889167,,block_56_189
30119,GSI,28.226722,94.895611,,block_56_189
30120,GSI,28.228528,94.904278,,block_56_189
30116,GSI,28.208389,94.830667,,block_56_189
30115,GSI,28.202667,94.828417,,block_56_189
30125,GSI,28.16425,94.792417,,block_56_189
30126,GSI,28.141139,94.786583,,block_56_189
30127,GSI,28.133778,94.788,,block_56_189
30067,GSI,28.192444,94.984917,,block_56_189
30123,GSI,28.237361,94.954808,,block_56_189
30124,GSI,28.234833,94.972278,,block_56_189
30066,GSI,28.174806,95.025111,,block_56_190
30043,GSI,28.131694,95.136186,,block_56_190
30065,GSI,28.133611,95.11125,,block_56_190
30042,GSI,28.135056,95.145444,,block_56_190
30145,GSI,28.093514,95.2725261,,block_56_190
30193,GSI,28.0972849,95.2800303,,block_56_190
30150,GSI,28.0996469,95.2856704,,block_56_190
30155,GSI,28.1039023,95.2794603,,block_56_190
30196,GSI,28.1423041,95.2881256,,block_56_190
30163,GSI,28.1400499,95.2665915,,block_56_190
30162,GSI,28.1388108,95.2548212,,block_56_190
30161,GSI,28.1172219,95.2730752,,block_56_190
30158,GSI,28.1131193,95.2709376,,block_56_190
30154,GSI,28.1016924,95.271861,,block_56_190
30156,GSI,28.1063583,95.2685915,,block_56_190
30038,GSI,28.1425,95.239194,,block_56_190
30045,GSI,28.169611,95.240639,,block_56_190
30202,GSI,28.1507408,95.2751223,,block_56_190
30167,GSI,28.1458475,95.2736864,,block_56_190
30199,GSI,28.1478702,95.2799868,,block_56_190
30143,GSI,28.199389,95.230278,,block_56_190
30144,GSI,28.213028,95.232528,,block_56_190
30142,GSI,28.1945,95.227917,,block_56_190
30048,GSI,28.175556,95.221861,,block_56_190
30049,GSI,28.181139,95.225944,,block_56_190
30047,GSI,28.169583,95.223917,,block_56_190
30040,GSI,28.147806,95.224833,,block_56_190
30044,GSI,28.153028,95.218294,,block_56_190
30041,GSI,28.154111,95.181694,,block_56_190
30053,GSI,28.266889,95.21425,,block_56_190
30054,GSI,28.272,95.208417,,block_56_190
30062,GSI,28.291556,95.199111,,block_56_190
30055,GSI,28.2805,95.201556,,block_56_190
30056,GSI,28.3105,95.197472,,block_56_190
30061,GSI,28.301694,95.195361,,block_56_190
30060,GSI,28.322889,95.203694,,block_56_190
30059,GSI,28.366417,95.221194,,block_56_190
30078,GSI,28.399111,95.241361,,block_56_190
30079,GSI,28.386722,95.240833,,block_56_190
30057,GSI,28.378694,95.230667,,block_56_190
30058,GSI,28.384833,95.233806,,block_56_190
30077,GSI,28.402417,95.245944,,block_56_190
30076,GSI,28.412722,95.247722,,block_56_190
30209,GSI,28.1657115,95.4620799,,block_56_190
30213,GSI,28.1818344,95.4698277,,block_56_190
30292,GSI,28.1756586,95.4708043,,block_56_190
30294,GSI,28.1792619,95.4770679,,block_56_190
30214,GSI,28.1865818,95.4711257,,block_56_190
30206,GSI,28.1631701,95.450433,,block_56_190
30205,GSI,28.1624967,95.4412438,,block_56_190
30211,GSI,28.1679816,95.4317645,,block_56_190
30362,GSI,28.227891,95.5410824,,block_56_191
30365,GSI,28.2377158,95.5356107,,block_56_191
30367,GSI,28.2429691,95.5375489,,block_56_191
30295,GSI,28.192581,95.8040848,,block_56_191
30361,GSI,28.1734339,95.8366046,,block_56_191
30443,GSI,28.2410406,95.8663868,,block_56_191
30325,GSI,28.2238255,95.8291046,,block_56_191
30300,GSI,28.2018378,95.8120041,,block_56_191
30880,GSI,28.2076993,95.809197,,block_56_191
30354,GSI,28.2199758,95.7990651,,block_56_191
30348,GSI,28.2150143,95.799764,,block_56_191
30338,GSI,28.2090177,95.8034798,,block_56_191
30345,GSI,28.2169968,95.7905845,,block_56_191
30329,GSI,28.2450156,95.7736296,,block_56_191
30333,GSI,28.240442,95.7742006,,block_56_191
30336,GSI,28.2341994,95.7770372,,block_56_191
30339,GSI,28.2298091,95.7798548,,block_56_191
30444,GSI,28.3090022,95.7547021,,block_56_191
30376,GSI,28.3383605,95.7817151,,block_56_191
30301,GSI,28.3275454,95.7839233,,block_56_191
30440,GSI,28.3222496,95.7802953,,block_56_191
30304,GSI,28.2917033,95.7761798,,block_56_191
30307,GSI,28.2595235,95.7803358,,block_56_191
30332,GSI,28.2521763,95.7757967,,block_56_191
30308,GSI,28.2525069,95.7817412,,block_56_191
30441,GSI,28.2668074,95.789109,,block_56_191
30305,GSI,28.2777163,95.7893585,,block_56_191
30303,GSI,28.2892535,95.7854682,,block_56_191
30302,GSI,28.2974764,95.7910162,,block_56_191
30375,GSI,28.3352486,95.7884645,,block_56_191
30437,GSI,28.3303358,95.7943128,,block_56_191
30416,GSI,28.4342922,95.8761057,,block_56_191
30446,GSI,28.4484282,95.8553033,,block_56_191
30415,GSI,28.4388978,95.8500901,,block_56_191
30245,GSI,28.2667952,95.6072609,,block_56_191
30237,GSI,28.262989,95.5993205,,block_56_191
30168,GSI,28.255261,95.5826127,,block_56_191
30218,GSI,28.2550593,95.5769961,,block_56_191
30293,GSI,28.2658034,95.5708921,,block_56_191
30240,GSI,28.2643314,95.5657979,,block_56_191
30231,GSI,28.2595606,95.5689646,,block_56_191
30246,GSI,28.2672162,95.5595419,,block_56_191
30247,GSI,28.2677262,95.5514771,,block_56_191
30227,GSI,28.2628789,95.5519111,,block_56_191
30229,GSI,28.258122,95.5520904,,block_56_191
30215,GSI,28.2511385,95.5501099,,block_56_191
30363,GSI,28.2465116,95.541646,,block_56_191
30391,GSI,28.4972944,95.8270439,,block_56_191
30403,GSI,28.4740934,95.8474228,,block_56_191
30404,GSI,28.4694812,95.8499507,,block_56_191
30399,GSI,28.4649363,95.8523116,,block_56_191
30411,GSI,28.4577753,95.8534888,,block_56_191
30406,GSI,28.4729659,95.8572416,,block_56_191
30396,GSI,28.4894919,95.8454591,,block_56_191
30402,GSI,28.4767224,95.841356,,block_56_191
30400,GSI,28.4811081,95.8383168,,block_56_191
30393,GSI,28.4905186,95.8323007,,block_56_191
30184,GSI,28.6251144,95.8527034,,block_57_191
30182,GSI,28.609263,95.8568776,,block_57_191
30248,GSI,28.6068043,95.8640875,,block_57_191
30226,GSI,28.6158931,95.8599141,,block_57_191
30250,GSI,28.6215933,95.8559984,,block_57_191
30252,GSI,28.6282076,95.8564703,,block_57_191
30224,GSI,28.6383363,95.8563306,,block_57_191
30185,GSI,28.7609374,95.8656494,,block_57_191
30254,GSI,28.7724729,95.8679206,,block_57_191
30259,GSI,28.7759178,95.8742957,,block_57_191
30277,GSI,28.8460669,95.8659217,,block_57_191
30223,GSI,28.8564095,95.8598724,,block_57_191
30278,GSI,28.852213,95.8639075,,block_57_191
30074,GSI,28.452528,95.239333,,block_56_190
30082,GSI,28.470167,95.233333,,block_56_190
30083,GSI,28.4875,95.213417,,block_56_190
30084,GSI,28.484056,95.207056,,block_56_190
30089,GSI,28.4915,95.202944,,block_56_190
30090,GSI,28.497917,95.191639,,block_56_190
30095,GSI,28.509,95.177639,,block_57_190
30093,GSI,28.514083,95.178278,,block_57_190
30096,GSI,28.522806,95.172639,,block_57_190
30097,GSI,28.527722,95.173556,,block_57_190
30108,GSI,28.540139,95.168667,,block_57_190
30107,GSI,28.550694,95.158333,,block_57_190
30106,GSI,28.560139,95.149472,,block_57_190
30105,GSI,28.56525,95.148333,,block_57_190
30104,GSI,28.568694,95.143556,,block_57_190
30289,GSI,28.963981,95.808627,,block_57_191
30286,GSI,28.937833,95.8206611,,block_57_191
30282,GSI,28.8715557,95.852732,,block_57_191
30285,GSI,28.8782599,95.8471562,,block_57_191
30280,GSI,28.863017,95.8567034,,block_57_191
30284,GSI,28.8749388,95.9819108,,block_57_191
30281,GSI,28.8680369,95.9833984,,block_57_191
30276,GSI,28.8360831,95.9638055,,block_57_191
30263,GSI,28.8092445,95.92821,,block_57_191
30268,GSI,28.8225246,95.9341504,,block_57_191
30274,GSI,28.8316188,95.8829487,,block_57_191
30272,GSI,28.8303158,95.8778425,,block_57_191
30269,GSI,28.8235578,95.8829664,,block_57_191
30189,GSI,28.8270692,95.9224996,,block_57_191
30266,GSI,28.8174766,95.9221813,,block_57_191
30260,GSI,28.7842314,95.9061882,,block_57_191
30261,GSI,28.7853906,95.8927065,,block_57_191
30222,GSI,28.7896466,95.8949647,,block_57_191
30257,GSI,28.7753806,95.8983822,,block_57_191
30256,GSI,28.7746229,95.8908604,,block_57_191
30398,GSI,28.3595535,95.9485761,,block_56_191
30436,GSI,28.3145808,95.966345,,block_56_191
30377,GSI,28.3096763,95.9674535,,block_56_191
30417,GSI,28.3099746,95.9529094,,block_56_191
30387,GSI,28.3173097,95.9567178,,block_56_191
30439,GSI,28.2966675,95.9228198,,block_56_191
30419,GSI,28.2864469,95.9208365,,block_56_191
30312,GSI,28.2559666,95.907144,,block_56_191
30311,GSI,28.26053,95.9045558,,block_56_191
30418,GSI,28.2713799,95.9060603,,block_56_191
30385,GSI,28.3088414,95.9732383,,block_56_191
30381,GSI,28.3098401,95.9840845,,block_56_191
30380,GSI,28.3154837,95.9821815,,block_56_191
30384,GSI,28.3127945,95.9765403,,block_56_191
30319,GSI,28.2422137,95.9235564,,block_56_191
30315,GSI,28.2449662,95.9148721,,block_56_191
30442,GSI,28.2374245,95.8978232,,block_56_191
30322,GSI,28.2386916,95.8926807,,block_56_191
30310,GSI,28.2434605,95.8940491,,block_56_191
30323,GSI,28.2463037,95.8890372,,block_56_191
16,GSI,28.31658,96.61508,,block_56_193
17,GSI,28.31211,96.61719,,block_56_193
8,GSI,28.27378,96.57031,,block_56_193
10,GSI,28.2625,96.5465,,block_56_193
11,GSI,28.25203,96.54264,,block_56_193
9,GSI,28.26814,96.55728,,block_56_193
19,GSI,28.26522,96.57889,,block_56_193
26,GSI,28.28386,96.58275,,block_56_193
18,GSI,28.28778,96.57928,,block_56_193
29,GSI,28.14531,96.54897,,block_56_193
46,GSI,28.15292,96.53858,,block_56_193
24,GSI,28.16206,96.53061,,block_56_193
101,GSI,28.16939,96.52578,,block_56_193
113,GSI,28.18439,96.53453,,block_56_193
22,GSI,28.20867,96.53222,,block_56_193
30,GSI,28.21483,96.53911,,block_56_193
112,GSI,28.19597,96.53733,,block_56_193
117,GSI,28.22328,96.55303,,block_56_193
105,GSI,28.22408,96.55872,,block_56_193
13,GSI,28.23153,96.54272,,block_56_193
14,GSI,28.22797,96.54606,,block_56_193
6,GSI,28.22381,96.53644,,block_56_193
12,GSI,28.23969,96.52778,,block_56_193
30420,GSI,28.1063206,96.4472446,,block_56_192
30425,GSI,28.1002438,96.4481729,,block_56_192
30428,GSI,28.0943592,96.4530578,,block_56_192
30371,GSI,28.0801507,96.472541,,block_56_192
30434,GSI,28.084252,96.4596724,,block_56_192
30435,GSI,28.0825756,96.4648692,,block_56_192
30431,GSI,28.0895494,96.4578177,,block_56_192
25,GSI,28.06006,96.44636,,block_56_192
114,GSI,28.05989,96.46281,,block_56_192
65,GSI,28.06131,96.49256,,block_56_192
64,GSI,28.06244,96.49775,,block_56_192
66,GSI,28.05997,96.48664,,block_56_192
70,GSI,28.06964,96.50025,,block_56_193
71,GSI,28.08061,96.51294,,block_56_193
106,GSI,28.08019,96.54483,,block_56_193
49,GSI,28.09311,96.53622,,block_56_193
100,GSI,28.10714,96.54489,,block_56_193
47,GSI,28.11594,96.54689,,block_56_193
118,GSI,28.01661,96.44172,,block_56_192
30438,GSI,28.0234911,96.4409724,,block_56_192
73,GSI,28.00611,96.42872,,block_56_192
54,GSI,27.98728,96.41208,,block_55_192
76,GSI,27.96325,96.40097,,block_55_192
61,GSI,27.95603,96.40267,,block_55_192
103,GSI,27.94903,96.39158,,block_55_192
60,GSI,27.95672,96.39697,,block_55_192
75,GSI,27.968,96.39822,,block_55_192
121,GSI,27.98333,96.40433,,block_55_192
52,GSI,27.91647,96.33161,,block_55_192
51,GSI,27.91669,96.33833,,block_55_192
40,GSI,27.87825,96.36614,,block_55_192
96,GSI,27.87469,96.35986,,block_55_192
37,GSI,27.90467,96.35917,,block_55_192
28,GSI,27.90475,96.34811,,block_55_192
119,GSI,27.91164,96.34269,,block_55_192
59,GSI,27.93967,96.38097,,block_55_192
97,GSI,27.89311,96.36336,,block_55_192
30517,GSI,27.4587677,96.4400935,,block_54_192
30520,GSI,27.4498067,96.4444664,,block_54_192
30519,GSI,27.447181,96.4398646,,block_54_192
30515,GSI,27.4606561,96.4121773,,block_54_192
30513,GSI,27.4678487,96.4096156,,block_54_192
30516,GSI,27.4607311,96.41975,,block_54_192
30509,GSI,27.4766137,96.4085436,,block_54_192
30508,GSI,27.4791411,96.403435,,block_54_192
30528,GSI,27.3055274,96.2248311,,block_54_192
30527,GSI,27.3159043,96.1834896,,block_54_192
30526,GSI,27.3133434,96.171327,,block_54_192
30525,GSI,27.3090119,96.1584949,,block_54_192
30523,GSI,27.2829209,96.1221927,,block_54_192
30524,GSI,27.3029486,96.154621,,block_54_192
30522,GSI,27.2881255,96.0758984,,block_54_192
30530,GSI,27.29268,96.0240491,,block_54_192
30529,GSI,27.2989717,96.046398,,block_54_192
30544,GSI,27.2686841,96.0407512,,block_54_192
30540,GSI,27.2739992,95.9755057,,block_54_191
30539,GSI,27.287855,95.9779136,,block_54_191
30537,GSI,27.2997444,95.9870916,,block_54_191
30531,GSI,27.2962232,96.0136747,,block_54_192
30533,GSI,27.3001876,96.0108377,,block_54_192
30535,GSI,27.2977753,96.0023144,,block_54_192
30536,GSI,27.3009454,95.9928377,,block_54_191
30541,GSI,27.2755422,95.9658588,,block_54_191
30542,GSI,27.2575809,95.936353,,block_54_191
30050,GSI,28.013167,95.239333,,block_56_190
30190,GSI,28.0256109,95.2711788,,block_56_190
30051,GSI,28.033278,95.235383,,block_56_190
30073,GSI,27.452833,95.239,,block_54_190
30072,GSI,27.459167,95.233639,,block_54_190
30507,GSI,27.188551,95.7035817,,block_54_191
30506,GSI,27.1902951,95.7163166,,block_54_191
30505,GSI,27.1877672,95.732008,,block_54_191
30504,GSI,27.1786946,95.7352176,,block_54_191
30475,GSI,27.1329333,95.7098027,,block_54_191
30501,GSI,27.1448,95.7425659,,block_54_191
30502,GSI,27.1633883,95.7466848,,block_54_191
30503,GSI,27.1756058,95.749935,,block_54_191
30549,GSI,27.1720655,95.7545462,,block_54_191
30550,GSI,27.1618576,95.757717,,block_54_191
30554,GSI,27.1588372,95.7503033,,block_54_191
30547,GSI,27.1538255,95.7754498,,block_54_191
30548,GSI,27.1501272,95.7802083,,block_54_191
30546,GSI,27.1257669,95.7455847,,block_54_191
30490,GSI,27.1155451,95.7333368,,block_54_191
30494,GSI,27.0893938,95.729849,,block_54_191
30493,GSI,27.0937545,95.731806,,block_54_191
30496,GSI,27.0610995,95.7210236,,block_54_191
30497,GSI,27.0571912,95.7168829,,block_54_191
30495,GSI,27.0683584,95.7253063,,block_54_191
30499,GSI,27.0438834,95.7282196,,block_54_191
30500,GSI,27.0399142,95.7328203,,block_54_191
30466,GSI,26.8858961,95.5620132,,block_53_191
30465,GSI,26.8975016,95.5426123,,block_53_191
30464,GSI,26.9042937,95.5493132,,block_53_191
30463,GSI,26.9198227,95.5454211,,block_53_191
30462,GSI,26.9392324,95.5209942,,block_53_191
30461,GSI,26.9521733,95.5194019,,block_53_191
30468,GSI,27.0193788,95.5558989,,block_54_191
30467,GSI,26.9843184,95.5104695,,block_53_191
30469,GSI,27.0321238,95.5622082,,block_54_191
30470,GSI,27.0363388,95.5646771,,block_54_191
30472,GSI,27.0462518,95.5920836,,block_54_191
30473,GSI,27.0618449,95.6142118,,block_54_191
30474,GSI,27.0722055,95.6340209,,block_54_191
30479,GSI,27.1224083,95.6787184,,block_54_191
30482,GSI,27.1152465,95.6709647,,block_54_191
30480,GSI,27.1228724,95.6725462,,block_54_191
30483,GSI,27.1057476,95.6541763,,block_54_191
30555,GSI,27.1026253,95.6456312,,block_54_191
30485,GSI,27.0997068,95.6410746,,block_54_191
30486,GSI,27.0959686,95.6348715,,block_54_191
30488,GSI,27.0791758,95.6380227,,block_54_191
30478,GSI,27.1292201,95.684101,,block_54_191
30476,GSI,27.1311289,95.689613,,block_54_191
30448,GSI,26.8496241,95.3208778,,block_53_190
30453,GSI,26.9044448,95.3603989,,block_53_190
30452,GSI,26.8785904,95.3523402,,block_53_190
30451,GSI,26.8818812,95.3330274,,block_53_190
30457,GSI,26.9434327,95.385986,,block_53_190
30455,GSI,26.936043,95.370996,,block_53_190
30456,GSI,26.9352904,95.3769596,,block_53_190
30454,GSI,26.9256967,95.3714482,,block_53_190
30458,GSI,26.9767305,95.4231035,,block_53_190
30459,GSI,26.9949417,95.4745906,,block_53_190
30460,GSI,26.9946178,95.4868179,,block_53_190
30449,GSI,26.7999291,95.3095334,,block_53_190
30450,GSI,26.7364938,95.2618219,,block_53_190
15226,GSI,26.678833,95.19475,,block_53_190
15254,GSI,26.693167,95.17475,,block_53_190
15225,GSI,26.666778,95.200833,,block_53_190
30543,GSI,27.2269006,95.9053933,,block_54_191
14524,GSI,26.413056,95.048278,,block_52_190
14527,GSI,26.3765,95.011139,,block_52_190
14525,GSI,26.37175,95.000806,,block_52_190
14526,GSI,26.379361,95.003444,,block_52_190
185,GSI,26.40908,94.96308,,block_52_189
184,GSI,26.40653,94.95814,,block_52_189
16074,GSI,26.212028,95.000417,,block_52_190
16098,GSI,26.216861,95.002889,,block_52_190
16100,GSI,26.21475,95.010667,,block_52_190
14603,GSI,26.226028,95.043389,,block_52_190
14601,GSI,26.223,95.033417,,block_52_190
14604,GSI,26.229389,95.051694,,block_52_190
14637,GSI,26.24325,95.073167,,block_52_190
14890,GSI,26.259083,95.085972,,block_52_190
14889,GSI,26.251778,95.072111,,block_52_190
14636,GSI,26.240556,95.065694,,block_52_190
14634,GSI,26.239056,95.058194,,block_52_190
14632,GSI,26.242944,95.048417,,block_52_190
14558,GSI,26.26175,95.103444,,block_52_190
14892,GSI,26.257028,95.099528,,block_52_190
14875,GSI,26.172472,95.048583,,block_52_190
14877,GSI,26.163778,95.056722,,block_52_190
14884,GSI,26.114861,95.052417,,block_52_190
14848,GSI,26.122694,95.076861,,block_52_190
14846,GSI,26.041611,95.075806,,block_52_190
14847,GSI,26.045083,95.054833,,block_52_190
14921,GSI,26.074,95.083833,,block_52_190
14920,GSI,26.073167,95.0785,,block_52_190
14886,GSI,26.10325,95.060361,,block_52_190
14518,GSI,26.094083,95.043389,,block_52_190
14840,GSI,26.093083,95.036278,,block_52_190
14843,GSI,26.068111,95.025972,,block_52_190
14841,GSI,26.081472,95.02625,,block_52_190
14845,GSI,26.064111,95.03975,,block_52_190
14844,GSI,26.066583,95.033361,,block_52_190
14922,GSI,26.132333,95.01675,,block_52_190
14923,GSI,26.112611,95.039028,,block_52_190
14660,GSI,26.176278,95.009889,,block_52_190
14879,GSI,26.165417,95.020444,,block_52_190
14882,GSI,26.167861,95.026694,,block_52_190
14839,GSI,26.169111,95.041361,,block_52_190
14661,GSI,26.175889,95.030472,,block_52_190
14878,GSI,26.173917,95.025556,,block_52_190
14638,GSI,26.197944,95.015972,,block_52_190
14639,GSI,26.202167,95.017889,,block_52_190
14663,GSI,26.196222,95.020722,,block_52_190
9546,GSI,26.160167,94.873417,,block_52_189
9547,GSI,26.166905,94.876367,,block_52_189
9565,GSI,26.182216,94.891382,,block_52_189
9548,GSI,26.17562,94.888105,,block_52_189
9749,GSI,26.110135,94.870921,,block_52_189
9544,GSI,26.02883,94.863993,,block_52_189
9545,GSI,26.027111,94.847806,,block_52_189
9732,GSI,26.18096,94.81309,,block_52_189
9734,GSI,26.197444,94.856955,,block_52_189
9733,GSI,26.185491,94.814241,,block_52_189
9709,GSI,26.190833,94.813722,,block_52_189
9569,GSI,26.205135,94.811625,,block_52_189
9756,GSI,26.234778,94.782333,,block_52_189
9740,GSI,26.210306,94.810333,,block_52_189
9739,GSI,26.214972,94.812056,,block_52_189
9568,GSI,26.226778,94.801583,,block_52_189
9755,GSI,26.233444,94.795278,,block_52_189
9567,GSI,26.235736,94.805011,,block_52_189
15373,GSI,26.251111,94.808889,,block_52_189
14758,GSI,26.260556,94.809444,,block_52_189
15027,GSI,26.275167,94.770472,,block_52_189
14761,GSI,26.273333,94.83,,block_52_189
15034,GSI,26.295278,94.835556,,block_52_189
15029,GSI,26.300556,94.844722,,block_52_189
14998,GSI,26.258889,94.8175,,block_52_189
9758,GSI,26.249,94.819778,,block_52_189
631,GSI,26.24139,94.82056,,block_52_189
9735,GSI,26.220449,94.898329,,block_52_189
9753,GSI,26.231694,94.941056,,block_52_189
15037,GSI,26.305833,94.875833,,block_52_189
14732,GSI,26.311944,94.877778,,block_52_189
15033,GSI,26.330556,94.875833,,block_52_189
15032,GSI,26.336111,94.866944,,block_52_189
14733,GSI,26.326111,94.866111,,block_52_189
14756,GSI,26.326944,94.896667,,block_52_189
14762,GSI,26.3275,94.917222,,block_52_189
14997,GSI,26.336667,94.9275,,block_52_189
14996,GSI,26.359722,94.935556,,block_52_189
15668,GSI,26.371667,94.943333,,block_52_189
15667,GSI,26.375278,94.936389,,block_52_189
183,GSI,26.39936,94.94553,,block_52_189
15105,GSI,26.389722,94.920556,,block_52_189
15007,GSI,26.404167,94.870278,,block_52_189
668,GSI,26.38778,94.82583,,block_52_189
672,GSI,26.37639,94.84056,,block_52_189
673,GSI,26.36083,94.84,,block_52_189
15031,GSI,26.326389,94.858056,,block_52_189
15030,GSI,26.317778,94.849722,,block_52_189
674,GSI,26.34417,94.83333,,block_52_189
8570,GSI,26.372667,94.71375,,block_52_189
667,GSI,26.27028,94.75,,block_52_189
9715,GSI,26.216456,94.681866,,block_52_189
9714,GSI,26.210043,94.683989,,block_52_189
8446,GSI,26.253611,94.616639,,block_52_189
8429,GSI,26.272361,94.58425,,block_52_189
8447,GSI,26.301694,94.616694,,block_52_189
8609,GSI,26.301639,94.588361,,block_52_189
8444,GSI,26.382806,94.66425,,block_52_189
8567,GSI,26.412694,94.641333,,block_52_189
8441,GSI,26.389556,94.616667,,block_52_189
8425,GSI,26.394222,94.553472,,block_52_189
8608,GSI,26.320861,94.559278,,block_52_189
8610,GSI,26.320806,94.537972,,block_52_189
8407,GSI,26.327972,94.527389,,block_52_189
8611,GSI,26.325861,94.52275,,block_52_189
8408,GSI,26.327167,94.508056,,block_52_189
8592,GSI,26.367056,94.472861,,block_52_188
8593,GSI,26.376,94.463389,,block_52_188
8594,GSI,26.379167,94.44625,,block_52_188
8413,GSI,26.39425,94.444333,,block_52_188
8430,GSI,26.395139,94.451194,,block_52_188
8431,GSI,26.395944,94.460056,,block_52_188
8409,GSI,26.390972,94.438111,,block_52_188
8595,GSI,26.320639,94.398806,,block_52_188
8390,GSI,26.316056,94.403972,,block_52_188
8591,GSI,26.318806,94.453611,,block_52_188
8590,GSI,26.282667,94.475667,,block_52_188
8573,GSI,26.271389,94.453972,,block_52_188
7313,GSI,26.222111,94.419028,,block_52_188
7312,GSI,26.217361,94.419417,,block_52_188
7208,GSI,26.247056,94.479694,,block_52_188
7222,GSI,26.232861,94.472361,,block_52_188
7330,GSI,26.219417,94.477028,,block_52_188
8440,GSI,26.302778,94.505528,,block_52_189
10897,GSI,26.227896,94.55032,,block_52_189
9582,GSI,26.220506,94.550504,,block_52_189
10921,GSI,26.185479,94.577522,,block_52_189
10920,GSI,26.191306,94.569611,,block_52_189
10919,GSI,26.19257,94.558955,,block_52_189
9579,GSI,26.18971,94.549818,,block_52_189
9578,GSI,26.179226,94.557166,,block_52_189
9725,GSI,26.143985,94.579865,,block_52_189
9702,GSI,26.135361,94.502167,,block_52_189
7306,GSI,26.159667,94.4995,,block_52_188
7308,GSI,26.198528,94.487528,,block_52_188
7325,GSI,26.191278,94.484833,,block_52_188
7205,GSI,26.1785,94.411778,,block_52_188
7207,GSI,26.184028,94.431361,,block_52_188
7389,GSI,26.114833,94.399222,,block_52_188
7514,GSI,26.112639,94.405194,,block_52_188
7388,GSI,26.080917,94.481697,,block_52_188
7387,GSI,26.075722,94.481611,,block_52_188
7202,GSI,26.069917,94.411639,,block_52_188
7203,GSI,26.074417,94.423667,,block_52_188
7204,GSI,26.076583,94.433611,,block_52_188
7347,GSI,26.034833,94.458,,block_52_188
9541,GSI,26.020603,94.50632,,block_52_189
9561,GSI,26.013806,94.530111,,block_52_189
9519,GSI,26.0415,94.522444,,block_52_189
9744,GSI,26.034806,94.519889,,block_52_189
9743,GSI,26.046444,94.526194,,block_52_189
7309,GSI,26.085333,94.49025,,block_52_188
7310,GSI,26.094333,94.493639,,block_52_188
9742,GSI,26.077167,94.542306,,block_52_189
9562,GSI,26.101907,94.537237,,block_52_189
9703,GSI,26.085597,94.559075,,block_52_189
9512,GSI,26.077122,94.559107,,block_52_189
9729,GSI,26.03853,94.58648,,block_52_189
9760,GSI,26.028806,94.638389,,block_52_189
9761,GSI,26.031786,94.634392,,block_52_189
9486,GSI,26.037847,94.635525,,block_52_189
9504,GSI,26.049285,94.635198,,block_52_189
9511,GSI,26.148727,94.626957,,block_52_189
9738,GSI,26.156611,94.621778,,block_52_189
9727,GSI,26.154944,94.614503,,block_52_189
9515,GSI,26.156333,94.593611,,block_52_189
9577,GSI,26.161955,94.594693,,block_52_189
10922,GSI,26.182283,94.586087,,block_52_189
9737,GSI,26.161639,94.6215,,block_52_189
9736,GSI,26.178889,94.638139,,block_52_189
9529,GSI,26.1434,94.633527,,block_52_189
9527,GSI,26.134722,94.631639,,block_52_189
9508,GSI,26.122864,94.638388,,block_52_189
9506,GSI,26.114866,94.63475,,block_52_189
25964,GSI,26.11,94.76,,block_52_189
8597,GSI,25.968233,94.684364,,block_51_189
8598,GSI,25.956083,94.719475,,block_51_189
8612,GSI,25.948886,94.706133,,block_51_189
8616,GSI,25.940703,94.750969,,block_51_189
8614,GSI,25.9255,94.760419,,block_51_189
8615,GSI,25.896244,94.758128,,block_51_189
8453,GSI,25.848958,94.755311,,block_51_189
7417,GSI,25.827011,94.733178,,block_51_189
7434,GSI,25.828703,94.726789,,block_51_189
7435,GSI,25.842358,94.702953,,block_51_189
8468,GSI,25.821589,94.708056,,block_51_189
8454,GSI,25.880908,94.653542,,block_51_189
8471,GSI,25.895111,94.650258,,block_51_189
7293,GSI,25.899767,94.640067,,block_51_189
7276,GSI,25.898825,94.629367,,block_51_189
7295,GSI,25.880069,94.628103,,block_51_189
7416,GSI,25.867083,94.614828,,block_51_189
7275,GSI,25.899894,94.624047,,block_51_189
9671,GSI,25.940872,94.586361,,block_51_189
9672,GSI,25.954636,94.607456,,block_51_189
8472,GSI,25.920367,94.641739,,block_51_189
7438,GSI,25.940317,94.650583,,block_51_189
9668,GSI,25.9645,94.632583,,block_51_189
9693,GSI,25.969628,94.634169,,block_51_189
9759,GSI,26.002188,94.623681,,block_52_189
9669,GSI,25.964283,94.619592,,block_51_189
9691,GSI,25.963,94.614097,,block_51_189
9667,GSI,25.958047,94.597519,,block_51_189
9653,GSI,25.998183,94.5975,,block_51_189
9517,GSI,25.981228,94.572292,,block_51_189
9518,GSI,25.9899,94.5679,,block_51_189
9675,GSI,25.966581,94.565806,,block_51_189
9495,GSI,25.968006,94.574256,,block_51_189
9516,GSI,25.980008,94.580747,,block_51_189
9697,GSI,25.922767,94.565056,,block_51_189
9699,GSI,25.970169,94.503803,,block_51_189
9500,GSI,25.972636,94.511444,,block_51_189
9501,GSI,25.978975,94.512064,,block_51_189
9502,GSI,25.998217,94.504756,,block_51_189
9521,GSI,25.990339,94.507711,,block_51_189
9878,GSI,25.993981,94.474467,,block_51_188
9684,GSI,25.965083,94.426806,,block_51_188
9683,GSI,25.952722,94.430278,,block_51_188
9705,GSI,25.91775,94.415028,,block_51_188
9706,GSI,25.918194,94.409611,,block_51_188
9704,GSI,25.910917,94.416361,,block_51_188
9882,GSI,25.905953,94.427414,,block_51_188
9708,GSI,25.917361,94.452556,,block_51_188
9951,GSI,25.909153,94.477497,,block_51_188
9664,GSI,25.876778,94.462028,,block_51_188
9686,GSI,25.862222,94.450333,,block_51_188
9950,GSI,25.893042,94.45835,,block_51_188
9665,GSI,25.854278,94.432472,,block_51_188
9488,GSI,25.841667,94.436472,,block_51_188
9484,GSI,25.839361,94.430583,,block_51_188
9467,GSI,25.809861,94.428972,,block_51_188
9677,GSI,25.810964,94.527417,,block_51_189
9476,GSI,25.833644,94.518333,,block_51_189
9493,GSI,25.850458,94.530347,,block_51_189
9678,GSI,25.842742,94.503003,,block_51_189
9494,GSI,25.857789,94.523589,,block_51_189
9474,GSI,25.886089,94.542711,,block_51_189
15057,GSI,25.711278,94.579944,,block_51_189
9676,GSI,25.786433,94.519583,,block_51_189
9948,GSI,25.751567,94.48315,,block_51_188
9710,GSI,25.756889,94.478472,,block_51_188
9713,GSI,25.763833,94.479889,,block_51_188
9463,GSI,25.786861,94.446,,block_51_188
9465,GSI,25.796056,94.4315,,block_51_188
9464,GSI,25.788389,94.434111,,block_51_188
9466,GSI,25.802361,94.430556,,block_51_188
9468,GSI,25.794083,94.415944,,block_51_188
7289,GSI,25.726,94.435,,block_51_188
7284,GSI,25.707,94.466,,block_51_188
8551,GSI,25.6702,94.456,,block_51_188
7491,GSI,25.668,94.464,,block_51_188
7285,GSI,25.662,94.453,,block_51_188
7471,GSI,25.679,94.458,,block_51_188
8370,GSI,25.696,94.461,,block_51_188
8388,GSI,25.692,94.444,,block_51_188
8536,GSI,25.696,94.426,,block_51_188
8501,GSI,25.675,94.397,,block_51_188
7344,GSI,25.67,94.397,,block_51_188
7511,GSI,25.657,94.439,,block_51_188
8500,GSI,25.649,94.441,,block_51_188
8568,GSI,25.602,94.427,,block_51_188
8519,GSI,25.646,94.479,,block_51_188
8547,GSI,25.62,94.485,,block_51_188
8478,GSI,25.618,94.468,,block_51_188
8548,GSI,25.614,94.493,,block_51_188
14787,GSI,25.624639,94.503278,,block_51_189
15052,GSI,25.650556,94.5095,,block_51_189
15054,GSI,25.651,94.514833,,block_51_189
15055,GSI,25.651528,94.52225,,block_51_189
15056,GSI,25.668417,94.543194,,block_51_189
15024,GSI,25.610083,94.591889,,block_51_189
15020,GSI,25.613472,94.583333,,block_51_189
15021,GSI,25.600306,94.613222,,block_51_189
15058,GSI,25.692222,94.584722,,block_51_189
14786,GSI,25.747892,94.633072,,block_51_189
8600,GSI,25.764292,94.714094,,block_51_189
8618,GSI,25.767683,94.709381,,block_51_189
8599,GSI,25.7578,94.7058,,block_51_189
14567,GSI,25.69925,94.761833,,block_51_189
14992,GSI,25.682333,94.760111,,block_51_189
14993,GSI,25.674944,94.762694,,block_51_189
14894,GSI,25.660583,94.755389,,block_51_189
14896,GSI,25.657361,94.750278,,block_51_189
14755,GSI,25.652361,94.735889,,block_51_189
14751,GSI,25.673472,94.716222,,block_51_189
14750,GSI,25.667,94.718944,,block_51_189
14752,GSI,25.662222,94.719444,,block_51_189
15019,GSI,25.641,94.730878,,block_51_189
14780,GSI,25.633944,94.733056,,block_51_189
14690,GSI,25.631833,94.750139,,block_51_189
14691,GSI,25.6375,94.757556,,block_51_189
14716,GSI,25.640056,94.765278,,block_51_189
14784,GSI,25.613,94.745889,,block_51_189
14965,GSI,25.604444,94.76,,block_51_189
14964,GSI,25.604611,94.768083,,block_51_189
14926,GSI,25.6055,94.800833,,block_51_189
14924,GSI,25.609472,94.806111,,block_51_189
14925,GSI,25.620269,94.801031,,block_51_189
14717,GSI,25.646389,94.766389,,block_51_189
14718,GSI,25.652639,94.7705,,block_51_189
14566,GSI,25.700278,94.767222,,block_51_189
14970,GSI,25.699556,94.775583,,block_51_189
14700,GSI,25.680917,94.792014,,block_51_189
14931,GSI,25.680167,94.837944,,block_51_189
14668,GSI,25.626833,94.847053,,block_51_189
14699,GSI,25.623364,94.819272,,block_51_189
14725,GSI,25.602208,94.823292,,block_51_189
14698,GSI,25.601028,94.829722,,block_51_189
14695,GSI,25.604389,94.839583,,block_51_189
14694,GSI,25.6,94.841389,,block_51_189
14986,GSI,25.602511,94.891208,,block_51_189
7554,GSI,25.786061,94.931447,,block_51_189
7429,GSI,25.801608,94.935386,,block_51_189
7553,GSI,25.786594,94.922778,,block_51_189
7596,GSI,25.789933,94.849811,,block_51_189
7664,GSI,25.788847,94.856314,,block_51_189
7665,GSI,25.783939,94.856411,,block_51_189
7594,GSI,25.786692,94.829933,,block_51_189
7666,GSI,25.755936,94.846033,,block_51_189
7667,GSI,25.751456,94.850217,,block_51_189
14932,GSI,25.742178,94.842917,,block_51_189
14935,GSI,25.728964,94.795497,,block_51_189
14933,GSI,25.715956,94.810833,,block_51_189
14966,GSI,25.721861,94.780667,,block_51_189
14938,GSI,25.7345,94.777417,,block_51_189
14937,GSI,25.737289,94.787844,,block_51_189
8619,GSI,25.784961,94.789617,,block_51_189
8621,GSI,25.786311,94.796825,,block_51_189
8462,GSI,25.797781,94.770447,,block_51_189
9695,GSI,25.827608,94.783028,,block_51_189
8461,GSI,25.820689,94.767353,,block_51_189
8483,GSI,25.842531,94.787211,,block_51_189
8469,GSI,25.829728,94.792592,,block_51_189
8463,GSI,25.834436,94.795519,,block_51_189
8467,GSI,25.818947,94.8075,,block_51_189
8466,GSI,25.814525,94.806114,,block_51_189
8470,GSI,25.820367,94.820367,,block_51_189
8450,GSI,25.861553,94.820553,,block_51_189
8622,GSI,25.901125,94.82785,,block_51_189
8449,GSI,25.893797,94.821944,,block_51_189
8317,GSI,25.887525,94.797508,,block_51_189
8487,GSI,25.884003,94.792711,,block_51_189
8319,GSI,25.889897,94.811111,,block_51_189
670,GSI,25.9,94.78917,,block_51_189
8613,GSI,25.905494,94.769017,,block_51_189
8484,GSI,25.911931,94.793292,,block_51_189
8300,GSI,25.940053,94.797197,,block_51_189
8299,GSI,25.944008,94.789414,,block_51_189
8316,GSI,25.938447,94.7843,,block_51_189
8485,GSI,25.934647,94.787967,,block_51_189
8301,GSI,25.962689,94.816972,,block_51_189
9694,GSI,25.971456,94.818392,,block_51_189
8617,GSI,25.915925,94.824992,,block_51_189
8433,GSI,25.915092,94.844003,,block_51_189
8305,GSI,25.919689,94.839167,,block_51_189
7274,GSI,25.872444,94.950069,,block_51_189
7272,GSI,25.878525,94.947372,,block_51_189
8434,GSI,25.883108,94.919106,,block_51_189
8287,GSI,25.828928,94.898075,,block_51_189
7552,GSI,25.820664,94.912642,,block_51_189
7550,GSI,25.827397,94.907311,,block_51_189
8452,GSI,25.848194,94.916169,,block_51_189
7430,GSI,25.814822,94.950353,,block_51_189
7433,GSI,25.814625,94.971819,,block_51_189
7450,GSI,25.817164,94.975969,,block_51_189
7273,GSI,25.881489,94.962525,,block_51_189
7555,GSI,25.792131,94.95655,,block_51_189
7558,GSI,25.788378,94.96105,,block_51_189
14987,GSI,25.570222,94.877278,,block_51_189
14988,GSI,25.581,94.863694,,block_51_189
14665,GSI,25.588806,94.859428,,block_51_189
14667,GSI,25.593333,94.855194,,block_51_189
14692,GSI,25.594639,94.842444,,block_51_189
14670,GSI,25.590139,94.846333,,block_51_189
14669,GSI,25.585472,94.846833,,block_51_189
14991,GSI,25.584147,94.8582,,block_51_189
14701,GSI,25.593778,94.822389,,block_51_189
14720,GSI,25.593944,94.810925,,block_51_189
14722,GSI,25.584519,94.792344,,block_51_189
14963,GSI,25.596111,94.785444,,block_51_189
14721,GSI,25.588389,94.78825,,block_51_189
14962,GSI,25.597778,94.767,,block_51_189
14724,GSI,25.582694,94.785139,,block_51_189
14952,GSI,25.576444,94.785556,,block_51_189
14953,GSI,25.568528,94.784806,,block_51_189
14956,GSI,25.561389,94.783889,,block_51_189
14984,GSI,25.561903,94.778178,,block_51_189
14959,GSI,25.566944,94.773222,,block_51_189
14985,GSI,25.560844,94.773214,,block_51_189
14928,GSI,25.555056,94.768611,,block_51_189
15489,GSI,25.092033,94.640664,,block_50_189
15550,GSI,25.065889,94.632139,,block_50_189
15343,GSI,25.064833,94.643917,,block_50_189
15551,GSI,25.064444,94.620278,,block_50_189
15308,GSI,25.055186,94.599525,,block_50_189
15587,GSI,25.059861,94.584889,,block_50_189
15554,GSI,25.063167,94.614389,,block_50_189
15358,GSI,24.991833,94.603306,,block_49_189
14688,GSI,24.812611,94.581278,,block_49_189
15360,GSI,24.884889,94.613222,,block_49_189
15364,GSI,24.884389,94.601306,,block_49_189
15276,GSI,24.870806,94.591111,,block_49_189
15362,GSI,24.8905,94.607056,,block_49_189
15252,GSI,24.985833,94.60825,,block_49_189
15251,GSI,24.98025,94.613972,,block_49_189
15248,GSI,24.964694,94.6175,,block_49_189
15249,GSI,24.970167,94.618,,block_49_189
15359,GSI,24.958833,94.618917,,block_49_189
15014,GSI,24.938361,94.549556,,block_49_189
15011,GSI,24.94225,94.541056,,block_49_189
15009,GSI,24.948083,94.535556,,block_49_189
15281,GSI,24.957333,94.50075,,block_49_189
25171,GSI,24.954887,94.493465,,block_49_188
15282,GSI,24.95625,94.520083,,block_49_189
15284,GSI,24.952,94.529028,,block_49_189
15043,GSI,24.920056,94.568778,,block_49_189
15016,GSI,24.921167,94.563361,,block_49_189
15015,GSI,24.924528,94.559833,,block_49_189
15046,GSI,24.917611,94.576556,,block_49_189
15279,GSI,24.871889,94.580417,,block_49_189
15280,GSI,24.867139,94.566889,,block_49_189
14689,GSI,24.8155,94.572222,,block_49_189
15049,GSI,24.814778,94.549639,,block_49_189
15217,GSI,24.826361,94.5255,,block_49_189
15050,GSI,24.817028,94.534528,,block_49_189
15247,GSI,24.806417,94.505778,,block_49_189
15244,GSI,24.821028,94.50425,,block_49_189
15215,GSI,24.841944,94.512972,,block_49_189
15216,GSI,24.835611,94.519722,,block_49_189
24239,GSI,24.797,94.409028,,block_49_188
24222,GSI,24.796417,94.398786,,block_49_188
24088,GSI,24.932631,94.417417,,block_49_188
24174,GSI,24.906333,94.482917,,block_49_188
24175,GSI,24.909889,94.486778,,block_49_188
24176,GSI,24.916083,94.486889,,block_49_188
24196,GSI,24.934336,94.460091,,block_49_188
24195,GSI,24.919751,94.461919,,block_49_188
24177,GSI,24.91475,94.464944,,block_49_188
24197,GSI,24.943258,94.457787,,block_49_188
25169,GSI,24.949274,94.473427,,block_49_188
25170,GSI,24.948667,94.4835,,block_49_188
25168,GSI,24.958261,94.473862,,block_49_188
24162,GSI,24.969479,94.483082,,block_49_188
9347,GSI,25.033778,94.43625,,block_50_188
9216,GSI,25.027333,94.423583,,block_50_188
8060,GSI,25.020361,94.4095,,block_50_188
9351,GSI,25.023111,94.449361,,block_50_188
9349,GSI,25.012111,94.464833,,block_50_188
9348,GSI,25.007917,94.452972,,block_50_188
15629,GSI,25.060389,94.535472,,block_50_189
14608,GSI,25.051944,94.551111,,block_50_189
15623,GSI,25.0565,94.551528,,block_50_189
15627,GSI,25.061472,94.549694,,block_50_189
14576,GSI,25.05125,94.556111,,block_50_189
15588,GSI,25.062833,94.577722,,block_50_189
15589,GSI,25.055278,94.567861,,block_50_189
15666,GSI,25.082306,94.551722,,block_50_189
15628,GSI,25.065056,94.544583,,block_50_189
14575,GSI,25.069806,94.541667,,block_50_189
15663,GSI,25.069306,94.536528,,block_50_189
15660,GSI,25.054722,94.526528,,block_50_189
14572,GSI,25.081611,94.506333,,block_50_189
15342,GSI,25.10125,94.510806,,block_50_189
15303,GSI,25.103111,94.532083,,block_50_189
15339,GSI,25.096083,94.515806,,block_50_189
15337,GSI,25.094333,94.522528,,block_50_189
15305,GSI,25.100889,94.526556,,block_50_189
15302,GSI,25.096417,94.531778,,block_50_189
15300,GSI,25.096611,94.551028,,block_50_189
15488,GSI,25.091742,94.550444,,block_50_189
15232,GSI,25.179194,94.526528,,block_50_189
15306,GSI,25.188611,94.520917,,block_50_189
15273,GSI,25.18425,94.522667,,block_50_189
14568,GSI,25.182861,94.505167,,block_50_189
9149,GSI,25.155194,94.461278,,block_50_188
9376,GSI,25.099194,94.460722,,block_50_188
9146,GSI,25.126167,94.456278,,block_50_188
9375,GSI,25.134611,94.460722,,block_50_188
9380,GSI,25.127722,94.449417,,block_50_188
9378,GSI,25.128417,94.440639,,block_50_188
9178,GSI,25.392389,94.454333,,block_50_188
15524,GSI,25.315861,94.504139,,block_50_189
15520,GSI,25.312667,94.509111,,block_50_189
15396,GSI,25.325194,94.511861,,block_50_189
15398,GSI,25.324194,94.520278,,block_50_189
15558,GSI,25.323556,94.525583,,block_50_189
15559,GSI,25.329306,94.524639,,block_50_189
15425,GSI,25.3375,94.527806,,block_50_189
15423,GSI,25.360389,94.529917,,block_50_189
15421,GSI,25.356583,94.525306,,block_50_189
14531,GSI,25.388056,94.550083,,block_50_189
15101,GSI,25.394667,94.548917,,block_50_189
15590,GSI,25.373639,94.555333,,block_50_189
15594,GSI,25.261806,94.546944,,block_50_189
15591,GSI,25.265389,94.541472,,block_50_189
14574,GSI,25.27325,94.555417,,block_50_189
15097,GSI,25.287306,94.539833,,block_50_189
15659,GSI,25.286944,94.531361,,block_50_189
15429,GSI,25.289806,94.525639,,block_50_189
15292,GSI,25.394917,94.630111,,block_50_189
15329,GSI,25.407667,94.587222,,block_50_189
15289,GSI,25.409139,94.592139,,block_50_189
15325,GSI,25.410667,94.598361,,block_50_189
15290,GSI,25.400639,94.620639,,block_50_189
14957,GSI,25.553833,94.762389,,block_51_189
14960,GSI,25.566583,94.763722,,block_51_189
14961,GSI,25.589222,94.766083,,block_51_189
14731,GSI,25.5925,94.628472,,block_51_189
14728,GSI,25.507611,94.661028,,block_51_189
14726,GSI,25.502583,94.661194,,block_51_189
14727,GSI,25.505833,94.653806,,block_51_189
15059,GSI,25.515222,94.660694,,block_51_189
14729,GSI,25.562667,94.608,,block_51_189
14730,GSI,25.581333,94.627306,,block_51_189
15025,GSI,25.593472,94.596944,,block_51_189
14782,GSI,25.587167,94.514361,,block_51_189
14812,GSI,25.497078,94.553583,,block_50_189
14814,GSI,25.492333,94.555444,,block_50_189
14815,GSI,25.485861,94.544528,,block_50_189
14854,GSI,25.478194,94.535111,,block_50_189
14858,GSI,25.471806,94.543,,block_50_189
14534,GSI,25.466278,94.552528,,block_50_189
14749,GSI,25.467169,94.54755,,block_50_189
14857,GSI,25.466611,94.537861,,block_50_189
15079,GSI,25.45475,94.552583,,block_50_189
15080,GSI,25.442278,94.563833,,block_50_189
14807,GSI,25.431361,94.560861,,block_50_189
15293,GSI,25.432833,94.575444,,block_50_189
15081,GSI,25.420722,94.577722,,block_50_189
15122,GSI,25.416,94.579028,,block_50_189
14806,GSI,25.410389,94.579361,,block_50_189
15103,GSI,25.415639,94.559361,,block_50_189
15082,GSI,25.410333,94.542028,,block_50_189
14530,GSI,25.413086,94.526303,,block_50_189
14533,GSI,25.410694,94.500056,,block_50_189
14852,GSI,25.483694,94.530194,,block_50_189
9179,GSI,25.396222,94.450472,,block_50_188
7486,GSI,25.552,94.362,,block_51_188
8406,GSI,25.576,94.351,,block_51_188
632,GSI,25.58194,94.35,,block_51_188
7352,GSI,25.574,94.332,,block_51_188
8517,GSI,25.594,94.314,,block_51_188
8368,GSI,25.598,94.31,,block_51_188
8540,GSI,25.543,94.357,,block_51_188
8359,GSI,25.5,94.389,,block_51_188
7575,GSI,25.536,94.236,,block_51_188
7346,GSI,25.546,94.274,,block_51_188
8566,GSI,25.566,94.26,,block_51_188
7512,GSI,25.549,94.286,,block_51_188
7343,GSI,25.559,94.284,,block_51_188
7290,GSI,25.561,94.294,,block_51_188
8552,GSI,25.569,94.283,,block_51_188
7345,GSI,25.574,94.295,,block_51_188
8535,GSI,25.588,94.292,,block_51_188
7489,GSI,25.571,94.253,,block_51_188
8479,GSI,25.559,94.251,,block_51_188
449,GSI,25.55408,94.23669,,block_51_188
8512,GSI,25.569,94.234,,block_51_188
7483,GSI,25.594,94.166,,block_51_188
472,GSI,25.57086,94.17047,,block_51_188
8525,GSI,25.566,94.168,,block_51_188
8322,GSI,25.548,94.188,,block_51_188
550,GSI,25.53128,94.16536,,block_51_188
549,GSI,25.54039,94.16989,,block_51_188
8357,GSI,25.525,94.146,,block_51_188
454,GSI,25.52103,94.13783,,block_51_188
8356,GSI,25.514,94.137,,block_51_188
8358,GSI,25.508,94.135,,block_51_188
8516,GSI,25.538,94.135,,block_51_188
7619,GSI,25.565,94.138,,block_51_188
7501,GSI,25.56,94.151,,block_51_188
8527,GSI,25.554,94.148,,block_51_188
7580,GSI,25.566,94.162,,block_51_188
7443,GSI,25.563,94.147,,block_51_188
7319,GSI,25.585,94.137,,block_51_188
7315,GSI,25.582,94.141,,block_51_188
8264,GSI,25.448506,94.031956,,block_50_188
8109,GSI,25.447664,94.041483,,block_50_188
8107,GSI,25.453942,94.048881,,block_50_188
8285,GSI,25.435444,94.061928,,block_50_188
8284,GSI,25.4351,94.071111,,block_50_188
8263,GSI,25.421656,94.071,,block_50_188
7952,GSI,25.427231,94.048914,,block_50_188
8286,GSI,25.42955,94.053333,,block_50_188
8085,GSI,25.440961,94.046264,,block_50_188
8128,GSI,25.437203,94.042989,,block_50_188
8110,GSI,25.443264,94.0392,,block_50_188
8265,GSI,25.439367,94.025864,,block_50_188
7953,GSI,25.428889,94.043861,,block_50_188
8124,GSI,25.416389,94.067894,,block_50_188
8122,GSI,25.417653,94.084694,,block_50_188
8123,GSI,25.416483,94.079214,,block_50_188
8262,GSI,25.421111,94.077,,block_50_188
8392,GSI,25.429097,94.108439,,block_50_188
8393,GSI,25.454017,94.124572,,block_50_188
8395,GSI,25.450353,94.129017,,block_50_188
592,GSI,25.47217,94.15433,,block_50_188
8275,GSI,25.346964,94.198264,,block_50_188
8273,GSI,25.337428,94.184525,,block_50_188
8272,GSI,25.335364,94.169247,,block_50_188
8135,GSI,25.340433,94.166631,,block_50_188
8115,GSI,25.342472,94.161667,,block_50_188
8134,GSI,25.338556,94.158806,,block_50_188
8114,GSI,25.346653,94.159475,,block_50_188
8113,GSI,25.379611,94.146667,,block_50_188
7959,GSI,25.321019,94.067142,,block_50_188
8439,GSI,25.337239,94.039708,,block_50_188
8380,GSI,25.297797,94.044722,,block_50_188
8269,GSI,25.311458,94.058922,,block_50_188
8112,GSI,25.318628,94.092053,,block_50_188
7961,GSI,25.332489,94.080258,,block_50_188
8094,GSI,25.322822,94.088994,,block_50_188
8281,GSI,25.265492,94.098872,,block_50_188
7948,GSI,25.257919,94.091564,,block_50_188
7946,GSI,25.262947,94.079353,,block_50_188
8379,GSI,25.289833,94.036647,,block_50_188
8377,GSI,25.279389,94.032194,,block_50_188
8141,GSI,25.268942,94.044694,,block_50_188
8278,GSI,25.259722,94.03715,,block_50_188
8279,GSI,25.264639,94.062167,,block_50_188
7949,GSI,25.236142,94.101983,,block_50_188
8032,GSI,25.2375,94.113889,,block_50_188
8033,GSI,25.218022,94.107603,,block_50_188
8050,GSI,25.198756,94.136078,,block_50_188
8053,GSI,25.255931,94.1254,,block_50_188
7940,GSI,25.346747,94.215264,,block_50_188
7942,GSI,25.350764,94.222161,,block_50_188
7944,GSI,25.363278,94.228389,,block_50_188
7945,GSI,25.379878,94.214606,,block_50_188
9181,GSI,25.381389,94.279306,,block_50_188
9180,GSI,25.392444,94.29875,,block_50_188
9156,GSI,25.34725,94.334444,,block_50_188
9157,GSI,25.289444,94.309472,,block_50_188
9334,GSI,25.166833,94.354889,,block_50_188
9176,GSI,25.090556,94.387389,,block_50_188
9374,GSI,25.095611,94.384778,,block_50_188
9377,GSI,25.098667,94.390222,,block_50_188
9353,GSI,25.095972,94.375944,,block_50_188
9352,GSI,25.092111,94.370444,,block_50_188
9329,GSI,25.114444,94.354694,,block_50_188
9332,GSI,25.131917,94.338583,,block_50_188
9359,GSI,25.128222,94.321722,,block_50_188
9150,GSI,25.151917,94.312167,,block_50_188
9128,GSI,25.145583,94.320444,,block_50_188
9355,GSI,25.172194,94.3485,,block_50_188
9357,GSI,25.181639,94.342667,,block_50_188
9358,GSI,25.186167,94.342889,,block_50_188
9154,GSI,25.181583,94.304444,,block_50_188
9153,GSI,25.185167,94.308972,,block_50_188
9152,GSI,25.168528,94.288333,,block_50_188
9151,GSI,25.167528,94.294861,,block_50_188
9155,GSI,25.176639,94.297361,,block_50_188
9173,GSI,25.079667,94.296361,,block_50_188
8074,GSI,25.044111,94.233778,,block_50_188
8102,GSI,25.042333,94.241111,,block_50_188
25962,GSI,24.992889,94.230583,,block_49_188
8059,GSI,25.002611,94.330278,,block_50_188
8057,GSI,25.019139,94.332472,,block_50_188
8055,GSI,25.034611,94.31925,,block_50_188
8056,GSI,25.027528,94.316806,,block_50_188
8104,GSI,25.063972,94.336,,block_50_188
8105,GSI,25.048417,94.332389,,block_50_188
8103,GSI,25.077417,94.352444,,block_50_188
26136,GSI,24.9252,94.3371,,block_49_188
24061,GSI,24.910619,94.321092,,block_49_188
24251,GSI,24.889031,94.306125,,block_49_188
24250,GSI,24.890806,94.319308,,block_49_188
24235,GSI,24.894944,94.323111,,block_49_188
24236,GSI,24.897722,94.328472,,block_49_188
24238,GSI,24.908778,94.333417,,block_49_188
24254,GSI,24.901444,94.338306,,block_49_188
24070,GSI,24.852222,94.369333,,block_49_188
24089,GSI,24.851194,94.361722,,block_49_188
24068,GSI,24.8415,94.361167,,block_49_188
24224,GSI,24.847417,94.358028,,block_49_188
24244,GSI,24.836588,94.354848,,block_49_188
24258,GSI,24.834921,94.365211,,block_49_188
24067,GSI,24.83636,94.37622,,block_49_188
24221,GSI,24.806278,94.377056,,block_49_188
24520,GSI,24.808874,94.368466,,block_49_188
24241,GSI,24.812017,94.356051,,block_49_188
24243,GSI,24.830202,94.357821,,block_49_188
24242,GSI,24.823296,94.358767,,block_49_188
24246,GSI,24.833278,94.349639,,block_49_188
24093,GSI,24.825889,94.348861,,block_49_188
24094,GSI,24.83125,94.339194,,block_49_188
24066,GSI,24.831167,94.334111,,block_49_188
24078,GSI,24.831526,94.32757,,block_49_188
24091,GSI,24.805342,94.322356,,block_49_188
24092,GSI,24.814386,94.32344,,block_49_188
24080,GSI,24.824278,94.322472,,block_49_188
24074,GSI,24.847436,94.325861,,block_49_188
24230,GSI,24.842538,94.325233,,block_49_188
24229,GSI,24.837576,94.337593,,block_49_188
24233,GSI,24.883132,94.31281,,block_49_188
23014,GSI,24.833889,94.220167,,block_49_188
22816,GSI,24.858778,94.233139,,block_49_188
22817,GSI,24.839306,94.22575,,block_49_188
22815,GSI,24.869028,94.234611,,block_49_188
22813,GSI,24.8745,94.235833,,block_49_188
23061,GSI,24.931167,94.227111,,block_49_188
23064,GSI,24.913611,94.242028,,block_49_188
23086,GSI,24.895806,94.243944,,block_49_188
22812,GSI,24.892028,94.238389,,block_49_188
23060,GSI,24.94125,94.220861,,block_49_188
23016,GSI,24.940333,94.202556,,block_49_188
23036,GSI,24.946944,94.191194,,block_49_188
22861,GSI,24.950583,94.177778,,block_49_188
22883,GSI,24.950583,94.186028,,block_49_188
22884,GSI,24.93875,94.181861,,block_49_188
22859,GSI,24.969056,94.173528,,block_49_188
23015,GSI,24.982917,94.162639,,block_49_188
23038,GSI,24.9755,94.155,,block_49_188
23084,GSI,24.940972,94.151528,,block_49_188
23108,GSI,24.955167,94.157778,,block_49_188
22858,GSI,24.957833,94.162444,,block_49_188
23107,GSI,24.949167,94.155389,,block_49_188
23059,GSI,24.936361,94.160028,,block_49_188
23081,GSI,24.930278,94.149361,,block_49_188
23080,GSI,24.934833,94.184944,,block_49_188
13539,GSI,24.82058,94.137,,block_49_188
21973,GSI,24.833944,94.08125,,block_49_188
8054,GSI,25.086525,94.078197,,block_50_188
8071,GSI,25.085833,94.107222,,block_50_188
8072,GSI,25.080161,94.114939,,block_50_188
22860,GSI,24.994278,94.205917,,block_49_188
8073,GSI,25.038753,94.152236,,block_50_188
8052,GSI,25.173056,94.136261,,block_50_188
8051,GSI,25.188578,94.139278,,block_50_188
13538,GSI,25.13109,93.97215,,block_50_187
25965,GSI,25.146306,93.942167,,block_50_187
9184,GSI,25.126361,93.901333,,block_50_187
9182,GSI,25.124639,93.92575,,block_50_187
14394,GSI,25.028456,94.015522,,block_50_188
14395,GSI,25.016375,94.021711,,block_50_188
22232,GSI,24.996444,94.021444,,block_49_188
21959,GSI,24.940583,94.008889,,block_49_188
15047,GSI,24.9179,94.0,,block_49_188
27848,GSI,24.84,93.9,,block_49_187
27851,GSI,24.82,93.89,,block_49_187
27849,GSI,24.83,93.9,,block_49_187
27852,GSI,24.83,93.88,,block_49_187
21950,GSI,24.927139,93.789333,,block_49_187
21949,GSI,24.930056,93.797167,,block_49_187
21767,GSI,24.784556,93.777972,,block_49_187
21768,GSI,24.7895,93.774222,,block_49_187
21940,GSI,24.864833,93.772583,,block_49_187
21938,GSI,24.871694,93.776861,,block_49_187
25253,GSI,24.809917,93.736111,,block_49_187
24535,GSI,24.815833,93.740194,,block_49_187
25249,GSI,24.797278,93.737778,,block_49_187
24470,GSI,24.785889,93.736861,,block_49_187
26126,GSI,24.791306,93.735667,,block_49_187
25302,GSI,24.801681,93.736408,,block_49_187
24367,GSI,24.808611,93.729078,,block_49_187
24447,GSI,24.800778,93.702611,,block_49_187
24185,GSI,24.829225,93.720472,,block_49_187
24369,GSI,24.834386,93.715025,,block_49_187
24184,GSI,24.822953,93.710756,,block_49_187
24186,GSI,24.818936,93.688939,,block_49_187
24446,GSI,24.78725,93.696694,,block_49_187
24345,GSI,24.800556,93.674222,,block_49_187
25232,GSI,24.787667,93.666667,,block_49_187
24422,GSI,24.784611,93.659528,,block_49_187
577,GSI,24.7923333,93.6582222,,block_49_187
25288,GSI,24.804586,93.655719,,block_49_187
24495,GSI,24.890167,93.707572,,block_49_187
24493,GSI,24.943778,93.706472,,block_49_187
24494,GSI,24.965053,93.731514,,block_49_187
24365,GSI,24.974128,93.666128,,block_49_187
24364,GSI,24.987986,93.671258,,block_49_187
9183,GSI,25.110417,93.791806,,block_50_187
10943,GSI,25.167917,93.749083,,block_50_187
10945,GSI,25.16875,93.742306,,block_50_187
10723,GSI,25.167444,93.735472,,block_50_187
10903,GSI,25.15775,93.72275,,block_50_187
10700,GSI,25.162583,93.703972,,block_50_187
10701,GSI,25.156833,93.703222,,block_50_187
10904,GSI,25.159,93.712056,,block_50_187
10926,GSI,25.153472,93.712444,,block_50_187
10900,GSI,25.161667,93.730361,,block_50_187
9530,GSI,25.123361,93.656306,,block_50_187
9572,GSI,25.136222,93.667639,,block_50_187
9550,GSI,25.130722,93.663583,,block_50_187
9764,GSI,25.155611,93.676639,,block_50_187
9537,GSI,25.151417,93.672833,,block_50_187
9536,GSI,25.14625,93.671194,,block_50_187
10704,GSI,25.165833,93.699611,,block_50_187
10732,GSI,25.164472,93.693944,,block_50_187
14268,GSI,25.238611,94.009189,,block_50_188
14393,GSI,25.245869,94.014442,,block_50_188
8360,GSI,25.269097,94.022569,,block_50_188
8397,GSI,25.304917,94.011444,,block_50_188
8267,GSI,25.444333,94.006631,,block_50_188
8268,GSI,25.448389,94.003139,,block_50_188
8266,GSI,25.452417,94.018919,,block_50_188
8061,GSI,25.529,93.952,,block_51_187
8083,GSI,25.523,93.955,,block_51_187
8043,GSI,25.521,93.964,,block_51_187
8259,GSI,25.517,93.957,,block_51_187
8242,GSI,25.532,93.927,,block_51_187
8064,GSI,25.523,93.898,,block_51_187
8042,GSI,25.528,93.872,,block_51_187
8062,GSI,25.523,93.873,,block_51_187
8604,GSI,25.566,93.863,,block_51_187
8400,GSI,25.561,93.858,,block_51_187
8582,GSI,25.571,93.871,,block_51_187
8398,GSI,25.579,93.87,,block_51_187
9339,GSI,25.576,93.878,,block_51_187
8606,GSI,25.598,93.848,,block_51_187
9338,GSI,25.578,93.805,,block_51_187
8605,GSI,25.576,93.783,,block_51_187
9362,GSI,25.575,93.777,,block_51_187
8602,GSI,25.572,93.787,,block_51_187
8293,GSI,25.531,93.762,,block_51_187
9336,GSI,25.526,93.766,,block_51_187
10971,GSI,25.472781,93.727319,,block_50_187
27584,GSI,25.5,93.67,,block_51_187
27591,GSI,25.51,93.67,,block_51_187
27573,GSI,25.51,93.7,,block_51_187
27597,GSI,25.51,93.68,,block_51_187
27575,GSI,25.51,93.71,,block_51_187
27579,GSI,25.52,93.72,,block_51_187
27577,GSI,25.51,93.72,,block_51_187
27580,GSI,25.52,93.73,,block_51_187
27583,GSI,25.53,93.73,,block_51_187
27581,GSI,25.53,93.74,,block_51_187
27588,GSI,25.54,93.74,,block_51_187
27590,GSI,25.53,93.72,,block_51_187
9363,GSI,25.726,93.773,,block_51_187
9361,GSI,25.74,93.775,,block_51_187
8292,GSI,25.745,93.782,,block_51_187
8583,GSI,25.723,93.778,,block_51_187
8294,GSI,25.743,93.798,,block_51_187
27609,GSI,25.77,93.82,,block_51_187
27644,GSI,25.78,93.82,,block_51_187
27616,GSI,25.8,93.83,,block_51_187
27633,GSI,25.8,93.81,,block_51_187
151,GSI,25.78417,93.80028,,block_51_187
1169,GSI,25.78214,93.80528,,block_51_187
27620,GSI,25.79,93.8,,block_51_187
27641,GSI,25.8,93.8,,block_51_187
27643,GSI,25.79,93.78,,block_51_187
13703,GSI,25.7517,93.73449,,block_51_187
27617,GSI,25.71,93.74,,block_51_187
13829,GSI,25.84516,93.68408,,block_51_187
13817,GSI,25.84782,93.70174,,block_51_187
13702,GSI,25.95514,93.72997,,block_51_187
19650,GSI,26.0054,93.9794,,block_52_187
19039,GSI,26.0034,93.9855,,block_52_187
19181,GSI,26.0049,93.9914,,block_52_187
7230,GSI,26.006028,94.003194,,block_52_188
9955,GSI,25.985317,94.021903,,block_51_188
10676,GSI,25.949278,94.025528,,block_51_188
10167,GSI,25.952861,94.021028,,block_51_188
10679,GSI,25.948222,94.014361,,block_51_188
10652,GSI,25.944361,94.023222,,block_51_188
9832,GSI,25.85475,94.002778,,block_51_188
27647,GSI,25.86,93.99,,block_51_187
27601,GSI,25.84,93.98,,block_51_187
9829,GSI,25.839722,94.011167,,block_51_188
27639,GSI,25.8,94.0,,block_51_188
27640,GSI,25.77,93.98,,block_51_187
7301,GSI,25.736,94.012,,block_51_188
7337,GSI,25.733,94.022,,block_51_188
188,GSI,25.74697,93.98167,,block_51_187
27608,GSI,25.75,93.97,,block_51_187
8402,GSI,25.712,93.949,,block_51_187
27622,GSI,25.76,93.94,,block_51_187
27606,GSI,25.76,93.95,,block_51_187
27615,GSI,25.76,93.96,,block_51_187
27632,GSI,25.78,93.92,,block_51_187
27623,GSI,25.78,93.93,,block_51_187
27619,GSI,25.77,93.93,,block_51_187
27612,GSI,25.77,93.9,,block_51_187
27610,GSI,25.77,93.91,,block_51_187
8382,GSI,25.696,93.924,,block_51_187
8403,GSI,25.697,93.916,,block_51_187
8381,GSI,25.688,93.907,,block_51_187
8401,GSI,25.646,93.843,,block_51_187
8399,GSI,25.629,93.855,,block_51_187
9315,GSI,25.615,93.944,,block_51_187
8457,GSI,25.677,94.0202,,block_51_188
7261,GSI,25.63,94.014,,block_51_188
9316,GSI,25.645,93.992,,block_51_187
9337,GSI,25.631,93.999,,block_51_187
8490,GSI,25.645,94.034,,block_51_188
7297,GSI,25.605,94.051,,block_51_188
649,GSI,25.61597,94.09208,,block_51_188
153,GSI,25.621,94.11806,,block_51_188
7469,GSI,25.644,94.107,,block_51_188
8365,GSI,25.675,94.075,,block_51_188
8321,GSI,25.674,94.081,,block_51_188
8339,GSI,25.667,94.089,,block_51_188
554,GSI,25.67286,94.08883,,block_51_188
7467,GSI,25.667,94.094,,block_51_188
440,GSI,25.65967,94.09297,,block_51_188
650,GSI,25.65747,94.08611,,block_51_188
7977,GSI,25.651,94.097,,block_51_188
8456,GSI,25.659,94.112,,block_51_188
8348,GSI,25.673,94.101,,block_51_188
8290,GSI,25.669,94.104,,block_51_188
8419,GSI,25.664,94.101,,block_51_188
7956,GSI,25.679,94.096,,block_51_188
7455,GSI,25.683,94.099,,block_51_188
7244,GSI,25.678,94.101,,block_51_188
8343,GSI,25.68,94.117,,block_51_188
7245,GSI,25.694,94.107,,block_51_188
437,GSI,25.69506,94.11203,,block_51_188
7616,GSI,25.698,94.085,,block_51_188
187,GSI,25.68044,94.07336,,block_51_188
8510,GSI,25.696,94.079,,block_51_188
7476,GSI,25.692,94.068,,block_51_188
7496,GSI,25.685,94.059,,block_51_188
596,GSI,25.68658,94.05319,,block_51_188
7270,GSI,25.682,94.052,,block_51_188
651,GSI,25.6715,94.06942,,block_51_188
7322,GSI,25.67,94.062,,block_51_188
7691,GSI,25.661,94.055,,block_51_188
8515,GSI,25.668,94.051,,block_51_188
442,GSI,25.65072,94.03294,,block_51_188
7243,GSI,25.667,94.035,,block_51_188
13559,GSI,25.68625,94.043194,,block_51_188
8149,GSI,25.683,94.038,,block_51_188
7998,GSI,25.693,94.043,,block_51_188
8307,GSI,25.725,94.031,,block_51_188
8153,GSI,25.721,94.039,,block_51_188
8459,GSI,25.713,94.06,,block_51_188
7482,GSI,25.711,94.069,,block_51_188
9557,GSI,25.759556,94.026056,,block_51_188
9556,GSI,25.761278,94.032417,,block_51_188
9555,GSI,25.769417,94.037639,,block_51_188
9554,GSI,25.760583,94.064583,,block_51_188
9491,GSI,25.761278,94.072194,,block_51_188
9490,GSI,25.758944,94.078028,,block_51_188
9558,GSI,25.773583,94.086833,,block_51_188
9523,GSI,25.767167,94.078556,,block_51_188
9526,GSI,25.779944,94.116556,,block_51_188
7324,GSI,25.728,94.112,,block_51_188
574,GSI,25.72739,94.10103,,block_51_188
636,GSI,25.74467,94.08672,,block_51_188
7620,GSI,25.746,94.078,,block_51_188
7460,GSI,25.726,94.076,,block_51_188
7321,GSI,25.729,94.083,,block_51_188
665,GSI,25.73572,94.08703,,block_51_188
8491,GSI,25.717,94.086,,block_51_188
572,GSI,25.72194,94.0855,,block_51_188
8474,GSI,25.701,94.089,,block_51_188
356,GSI,25.71092,94.09306,,block_51_188
7463,GSI,25.719,94.105,,block_51_188
8496,GSI,25.704,94.118,,block_51_188
7477,GSI,25.703,94.137,,block_51_188
448,GSI,25.70106,94.14167,,block_51_188
9718,GSI,25.755206,94.179975,,block_51_188
9854,GSI,25.767692,94.185106,,block_51_188
9833,GSI,25.781919,94.171169,,block_51_188
10865,GSI,25.750944,94.199444,,block_51_188
10864,GSI,25.750583,94.180833,,block_51_188
7300,GSI,25.671,94.21,,block_51_188
8526,GSI,25.669,94.192,,block_51_188
7250,GSI,25.688,94.137,,block_51_188
7976,GSI,25.691,94.121,,block_51_188
427,GSI,25.68375,94.12436,,block_51_188
7448,GSI,25.686,94.119,,block_51_188
7332,GSI,25.678,94.122,,block_51_188
8323,GSI,25.682,94.131,,block_51_188
7333,GSI,25.671,94.14,,block_51_188
7980,GSI,25.653,94.123,,block_51_188
8346,GSI,25.652,94.154,,block_51_188
8498,GSI,25.648,94.124,,block_51_188
7454,GSI,25.61,94.139,,block_51_188
7478,GSI,25.608,94.146,,block_51_188
7473,GSI,25.631,94.174,,block_51_188
7617,GSI,25.646,94.177,,block_51_188
478,GSI,25.62978,94.19514,,block_51_188
7428,GSI,25.642,94.201,,block_51_188
7440,GSI,25.631,94.203,,block_51_188
7251,GSI,25.624,94.206,,block_51_188
7280,GSI,25.619,94.206,,block_51_188
7439,GSI,25.612,94.209,,block_51_188
479,GSI,25.62153,94.19439,,block_51_188
523,GSI,25.61092,94.20064,,block_51_188
552,GSI,25.61275,94.21517,,block_51_188
7299,GSI,25.621,94.212,,block_51_188
7286,GSI,25.63,94.25,,block_51_188
8404,GSI,25.631,94.257,,block_51_188
7354,GSI,25.635,94.253,,block_51_188
565,GSI,25.63669,94.21986,,block_51_188
7578,GSI,25.628,94.211,,block_51_188
8327,GSI,25.632,94.215,,block_51_188
7323,GSI,25.655,94.234,,block_51_188
7268,GSI,25.672,94.218,,block_51_188
7464,GSI,25.665,94.216,,block_51_188
7688,GSI,25.677,94.241,,block_51_188
8513,GSI,25.684,94.246,,block_51_188
7492,GSI,25.667,94.254,,block_51_188
7618,GSI,25.665,94.247,,block_51_188
8499,GSI,25.681,94.285,,block_51_188
7292,GSI,25.652,94.288,,block_51_188
7510,GSI,25.629,94.274,,block_51_188
8538,GSI,25.607,94.321,,block_51_188
8550,GSI,25.614,94.319,,block_51_188
8367,GSI,25.625,94.335,,block_51_188
8480,GSI,25.625,94.345,,block_51_188
8564,GSI,25.62,94.332,,block_51_188
8549,GSI,25.623,94.354,,block_51_188
7288,GSI,25.624,94.361,,block_51_188
8539,GSI,25.646,94.378,,block_51_188
8366,GSI,25.647,94.361,,block_51_188
8518,GSI,25.661,94.388,,block_51_188
8387,GSI,25.67,94.382,,block_51_188
8502,GSI,25.681,94.387,,block_51_188
8530,GSI,25.695,94.349,,block_51_188
7291,GSI,25.696,94.32,,block_51_188
8546,GSI,25.713,94.309,,block_51_188
8349,GSI,25.736,94.329,,block_51_188
8389,GSI,25.745,94.338,,block_51_188
7361,GSI,25.703,94.338,,block_51_188
8565,GSI,25.708,94.386,,block_51_188
9724,GSI,25.770917,94.357322,,block_51_188
9470,GSI,25.760111,94.366528,,block_51_188
9482,GSI,25.783278,94.388306,,block_51_188
9489,GSI,25.751694,94.316361,,block_51_188
9716,GSI,25.750617,94.237358,,block_51_188
7459,GSI,25.744,94.242,,block_51_188
10866,GSI,25.752806,94.213306,,block_51_188
9717,GSI,25.761464,94.217103,,block_51_188
10868,GSI,25.767,94.229778,,block_51_188
10867,GSI,25.757639,94.223583,,block_51_188
10870,GSI,25.756444,94.245333,,block_51_188
10844,GSI,25.78875,94.234111,,block_51_188
10843,GSI,25.806861,94.237333,,block_51_188
9721,GSI,25.828558,94.239531,,block_51_188
10193,GSI,25.881639,94.212861,,block_51_188
10194,GSI,25.878861,94.221333,,block_51_188
10196,GSI,25.880083,94.234167,,block_51_188
9855,GSI,25.885208,94.244494,,block_51_188
10100,GSI,25.892028,94.274528,,block_51_188
10101,GSI,25.889056,94.278361,,block_51_188
10102,GSI,25.880861,94.300667,,block_51_188
9741,GSI,25.817194,94.280058,,block_51_188
9690,GSI,25.844972,94.328611,,block_51_188
9685,GSI,25.866722,94.372639,,block_51_188
9707,GSI,25.901611,94.393694,,block_51_188
9687,GSI,25.87975,94.358722,,block_51_188
9688,GSI,25.877111,94.34325,,block_51_188
9689,GSI,25.869194,94.324889,,block_51_188
9859,GSI,25.977569,94.322217,,block_51_188
9858,GSI,25.998778,94.264853,,block_51_188
10104,GSI,25.936056,94.216444,,block_51_188
10124,GSI,25.966861,94.2215,,block_51_188
10105,GSI,25.961917,94.216194,,block_51_188
10126,GSI,25.970083,94.213639,,block_51_188
7216,GSI,26.002139,94.253972,,block_52_188
14463,GSI,26.001972,94.183667,,block_52_188
9856,GSI,25.979897,94.152281,,block_51_188
10128,GSI,25.915444,94.119639,,block_51_188
9826,GSI,25.910583,94.206417,,block_51_188
10103,GSI,25.896389,94.203556,,block_51_188
10173,GSI,25.89125,94.202306,,block_51_188
10171,GSI,25.867778,94.168056,,block_51_188
9559,GSI,25.845861,94.19025,,block_51_188
9510,GSI,25.844694,94.195833,,block_51_188
10850,GSI,25.849611,94.156806,,block_51_188
9679,GSI,25.840361,94.152167,,block_51_188
9543,GSI,25.808722,94.138278,,block_51_188
10872,GSI,25.854417,94.15525,,block_51_188
10170,GSI,25.859444,94.160139,,block_51_188
10848,GSI,25.840167,94.115194,,block_51_188
10697,GSI,25.827028,94.078139,,block_51_188
10695,GSI,25.832333,94.073306,,block_51_188
10667,GSI,25.849806,94.057083,,block_51_188
10896,GSI,25.843222,94.053139,,block_51_188
10673,GSI,25.833028,94.050056,,block_51_188
10694,GSI,25.832806,94.06175,,block_51_188
10894,GSI,25.803806,94.065556,,block_51_188
10895,GSI,25.826778,94.047833,,block_51_188
10671,GSI,25.875639,94.0395,,block_51_188
10670,GSI,25.865722,94.048806,,block_51_188
10668,GSI,25.860611,94.0555,,block_51_188
10873,GSI,25.879889,94.035417,,block_51_188
9901,GSI,25.884206,94.026203,,block_51_188
10876,GSI,25.907167,94.041583,,block_51_188
10649,GSI,25.9545,94.040083,,block_51_188
10648,GSI,25.942111,94.04625,,block_51_188
10647,GSI,25.9365,94.047694,,block_51_188
10877,GSI,25.930722,94.048417,,block_51_188
9723,GSI,25.905433,94.097386,,block_51_188
10130,GSI,25.935694,94.111472,,block_51_188
10129,GSI,25.930611,94.112139,,block_51_188
9902,GSI,25.929733,94.072478,,block_51_188
10169,GSI,25.96675,94.031917,,block_51_188
10650,GSI,25.957472,94.036278,,block_51_188
9953,GSI,25.993164,94.034803,,block_51_188
9952,GSI,25.984456,94.031639,,block_51_188
7426,GSI,26.004528,94.039583,,block_52_188
9956,GSI,25.99875,94.026203,,block_51_188
7225,GSI,26.008333,94.032333,,block_52_188
7224,GSI,26.012889,94.044222,,block_52_188
7228,GSI,26.021083,94.040361,,block_52_188
7404,GSI,26.053164,94.045167,,block_52_188
7240,GSI,26.037381,94.037386,,block_52_188
7421,GSI,26.087917,94.098056,,block_52_188
7419,GSI,26.091861,94.101333,,block_52_188
7403,GSI,26.098056,94.105472,,block_52_188
7422,GSI,26.084444,94.09,,block_52_188
7349,GSI,26.134639,94.049278,,block_52_188
7368,GSI,26.209389,94.116411,,block_52_188
7351,GSI,26.180639,94.101028,,block_52_188
7402,GSI,26.109167,94.116167,,block_52_188
7400,GSI,26.122167,94.131528,,block_52_188
7259,GSI,26.1295,94.136111,,block_52_188
7257,GSI,26.143722,94.151111,,block_52_188
7256,GSI,26.179,94.182611,,block_52_188
7671,GSI,26.208417,94.204389,,block_52_188
7239,GSI,26.08875,94.202444,,block_52_188
8557,GSI,26.016528,94.171056,,block_52_188
7215,GSI,26.013556,94.255139,,block_52_188
7376,GSI,26.0325,94.256,,block_52_188
7398,GSI,26.067889,94.224889,,block_52_188
7237,GSI,26.093972,94.217417,,block_52_188
7601,GSI,26.101583,94.253222,,block_52_188
7383,GSI,26.096778,94.252611,,block_52_188
7374,GSI,26.05925,94.244472,,block_52_188
7499,GSI,26.05925,94.251972,,block_52_188
7373,GSI,26.065972,94.270389,,block_52_188
7200,GSI,26.085389,94.258,,block_52_188
7621,GSI,26.084806,94.263083,,block_52_188
7622,GSI,26.105583,94.257778,,block_52_188
7357,GSI,26.070306,94.280586,,block_52_188
7359,GSI,26.037139,94.258306,,block_52_188
7502,GSI,26.022278,94.257556,,block_52_188
7639,GSI,26.056167,94.3065,,block_52_188
7640,GSI,26.026389,94.331722,,block_52_188
7519,GSI,26.103667,94.363139,,block_52_188
7641,GSI,26.088722,94.349833,,block_52_188
7518,GSI,26.104528,94.353833,,block_52_188
7643,GSI,26.107333,94.339139,,block_52_188
7624,GSI,26.068028,94.317833,,block_52_188
7517,GSI,26.116361,94.323778,,block_52_188
7211,GSI,26.131917,94.323611,,block_52_188
7382,GSI,26.127222,94.306444,,block_52_188
7500,GSI,26.117194,94.336972,,block_52_188
7339,GSI,26.11575,94.33075,,block_52_188
7341,GSI,26.1125,94.347556,,block_52_188
7362,GSI,26.193,94.292972,,block_52_188
7364,GSI,26.192667,94.282194,,block_52_188
7220,GSI,26.182583,94.263361,,block_52_188
7521,GSI,26.123806,94.294889,,block_52_188
7380,GSI,26.111278,94.257194,,block_52_188
7396,GSI,26.155083,94.250361,,block_52_188
7397,GSI,26.153306,94.240611,,block_52_188
7378,GSI,26.180944,94.249472,,block_52_188
7377,GSI,26.193056,94.2465,,block_52_188
7254,GSI,26.204028,94.238389,,block_52_188
8576,GSI,26.2095,94.232083,,block_52_188
7647,GSI,26.206111,94.223333,,block_52_188
8596,GSI,26.202972,94.213417,,block_52_188
7391,GSI,26.213889,94.211111,,block_52_188
7393,GSI,26.222306,94.214056,,block_52_188
7394,GSI,26.226972,94.211806,,block_52_188
7410,GSI,26.234722,94.21525,,block_52_188
8575,GSI,26.212861,94.235889,,block_52_188
8558,GSI,26.216583,94.240556,,block_52_188
7253,GSI,26.211028,94.241389,,block_52_188
7425,GSI,26.299889,94.249667,,block_52_188
7424,GSI,26.29325,94.251806,,block_52_188
8572,GSI,26.2905,94.393222,,block_52_188
8571,GSI,26.286222,94.364167,,block_52_188
27942,GSI,26.41,94.37,,block_52_188
7405,GSI,26.333833,94.284333,,block_52_188
7407,GSI,26.331028,94.279167,,block_52_188
7232,GSI,26.237861,94.205028,,block_52_188
7366,GSI,26.230083,94.198,,block_52_188
8445,GSI,26.222492,94.167267,,block_52_188
27907,GSI,26.26,94.15,,block_52_188
7370,GSI,26.232944,94.130639,,block_52_188
27904,GSI,26.28,94.13,,block_52_188
27906,GSI,26.27,94.14,,block_52_188
27899,GSI,26.3,94.11,,block_52_188
27902,GSI,26.29,94.11,,block_52_188
7369,GSI,26.239167,94.071111,,block_52_188
7350,GSI,26.129722,94.019194,,block_52_188
7226,GSI,26.0075,94.021444,,block_52_188
7229,GSI,26.013722,94.009083,,block_52_188
7348,GSI,26.0225,94.004444,,block_52_188
19171,GSI,26.0073,93.9983,,block_52_187
25992,GSI,26.07256,93.928,,block_52_187
19011,GSI,26.34838,93.78208,,block_52_187
19027,GSI,26.35622,93.77941,,block_52_187
19010,GSI,26.34075,93.78861,,block_52_187
19057,GSI,26.3466,93.7356,,block_52_187
19056,GSI,26.3478,93.7417,,block_52_187
19013,GSI,26.57708,93.65836,,block_53_187
19187,GSI,26.57447,93.66297,,block_53_187
91,GSI,27.124444,93.742222,,block_54_187
30706,GSI,27.1231389,93.7021389,,block_54_187
89,GSI,27.112222,93.694444,,block_54_187
90,GSI,27.105556,93.699722,,block_54_187
30717,GSI,27.0882778,93.66925,,block_54_187
30765,GSI,27.2162778,93.6556389,,block_54_187
30764,GSI,27.2166389,93.6914722,,block_54_187
30762,GSI,27.2208333,93.6981944,,block_54_187
30708,GSI,27.16,93.7391667,,block_54_187
30707,GSI,27.1289722,93.7053333,,block_54_187
10009,GSI,27.1275,93.73164,,block_54_187
30709,GSI,27.1658056,93.7511667,,block_54_187
10007,GSI,27.193425,93.780983,,block_54_187
27909,GSI,26.6,94.34,,block_53_188
27925,GSI,26.57,94.35,,block_53_188
27923,GSI,26.58,94.35,,block_53_188
27920,GSI,26.6,94.35,,block_53_188
27910,GSI,26.56,94.36,,block_53_188
27913,GSI,26.55,94.36,,block_53_188
27917,GSI,26.54,94.37,,block_53_188
27937,GSI,26.49,94.36,,block_52_188
27936,GSI,26.49,94.37,,block_52_188
27939,GSI,26.43,94.38,,block_52_188
27940,GSI,26.42,94.38,,block_52_188
27929,GSI,26.5,94.43,,block_53_188
8555,GSI,26.471889,94.454667,,block_52_188
8556,GSI,26.486389,94.448389,,block_52_188
8424,GSI,26.479167,94.543806,,block_52_189
15565,GSI,26.588056,94.549111,,block_53_189
27933,GSI,26.6,94.49,,block_53_188
27935,GSI,26.61,94.5,,block_53_189
27931,GSI,26.55,94.44,,block_53_188
27930,GSI,26.54,94.44,,block_53_188
15563,GSI,26.686961,94.544,,block_53_189
15562,GSI,26.68,94.534661,,block_53_189
27934,GSI,26.62,94.5,,block_53_189
15566,GSI,26.66725,94.614028,,block_53_189
15567,GSI,26.66325,94.617083,,block_53_189
15346,GSI,26.680722,94.639306,,block_53_189
154,GSI,26.70069,94.64383,,block_53_189
15352,GSI,26.703194,94.633917,,block_53_189
15348,GSI,26.695194,94.636194,,block_53_189
15381,GSI,26.719056,94.657528,,block_53_189
15309,GSI,26.674139,94.74625,,block_53_189
181,GSI,26.70744,94.70858,,block_53_189
15354,GSI,26.635667,94.703611,,block_53_189
15409,GSI,26.590556,94.764167,,block_53_189
15313,GSI,26.561861,94.686611,,block_53_189
15674,GSI,26.556,94.680167,,block_53_189
15314,GSI,26.608167,94.645139,,block_53_189
15673,GSI,26.504917,94.662417,,block_53_189
8426,GSI,26.429361,94.623,,block_52_189
8584,GSI,26.426944,94.669,,block_52_189
15001,GSI,26.463333,94.8575,,block_52_189
15002,GSI,26.46,94.852222,,block_52_189
14973,GSI,26.488056,94.821389,,block_52_189
15375,GSI,26.510833,94.836944,,block_53_189
15374,GSI,26.494722,94.824722,,block_52_189
15378,GSI,26.506111,94.794167,,block_53_189
15036,GSI,26.468611,94.806389,,block_52_189
15379,GSI,26.506389,94.787222,,block_53_189
15404,GSI,26.535556,94.788056,,block_53_189
15380,GSI,26.516111,94.785833,,block_53_189
15405,GSI,26.551111,94.79,,block_53_189
15407,GSI,26.556111,94.783333,,block_53_189
15408,GSI,26.562222,94.773056,,block_53_189
15376,GSI,26.529444,94.837778,,block_53_189
15669,GSI,26.541389,94.946389,,block_53_189
15639,GSI,26.545,94.941389,,block_53_189
15003,GSI,26.435556,94.863056,,block_52_189
15035,GSI,26.424167,94.863889,,block_52_189
15145,GSI,26.4175,94.960278,,block_52_189
15146,GSI,26.418333,94.967778,,block_52_189
14887,GSI,26.439528,95.032278,,block_52_190
14851,GSI,26.4285,95.0185,,block_52_190
14849,GSI,26.421667,95.011306,,block_52_190
14522,GSI,26.420167,95.053833,,block_52_190
14523,GSI,26.415417,95.053667,,block_52_190
14521,GSI,26.427222,95.052389,,block_52_190
14520,GSI,26.431639,95.048417,,block_52_190
14893,GSI,26.441056,95.046111,,block_52_190
15479,GSI,26.563667,95.090139,,block_53_190
15477,GSI,26.550472,95.101889,,block_53_190
15297,GSI,26.548056,95.0905,,block_53_190
15478,GSI,26.5585,95.097417,,block_53_190
15512,GSI,26.5715,95.097639,,block_53_190
15515,GSI,26.576806,95.096889,,block_53_190
15296,GSI,26.580667,95.093056,,block_53_190
15516,GSI,26.592167,95.012111,,block_53_190
15517,GSI,26.588806,95.017667,,block_53_190
15518,GSI,26.582861,95.020306,,block_53_190
15519,GSI,26.578028,95.028278,,block_53_190
15670,GSI,26.555,94.9525,,block_53_189
15637,GSI,26.59,94.983056,,block_53_189
15638,GSI,26.596389,94.990833,,block_53_189
15636,GSI,26.625556,94.970833,,block_53_189
15633,GSI,26.641111,94.990278,,block_53_189
15635,GSI,26.637222,94.981389,,block_53_189
15186,GSI,26.711639,95.014944,,block_53_190
15185,GSI,26.710611,95.020278,,block_53_190
14563,GSI,26.7175,95.03125,,block_53_190
15184,GSI,26.6575,95.012028,,block_53_190
15158,GSI,26.6435,95.075444,,block_53_190
15256,GSI,26.62625,95.120139,,block_53_190
15255,GSI,26.62125,95.12575,,block_53_190
15257,GSI,26.638861,95.123333,,block_53_190
15258,GSI,26.650333,95.125194,,block_53_190
15260,GSI,26.706194,95.110333,,block_53_190
15542,GSI,26.711222,95.074222,,block_53_190
15580,GSI,26.706028,95.078361,,block_53_190
15582,GSI,26.694917,95.07275,,block_53_190
15583,GSI,26.699056,95.079417,,block_53_190
15223,GSI,26.732306,95.055722,,block_53_190
15222,GSI,26.747806,95.062,,block_53_190
15447,GSI,26.768833,95.086194,,block_53_190
15443,GSI,26.759389,95.108944,,block_53_190
15389,GSI,26.820528,95.078722,,block_53_190
15089,GSI,26.816056,95.074639,,block_53_190
15448,GSI,26.773611,95.077611,,block_53_190
15450,GSI,26.775667,95.072917,,block_53_190
15227,GSI,26.784222,95.069944,,block_53_190
15084,GSI,26.788611,95.068194,,block_53_190
15086,GSI,26.794472,95.072722,,block_53_190
15211,GSI,26.804028,95.003722,,block_53_190
15212,GSI,26.782472,95.009028,,block_53_190
15213,GSI,26.777056,95.020361,,block_53_190
15546,GSI,26.727889,95.040389,,block_53_190
15543,GSI,26.722722,95.043361,,block_53_190
14559,GSI,26.727722,95.033056,,block_53_190
15578,GSI,26.725083,95.023861,,block_53_190
15586,GSI,26.731944,95.018361,,block_53_190
15671,GSI,26.749444,94.999444,,block_53_189
15214,GSI,26.758306,94.955806,,block_53_189
15672,GSI,26.749722,94.827222,,block_53_189
15617,GSI,26.834194,95.081639,,block_53_190
15649,GSI,26.841139,95.079694,,block_53_190
15209,GSI,26.845472,95.077639,,block_53_190
15394,GSI,26.825,95.076778,,block_53_190
30129,GSI,27.834083,94.768972,,block_55_189
30139,GSI,27.790489,94.958147,,block_55_189
30071,GSI,27.951306,95.074056,,block_55_190
30070,GSI,27.944389,95.117586,,block_55_190
30137,GSI,27.893389,94.842194,,block_55_189
30136,GSI,27.870361,94.817861,,block_55_189
30132,GSI,27.859444,94.789222,,block_55_189
30134,GSI,27.858972,94.783917,,block_55_189
30128,GSI,27.839817,94.778642,,block_55_189
30131,GSI,27.847111,94.783139,,block_55_189
30130,GSI,27.840972,94.771167,,block_55_189
30135,GSI,27.868667,94.787083,,block_55_189
30779,GSI,27.9573056,94.68625,,block_55_189
30782,GSI,27.94175,94.6956944,,block_55_189
25013,GSI,28.0298476,94.6164554,,block_56_189
25011,GSI,28.0265147,94.5909185,,block_56_189
25009,GSI,28.024169,94.5821841,,block_56_189
30783,GSI,27.9380556,94.7003056,,block_55_189
30785,GSI,27.9336111,94.7034722,,block_55_189
30789,GSI,27.9104167,94.7395278,,block_55_189
30778,GSI,27.9128056,94.7269722,,block_55_189
30786,GSI,27.9149444,94.7218056,,block_55_189
30790,GSI,27.8256944,94.747,,block_55_189
30797,GSI,27.7973889,94.7353333,,block_55_189
30798,GSI,27.7943333,94.73075,,block_55_189
30794,GSI,27.8218889,94.7304167,,block_55_189
30791,GSI,27.8248889,94.7395556,,block_55_189
30795,GSI,27.8049444,94.7198611,,block_55_189
30803,GSI,27.7772778,94.7155833,,block_55_189
30806,GSI,27.7601944,94.7122778,,block_55_189
30809,GSI,27.7548056,94.7154444,,block_55_189
30802,GSI,27.7868333,94.7201111,,block_55_189
30801,GSI,27.7204444,94.7215278,,block_55_189
30817,GSI,27.6621944,94.7026667,,block_55_189
30816,GSI,27.6649722,94.6938611,,block_55_189
30815,GSI,27.6838889,94.6824444,,block_55_189
30814,GSI,27.688,94.67875,,block_55_189
30811,GSI,27.70625,94.6738333,,block_55_189
25006,GSI,28.0147654,94.569467,,block_56_189
25008,GSI,28.0226671,94.5742939,,block_56_189
25010,GSI,28.0246915,94.5536338,,block_56_189
25015,GSI,28.0216778,94.5362555,,block_56_189
25014,GSI,27.9958893,94.5259412,,block_55_189
30830,GSI,27.9793056,94.2285278,,block_55_188
30829,GSI,27.9658194,94.2936722,,block_55_188
30828,GSI,28.0053889,94.2013056,,block_56_188
30822,GSI,27.8305,94.1574444,,block_55_188
30821,GSI,27.81975,94.1387222,,block_55_188
30820,GSI,27.8138333,94.1343333,,block_55_188
30818,GSI,27.8218611,94.1048056,,block_55_188
30823,GSI,27.7593611,94.0470833,,block_55_188
30826,GSI,27.7588889,94.0598333,,block_55_188
30733,GSI,27.6229722,93.8413611,,block_55_187
10005,GSI,27.339267,93.802581,,block_54_187
30741,GSI,27.3366667,93.8207222,,block_54_187
30728,GSI,27.3258056,93.8223889,,block_54_187
30744,GSI,27.3285278,93.8125278,,block_54_187
30725,GSI,27.2942778,93.8020556,,block_54_187
30724,GSI,27.2910833,93.7968056,,block_54_187
30723,GSI,27.27925,93.7964444,,block_54_187
30713,GSI,27.2363056,93.8071667,,block_54_187
30712,GSI,27.2281667,93.7991111,,block_54_187
10018,GSI,27.246131,93.804711,,block_54_187
10017,GSI,27.254756,93.801303,,block_54_187
30718,GSI,27.2677222,93.80125,,block_54_187
30721,GSI,27.2745,93.7978333,,block_54_187
30749,GSI,27.2607222,93.7803056,,block_54_187
30746,GSI,27.2604444,93.7895,,block_54_187
30751,GSI,27.2481667,93.7658889,,block_54_187
30754,GSI,27.2405556,93.7504167,,block_54_187
30753,GSI,27.2429167,93.7572222,,block_54_187
30758,GSI,27.2393333,93.745,,block_54_187
30759,GSI,27.241,93.7314167,,block_54_187
30760,GSI,27.2361389,93.7156944,,block_54_187
30761,GSI,27.2341389,93.7078611,,block_54_187
30735,GSI,27.63825,93.8575833,,block_55_187
30737,GSI,27.656,93.8774722,,block_55_187
30736,GSI,27.6491944,93.874,,block_55_187
30738,GSI,27.6665556,93.8918611,,block_55_187
30836,GSI,27.7735556,93.9697778,,block_55_187
30834,GSI,27.7608889,93.9908056,,block_55_187
30833,GSI,27.7586111,93.9972222,,block_55_187
30824,GSI,27.7540556,94.0185278,,block_55_188
30825,GSI,27.7519167,94.0234722,,block_55_188
30847,GSI,27.83875,93.9772778,,block_55_187
30844,GSI,27.8333056,93.9786111,,block_55_187
30843,GSI,27.8274722,93.9725556,,block_55_187
30837,GSI,27.7978056,93.96175,,block_55_187
30838,GSI,27.81975,93.9455556,,block_55_187
30839,GSI,27.8345,93.9336944,,block_55_187
30841,GSI,27.82925,93.9111944,,block_55_187
30840,GSI,27.8309444,93.9170278,,block_55_187
30845,GSI,27.8444444,93.9739444,,block_55_187
30867,GSI,27.8545833,93.4847222,,block_55_186
30877,GSI,27.8637222,93.4733889,,block_55_186
30852,GSI,27.7945833,93.5973056,,block_55_187
30851,GSI,27.7836667,93.6008056,,block_55_187
30849,GSI,27.7634444,93.6082778,,block_55_187
30854,GSI,27.7738472,93.5955278,,block_55_187
30850,GSI,27.7588056,93.6091667,,block_55_187
10021,GSI,27.690111,93.632556,,block_55_187
30732,GSI,27.6376111,93.6377222,,block_55_187
30731,GSI,27.6521667,93.6324167,,block_55_187
30730,GSI,27.6682778,93.6294722,,block_55_187
30866,GSI,27.7817917,93.4779417,,block_55_186
30862,GSI,27.7821389,93.5461389,,block_55_187
30860,GSI,27.7883889,93.5265278,,block_55_187
30861,GSI,27.7886389,93.5396667,,block_55_187
30857,GSI,27.8039722,93.5430833,,block_55_187
30858,GSI,27.8148056,93.521,,block_55_187
30859,GSI,27.83275,93.5044167,,block_55_187
30863,GSI,27.7565111,93.4178611,,block_55_186
30864,GSI,27.7567778,93.4367611,,block_55_186
30865,GSI,27.78,93.4562306,,block_55_186
30869,GSI,27.9034167,93.3717222,,block_55_186
30873,GSI,27.8746667,93.4529167,,block_55_186
30876,GSI,27.86775,93.4658611,,block_55_186
30872,GSI,27.8820556,93.4443333,,block_55_186
30870,GSI,27.8988056,93.4084444,,block_55_186
30640,GSI,27.5358056,92.9306667,,block_55_185
30641,GSI,27.5420833,92.946,,block_55_185
30637,GSI,27.5553889,92.9607778,,block_55_185
30646,GSI,27.5446667,92.9588056,,block_55_185
30620,GSI,27.5437778,92.9828056,,block_55_185
30622,GSI,27.5493889,92.9790278,,block_55_185
30623,GSI,27.5536111,92.9755833,,block_55_185
30633,GSI,27.5526389,92.9658611,,block_55_185
30879,GSI,27.5611111,92.9652778,,block_55_185
30626,GSI,27.5666111,92.9676389,,block_55_185
30628,GSI,27.5711111,92.9655556,,block_55_185
30625,GSI,27.5661306,92.9730722,,block_55_185
30631,GSI,27.5629167,92.9831389,,block_55_185
30630,GSI,27.5680278,92.9939444,,block_55_185
30629,GSI,27.5743056,92.9995556,,block_55_185
30619,GSI,27.5387778,92.9881389,,block_55_185
30617,GSI,27.5210833,92.9954444,,block_55_185
30639,GSI,27.5335,92.9648611,,block_55_185
30638,GSI,27.5305556,92.9591667,,block_55_185
30659,GSI,27.4367222,93.0036389,,block_54_186
30649,GSI,27.4416944,93.0214722,,block_54_186
30653,GSI,27.4373333,93.0296667,,block_54_186
30654,GSI,27.3421389,93.0415833,,block_54_186
30695,GSI,27.3479167,93.0121944,,block_54_186
30697,GSI,27.34675,93.0185278,,block_54_186
30693,GSI,27.3570833,93.0263611,,block_54_186
30694,GSI,27.3638333,93.0251389,,block_54_186
30687,GSI,27.3916389,93.0118611,,block_54_186
30652,GSI,27.4288333,93.0253056,,block_54_186
30689,GSI,27.4119444,93.0105278,,block_54_186
30690,GSI,27.4237222,93.0075833,,block_54_186
30650,GSI,27.4221111,93.0146389,,block_54_186
30660,GSI,27.3273333,93.0436111,,block_54_186
30658,GSI,27.3200833,93.0509167,,block_54_186
30663,GSI,27.3028611,93.0509167,,block_54_186
30664,GSI,27.2938056,93.0501389,,block_54_186
30665,GSI,27.2949444,93.0724167,,block_54_186
30656,GSI,27.3258611,93.0554722,,block_54_186
30667,GSI,27.2966111,93.0990556,,block_54_186
30692,GSI,27.3006111,93.0934167,,block_54_186
30668,GSI,27.2569167,93.0644722,,block_54_186
30669,GSI,27.2404444,93.0643611,,block_54_186
30777,GSI,27.2537778,93.5077778,,block_54_187
30774,GSI,27.2353056,93.5243889,,block_54_187
30773,GSI,27.2349167,93.5361389,,block_54_187
30766,GSI,27.2147778,93.6356667,,block_54_187
30767,GSI,27.2105556,93.6285556,,block_54_187
30770,GSI,27.2236667,93.5804167,,block_54_187
30771,GSI,27.2253611,93.5702778,,block_54_187
30704,GSI,27.1030694,93.6417778,,block_54_187
30700,GSI,27.1031111,93.6340194,,block_54_187
86,GSI,27.101111,93.619222,,block_54_187
84,GSI,27.078472,93.605639,,block_54_187
20042,GSI,26.95052,93.45136,,block_53_186
20041,GSI,26.95266,93.44166,,block_53_186
18991,GSI,26.59011,93.57466,,block_53_187
19014,GSI,26.51925,93.47147,,block_53_186
19205,GSI,26.59416,93.547361,,block_53_187
18990,GSI,26.59041,93.47616,,block_53_186
19008,GSI,26.60358,93.481,,block_53_186
19201,GSI,26.5235,93.28166,,block_53_186
20059,GSI,26.483278,93.181306,,block_52_186
19189,GSI,26.57463,93.11297,,block_53_186
19190,GSI,26.57436,93.10647,,block_53_186
19204,GSI,26.57719,93.10008,,block_53_186
19185,GSI,26.56111,93.04925,,block_53_186
19186,GSI,26.56252,93.05658,,block_53_186
20057,GSI,26.94755,93.257521,,block_53_186
30678,GSI,27.1776667,93.1486944,,block_54_186
30685,GSI,27.1618056,93.1361944,,block_54_186
30676,GSI,27.1886944,93.1360556,,block_54_186
30675,GSI,27.1969444,93.1397222,,block_54_186
30674,GSI,27.2080833,93.1334722,,block_54_186
30673,GSI,27.2156111,93.1231389,,block_54_186
30671,GSI,27.2159444,93.0692222,,block_54_186
30672,GSI,27.2167778,93.0749444,,block_54_186
30614,GSI,27.1036389,92.76025,,block_54_185
30615,GSI,27.1156944,92.7630278,,block_54_185
30558,GSI,27.1908611,92.6078056,,block_54_185
30594,GSI,27.1838333,92.5993333,,block_54_185
30592,GSI,27.2082222,92.55475,,block_54_185
30597,GSI,27.1663056,92.5871389,,block_54_185
30599,GSI,27.1524167,92.5617778,,block_54_185
30607,GSI,27.1344444,92.5996111,,block_54_185
30608,GSI,27.1480556,92.6138889,,block_54_185
30557,GSI,27.0990833,92.6263056,,block_54_185
79,GSI,27.093889,92.591389,,block_54_185
30610,GSI,27.0920278,92.5970278,,block_54_185
30604,GSI,27.1069389,92.5735444,,block_54_185
30606,GSI,27.1055,92.5562778,,block_54_185
78,GSI,27.086667,92.585278,,block_54_185
81,GSI,27.035278,92.610556,,block_54_185
30611,GSI,27.0361111,92.6033333,,block_54_185
120,GSI,27.06658,92.59572,,block_54_185
20177,GSI,26.93438,92.729,,block_53_185
20178,GSI,26.93362,92.70757,,block_53_185
20193,GSI,26.93641,92.70308,,block_53_185
10016,GSI,27.018342,92.6356,,block_54_185
20166,GSI,26.9693,92.634,,block_53_185
19029,GSI,26.9174,92.77163,,block_53_185
19015,GSI,26.92216,92.7678,,block_53_185
19063,GSI,26.92088,92.75933,,block_53_185
20176,GSI,26.92666,92.73966,,block_53_185
30601,GSI,27.1126944,92.5434722,,block_54_185
30603,GSI,27.1105,92.5374444,,block_54_185
30589,GSI,27.2041389,92.5292778,,block_54_185
30590,GSI,27.20675,92.5373889,,block_54_185
30580,GSI,27.3405556,92.2749444,,block_54_184
30578,GSI,27.3624444,92.2439722,,block_54_184
83,GSI,27.345556,92.266389,,block_54_184
30576,GSI,27.3676111,92.2415,,block_54_184
30581,GSI,27.3252778,92.3737222,,block_54_184
30586,GSI,27.2915278,92.3917778,,block_54_184
30582,GSI,27.3006667,92.3918333,,block_54_184
30559,GSI,27.2666667,92.4043889,,block_54_184
30588,GSI,27.2774167,92.4252778,,block_54_184
30612,GSI,27.2487222,92.7377222,,block_54_185
30563,GSI,27.5768056,91.9934444,,block_55_183
30570,GSI,27.4330556,92.1235833,,block_54_184
30569,GSI,27.4413611,92.1174167,,block_54_184
30568,GSI,27.4562778,92.1095556,,block_54_184
30565,GSI,27.4963333,92.1043333,,block_54_184
30567,GSI,27.4836667,92.10925,,block_54_184
30561,GSI,27.3967222,92.1638611,,block_54_184
30573,GSI,27.3943056,92.1573333,,block_54_184
30572,GSI,27.4037222,92.1410556,,block_54_184
30571,GSI,27.4058611,92.1337778,,block_54_184
82,GSI,27.512278,91.875556,,block_55_183
98,GSI,27.561083,91.911528,,block_55_183
30562,GSI,27.5836111,91.9730556,,block_55_183
38,GSI,27.58006,91.97728,,block_55_183
30613,GSI,27.5914167,91.9730833,,block_55_183
32,GSI,27.591389,91.9025,,block_55_183
27,GSI,27.589417,91.861444,,block_55_183
92,GSI,27.584639,91.860917,,block_55_183
10013,GSI,27.590556,91.867667,,block_55_183
10012,GSI,27.589,91.873194,,block_55_183
35,GSI,27.589889,91.881194,,block_55_183
110,GSI,27.596639,91.878972,,block_55_183
33,GSI,27.596278,91.894333,,block_55_183
20,GSI,27.587417,91.886944,,block_55_183
1,GSI,27.587611,91.894167,,block_55_183
58,GSI,27.579,91.868639,,block_55_183
31,GSI,27.58925,91.795667,,block_55_183
13613,GSI,26.37456,91.84561,,block_52_183
4888,GSI,26.250333,91.976694,,block_52_183
4850,GSI,26.205583,91.963222,,block_52_183
5096,GSI,26.158639,91.921889,,block_52_183
4870,GSI,26.129583,91.938306,,block_52_183
4887,GSI,26.109222,91.939,,block_52_183
4886,GSI,26.110056,91.908944,,block_52_183
5084,GSI,26.159139,91.915583,,block_52_183
13612,GSI,26.18842,91.85125,,block_52_183
13588,GSI,26.20536,91.86497,,block_52_183
13579,GSI,26.19081,91.84528,,block_52_183
4871,GSI,26.115139,91.837833,,block_52_183
275,GSI,26.13222,91.83972,,block_52_183
25976,GSI,26.112667,91.853889,,block_52_183
4885,GSI,26.110944,91.887917,,block_52_183
25975,GSI,26.098167,91.881278,,block_52_183
5056,GSI,26.086389,91.879083,,block_52_183
5027,GSI,26.0641,91.889136,,block_52_183
4922,GSI,26.075944,91.820806,,block_52_183
5057,GSI,26.022094,91.832906,,block_52_183
500,GSI,26.01061,91.86886,,block_52_183
544,GSI,26.02547,91.87158,,block_52_183
4904,GSI,26.033583,91.867083,,block_52_183
5052,GSI,26.050286,91.880072,,block_52_183
5073,GSI,26.027583,91.886556,,block_52_183
5074,GSI,26.007083,91.909806,,block_52_183
4903,GSI,26.097986,91.980589,,block_52_183
5051,GSI,26.077653,91.982292,,block_52_183
5075,GSI,26.032028,91.989528,,block_52_183
19649,GSI,26.0405,92.0355,,block_52_184
4876,GSI,26.043267,92.055531,,block_52_184
5069,GSI,26.10175,92.040222,,block_52_184
4875,GSI,26.077844,92.035022,,block_52_184
4905,GSI,26.171972,92.002611,,block_52_184
4906,GSI,26.153556,92.038694,,block_52_184
4877,GSI,26.112083,92.091028,,block_52_184
4889,GSI,26.077806,92.170389,,block_52_184
4892,GSI,26.065167,92.150639,,block_52_184
4890,GSI,26.094578,92.135144,,block_52_184
4891,GSI,26.083972,92.14525,,block_52_184
9575,GSI,25.970062,92.054889,,block_51_184
9576,GSI,25.982436,92.057405,,block_51_184
9596,GSI,25.874293,92.018322,,block_51_184
9598,GSI,25.86575,92.153286,,block_51_184
9595,GSI,25.796657,92.143462,,block_51_184
9477,GSI,25.747333,92.117333,,block_51_184
9479,GSI,25.746722,92.111139,,block_51_184
9456,GSI,25.704083,92.118833,,block_51_184
9457,GSI,25.676,92.157917,,block_51_184
9652,GSI,25.696556,92.109694,,block_51_184
9480,GSI,25.653181,92.041194,,block_51_184
9661,GSI,25.64575,92.071167,,block_51_184
9573,GSI,25.776087,92.03754,,block_51_184
9597,GSI,25.75634,92.017832,,block_51_184
10779,GSI,25.668469,91.975083,,block_51_183
10982,GSI,25.637189,91.93345,,block_51_183
9774,GSI,25.64366,91.899342,,block_51_183
10952,GSI,25.649222,91.899,,block_51_183
10953,GSI,25.654639,91.898222,,block_51_183
13626,GSI,25.663444,91.915944,,block_51_183
10954,GSI,25.695552,91.903777,,block_51_183
9977,GSI,25.641194,91.890667,,block_51_183
9773,GSI,25.630652,91.87886,,block_51_183
514,GSI,25.626417,91.887028,,block_51_183
10950,GSI,25.633896,91.891833,,block_51_183
10806,GSI,25.616596,91.876562,,block_51_183
10073,GSI,25.614537,91.87005,,block_51_183
10199,GSI,25.599762,91.860814,,block_51_183
9450,GSI,25.60339,91.856222,,block_51_183
10752,GSI,25.641388,91.854928,,block_51_183
11000,GSI,25.640264,91.848588,,block_51_183
10976,GSI,25.637026,91.844464,,block_51_183
10975,GSI,25.626794,91.829725,,block_51_183
10977,GSI,25.708426,91.896406,,block_51_183
10978,GSI,25.711032,91.891803,,block_51_183
10821,GSI,25.760611,91.88225,,block_51_183
10822,GSI,25.787,91.876583,,block_51_183
10826,GSI,25.865894,91.880278,,block_51_183
10823,GSI,25.853111,91.881583,,block_51_183
10827,GSI,25.951106,91.968889,,block_51_183
11001,GSI,25.997033,91.86235,,block_51_183
501,GSI,26.00294,91.86692,,block_52_183
10621,GSI,25.979244,91.860578,,block_51_183
518,GSI,25.95847,91.85406,,block_51_183
505,GSI,25.937,91.87553,,block_51_183
10842,GSI,25.927972,91.877194,,block_51_183
9599,GSI,25.954889,91.858667,,block_51_183
9129,GSI,25.935708,91.714556,,block_51_183
9190,GSI,25.940978,91.724644,,block_51_183
9279,GSI,25.660333,91.635083,,block_51_183
9898,GSI,25.687431,91.648322,,block_51_183
10161,GSI,25.687442,91.656183,,block_51_183
9920,GSI,25.692947,91.648044,,block_51_183
9922,GSI,25.696489,91.644528,,block_51_183
9188,GSI,25.795444,91.662111,,block_51_183
9186,GSI,25.763347,91.657153,,block_51_183
20162,GSI,25.667744,91.597819,,block_51_183
9281,GSI,25.619625,91.616567,,block_51_183
26238,GSI,25.84,91.47,,block_51_182
9187,GSI,25.895583,91.599333,,block_51_183
9068,GSI,25.9545,91.546622,,block_51_183
9069,GSI,25.945619,91.548883,,block_51_183
9070,GSI,25.945225,91.560703,,block_51_183
9083,GSI,25.940439,91.563069,,block_51_183
9107,GSI,25.935833,91.56525,,block_51_183
9108,GSI,25.930386,91.571822,,block_51_183
9110,GSI,25.913997,91.578903,,block_51_183
9109,GSI,25.9235,91.574222,,block_51_183
9302,GSI,25.994619,91.577214,,block_51_183
9317,GSI,25.978481,91.569575,,block_51_183
9065,GSI,25.971897,91.562372,,block_51_183
4908,GSI,26.011861,91.569611,,block_52_183
5082,GSI,26.105806,91.62275,,block_52_183
4921,GSI,26.08125,91.798278,,block_52_183
4851,GSI,26.086975,91.7831,,block_52_183
452,GSI,26.10711,91.78917,,block_52_183
5055,GSI,26.071556,91.734028,,block_52_183
481,GSI,26.13611,91.74056,,block_52_183
5067,GSI,26.149444,91.748,,block_52_183
444,GSI,26.13442,91.7501,,block_52_183
453,GSI,26.15461,91.80086,,block_52_183
13610,GSI,26.15428,91.79264,,block_52_183
466,GSI,26.15478,91.77411,,block_52_183
467,GSI,26.17672,91.78672,,block_52_183
408,GSI,26.19167,91.79028,,block_52_183
652,GSI,26.18917,91.80111,,block_52_183
468,GSI,26.18867,91.76694,,block_52_183
5089,GSI,26.256139,91.711583,,block_52_183
6091,GSI,26.211111,91.684167,,block_52_183
655,GSI,26.20261,91.14528,,block_52_182
26243,GSI,25.83,91.05,,block_51_182
26244,GSI,25.81,91.02,,block_51_182
22679,GSI,25.716594,90.822539,,block_51_181
22697,GSI,25.635556,90.807778,,block_51_181
22698,GSI,25.625142,90.791675,,block_51_181
26231,GSI,25.8,91.01,,block_51_182
26246,GSI,25.79,91.02,,block_51_182
19973,GSI,25.693222,91.0555,,block_51_182
19974,GSI,25.6985,91.056611,,block_51_182
20112,GSI,25.667597,91.063169,,block_51_182
19977,GSI,25.671583,91.040889,,block_51_182
20131,GSI,25.611361,91.022019,,block_51_182
20115,GSI,25.629003,91.037664,,block_51_182
20114,GSI,25.639417,91.044806,,block_51_182
20113,GSI,25.647514,91.055144,,block_51_182
19960,GSI,25.672167,91.066028,,block_51_182
19962,GSI,25.678306,91.07975,,block_51_182
20168,GSI,25.66975,91.100222,,block_51_182
20096,GSI,25.6715,91.095233,,block_51_182
20159,GSI,25.667417,91.092333,,block_51_182
20150,GSI,25.66675,91.121472,,block_51_182
20151,GSI,25.668317,91.114858,,block_51_182
369,GSI,25.68625,91.118358,,block_51_182
370,GSI,25.69483,91.11836,,block_51_182
20149,GSI,25.663303,91.1347,,block_51_182
20147,GSI,25.660825,91.143689,,block_51_182
20129,GSI,25.657083,91.147397,,block_51_182
20128,GSI,25.649856,91.154383,,block_51_182
20148,GSI,25.644833,91.134778,,block_51_182
20145,GSI,25.606189,91.157706,,block_51_182
20008,GSI,25.599817,91.176394,,block_51_182
19157,GSI,25.607567,91.174906,,block_51_182
20010,GSI,25.612794,91.173697,,block_51_182
19158,GSI,25.624778,91.16775,,block_51_182
20012,GSI,25.628758,91.164169,,block_51_182
18989,GSI,25.636747,91.162711,,block_51_182
20027,GSI,25.644222,91.158528,,block_51_182
19155,GSI,25.625331,91.182614,,block_51_182
19154,GSI,25.618994,91.185681,,block_51_182
19167,GSI,25.602683,91.180708,,block_51_182
20165,GSI,25.698111,91.18275,,block_51_182
20164,GSI,25.671125,91.178883,,block_51_182
20163,GSI,25.65835,91.177014,,block_51_182
26232,GSI,25.79,91.24,,block_51_182
26193,GSI,25.8,91.11,,block_51_182
26194,GSI,25.83,91.14,,block_51_182
26233,GSI,25.85,91.17,,block_51_182
26225,GSI,25.95,91.28,,block_51_182
26245,GSI,25.91,91.4,,block_51_182
26234,GSI,25.84,91.35,,block_51_182
19881,GSI,25.615092,91.309872,,block_51_182
19879,GSI,25.528308,91.395711,,block_51_182
20815,GSI,25.549961,91.341175,,block_51_182
19665,GSI,25.549861,91.295706,,block_51_182
19784,GSI,25.550122,91.250286,,block_51_182
19663,GSI,25.545939,91.284283,,block_51_182
19786,GSI,25.545206,91.276144,,block_51_182
19883,GSI,25.544917,91.270722,,block_51_182
19785,GSI,25.544889,91.263722,,block_51_182
19738,GSI,25.527781,91.263214,,block_51_182
486,GSI,25.5208,91.25985,,block_51_182
488,GSI,25.50335,91.28335,,block_51_182
487,GSI,25.51973,91.28443,,block_51_182
19880,GSI,25.545642,91.325403,,block_51_182
473,GSI,25.44465,91.34622,,block_50_182
407,GSI,25.425,91.405,,block_50_182
515,GSI,25.23707,91.43212,,block_50_182
20837,GSI,25.216169,91.389142,,block_50_182
20831,GSI,25.221406,91.387092,,block_50_182
20816,GSI,25.266939,91.383208,,block_50_182
20817,GSI,25.278028,91.348931,,block_50_182
20834,GSI,25.299369,91.325575,,block_50_182
491,GSI,25.31488,91.33367,,block_50_182
19815,GSI,25.357472,91.229167,,block_50_182
19814,GSI,25.288467,91.224269,,block_50_182
516,GSI,25.201,91.234,,block_50_182
19898,GSI,25.206763,91.231417,,block_50_182
517,GSI,25.20283,91.20908,,block_50_182
19878,GSI,25.211269,91.208223,,block_50_182
19900,GSI,25.221572,91.185833,,block_50_182
19897,GSI,25.239068,91.174728,,block_50_182
19899,GSI,25.197881,91.139559,,block_50_182
20016,GSI,25.295881,91.071747,,block_50_182
19813,GSI,25.305047,91.075778,,block_50_182
20068,GSI,25.455817,91.086289,,block_50_182
20055,GSI,25.462319,91.096836,,block_50_182
20054,GSI,25.496081,91.117675,,block_50_182
19837,GSI,25.496861,91.198556,,block_50_182
19978,GSI,25.496367,91.163575,,block_50_182
20175,GSI,25.507378,91.223883,,block_51_182
19173,GSI,25.546553,91.235222,,block_51_182
20004,GSI,25.544028,91.215472,,block_51_182
20024,GSI,25.533183,91.205647,,block_51_182
20006,GSI,25.537344,91.207542,,block_51_182
18988,GSI,25.572492,91.209156,,block_51_182
18976,GSI,25.569778,91.21575,,block_51_182
20123,GSI,25.565333,91.225667,,block_51_182
18971,GSI,25.553794,91.231139,,block_51_182
18972,GSI,25.558442,91.228547,,block_51_182
19048,GSI,25.552647,91.237072,,block_51_182
19012,GSI,25.549667,91.242444,,block_51_182
20124,GSI,25.580703,91.237361,,block_51_182
20142,GSI,25.57425,91.214472,,block_51_182
19137,GSI,25.581822,91.189944,,block_51_182
18995,GSI,25.582836,91.183972,,block_51_182
20144,GSI,25.581983,91.176972,,block_51_182
19992,GSI,25.597614,91.153233,,block_51_182
20072,GSI,25.436875,91.06105,,block_50_182
20013,GSI,25.436706,91.051053,,block_50_182
22714,GSI,25.440153,90.881372,,block_50_181
22676,GSI,25.560028,90.833917,,block_51_181
22678,GSI,25.565569,90.808153,,block_51_181
22677,GSI,25.552992,90.814503,,block_51_181
22699,GSI,25.558058,90.809919,,block_51_181
22700,GSI,25.557833,90.818103,,block_51_181
22479,GSI,25.48586,90.7005,,block_50_181
22601,GSI,25.47542,90.698611,,block_50_181
22464,GSI,25.39766,90.70111,,block_50_181
22478,GSI,25.40121,90.71722,,block_50_181
22623,GSI,25.403061,90.724166,,block_50_181
22715,GSI,25.416456,90.802981,,block_50_181
22461,GSI,25.479069,90.807167,,block_50_181
22716,GSI,25.374072,90.8146,,block_50_181
22675,GSI,25.311336,90.969222,,block_50_181
20071,GSI,25.359281,91.035939,,block_50_182
20069,GSI,25.376992,91.038136,,block_50_182
19855,GSI,25.191366,91.040468,,block_50_182
20830,GSI,25.18676,91.396515,,block_50_182
19150,GSI,25.188327,91.761486,,block_50_183
19146,GSI,25.169159,91.690014,,block_50_183
20217,GSI,25.180032,91.65815,,block_50_183
20216,GSI,25.181969,91.637545,,block_50_183
20797,GSI,25.182254,91.618979,,block_50_183
20037,GSI,25.180536,91.576839,,block_50_183
20822,GSI,25.18092,91.570335,,block_50_183
19145,GSI,25.160222,91.527843,,block_50_183
20812,GSI,25.160398,91.489558,,block_50_182
20836,GSI,25.18955,91.453997,,block_50_182
20829,GSI,25.247518,91.450545,,block_50_182
20835,GSI,25.251211,91.454514,,block_50_182
19789,GSI,25.196781,91.574727,,block_50_183
20021,GSI,25.205078,91.57517,,block_50_183
20038,GSI,25.214783,91.590875,,block_50_183
20203,GSI,25.207314,91.592357,,block_50_183
19954,GSI,25.208313,91.606889,,block_50_183
20204,GSI,25.205651,91.599771,,block_50_183
19953,GSI,25.218821,91.581584,,block_50_183
20644,GSI,25.265048,91.591553,,block_50_183
20981,GSI,25.273217,91.609962,,block_50_183
20621,GSI,25.26851,91.580418,,block_50_183
20643,GSI,25.27342,91.578074,,block_50_183
20849,GSI,25.277934,91.575,,block_50_183
20641,GSI,25.282485,91.57685,,block_50_183
20851,GSI,25.289055,91.533039,,block_50_183
20833,GSI,25.295624,91.56964,,block_50_183
234,GSI,25.31458,91.45242,,block_50_182
570,GSI,25.38803,91.46977,,block_50_182
484,GSI,25.4013,91.45855,,block_50_182
569,GSI,25.40023,91.5159,,block_50_183
20813,GSI,25.525533,91.467683,,block_51_182
19856,GSI,25.522717,91.448328,,block_51_182
19739,GSI,25.587111,91.498556,,block_51_182
20003,GSI,25.545722,91.520556,,block_51_183
9936,GSI,25.523,91.521389,,block_51_183
9919,GSI,25.524931,91.514383,,block_51_183
9937,GSI,25.520356,91.537764,,block_51_183
9940,GSI,25.5502,91.618106,,block_51_183
9938,GSI,25.537972,91.602361,,block_51_183
485,GSI,25.40547,91.53712,,block_50_183
10138,GSI,25.542744,91.662067,,block_51_183
10117,GSI,25.549789,91.645033,,block_51_183
10118,GSI,25.535628,91.679575,,block_51_183
9298,GSI,25.507586,91.708236,,block_51_183
9301,GSI,25.504083,91.723028,,block_51_183
9300,GSI,25.509358,91.719631,,block_51_183
9979,GSI,25.577212,91.75219,,block_51_183
10140,GSI,25.568056,91.737944,,block_51_183
10149,GSI,25.581829,91.765659,,block_51_183
10150,GSI,25.585875,91.777328,,block_51_183
20852,GSI,25.446933,91.742919,,block_50_183
20980,GSI,25.423674,91.721317,,block_50_183
9860,GSI,25.397722,91.769417,,block_50_183
9883,GSI,25.408236,91.778704,,block_50_183
10179,GSI,25.390714,91.764766,,block_50_183
9909,GSI,25.35525,91.767889,,block_50_183
9888,GSI,25.348394,91.762714,,block_50_183
9887,GSI,25.338631,91.777559,,block_50_183
20832,GSI,25.298951,91.726475,,block_50_183
10175,GSI,25.381107,91.756477,,block_50_183
20622,GSI,25.331948,91.661011,,block_50_183
20850,GSI,25.326032,91.659568,,block_50_183
20642,GSI,25.331209,91.67737,,block_50_183
19644,GSI,25.247226,91.671435,,block_50_183
20617,GSI,25.220023,91.631989,,block_50_183
19004,GSI,25.200934,91.63449,,block_50_183
19646,GSI,25.20111,91.640451,,block_50_183
20049,GSI,25.209703,91.646662,,block_50_183
19125,GSI,25.223553,91.671157,,block_50_183
19109,GSI,25.237221,91.679456,,block_50_183
20818,GSI,25.23572,91.68776,,block_50_183
20795,GSI,25.228005,91.687913,,block_50_183
19959,GSI,25.222564,91.691398,,block_50_183
20640,GSI,25.224808,91.696177,,block_50_183
19810,GSI,25.229161,91.693249,,block_50_183
20821,GSI,25.226046,91.701458,,block_50_183
20205,GSI,25.218961,91.707094,,block_50_183
20036,GSI,25.208256,91.69041,,block_50_183
19128,GSI,25.20836,91.725397,,block_50_183
20796,GSI,25.207515,91.746839,,block_50_183
19022,GSI,25.206426,91.75498,,block_50_183
20664,GSI,25.212554,91.747962,,block_50_183
19642,GSI,25.204882,91.742535,,block_50_183
19126,GSI,25.206892,91.736341,,block_50_183
19790,GSI,25.216078,91.738387,,block_50_183
20637,GSI,25.224654,91.735929,,block_50_183
20050,GSI,25.222221,91.742134,,block_50_183
19021,GSI,25.226751,91.754441,,block_50_183
20638,GSI,25.227249,91.748917,,block_50_183
19645,GSI,25.240315,91.733388,,block_50_183
19791,GSI,25.217886,91.73381,,block_50_183
19647,GSI,25.22026,91.720198,,block_50_183
20218,GSI,25.222501,91.714409,,block_50_183
19641,GSI,25.243783,91.738698,,block_50_183
19639,GSI,25.243358,91.747094,,block_50_183
19133,GSI,25.223708,91.76661,,block_50_183
19153,GSI,25.24327,91.866626,,block_50_183
9930,GSI,25.256259,91.868197,,block_50_183
9933,GSI,25.259326,91.872712,,block_50_183
9913,GSI,25.282608,91.867354,,block_50_183
9912,GSI,25.277215,91.865449,,block_50_183
9935,GSI,25.269949,91.875273,,block_50_183
19024,GSI,25.234097,91.866071,,block_50_183
19007,GSI,25.225772,91.863037,,block_50_183
19037,GSI,25.199311,91.858857,,block_50_183
19151,GSI,25.228755,91.963018,,block_50_183
438,GSI,25.311778,91.917528,,block_50_183
9649,GSI,25.320833,91.9275,,block_50_183
9451,GSI,25.332836,91.934395,,block_50_183
9644,GSI,25.326694,91.933972,,block_50_183
9625,GSI,25.324583,91.940667,,block_50_183
9448,GSI,25.315176,91.923021,,block_50_183
351,GSI,25.301167,91.929306,,block_50_183
9800,GSI,25.301559,91.922585,,block_50_183
618,GSI,25.294778,91.930833,,block_50_183
9850,GSI,25.300281,91.944944,,block_50_183
9905,GSI,25.354644,91.973237,,block_50_183
9447,GSI,25.350166,91.972582,,block_50_183
9601,GSI,25.362972,91.976278,,block_50_183
9602,GSI,25.385535,91.988473,,block_50_183
397,GSI,25.372139,91.879889,,block_50_183
10153,GSI,25.375917,91.876,,block_50_183
10025,GSI,25.383298,91.87473,,block_50_183
9427,GSI,25.387781,91.877117,,block_50_183
9666,GSI,25.390444,91.883806,,block_50_183
402,GSI,25.391944,91.875028,,block_50_183
439,GSI,25.364889,91.881,,block_50_183
10048,GSI,25.360132,91.882043,,block_50_183
395,GSI,25.359611,91.889417,,block_50_183
9778,GSI,25.351304,91.89353,,block_50_183
9795,GSI,25.34555,91.891461,,block_50_183
9796,GSI,25.32765,91.893414,,block_50_183
10174,GSI,25.415438,91.867487,,block_50_183
9980,GSI,25.397287,91.872324,,block_50_183
9449,GSI,25.438495,91.862917,,block_50_183
404,GSI,25.422194,91.869222,,block_50_183
405,GSI,25.425944,91.866,,block_50_183
9903,GSI,25.437036,91.857168,,block_50_183
10152,GSI,25.461894,91.830791,,block_50_183
9885,GSI,25.452164,91.819054,,block_50_183
10151,GSI,25.49137,91.821688,,block_50_183
10780,GSI,25.571256,91.825464,,block_51_183
10804,GSI,25.573653,91.831023,,block_51_183
10981,GSI,25.568837,91.833286,,block_51_183
10979,GSI,25.522768,91.892701,,block_51_183
616,GSI,25.529056,91.923722,,block_51_183
617,GSI,25.5275,91.918861,,block_51_183
510,GSI,25.56667,91.90194,,block_51_183
10949,GSI,25.59578,91.917379,,block_51_183
535,GSI,25.536972,91.973639,,block_51_183
9604,GSI,25.39897,91.993367,,block_50_183
9605,GSI,25.407917,91.998889,,block_50_183
9460,GSI,25.400194,92.015731,,block_50_184
9658,GSI,25.463778,92.04425,,block_50_184
9638,GSI,25.490961,92.070397,,block_50_184
9472,GSI,25.541611,92.0125,,block_51_184
9481,GSI,25.539611,92.001556,,block_51_184
9629,GSI,25.592972,92.055139,,block_51_184
9628,GSI,25.582167,92.058333,,block_51_184
9610,GSI,25.576203,92.057722,,block_51_184
529,GSI,25.53458,92.11539,,block_51_184
530,GSI,25.54261,92.10867,,block_51_184
9650,GSI,25.545083,92.103175,,block_51_184
9631,GSI,25.542806,92.096972,,block_51_184
9655,GSI,25.450464,92.095806,,block_50_184
9636,GSI,25.312667,92.130417,,block_50_184
9444,GSI,25.358972,92.003131,,block_50_184
9441,GSI,25.347353,92.010558,,block_50_184
9445,GSI,25.341306,92.009611,,block_50_184
9657,GSI,25.343028,92.0625,,block_50_184
9656,GSI,25.343528,92.069028,,block_50_184
10075,GSI,25.21225,92.047306,,block_50_184
11005,GSI,25.215583,92.077639,,block_50_184
10625,GSI,25.211814,92.065517,,block_50_184
11002,GSI,25.236428,92.096172,,block_50_184
11004,GSI,25.226806,92.090611,,block_50_184
10627,GSI,25.247014,92.096144,,block_50_184
10076,GSI,25.191611,92.155361,,block_50_184
9824,GSI,25.156419,92.141353,,block_50_184
9852,GSI,25.143375,92.141861,,block_50_184
10078,GSI,25.189106,92.079564,,block_50_184
10053,GSI,25.188444,92.074139,,block_50_184
10074,GSI,25.184381,92.029531,,block_50_184
10052,GSI,25.191111,92.003389,,block_50_184
9802,GSI,25.148158,92.177172,,block_50_184
9821,GSI,25.152367,92.195708,,block_50_184
9823,GSI,25.159367,92.202078,,block_50_184
9822,GSI,25.153272,92.206058,,block_50_184
10157,GSI,25.150286,92.213508,,block_50_184
10159,GSI,25.143969,92.217497,,block_50_184
10156,GSI,25.157592,92.239928,,block_50_184
10160,GSI,25.136047,92.222064,,block_50_184
10182,GSI,25.122381,92.243069,,block_50_184
8760,GSI,25.114997,92.358378,,block_50_184
8808,GSI,25.093078,92.348025,,block_50_184
8782,GSI,25.113475,92.350506,,block_50_184
8651,GSI,25.087917,92.357906,,block_50_184
8649,GSI,25.079722,92.359361,,block_50_184
8809,GSI,25.084611,92.335667,,block_50_184
26235,GSI,25.0,92.43,,block_50_184
26169,GSI,24.99,92.45,,block_49_184
9853,GSI,25.037203,92.450339,,block_50_184
9926,GSI,25.038186,92.440725,,block_50_184
9877,GSI,25.034289,92.435222,,block_50_184
8671,GSI,25.045389,92.410444,,block_50_184
8881,GSI,25.045386,92.420764,,block_50_184
8874,GSI,25.043667,92.425444,,block_50_184
8850,GSI,25.042778,92.432472,,block_50_184
9925,GSI,25.040511,92.446119,,block_50_184
8863,GSI,25.052236,92.399047,,block_50_184
8861,GSI,25.047194,92.404806,,block_50_184
8864,GSI,25.056022,92.394119,,block_50_184
8883,GSI,25.062025,92.386975,,block_50_184
8672,GSI,25.075167,92.370953,,block_50_184
8884,GSI,25.068158,92.380058,,block_50_184
9917,GSI,25.104417,92.365028,,block_50_184
8653,GSI,25.113586,92.370594,,block_50_184
8810,GSI,25.126972,92.388083,,block_50_184
513,GSI,25.12186,92.388583,,block_50_184
512,GSI,25.134194,92.383528,,block_50_184
8766,GSI,25.149603,92.367964,,block_50_184
8765,GSI,25.14775,92.375528,,block_50_184
9958,GSI,25.165222,92.388389,,block_50_184
8767,GSI,25.164133,92.417747,,block_50_184
8854,GSI,25.029708,92.463967,,block_50_184
26162,GSI,25.02,92.52,,block_50_185
26237,GSI,24.96,92.66,,block_49_185
26176,GSI,24.96,92.7,,block_49_185
26223,GSI,24.98,92.72,,block_49_185
26179,GSI,24.97,92.72,,block_49_185
26171,GSI,24.93,92.84,,block_49_185
26170,GSI,24.95,92.8,,block_49_185
26165,GSI,24.95,92.73,,block_49_185
26167,GSI,24.97,92.76,,block_49_185
26182,GSI,24.98,92.75,,block_49_185
26224,GSI,25.01,92.73,,block_50_185
26175,GSI,25.01,92.75,,block_50_185
26181,GSI,24.99,92.75,,block_49_185
13521,GSI,25.01856,92.77011,,block_50_185
13517,GSI,25.039722,92.781889,,block_50_185
13621,GSI,25.047417,92.793389,,block_50_185
13597,GSI,25.063378,92.795536,,block_50_185
13604,GSI,25.072636,92.794514,,block_50_185
13721,GSI,25.073228,92.814734,,block_50_185
13535,GSI,25.060088,92.807089,,block_50_185
13543,GSI,25.056611,92.801722,,block_50_185
14404,GSI,25.034948,92.778753,,block_50_185
13640,GSI,25.11219,92.86881,,block_50_185
25963,GSI,25.112861,92.877556,,block_50_185
13580,GSI,25.107546,92.885543,,block_50_185
13525,GSI,25.109417,92.88075,,block_50_185
13530,GSI,25.109889,92.893167,,block_50_185
562,GSI,25.124306,92.904278,,block_50_185
26166,GSI,24.99,92.6,,block_49_185
22710,GSI,25.333758,92.589778,,block_50_185
22708,GSI,25.343939,92.5849,,block_50_185
22709,GSI,25.339339,92.584781,,block_50_185
22539,GSI,25.35465,92.5735,,block_50_185
22667,GSI,25.375806,92.609725,,block_50_185
22688,GSI,25.363156,92.618839,,block_50_185
22521,GSI,25.309969,92.69525,,block_50_185
22500,GSI,25.316519,92.692311,,block_50_185
22499,GSI,25.316589,92.687186,,block_50_185
6109,GSI,25.290089,92.799175,,block_50_185
6108,GSI,25.257696,92.809603,,block_50_185
13622,GSI,25.238045,92.801279,,block_50_185
4791,GSI,25.336054,92.82053,,block_50_185
5097,GSI,25.323731,92.80751,,block_50_185
5098,GSI,25.320232,92.818091,,block_50_185
4943,GSI,25.41616,92.778653,,block_50_185
6107,GSI,25.40837,92.82826,,block_50_185
4771,GSI,25.438723,92.912025,,block_50_185
4945,GSI,25.441757,92.907383,,block_50_185
4792,GSI,25.441734,92.892033,,block_50_185
4923,GSI,25.434031,92.885056,,block_50_185
6143,GSI,25.513567,92.784825,,block_51_185
6142,GSI,25.51402,92.765435,,block_51_185
6076,GSI,25.57994,92.72822,,block_51_185
6075,GSI,25.569,92.71653,,block_51_185
6074,GSI,25.571,92.55128,,block_51_185
22694,GSI,25.529408,92.455339,,block_51_184
22673,GSI,25.527489,92.415139,,block_51_184
22518,GSI,25.484178,92.510928,,block_50_185
22690,GSI,25.36565,92.5314,,block_50_185
22519,GSI,25.35093,92.51236,,block_50_185
22523,GSI,25.321975,92.504228,,block_50_185
9959,GSI,25.192422,92.37705,,block_50_184
9983,GSI,25.264575,92.381497,,block_50_184
9961,GSI,25.261117,92.385231,,block_50_184
10137,GSI,25.280528,92.380042,,block_50_184
10136,GSI,25.274,92.373944,,block_50_184
10155,GSI,25.297628,92.387525,,block_50_184
9915,GSI,25.282267,92.341433,,block_50_184
10143,GSI,25.197283,92.2225,,block_50_184
10050,GSI,25.229167,92.2235,,block_50_184
10051,GSI,25.233583,92.209583,,block_50_184
10123,GSI,25.197283,92.1991,,block_50_184
10121,GSI,25.202886,92.201147,,block_50_184
10120,GSI,25.206972,92.208028,,block_50_184
10119,GSI,25.228472,92.187806,,block_50_184
10098,GSI,25.232417,92.178881,,block_50_184
9641,GSI,25.266067,92.204897,,block_50_184
9633,GSI,25.430111,92.182167,,block_50_184
9499,GSI,25.435167,92.185006,,block_50_184
9459,GSI,25.439889,92.181083,,block_50_184
528,GSI,25.44889,92.19417,,block_50_184
527,GSI,25.42142,92.28894,,block_50_184
22695,GSI,25.561281,92.330142,,block_51_184
22692,GSI,25.551667,92.331806,,block_51_184
22672,GSI,25.578206,92.266856,,block_51_184
9642,GSI,25.576806,92.242444,,block_51_184
9637,GSI,25.559778,92.226278,,block_51_184
9643,GSI,25.569278,92.2025,,block_51_184
22696,GSI,25.611931,92.452931,,block_51_184
6276,GSI,25.75933,92.52258,,block_51_185
6264,GSI,25.79939,92.52653,,block_51_185
6150,GSI,25.809417,92.474833,,block_51_184
6153,GSI,25.82108,92.544,,block_51_185
6277,GSI,25.95931,92.51753,,block_51_185
6278,GSI,25.98219,92.51892,,block_51_185
6293,GSI,25.98736,92.50083,,block_51_185
6316,GSI,25.977194,92.354778,,block_51_184
6317,GSI,25.968083,92.3575,,block_51_184
6137,GSI,25.961444,92.341333,,block_51_184
6138,GSI,25.946611,92.305361,,block_51_184
19648,GSI,26.0591,92.236,,block_52_184
19633,GSI,26.061,92.241,,block_52_184
6299,GSI,26.013528,92.266083,,block_52_184
6298,GSI,26.022833,92.274028,,block_52_184
6283,GSI,26.03275,92.271861,,block_52_184
4767,GSI,26.039361,92.273806,,block_52_184
4774,GSI,26.119417,92.439972,,block_52_184
4925,GSI,26.110139,92.439333,,block_52_184
4948,GSI,26.102333,92.4415,,block_52_184
4765,GSI,26.098222,92.439389,,block_52_184
4769,GSI,26.043583,92.440528,,block_52_184
4768,GSI,26.048611,92.432194,,block_52_184
4879,GSI,26.045806,92.450778,,block_52_184
4883,GSI,26.030972,92.474139,,block_52_184
4884,GSI,26.024167,92.475,,block_52_184
6145,GSI,26.016389,92.48225,,block_52_184
4911,GSI,26.035278,92.470861,,block_52_184
4894,GSI,26.039194,92.4595,,block_52_184
4880,GSI,26.045472,92.457417,,block_52_184
6315,GSI,26.172917,92.762778,,block_52_185
6073,GSI,25.81806,92.74872,,block_51_185
6319,GSI,25.945,92.66358,,block_51_185
6151,GSI,25.90653,92.65819,,block_51_185
6152,GSI,25.90692,92.64714,,block_51_185
6321,GSI,25.96094,92.60122,,block_51_185
6320,GSI,25.965731,92.59267,,block_51_185
6050,GSI,25.95386,92.60367,,block_51_185
6303,GSI,25.86958,92.59411,,block_51_185
6302,GSI,25.88692,92.61347,,block_51_185
6292,GSI,25.85544,92.57369,,block_51_185
6279,GSI,25.864186,92.571047,,block_51_185
6304,GSI,25.85167,92.58089,,block_51_185
6139,GSI,25.82769,92.55658,,block_51_185
6140,GSI,25.82528,92.54775,,block_51_185
6154,GSI,25.81542,92.5535,,block_51_185
6305,GSI,25.81175,92.55003,,block_51_185
6263,GSI,25.84494,92.61514,,block_51_185
6324,GSI,25.84875,92.68328,,block_51_185
6170,GSI,25.85992,92.72558,,block_51_185
6323,GSI,25.84967,92.69042,,block_51_185
6051,GSI,25.81689,92.71744,,block_51_185
4920,GSI,25.61092,93.09178,,block_51_186
6265,GSI,25.64897,93.12083,,block_51_186
4919,GSI,25.65792,93.11811,,block_51_186
6246,GSI,25.67153,93.11522,,block_51_186
6280,GSI,25.72561,93.13075,,block_51_186
6267,GSI,25.81756,93.10886,,block_51_186
20045,GSI,26.339833,93.099972,,block_52_186
20194,GSI,26.323083,93.093167,,block_52_186
20061,GSI,26.314847,93.256125,,block_52_186
20182,GSI,26.32685,93.267639,,block_52_186
20169,GSI,26.307972,93.275722,,block_52_186
20029,GSI,26.298389,93.21625,,block_52_186
20043,GSI,26.302944,93.225389,,block_52_186
20195,GSI,26.297778,93.211111,,block_52_186
20171,GSI,26.056083,93.406528,,block_52_186
20184,GSI,26.347417,93.2982,,block_52_186
13691,GSI,25.81044,93.58616,,block_51_187
13812,GSI,25.84512,93.56682,,block_51_187
13802,GSI,25.85072,93.56682,,block_51_187
13709,GSI,25.96256,93.46922,,block_51_186
13710,GSI,25.88494,93.45792,,block_51_186
13699,GSI,25.83128,93.45257,,block_51_186
13804,GSI,25.84267,93.45244,,block_51_186
13713,GSI,25.82522,93.4243,,block_51_186
13773,GSI,25.487139,93.493528,,block_50_186
13782,GSI,25.40975,93.475944,,block_50_186
10948,GSI,25.356333,93.566583,,block_50_187
10947,GSI,25.343583,93.566972,,block_50_187
10803,GSI,25.29725,93.630083,,block_50_187
10801,GSI,25.275028,93.616306,,block_50_187
10800,GSI,25.199528,93.625278,,block_50_187
13781,GSI,25.292417,93.498972,,block_50_186
13694,GSI,25.288472,93.489611,,block_50_186
13692,GSI,25.308028,93.471028,,block_50_186
13623,GSI,25.394111,93.410417,,block_50_186
13779,GSI,25.263528,93.390611,,block_50_186
13786,GSI,25.264056,93.409528,,block_50_186
27540,GSI,25.22,93.34,,block_50_186
27543,GSI,25.22,93.35,,block_50_186
27553,GSI,25.23,93.34,,block_50_186
27550,GSI,25.22,93.32,,block_50_186
27551,GSI,25.21,93.31,,block_50_186
27568,GSI,25.22,93.29,,block_50_186
27566,GSI,25.23,93.29,,block_50_186
13518,GSI,25.282861,93.296111,,block_50_186
13778,GSI,25.328139,93.334056,,block_50_186
13519,GSI,25.398083,93.297528,,block_50_186
13704,GSI,25.428597,93.312597,,block_50_186
13705,GSI,25.433903,93.328944,,block_50_186
13624,GSI,25.447528,93.364417,,block_50_186
13633,GSI,25.449056,93.370861,,block_50_186
13639,GSI,25.453611,93.371389,,block_50_186
13589,GSI,25.423861,93.369417,,block_50_186
13527,GSI,25.4255,93.363944,,block_50_186
13526,GSI,25.438694,93.362583,,block_50_186
13586,GSI,25.439372,93.354197,,block_50_186
13545,GSI,25.417528,93.372528,,block_50_186
13546,GSI,25.405,93.372194,,block_50_186
13556,GSI,25.4025,93.392194,,block_50_186
14361,GSI,25.435639,93.405944,,block_50_186
13794,GSI,25.443417,93.421444,,block_50_186
13561,GSI,25.402333,93.407583,,block_50_186
13701,GSI,25.435917,93.455944,,block_50_186
13791,GSI,25.443639,93.431444,,block_50_186
13558,GSI,25.446056,93.408583,,block_50_186
13557,GSI,25.452278,93.394333,,block_50_186
13641,GSI,25.462361,93.384306,,block_50_186
13698,GSI,25.416056,93.284222,,block_50_186
13697,GSI,25.410611,93.284,,block_50_186
6287,GSI,25.405,93.133,,block_50_186
14444,GSI,25.417333,93.129083,,block_50_186
6266,GSI,25.50669,93.10536,,block_51_186
6144,GSI,25.423438,92.985022,,block_50_185
4770,GSI,25.443082,92.989873,,block_50_185
6072,GSI,25.424,93.0,,block_50_186
4944,GSI,25.395431,92.990267,,block_50_185
13820,GSI,25.216881,92.982245,,block_50_185
13676,GSI,25.196694,93.018583,,block_50_186
6240,GSI,25.205,93.008,,block_50_186
12769,GSI,25.205528,93.020139,,block_50_186
13776,GSI,25.214944,93.021611,,block_50_186
13567,GSI,25.232306,93.033444,,block_50_186
13767,GSI,25.238806,93.032194,,block_50_186
13669,GSI,25.2185,93.013111,,block_50_186
13759,GSI,25.245972,93.028278,,block_50_186
6239,GSI,25.205,93.059,,block_50_186
13660,GSI,25.193083,93.120417,,block_50_186
6262,GSI,25.201,93.122,,block_50_186
6027,GSI,25.208,93.121,,block_50_186
6028,GSI,25.242,93.14,,block_50_186
13637,GSI,25.204556,93.138889,,block_50_186
6029,GSI,25.206,93.126,,block_50_186
614,GSI,25.229556,93.1556,,block_50_186
13643,GSI,25.274806,93.145556,,block_50_186
6285,GSI,25.387,93.12,,block_50_186
13677,GSI,25.362583,93.257722,,block_50_186
13688,GSI,25.369972,93.260306,,block_50_186
13587,GSI,25.278472,93.252972,,block_50_186
25974,GSI,25.224278,93.222861,,block_50_186
27564,GSI,25.2,93.25,,block_50_186
27542,GSI,25.21,93.25,,block_50_186
27537,GSI,25.24,93.27,,block_50_186
27536,GSI,25.24,93.28,,block_50_186
6275,GSI,25.189,93.226,,block_50_186
27546,GSI,25.13,93.27,,block_50_186
27556,GSI,25.1,93.28,,block_50_186
6126,GSI,25.003,93.164,,block_50_186
13522,GSI,24.993,93.161583,,block_49_186
6261,GSI,25.145,93.158,,block_50_186
6274,GSI,25.189,93.192,,block_50_186
6238,GSI,25.169,93.156,,block_50_186
13764,GSI,25.184528,93.125639,,block_50_186
13672,GSI,25.176389,93.116139,,block_50_186
13659,GSI,25.18725,93.120556,,block_50_186
6127,GSI,25.186,93.104,,block_50_186
13631,GSI,25.189556,93.096417,,block_50_186
13549,GSI,25.179861,93.070778,,block_50_186
6128,GSI,25.188,93.066,,block_50_186
6301,GSI,25.155,93.073,,block_50_186
6290,GSI,25.155,93.067,,block_50_186
6089,GSI,25.157,93.062,,block_50_186
6106,GSI,25.139,93.04,,block_50_186
6125,GSI,25.137,93.034,,block_50_186
6270,GSI,25.123,93.033,,block_50_186
13524,GSI,25.106389,93.031472,,block_50_186
6120,GSI,25.119,93.018,,block_50_186
6045,GSI,25.122,93.025,,block_50_186
6048,GSI,25.139,93.025,,block_50_186
13755,GSI,25.139611,93.019556,,block_50_186
13763,GSI,25.134472,93.018972,,block_50_186
13765,GSI,25.156389,93.018389,,block_50_186
13657,GSI,25.163444,93.023167,,block_50_186
13670,GSI,25.150694,93.025833,,block_50_186
13740,GSI,25.145861,93.024194,,block_50_186
13734,GSI,25.14525,93.029167,,block_50_186
13696,GSI,25.164,93.040194,,block_50_186
13695,GSI,25.188444,93.019667,,block_50_186
14445,GSI,25.1775,93.026222,,block_50_186
13821,GSI,25.175056,93.020417,,block_50_186
13822,GSI,25.171889,93.003944,,block_50_186
561,GSI,25.121,92.915028,,block_50_185
13532,GSI,25.108972,92.928861,,block_50_185
13531,GSI,25.108778,92.920333,,block_50_185
13581,GSI,25.11297,92.95433,,block_50_185
13807,GSI,25.108759,92.978048,,block_50_185
13805,GSI,25.105414,92.972784,,block_50_185
13515,GSI,25.12906,92.97418,,block_50_185
538,GSI,25.124583,92.989111,,block_50_185
6100,GSI,25.107,93.002,,block_50_186
13541,GSI,25.110778,92.987917,,block_50_185
13651,GSI,25.10275,92.986944,,block_50_185
13806,GSI,25.106956,92.991363,,block_50_185
13707,GSI,25.088389,92.958944,,block_50_185
13708,GSI,25.078935,92.95379,,block_50_185
6124,GSI,25.008,93.04,,block_50_186
14382,GSI,24.97228,93.03289,,block_49_186
14381,GSI,24.97692,93.033,,block_49_186
26248,GSI,24.96,92.98,,block_49_185
26195,GSI,24.98,92.96,,block_49_185
26168,GSI,24.96,92.92,,block_49_185
26206,GSI,24.96,92.95,,block_49_185
13632,GSI,24.795892,93.045425,,block_49_186
13562,GSI,24.813648,93.073009,,block_49_186
14383,GSI,24.85325,93.2449,,block_49_186
13585,GSI,24.797951,93.214998,,block_49_186
14384,GSI,24.804448,93.235711,,block_49_186
13582,GSI,24.795814,93.230263,,block_49_186
13571,GSI,24.80831,93.24264,,block_49_186
26147,GSI,24.813306,93.243417,,block_49_186
25269,GSI,24.798278,93.394306,,block_49_186
24141,GSI,24.811139,93.417,,block_49_186
24139,GSI,24.811333,93.42275,,block_49_186
25076,GSI,24.806806,93.404806,,block_49_186
24142,GSI,24.799333,93.435417,,block_49_186
24143,GSI,24.788889,93.441889,,block_49_186
22953,GSI,24.789917,93.459806,,block_49_186
22952,GSI,24.784611,93.462278,,block_49_186
22951,GSI,24.798806,93.464667,,block_49_186
22928,GSI,24.801389,93.469444,,block_49_186
24178,GSI,24.818,93.45,,block_49_186
21769,GSI,24.819722,93.459972,,block_49_186
21770,GSI,24.826694,93.467944,,block_49_186
642,GSI,24.83278,93.46333,,block_49_186
24182,GSI,24.816111,93.443917,,block_49_186
24180,GSI,24.815528,93.43725,,block_49_186
24181,GSI,24.812083,93.433917,,block_49_186
24183,GSI,24.814333,93.428306,,block_49_186
25119,GSI,24.846028,93.43875,,block_49_186
640,GSI,24.84833,93.45917,,block_49_186
21796,GSI,24.85225,93.449639,,block_49_186
22992,GSI,24.860889,93.463222,,block_49_186
25099,GSI,24.877417,93.460583,,block_49_186
22993,GSI,24.874222,93.466667,,block_49_186
21841,GSI,24.883194,93.465667,,block_49_186
21832,GSI,24.890333,93.466667,,block_49_186
641,GSI,24.90139,93.45389,,block_49_186
25078,GSI,24.930806,93.444833,,block_49_186
27557,GSI,25.07,93.29,,block_50_186
27548,GSI,25.14,93.31,,block_50_186
27554,GSI,25.14,93.3,,block_50_186
27547,GSI,25.13,93.29,,block_50_186
27567,GSI,25.17,93.29,,block_50_186
27563,GSI,25.18,93.3,,block_50_186
27565,GSI,25.19,93.3,,block_50_186
27544,GSI,25.18,93.33,,block_50_186
27545,GSI,25.17,93.36,,block_50_186
27549,GSI,25.15,93.37,,block_50_186
27570,GSI,25.12,93.37,,block_50_186
27569,GSI,25.11,93.37,,block_50_186
27572,GSI,25.07,93.43,,block_50_186
560,GSI,24.99694,93.50222,,block_49_187
586,GSI,24.99083,93.50583,,block_49_187
9423,GSI,25.006694,93.523444,,block_50_187
9425,GSI,25.013083,93.530111,,block_50_187
9583,GSI,25.025639,93.537222,,block_50_187
10799,GSI,25.187583,93.653861,,block_50_187
9421,GSI,25.118083,93.649472,,block_50_187
9617,GSI,25.115194,93.645,,block_50_187
9413,GSI,25.115889,93.639611,,block_50_187
9615,GSI,25.111556,93.629972,,block_50_187
9591,GSI,25.105108,93.621136,,block_50_187
9594,GSI,25.110667,93.62275,,block_50_187
9589,GSI,25.098639,93.620778,,block_50_187
9454,GSI,25.09225,93.619972,,block_50_187
9433,GSI,25.087417,93.618333,,block_50_187
9432,GSI,25.083083,93.613583,,block_50_187
9429,GSI,25.077778,93.611583,,block_50_187
9752,GSI,25.072528,93.6075,,block_50_187
9751,GSI,25.067306,93.604861,,block_50_187
9588,GSI,25.057194,93.603028,,block_50_187
9750,GSI,25.061861,93.605361,,block_50_187
9585,GSI,25.049861,93.602389,,block_50_187
9584,GSI,25.029333,93.586167,,block_50_187
24348,GSI,24.981031,93.654678,,block_49_187
24349,GSI,24.975175,93.652939,,block_49_187
24366,GSI,24.935611,93.654444,,block_49_187
24492,GSI,24.922861,93.633144,,block_49_187
24347,GSI,24.888556,93.641472,,block_49_187
24724,GSI,24.975961,93.567983,,block_49_187
24723,GSI,24.971389,93.559056,,block_49_187
24559,GSI,24.978611,93.528278,,block_49_187
24577,GSI,24.987361,93.525333,,block_49_187
24558,GSI,24.982611,93.52,,block_49_187
26146,GSI,24.983194,93.500417,,block_49_187
21745,GSI,24.986444,93.494,,block_49_186
21893,GSI,24.952611,93.487611,,block_49_186
25098,GSI,24.950361,93.482333,,block_49_186
25095,GSI,24.943833,93.488917,,block_49_186
21894,GSI,24.94775,93.492889,,block_49_186
25077,GSI,24.917278,93.471167,,block_49_186
25079,GSI,24.916444,93.481556,,block_49_186
21837,GSI,24.911722,93.484361,,block_49_186
21840,GSI,24.888472,93.473028,,block_49_186
21839,GSI,24.898,93.487722,,block_49_186
21859,GSI,24.836222,93.482111,,block_49_186
21857,GSI,24.83725,93.494528,,block_49_186
21835,GSI,24.842444,93.499333,,block_49_186
21834,GSI,24.85,93.497583,,block_49_186
24682,GSI,24.831719,93.514025,,block_49_187
24683,GSI,24.829333,93.507056,,block_49_187
593,GSI,24.81778,93.51583,,block_49_187
22927,GSI,24.824111,93.474139,,block_49_186
21860,GSI,24.827,93.478472,,block_49_186
24684,GSI,24.816242,93.523119,,block_49_187
24681,GSI,24.820667,93.525444,,block_49_187
579,GSI,24.81867,93.54819,,block_49_187
24704,GSI,24.834069,93.578039,,block_49_187
24702,GSI,24.819975,93.576653,,block_49_187
24346,GSI,24.854044,93.585331,,block_49_187
24658,GSI,24.860347,93.572383,,block_49_187
24679,GSI,24.854806,93.573444,,block_49_187
24680,GSI,24.862778,93.585333,,block_49_187
24747,GSI,24.86375,93.598917,,block_49_187
578,GSI,24.8624444,93.6106389,,block_49_187
24210,GSI,24.862903,93.616397,,block_49_187
24490,GSI,24.872153,93.623861,,block_49_187
24491,GSI,24.867694,93.625858,,block_49_187
24211,GSI,24.860639,93.62675,,block_49_187
24344,GSI,24.834028,93.644,,block_49_187
25287,GSI,24.808619,93.651094,,block_49_187
25230,GSI,24.798333,93.655056,,block_49_187
24540,GSI,24.769333,93.653722,,block_49_187
24188,GSI,24.756089,93.622039,,block_49_187
24328,GSI,24.698392,93.644183,,block_49_187
24207,GSI,24.699761,93.650047,,block_49_187
24363,GSI,24.724406,93.514431,,block_49_187
24062,GSI,24.719397,93.509003,,block_49_187
24136,GSI,24.718567,93.500017,,block_49_187
21955,GSI,24.722472,93.492806,,block_49_186
21934,GSI,24.730139,93.485389,,block_49_186
21932,GSI,24.732139,93.479194,,block_49_186
24362,GSI,24.689806,93.522583,,block_49_187
25137,GSI,24.664694,93.532361,,block_49_187
24201,GSI,24.626389,93.604389,,block_49_187
25123,GSI,24.656306,93.580806,,block_49_187
24159,GSI,24.641417,93.596611,,block_49_187
24158,GSI,24.642722,93.602083,,block_49_187
24203,GSI,24.636444,93.606694,,block_49_187
24157,GSI,24.633083,93.610222,,block_49_187
24155,GSI,24.639,93.611556,,block_49_187
24352,GSI,24.640639,93.620311,,block_49_187
24137,GSI,24.640072,93.627392,,block_49_187
24361,GSI,24.645275,93.628828,,block_49_187
25270,GSI,24.658206,93.625503,,block_49_187
24161,GSI,24.662664,93.62825,,block_49_187
24353,GSI,24.653156,93.646406,,block_49_187
24192,GSI,24.641747,93.640183,,block_49_187
21958,GSI,24.75,93.427528,,block_49_186
23156,GSI,24.751111,93.459361,,block_49_186
23180,GSI,24.747694,93.462667,,block_49_186
23154,GSI,24.7585,93.459139,,block_49_186
21710,GSI,24.768694,93.45725,,block_49_186
23152,GSI,24.764917,93.46125,,block_49_186
22954,GSI,24.783806,93.455556,,block_49_186
22973,GSI,24.776583,93.456056,,block_49_186
21957,GSI,24.775167,93.440722,,block_49_186
25229,GSI,24.775917,93.432611,,block_49_186
25268,GSI,24.768778,93.386806,,block_49_186
25266,GSI,24.734233,93.293194,,block_49_186
25267,GSI,24.768556,93.314358,,block_49_186
25247,GSI,24.766556,93.319833,,block_49_186
25243,GSI,24.762667,93.255556,,block_49_186
14363,GSI,24.7825,93.19944,,block_49_186
25245,GSI,24.728917,93.256389,,block_49_186
25246,GSI,24.724333,93.273111,,block_49_186
27662,GSI,24.62,93.17,,block_49_186
27661,GSI,24.68,93.11,,block_49_186
27666,GSI,24.69,93.12,,block_49_186
27667,GSI,24.72,93.13,,block_49_186
27660,GSI,24.73,93.13,,block_49_186
27663,GSI,24.72,93.14,,block_49_186
27653,GSI,24.72,93.18,,block_49_186
27659,GSI,24.73,93.19,,block_49_186
27652,GSI,24.73,93.18,,block_49_186
27665,GSI,24.73,93.17,,block_49_186
27670,GSI,24.73,93.15,,block_49_186
27650,GSI,24.74,93.15,,block_49_186
27651,GSI,24.74,93.16,,block_49_186
27664,GSI,24.74,93.12,,block_49_186
13603,GSI,24.645417,93.005361,,block_49_186
26226,GSI,24.64,92.98,,block_49_185
27649,GSI,24.53,93.07,,block_49_186
27648,GSI,24.53,93.08,,block_49_186
27679,GSI,24.52,93.1,,block_49_186
27676,GSI,24.52,93.09,,block_49_186
27677,GSI,24.52,93.08,,block_49_186
27680,GSI,24.52,93.07,,block_49_186
26172,GSI,24.56,92.94,,block_49_185
27685,GSI,24.5,93.12,,block_49_186
27684,GSI,24.51,93.12,,block_49_186
27682,GSI,24.52,93.11,,block_49_186
27681,GSI,24.54,93.11,,block_49_186
27737,GSI,24.36,93.27,,block_48_186
27736,GSI,24.35,93.28,,block_48_186
27753,GSI,24.37,93.26,,block_48_186
27732,GSI,24.32,93.28,,block_48_186
27755,GSI,24.21,93.28,,block_48_186
27720,GSI,24.2,93.22,,block_48_186
27722,GSI,24.21,93.21,,block_48_186
27689,GSI,24.27,93.18,,block_48_186
27714,GSI,24.24,93.18,,block_48_186
27726,GSI,24.24,93.19,,block_48_186
27725,GSI,24.23,93.19,,block_48_186
27703,GSI,24.27,93.11,,block_48_186
27701,GSI,24.28,93.11,,block_48_186
27699,GSI,24.29,93.12,,block_48_186
27698,GSI,24.29,93.11,,block_48_186
27695,GSI,24.31,93.12,,block_48_186
27694,GSI,24.31,93.13,,block_48_186
27692,GSI,24.32,93.14,,block_48_186
27700,GSI,24.28,93.18,,block_48_186
27707,GSI,24.31,93.18,,block_48_186
27708,GSI,24.32,93.16,,block_48_186
27709,GSI,24.33,93.15,,block_48_186
27710,GSI,24.33,93.16,,block_48_186
28090,GSI,24.29,92.95,,block_48_185
28091,GSI,24.29,92.96,,block_48_185
10263,GSI,24.233808,92.978777,,block_48_185
28089,GSI,24.26,92.96,,block_48_185
10547,GSI,24.240415,92.941421,,block_48_185
10548,GSI,24.246076,92.948994,,block_48_185
10262,GSI,24.242764,92.955406,,block_48_185
10567,GSI,24.248558,92.954177,,block_48_185
10264,GSI,24.222837,92.952639,,block_48_185
10291,GSI,24.218066,92.951214,,block_48_185
10292,GSI,24.198831,92.946348,,block_48_185
10265,GSI,24.175865,92.945618,,block_48_185
11607,GSI,24.188702,92.943036,,block_48_185
10367,GSI,24.193682,92.946417,,block_48_185
10289,GSI,24.183115,92.949989,,block_48_185
10710,GSI,24.194252,92.963806,,block_48_185
10285,GSI,24.200487,92.985172,,block_48_185
10269,GSI,24.199185,92.992094,,block_48_185
10267,GSI,24.193061,92.992877,,block_48_185
27704,GSI,24.26,93.1,,block_48_186
27715,GSI,24.24,93.1,,block_48_186
27717,GSI,24.23,93.08,,block_48_186
27716,GSI,24.23,93.09,,block_48_186
10553,GSI,24.100401,92.915441,,block_48_185
10572,GSI,24.094248,92.917745,,block_48_185
10575,GSI,24.07462,92.91518,,block_48_185
10318,GSI,24.069401,92.91857,,block_48_185
10319,GSI,24.062429,92.922576,,block_48_185
10321,GSI,24.056205,92.916817,,block_48_185
10345,GSI,24.037574,92.922489,,block_48_185
10347,GSI,24.025506,92.915628,,block_48_185
10549,GSI,24.014332,92.924018,,block_48_185
10529,GSI,23.970444,92.927167,,block_47_185
18079,GSI,23.993778,93.004524,,block_47_186
18042,GSI,23.972027,93.014893,,block_47_186
18231,GSI,23.982639,93.011055,,block_47_186
18040,GSI,23.990028,93.010582,,block_47_186
18238,GSI,23.983694,93.044418,,block_47_186
18148,GSI,23.992805,93.043251,,block_47_186
17806,GSI,24.001167,93.037613,,block_48_186
17621,GSI,24.012472,93.047249,,block_48_186
17620,GSI,24.046499,93.04422,,block_48_186
17619,GSI,24.043417,93.066307,,block_48_186
17617,GSI,24.047916,93.056946,,block_48_186
17599,GSI,24.040972,93.078697,,block_48_186
17598,GSI,24.019306,93.181274,,block_48_186
17616,GSI,24.038279,93.140945,,block_48_186
27735,GSI,24.1,93.28,,block_48_186
27752,GSI,24.06,93.28,,block_48_186
17807,GSI,24.023861,93.248192,,block_48_186
17597,GSI,24.02025,93.243973,,block_48_186
17808,GSI,24.026138,93.240166,,block_48_186
17618,GSI,24.023945,93.195663,,block_48_186
17788,GSI,24.039833,93.232864,,block_48_186
17697,GSI,23.981083,93.287392,,block_47_186
17640,GSI,24.003889,93.323502,,block_48_186
17639,GSI,24.000334,93.300278,,block_48_186
18004,GSI,23.999111,93.285309,,block_47_186
27759,GSI,24.14,93.47,,block_48_186
27762,GSI,24.14,93.45,,block_48_186
27763,GSI,24.14,93.42,,block_48_186
27757,GSI,24.14,93.38,,block_48_186
27764,GSI,24.11,93.32,,block_48_186
27751,GSI,24.1,93.29,,block_48_186
27750,GSI,24.12,93.29,,block_48_186
27748,GSI,24.13,93.29,,block_48_186
27743,GSI,24.16,93.31,,block_48_186
27741,GSI,24.17,93.3,,block_48_186
27744,GSI,24.15,93.3,,block_48_186
27742,GSI,24.16,93.3,,block_48_186
27754,GSI,24.21,93.29,,block_48_186
27738,GSI,24.22,93.3,,block_48_186
27740,GSI,24.21,93.3,,block_48_186
27728,GSI,24.33,93.3,,block_48_186
27730,GSI,24.34,93.32,,block_48_186
27729,GSI,24.34,93.31,,block_48_186
27731,GSI,24.32,93.36,,block_48_186
27758,GSI,24.19,93.4,,block_48_186
27820,GSI,24.18,93.56,,block_48_187
27713,GSI,24.2,93.53,,block_48_187
27767,GSI,24.37,93.5,,block_48_187
27766,GSI,24.35,93.51,,block_48_187
27809,GSI,24.33,93.53,,block_48_187
27808,GSI,24.35,93.53,,block_48_187
27733,GSI,24.37,93.52,,block_48_187
27806,GSI,24.36,93.54,,block_48_187
27807,GSI,24.35,93.54,,block_48_187
27787,GSI,24.33,93.55,,block_48_187
27811,GSI,24.34,93.62,,block_48_187
27802,GSI,24.36,93.65,,block_48_187
27841,GSI,24.18,93.59,,block_48_187
27842,GSI,24.18,93.6,,block_48_187
27823,GSI,24.1,93.57,,block_48_187
27840,GSI,24.11,93.58,,block_48_187
27821,GSI,24.12,93.58,,block_48_187
27770,GSI,24.14,93.57,,block_48_187
27845,GSI,24.17,93.59,,block_48_187
27846,GSI,24.17,93.58,,block_48_187
27769,GSI,24.15,93.58,,block_48_187
27772,GSI,24.15,93.55,,block_48_187
27734,GSI,24.13,93.48,,block_48_186
27843,GSI,24.1,93.51,,block_48_187
27835,GSI,24.1,93.5,,block_48_187
27824,GSI,24.11,93.52,,block_48_187
27813,GSI,24.11,93.53,,block_48_187
28030,GSI,24.0,93.55,,block_48_187
27839,GSI,24.01,93.55,,block_48_187
27831,GSI,24.02,93.56,,block_48_187
27833,GSI,24.0,93.56,,block_48_187
28031,GSI,23.99,93.55,,block_47_187
27837,GSI,23.98,93.55,,block_47_187
27830,GSI,24.02,93.57,,block_48_187
27828,GSI,24.03,93.57,,block_48_187
27827,GSI,24.05,93.57,,block_48_187
27826,GSI,24.06,93.57,,block_48_187
17699,GSI,23.935917,93.345642,,block_47_186
17957,GSI,23.936806,93.340668,,block_47_186
17722,GSI,23.945055,93.313698,,block_47_186
17981,GSI,23.87211,93.335999,,block_47_186
17861,GSI,23.870445,93.353859,,block_47_186
17978,GSI,23.861805,93.364944,,block_47_186
18225,GSI,23.846056,93.371971,,block_47_186
18224,GSI,23.836056,93.37664,,block_47_186
17979,GSI,23.833166,93.305275,,block_47_186
17980,GSI,23.788666,93.386139,,block_47_186
17853,GSI,23.790138,93.394447,,block_47_186
17719,GSI,23.795778,93.38797,,block_47_186
18198,GSI,23.810806,93.379028,,block_47_186
17550,GSI,23.742696,93.378058,,block_47_186
18223,GSI,23.753222,93.377281,,block_47_186
17559,GSI,23.747943,93.374597,,block_47_186
17684,GSI,23.666608,93.350691,,block_47_186
17725,GSI,23.672022,93.349595,,block_47_186
17557,GSI,23.682274,93.350321,,block_47_186
16805,GSI,23.619791,93.33801,,block_47_186
17552,GSI,23.640448,93.343559,,block_47_186
17531,GSI,23.657642,93.349683,,block_47_186
17704,GSI,23.640073,93.315306,,block_47_186
17724,GSI,23.660361,93.285548,,block_47_186
17538,GSI,23.654025,93.287022,,block_47_186
17683,GSI,23.648967,93.291988,,block_47_186
17703,GSI,23.647667,93.299727,,block_47_186
17705,GSI,23.607873,93.351351,,block_47_186
17529,GSI,23.603629,93.355925,,block_47_186
16962,GSI,23.206,93.329028,,block_46_186
16938,GSI,23.237767,93.308461,,block_46_186
18134,GSI,23.261944,93.295194,,block_46_186
18131,GSI,23.270139,93.293333,,block_46_186
17880,GSI,23.30622,93.294554,,block_46_186
17925,GSI,23.306444,93.303889,,block_46_186
17017,GSI,23.303412,93.31066,,block_46_186
17011,GSI,23.304778,93.329472,,block_46_186
18157,GSI,23.26125,93.337222,,block_46_186
17963,GSI,23.297894,93.332441,,block_46_186
18138,GSI,23.296,93.340556,,block_46_186
16723,GSI,23.339889,93.357889,,block_46_186
17012,GSI,23.336425,93.361493,,block_46_186
18115,GSI,23.311082,93.323501,,block_46_186
16830,GSI,23.312747,93.314456,,block_46_186
18151,GSI,23.307833,93.311672,,block_46_186
16831,GSI,23.320197,93.285718,,block_46_186
18139,GSI,23.351115,93.296893,,block_46_186
18142,GSI,23.35691,93.301356,,block_46_186
18071,GSI,23.369857,93.296657,,block_46_186
18163,GSI,23.361979,93.299909,,block_46_186
18153,GSI,23.388162,93.312962,,block_46_186
18177,GSI,23.393889,93.309244,,block_46_186
17864,GSI,23.407528,93.318111,,block_46_186
17016,GSI,23.459039,93.324774,,block_46_186
17882,GSI,23.4195,93.331917,,block_46_186
17879,GSI,23.412845,93.33833,,block_46_186
17877,GSI,23.410218,93.343897,,block_46_186
17009,GSI,23.431639,93.33925,,block_46_186
17007,GSI,23.427611,93.336861,,block_46_186
16631,GSI,23.455367,93.362276,,block_46_186
17944,GSI,23.396738,93.368237,,block_46_186
17924,GSI,23.395159,93.374335,,block_46_186
17862,GSI,23.40555,93.360549,,block_46_186
18132,GSI,23.36545,93.377907,,block_46_186
18152,GSI,23.382417,93.384944,,block_46_186
18073,GSI,23.375634,93.384499,,block_46_186
17923,GSI,23.394732,93.381271,,block_46_186
17945,GSI,23.397417,93.385722,,block_46_186
17551,GSI,23.546627,93.381058,,block_47_186
16807,GSI,23.54294,93.384772,,block_47_186
17537,GSI,23.512147,93.359164,,block_47_186
17685,GSI,23.518162,93.366956,,block_47_186
17539,GSI,23.514479,93.369982,,block_47_186
17960,GSI,23.476989,93.377213,,block_46_186
17983,GSI,23.490702,93.33685,,block_46_186
18116,GSI,23.498889,93.311889,,block_46_186
16819,GSI,23.474472,93.322667,,block_46_186
16815,GSI,23.469833,93.314889,,block_46_186
17940,GSI,23.462667,93.317472,,block_46_186
17961,GSI,23.477806,93.310111,,block_46_186
16820,GSI,23.474639,93.314167,,block_46_186
17964,GSI,23.482322,93.310052,,block_46_186
16749,GSI,23.468361,93.304222,,block_46_186
16817,GSI,23.470917,93.296417,,block_46_186
17556,GSI,23.555929,93.295668,,block_47_186
17965,GSI,23.484639,93.278222,,block_46_186
16748,GSI,23.468389,93.27075,,block_46_186
16634,GSI,23.46243,93.262259,,block_46_186
16726,GSI,23.467623,93.250867,,block_46_186
17938,GSI,23.471889,93.246333,,block_46_186
18084,GSI,23.473778,93.239194,,block_46_186
18109,GSI,23.474833,93.229,,block_46_186
17875,GSI,23.477778,93.236333,,block_46_186
18082,GSI,23.473361,93.222167,,block_46_186
17894,GSI,23.479667,93.225722,,block_46_186
17897,GSI,23.481881,93.214835,,block_46_186
17916,GSI,23.461083,93.205278,,block_46_186
17899,GSI,23.487306,93.192778,,block_46_186
17900,GSI,23.487813,93.20758,,block_46_186
16981,GSI,23.500803,93.201572,,block_47_186
16954,GSI,23.543891,93.232644,,block_47_186
16933,GSI,23.55097,93.215688,,block_47_186
17812,GSI,23.534307,93.168479,,block_47_186
17932,GSI,23.546048,93.147734,,block_47_186
17815,GSI,23.542899,93.156212,,block_47_186
17833,GSI,23.537491,93.159176,,block_47_186
17933,GSI,23.545796,93.136912,,block_47_186
18027,GSI,23.548173,93.131588,,block_47_186
18125,GSI,23.430917,93.171889,,block_46_186
18049,GSI,23.422583,93.166,,block_46_186
18048,GSI,23.418808,93.163009,,block_46_186
17858,GSI,23.411942,93.154836,,block_46_186
17859,GSI,23.414113,93.136272,,block_46_186
18113,GSI,23.384222,93.145528,,block_46_186
18112,GSI,23.383778,93.115972,,block_46_186
18087,GSI,23.37492,93.1185,,block_46_186
18070,GSI,23.370167,93.120444,,block_46_186
18091,GSI,23.380806,93.128917,,block_46_186
18089,GSI,23.378571,93.218843,,block_46_186
17893,GSI,23.449083,93.206222,,block_46_186
18126,GSI,23.439142,93.222581,,block_46_186
18128,GSI,23.445083,93.223889,,block_46_186
16630,GSI,23.454924,93.260137,,block_46_186
17855,GSI,23.388585,93.2446,,block_46_186
17922,GSI,23.279667,93.232917,,block_46_186
16961,GSI,23.207889,93.255917,,block_46_186
16939,GSI,23.21475,93.261139,,block_46_186
16712,GSI,23.163528,93.281056,,block_46_186
16714,GSI,23.157667,93.279722,,block_46_186
16711,GSI,23.164508,93.270428,,block_46_186
21157,GSI,23.182417,93.246498,,block_46_186
21159,GSI,23.183584,93.235031,,block_46_186
21022,GSI,23.181417,93.197586,,block_46_186
18069,GSI,23.254263,93.238127,,block_46_186
21003,GSI,23.168705,93.108017,,block_46_186
17919,GSI,23.340389,93.102306,,block_46_186
18081,GSI,23.340722,93.081083,,block_46_186
17857,GSI,23.3305,93.096806,,block_46_186
18047,GSI,23.33101,93.091406,,block_46_186
17856,GSI,23.325028,93.092333,,block_46_186
18068,GSI,23.322151,93.066154,,block_46_186
18102,GSI,23.336389,93.074722,,block_46_186
18108,GSI,23.299073,93.057068,,block_46_186
17921,GSI,23.296419,93.095813,,block_46_186
21176,GSI,23.244541,93.099533,,block_46_186
21021,GSI,23.172249,93.058052,,block_46_186
21158,GSI,23.182667,93.026138,,block_46_186
21160,GSI,23.197752,93.007805,,block_46_186
21066,GSI,23.221762,92.975006,,block_46_185
21039,GSI,23.176575,92.979797,,block_46_185
22165,GSI,23.228361,92.916832,,block_46_185
22167,GSI,23.227602,92.923164,,block_46_185
21237,GSI,23.223055,92.931114,,block_46_185
21251,GSI,23.223957,92.936401,,block_46_185
21067,GSI,23.212713,92.930771,,block_46_185
21270,GSI,23.217224,92.949684,,block_46_185
21065,GSI,23.21685,92.955475,,block_46_185
21268,GSI,23.222853,92.941536,,block_46_185
11286,GSI,23.387328,92.933397,,block_46_185
16787,GSI,23.457028,93.006722,,block_46_186
16784,GSI,23.451278,93.002944,,block_46_186
17915,GSI,23.459737,93.044479,,block_46_186
16789,GSI,23.46025,93.01125,,block_46_186
16730,GSI,23.463765,93.018316,,block_46_186
18101,GSI,23.470139,93.025944,,block_46_186
17896,GSI,23.480549,93.040585,,block_46_186
16957,GSI,23.517632,93.075702,,block_47_186
17642,GSI,23.548132,93.077509,,block_47_186
17809,GSI,23.555561,93.072462,,block_47_186
11138,GSI,23.610611,92.977722,,block_47_185
11180,GSI,23.626194,92.962111,,block_47_185
12394,GSI,23.6445,92.990194,,block_47_185
11181,GSI,23.654556,92.965056,,block_47_185
11182,GSI,23.655417,92.957167,,block_47_185
12573,GSI,23.654361,92.932389,,block_47_185
11158,GSI,23.720833,92.978,,block_47_185
11179,GSI,23.740306,92.965389,,block_47_185
11178,GSI,23.74425,92.968472,,block_47_185
12393,GSI,23.704861,92.98575,,block_47_185
12414,GSI,23.702056,92.993222,,block_47_185
11155,GSI,23.670389,92.964417,,block_47_185
11157,GSI,23.665806,92.969556,,block_47_185
11156,GSI,23.666361,92.975972,,block_47_185
16704,GSI,23.681206,93.019927,,block_47_186
16983,GSI,23.685602,93.028404,,block_47_186
16701,GSI,23.675142,93.023551,,block_47_186
16721,GSI,23.66958,93.02425,,block_47_186
17850,GSI,23.696979,93.041829,,block_47_186
17835,GSI,23.689282,93.039041,,block_47_186
18024,GSI,23.708377,93.053261,,block_47_186
16703,GSI,23.705262,93.008904,,block_47_186
17792,GSI,23.750139,93.098167,,block_47_186
16956,GSI,23.742754,93.094558,,block_47_186
16952,GSI,23.734427,93.08625,,block_47_186
17830,GSI,23.710517,93.058403,,block_47_186
17810,GSI,23.684707,93.088283,,block_47_186
17955,GSI,23.677967,93.087973,,block_47_186
18170,GSI,23.657186,93.087169,,block_47_186
17663,GSI,23.640693,93.084944,,block_47_186
16951,GSI,23.629553,93.077474,,block_47_186
17936,GSI,23.63797,93.078826,,block_47_186
17641,GSI,23.6377,93.066302,,block_47_186
18173,GSI,23.644469,93.068299,,block_47_186
16978,GSI,23.644962,93.076363,,block_47_186
16684,GSI,23.639484,93.032189,,block_47_186
16700,GSI,23.650925,93.030704,,block_47_186
16685,GSI,23.663354,93.023297,,block_47_186
18169,GSI,23.617227,93.042191,,block_47_186
17643,GSI,23.626738,93.033627,,block_47_186
17814,GSI,23.631956,93.033971,,block_47_186
17682,GSI,23.633591,93.048668,,block_47_186
17974,GSI,23.570595,93.07382,,block_47_186
18023,GSI,23.606539,93.087476,,block_47_186
18172,GSI,23.602395,93.084222,,block_47_186
16959,GSI,23.603808,93.092328,,block_47_186
18195,GSI,23.597403,93.094131,,block_47_186
16955,GSI,23.583574,93.09659,,block_47_186
18025,GSI,23.56952,93.100523,,block_47_186
18026,GSI,23.57348,93.102938,,block_47_186
16984,GSI,23.586582,93.102493,,block_47_186
17851,GSI,23.563275,93.120567,,block_47_186
17934,GSI,23.608133,93.201022,,block_47_186
17662,GSI,23.612312,93.198942,,block_47_186
16986,GSI,23.603865,93.204311,,block_47_186
17956,GSI,23.597919,93.207362,,block_47_186
17827,GSI,23.687031,93.203106,,block_47_186
16949,GSI,23.705705,93.19007,,block_47_186
18197,GSI,23.701575,93.177726,,block_47_186
18171,GSI,23.694333,93.183335,,block_47_186
16980,GSI,23.701047,93.190913,,block_47_186
17836,GSI,23.69159,93.190067,,block_47_186
17790,GSI,23.782249,93.116165,,block_47_186
16906,GSI,23.777555,93.112473,,block_47_186
16680,GSI,23.799166,93.132919,,block_47_186
16929,GSI,23.792749,93.116943,,block_47_186
18236,GSI,23.85075,93.115608,,block_47_186
17890,GSI,23.853333,93.12458,,block_47_186
18213,GSI,23.848917,93.135307,,block_47_186
16925,GSI,23.851723,93.186775,,block_47_186
16890,GSI,23.84461,93.190277,,block_47_186
16924,GSI,23.791277,93.156387,,block_47_186
16662,GSI,23.800556,93.15889,,block_47_186
16904,GSI,23.798611,93.16378,,block_47_186
16930,GSI,23.801054,93.168762,,block_47_186
16932,GSI,23.785944,93.154137,,block_47_186
16927,GSI,23.782249,93.148865,,block_47_186
16835,GSI,23.866138,93.222809,,block_47_186
16905,GSI,23.867277,93.205643,,block_47_186
16948,GSI,23.863417,93.201279,,block_47_186
16708,GSI,23.860167,93.194778,,block_47_186
18055,GSI,23.870567,93.215149,,block_47_186
16838,GSI,23.875174,93.21302,,block_47_186
16709,GSI,23.885279,93.207726,,block_47_186
16663,GSI,23.886723,93.200279,,block_47_186
17773,GSI,23.881639,93.234642,,block_47_186
16903,GSI,23.874056,93.244469,,block_47_186
16834,GSI,23.88139,93.243027,,block_47_186
16681,GSI,23.883944,93.247528,,block_47_186
17701,GSI,23.881361,93.257027,,block_47_186
18199,GSI,23.876139,93.260445,,block_47_186
17958,GSI,23.877806,93.267609,,block_47_186
17977,GSI,23.890694,93.275024,,block_47_186
17959,GSI,23.901638,93.278641,,block_47_186
16928,GSI,23.950277,93.217056,,block_47_186
17795,GSI,23.942722,93.213531,,block_47_186
16909,GSI,23.914278,93.178864,,block_47_186
16678,GSI,23.908806,93.177391,,block_47_186
16707,GSI,23.905027,93.185776,,block_47_186
18059,GSI,23.938028,93.121277,,block_47_186
18240,GSI,23.950195,93.125061,,block_47_186
18241,GSI,23.959278,93.123558,,block_47_186
17891,GSI,23.956528,93.041084,,block_47_186
17870,GSI,23.950417,93.037109,,block_47_186
18242,GSI,23.962278,93.035309,,block_47_186
18062,GSI,23.966249,93.041115,,block_47_186
18219,GSI,23.961,93.028969,,block_47_186
17871,GSI,23.958944,93.022781,,block_47_186
18063,GSI,23.927389,93.02803,,block_47_186
18214,GSI,23.909111,93.02375,,block_47_186
18022,GSI,23.907555,93.015114,,block_47_186
17867,GSI,23.900694,93.015587,,block_47_186
18038,GSI,23.894444,93.019279,,block_47_186
17889,GSI,23.888081,93.026642,,block_47_186
18234,GSI,23.888945,93.033974,,block_47_186
18080,GSI,23.882055,93.041222,,block_47_186
18043,GSI,23.887251,93.095612,,block_47_186
17888,GSI,23.87075,93.078529,,block_47_186
18046,GSI,23.872055,93.094276,,block_47_186
17866,GSI,23.852861,93.059998,,block_47_186
18233,GSI,23.848083,93.076691,,block_47_186
18077,GSI,23.840334,93.071945,,block_47_186
18058,GSI,23.804193,93.035248,,block_47_186
17869,GSI,23.808111,93.041779,,block_47_186
18060,GSI,23.795444,93.04039,,block_47_186
18220,GSI,23.789749,93.035667,,block_47_186
18149,GSI,23.7885,93.024666,,block_47_186
18044,GSI,23.779444,93.023918,,block_47_186
18061,GSI,23.777472,93.009163,,block_47_186
18235,GSI,23.794195,93.025055,,block_47_186
18057,GSI,23.792555,93.029892,,block_47_186
18237,GSI,23.805779,93.027115,,block_47_186
18020,GSI,23.835361,93.052414,,block_47_186
17865,GSI,23.848,93.041885,,block_47_186
18232,GSI,23.85,93.048164,,block_47_186
18039,GSI,23.856972,93.046112,,block_47_186
10491,GSI,23.811722,92.959917,,block_47_185
11671,GSI,23.812139,92.954167,,block_47_185
10507,GSI,23.801624,92.960437,,block_47_185
11670,GSI,23.82325,92.925222,,block_47_185
10490,GSI,23.83675,92.916556,,block_47_185
10465,GSI,23.865694,92.932639,,block_47_185
10527,GSI,23.844139,92.933,,block_47_185
11690,GSI,23.847224,92.927508,,block_47_185
11669,GSI,23.859417,92.917333,,block_47_185
11692,GSI,23.871694,92.919955,,block_47_185
10508,GSI,23.902111,92.922556,,block_47_185
10509,GSI,23.95942,92.943345,,block_47_185
11711,GSI,23.943241,92.933604,,block_47_185
11693,GSI,23.9395,92.927889,,block_47_185
10528,GSI,23.929083,92.922778,,block_47_185
10492,GSI,23.92425,92.925222,,block_47_185
10530,GSI,23.918389,92.923472,,block_47_185
10298,GSI,23.891722,92.84925,,block_47_185
11733,GSI,23.887333,92.851111,,block_47_185
10294,GSI,23.883306,92.861917,,block_47_185
10273,GSI,23.872722,92.874083,,block_47_185
10504,GSI,23.883944,92.880528,,block_47_185
10274,GSI,23.88319,92.869,,block_47_185
10510,GSI,23.841713,92.911476,,block_47_185
11753,GSI,23.788722,92.837833,,block_47_185
10281,GSI,23.78,92.84,,block_47_185
11667,GSI,23.784222,92.841972,,block_47_185
10297,GSI,23.816,92.84,,block_47_185
10280,GSI,23.812167,92.835194,,block_47_185
10512,GSI,23.822086,92.826497,,block_47_185
10296,GSI,23.825205,92.830469,,block_47_185
10493,GSI,23.860102,92.834056,,block_47_185
10663,GSI,23.771587,92.732129,,block_47_185
10662,GSI,23.791511,92.730515,,block_47_185
11578,GSI,23.856861,92.743028,,block_47_185
10830,GSI,23.851361,92.742222,,block_47_185
10985,GSI,23.868917,92.735472,,block_47_185
11580,GSI,23.889306,92.736528,,block_47_185
10938,GSI,23.915778,92.742417,,block_47_185
10939,GSI,23.924278,92.744806,,block_47_185
11581,GSI,23.922639,92.736528,,block_47_185
10987,GSI,23.934222,92.730611,,block_47_185
11603,GSI,23.88,92.69,,block_47_185
158,GSI,23.8985,92.64739,,block_47_185
11742,GSI,23.918917,92.650833,,block_47_185
150,GSI,23.92294,92.65703,,block_47_185
10810,GSI,23.933904,92.673871,,block_47_185
11541,GSI,23.940106,92.680592,,block_47_185
11743,GSI,23.934417,92.667222,,block_47_185
11745,GSI,23.965889,92.682278,,block_47_185
11741,GSI,23.826694,92.603833,,block_47_185
10942,GSI,23.821894,92.569325,,block_47_185
10940,GSI,23.811938,92.570804,,block_47_185
10967,GSI,23.796268,92.54654,,block_47_185
10966,GSI,23.802567,92.564045,,block_47_185
11010,GSI,23.783846,92.553747,,block_47_185
10963,GSI,23.780864,92.577909,,block_47_185
11008,GSI,23.784278,92.597111,,block_47_185
11542,GSI,23.805313,92.592663,,block_47_185
11540,GSI,23.790132,92.672097,,block_47_185
11007,GSI,23.798861,92.642417,,block_47_185
10664,GSI,23.833698,92.650724,,block_47_185
11602,GSI,23.857278,92.646222,,block_47_185
10791,GSI,23.846786,92.655892,,block_47_185
10790,GSI,23.855092,92.666553,,block_47_185
10989,GSI,23.817333,92.661222,,block_47_185
10812,GSI,23.823222,92.674861,,block_47_185
10661,GSI,23.787414,92.725278,,block_47_185
10829,GSI,23.754475,92.722754,,block_47_185
11275,GSI,23.741806,92.72525,,block_47_185
11277,GSI,23.744303,92.720114,,block_47_185
11583,GSI,23.753417,92.687556,,block_47_185
11686,GSI,23.745639,92.694361,,block_47_185
11530,GSI,23.744972,92.702889,,block_47_185
11259,GSI,23.737083,92.703889,,block_47_185
11456,GSI,23.727639,92.703083,,block_47_185
11414,GSI,23.735028,92.696028,,block_47_185
11412,GSI,23.716333,92.688639,,block_47_185
11431,GSI,23.720611,92.692722,,block_47_185
11624,GSI,23.715278,92.697611,,block_47_185
11429,GSI,23.719972,92.697694,,block_47_185
11410,GSI,23.716111,92.712611,,block_47_185
13550,GSI,23.722,92.721222,,block_47_185
11527,GSI,23.716278,92.727694,,block_47_185
11278,GSI,23.704333,92.7145,,block_47_185
11297,GSI,23.699472,92.716167,,block_47_185
11298,GSI,23.693667,92.719056,,block_47_185
11299,GSI,23.687833,92.722444,,block_47_185
11708,GSI,23.681531,92.718606,,block_47_185
11225,GSI,23.670556,92.728528,,block_47_185
11623,GSI,23.71,92.692528,,block_47_185
11664,GSI,23.71125,92.660167,,block_47_185
11523,GSI,23.712306,92.649528,,block_47_185
11666,GSI,23.719389,92.675083,,block_47_185
11643,GSI,23.722111,92.681472,,block_47_185
11706,GSI,23.7335,92.674472,,block_47_185
11684,GSI,23.743694,92.679028,,block_47_185
11396,GSI,23.750676,92.679635,,block_47_185
10964,GSI,23.751155,92.571589,,block_47_185
10941,GSI,23.761734,92.573908,,block_47_185
10965,GSI,23.757805,92.561473,,block_47_185
11679,GSI,23.728778,92.557833,,block_47_185
11682,GSI,23.735833,92.558056,,block_47_185
11702,GSI,23.7155,92.556028,,block_47_185
11448,GSI,23.691722,92.575111,,block_47_185
11426,GSI,23.690722,92.570139,,block_47_185
12595,GSI,23.697889,92.568444,,block_47_185
11704,GSI,23.710278,92.558056,,block_47_185
12597,GSI,23.678583,92.571583,,block_47_185
11446,GSI,23.684472,92.573694,,block_47_185
12599,GSI,23.67425,92.587278,,block_47_185
11499,GSI,23.664583,92.590111,,block_47_185
11520,GSI,23.669694,92.592667,,block_47_185
11409,GSI,23.674694,92.597361,,block_47_185
11407,GSI,23.681778,92.602611,,block_47_185
11497,GSI,23.688389,92.595583,,block_47_185
11577,GSI,23.619583,92.634417,,block_47_185
11575,GSI,23.618722,92.627389,,block_47_185
11576,GSI,23.621722,92.623583,,block_47_185
11574,GSI,23.625444,92.614889,,block_47_185
11620,GSI,23.615139,92.594944,,block_47_185
11601,GSI,23.637472,92.595278,,block_47_185
11498,GSI,23.657194,92.5905,,block_47_185
11639,GSI,23.589167,92.590111,,block_47_185
11637,GSI,23.562444,92.577806,,block_47_185
11449,GSI,23.587111,92.601667,,block_47_185
11638,GSI,23.580139,92.591139,,block_47_185
11391,GSI,23.598139,92.599111,,block_47_185
11389,GSI,23.609111,92.596306,,block_47_185
11404,GSI,23.590722,92.604694,,block_47_185
11599,GSI,23.584417,92.622917,,block_47_185
11597,GSI,23.618917,92.642611,,block_47_185
11707,GSI,23.65475,92.690083,,block_47_185
11622,GSI,23.652972,92.6985,,block_47_185
11621,GSI,23.657278,92.704583,,block_47_185
11018,GSI,23.604611,92.726417,,block_47_185
11245,GSI,23.708217,92.761489,,block_47_185
11246,GSI,23.710194,92.741167,,block_47_185
11526,GSI,23.739306,92.743111,,block_47_185
11226,GSI,23.727694,92.736,,block_47_185
600,GSI,23.744167,92.730472,,block_47_185
679,GSI,23.751694,92.731528,,block_47_185
10811,GSI,23.762482,92.742799,,block_47_185
11688,GSI,23.745444,92.749556,,block_47_185
11227,GSI,23.730867,92.755639,,block_47_185
11247,GSI,23.736217,92.796936,,block_47_185
11040,GSI,23.740417,92.795083,,block_47_185
11244,GSI,23.713131,92.798942,,block_47_185
11224,GSI,23.682158,92.858383,,block_47_185
11223,GSI,23.695444,92.861667,,block_47_185
11222,GSI,23.711722,92.858394,,block_47_185
11229,GSI,23.735086,92.829525,,block_47_185
11668,GSI,23.760222,92.848167,,block_47_185
11020,GSI,23.727472,92.85265,,block_47_185
11250,GSI,23.716025,92.854306,,block_47_185
11024,GSI,23.719694,92.868053,,block_47_185
11249,GSI,23.714703,92.873933,,block_47_185
11022,GSI,23.705117,92.877669,,block_47_185
11078,GSI,23.699611,92.874917,,block_47_185
11023,GSI,23.695528,92.884167,,block_47_185
12415,GSI,23.671,92.888333,,block_47_185
12575,GSI,23.666722,92.890889,,block_47_185
13576,GSI,23.613722,92.851889,,block_47_185
13575,GSI,23.608306,92.850583,,block_47_185
11079,GSI,23.566631,92.876781,,block_47_185
11248,GSI,23.607347,92.879114,,block_47_185
11288,GSI,23.499418,92.905021,,block_46_185
11097,GSI,23.476232,92.913652,,block_46_185
11080,GSI,23.479766,92.870601,,block_46_185
11118,GSI,23.498802,92.8546,,block_46_185
11263,GSI,23.493913,92.854305,,block_46_185
11270,GSI,23.486909,92.856282,,block_46_185
11089,GSI,23.47803,92.861256,,block_46_185
11204,GSI,23.464394,92.855608,,block_46_185
11220,GSI,23.535189,92.846042,,block_47_185
1168,GSI,23.50994,92.76861,,block_47_185
10303,GSI,23.470109,92.740615,,block_46_185
10389,GSI,23.463981,92.736875,,block_46_185
10301,GSI,23.460697,92.747293,,block_46_185
11568,GSI,23.477601,92.818801,,block_46_185
10414,GSI,23.412046,92.750099,,block_46_185
11117,GSI,23.417482,92.770557,,block_46_185
11289,GSI,23.393332,92.758148,,block_46_185
677,GSI,23.406389,92.75325,,block_46_185
10237,GSI,23.40178,92.750005,,block_46_185
12231,GSI,23.383745,92.845792,,block_46_185
11183,GSI,23.38533,92.855433,,block_46_185
12207,GSI,23.401015,92.848482,,block_46_185
11266,GSI,23.405305,92.851014,,block_46_185
11545,GSI,23.40002,92.842404,,block_46_185
12208,GSI,23.388377,92.845102,,block_46_185
11100,GSI,23.434706,92.854894,,block_46_185
12442,GSI,23.443878,92.85593,,block_46_185
11091,GSI,23.459786,92.855821,,block_46_185
12441,GSI,23.454968,92.854599,,block_46_185
11064,GSI,23.449827,92.8599,,block_46_185
11203,GSI,23.447015,92.866917,,block_46_185
11046,GSI,23.44129,92.865395,,block_46_185
11729,GSI,23.435405,92.871814,,block_46_185
11042,GSI,23.438997,92.877502,,block_46_185
11273,GSI,23.451505,92.900845,,block_46_185
11280,GSI,23.458593,92.905313,,block_46_185
11123,GSI,23.316221,92.856217,,block_46_185
12467,GSI,23.320815,92.854748,,block_46_185
12205,GSI,23.308769,92.862258,,block_46_185
11548,GSI,23.28388,92.857468,,block_46_185
11747,GSI,23.28985,92.860445,,block_46_185
12233,GSI,23.293142,92.857091,,block_46_185
11260,GSI,23.282258,92.852377,,block_46_185
11096,GSI,23.297759,92.856169,,block_46_185
11267,GSI,23.302456,92.853533,,block_46_185
12444,GSI,23.28328,92.831766,,block_46_185
11081,GSI,23.277886,92.840388,,block_46_185
11730,GSI,23.275305,92.850377,,block_46_185
11726,GSI,23.260038,92.882734,,block_46_185
11269,GSI,23.272218,92.873298,,block_46_185
11268,GSI,23.277412,92.870285,,block_46_185
11045,GSI,23.293769,92.871451,,block_46_185
22367,GSI,23.243479,92.904846,,block_46_185
11728,GSI,23.255426,92.890915,,block_46_185
22390,GSI,23.213892,92.904892,,block_46_185
22391,GSI,23.195522,92.90062,,block_46_185
22147,GSI,23.168777,92.90097,,block_46_185
22410,GSI,23.249727,92.796631,,block_46_185
22427,GSI,23.242828,92.798134,,block_46_185
22428,GSI,23.23035,92.79808,,block_46_185
22346,GSI,23.225542,92.798363,,block_46_185
21239,GSI,23.208055,92.795555,,block_46_185
22347,GSI,23.183332,92.794724,,block_46_185
21056,GSI,23.173716,92.739754,,block_46_185
21057,GSI,23.182264,92.737099,,block_46_185
10260,GSI,23.30028,92.741186,,block_46_185
12232,GSI,23.298413,92.81508,,block_46_185
11076,GSI,23.305259,92.809736,,block_46_185
11546,GSI,23.315355,92.786906,,block_46_185
11709,GSI,23.314408,92.808662,,block_46_185
11287,GSI,23.353803,92.794306,,block_46_185
11547,GSI,23.333984,92.781878,,block_46_185
11077,GSI,23.349857,92.780208,,block_46_185
10261,GSI,23.308202,92.731268,,block_46_185
10478,GSI,23.302106,92.649524,,block_46_185
10479,GSI,23.273513,92.65731,,block_46_185
10495,GSI,23.28113,92.651804,,block_46_185
10497,GSI,23.271781,92.637703,,block_46_185
10500,GSI,23.2747,92.647873,,block_46_185
10499,GSI,23.268811,92.665508,,block_46_185
10300,GSI,23.29659,92.694008,,block_46_185
10388,GSI,23.301399,92.699109,,block_46_185
10387,GSI,23.306654,92.707482,,block_46_185
22154,GSI,23.193548,92.684456,,block_46_185
22169,GSI,23.202129,92.681442,,block_46_185
22282,GSI,23.196638,92.679802,,block_46_185
22140,GSI,23.184711,92.679962,,block_46_185
22300,GSI,23.226894,92.638527,,block_46_185
22168,GSI,23.208017,92.676277,,block_46_185
22153,GSI,23.219172,92.67691,,block_46_185
22151,GSI,23.230371,92.673973,,block_46_185
22136,GSI,23.235651,92.673058,,block_46_185
22331,GSI,23.24774,92.671333,,block_46_185
22284,GSI,23.242306,92.640587,,block_46_185
22283,GSI,23.248526,92.63958,,block_46_185
10498,GSI,23.254946,92.634239,,block_46_185
21487,GSI,23.17411,92.608917,,block_46_185
22413,GSI,23.205305,92.585861,,block_46_185
22393,GSI,23.201084,92.580803,,block_46_185
22392,GSI,23.204981,92.57457,,block_46_185
22267,GSI,23.189917,92.54953,,block_46_185
22414,GSI,23.213055,92.58889,,block_46_185
22412,GSI,23.249056,92.546501,,block_46_185
22411,GSI,23.246555,92.554054,,block_46_185
10496,GSI,23.360199,92.632911,,block_46_185
10415,GSI,23.421903,92.715601,,block_46_185
10515,GSI,23.415165,92.722199,,block_46_185
10521,GSI,23.427681,92.714959,,block_46_185
11562,GSI,23.440648,92.703726,,block_46_185
10240,GSI,23.442296,92.695903,,block_46_185
10238,GSI,23.470964,92.692902,,block_46_185
10516,GSI,23.476702,92.705854,,block_46_185
10517,GSI,23.49901,92.702759,,block_46_185
10323,GSI,23.491497,92.705503,,block_46_185
11560,GSI,23.491004,92.696873,,block_46_185
11017,GSI,23.503611,92.615556,,block_47_185
10413,GSI,23.475392,92.605749,,block_46_185
10390,GSI,23.460968,92.597217,,block_46_185
10519,GSI,23.468357,92.591717,,block_46_185
10391,GSI,23.487102,92.606156,,block_46_185
11471,GSI,23.500083,92.585889,,block_47_185
11619,GSI,23.519139,92.5795,,block_47_185
11618,GSI,23.531417,92.573056,,block_47_185
11470,GSI,23.546,92.574556,,block_47_185
22302,GSI,23.208694,92.50975,,block_46_185
22317,GSI,23.208918,92.518692,,block_46_185
22105,GSI,23.20875,92.538361,,block_46_185
28149,GSI,23.18,92.49,,block_46_184
28148,GSI,23.25,92.48,,block_46_184
11055,GSI,23.727194,92.242722,,block_47_184
28146,GSI,23.69,92.35,,block_47_184
28143,GSI,23.57,92.47,,block_47_184
28145,GSI,23.69,92.49,,block_47_184
28136,GSI,23.78,92.36,,block_47_184
28138,GSI,23.79,92.36,,block_47_184
28139,GSI,23.84,92.37,,block_47_184
28142,GSI,23.86,92.37,,block_47_184
11011,GSI,23.767139,92.533889,,block_47_185
11563,GSI,23.76821,92.539681,,block_47_185
28131,GSI,23.8,92.5,,block_47_185
28132,GSI,23.81,92.5,,block_47_185
28133,GSI,23.87,92.5,,block_47_185
28134,GSI,23.88,92.5,,block_47_185
28128,GSI,23.91,92.45,,block_47_184
28130,GSI,23.9,92.39,,block_47_184
28129,GSI,23.93,92.37,,block_47_184
28135,GSI,23.94,92.37,,block_47_184
28137,GSI,23.95,92.37,,block_47_184
11452,GSI,23.927194,92.275389,,block_47_184
11030,GSI,23.896194,92.296667,,block_47_184
11453,GSI,23.914472,92.27125,,block_47_184
11212,GSI,23.906917,92.271944,,block_47_184
11052,GSI,23.897556,92.282889,,block_47_184
11049,GSI,23.894667,92.287972,,block_47_184
11028,GSI,23.892694,92.272667,,block_47_184
28141,GSI,23.86,92.35,,block_47_184
28140,GSI,23.85,92.33,,block_47_184
11510,GSI,23.824722,92.260722,,block_47_184
11073,GSI,23.882833,92.241583,,block_47_184
11536,GSI,23.953333,92.233139,,block_47_184
11053,GSI,24.031139,92.2535,,block_48_184
11533,GSI,24.048556,92.314306,,block_48_184
11035,GSI,24.070611,92.290944,,block_48_184
11451,GSI,24.063194,92.28225,,block_48_184
11240,GSI,24.066639,92.277417,,block_48_184
11238,GSI,24.106444,92.276389,,block_48_184
11535,GSI,24.141694,92.322306,,block_48_184
28070,GSI,24.17,92.33,,block_48_184
11216,GSI,24.134722,92.277639,,block_48_184
11218,GSI,24.129083,92.277667,,block_48_184
11215,GSI,24.142722,92.273583,,block_48_184
11239,GSI,24.165583,92.268389,,block_48_184
11256,GSI,24.212361,92.258111,,block_48_184
11054,GSI,24.240194,92.247861,,block_48_184
11072,GSI,24.228111,92.287417,,block_48_184
28069,GSI,24.19,92.33,,block_48_184
28071,GSI,24.2,92.42,,block_48_184
28056,GSI,24.24,92.36,,block_48_184
26218,GSI,24.32,92.51,,block_48_185
26207,GSI,24.27,92.5,,block_48_185
28077,GSI,24.18,92.54,,block_48_185
28079,GSI,24.17,92.53,,block_48_185
28080,GSI,24.17,92.52,,block_48_185
28078,GSI,24.13,92.52,,block_48_185
28082,GSI,24.08,92.51,,block_48_185
28081,GSI,24.1,92.51,,block_48_185
28074,GSI,24.12,92.46,,block_48_184
28073,GSI,24.14,92.41,,block_48_184
28072,GSI,24.15,92.41,,block_48_184
28066,GSI,24.11,92.39,,block_48_184
28067,GSI,24.12,92.38,,block_48_184
28068,GSI,24.12,92.36,,block_48_184
28063,GSI,24.1,92.37,,block_48_184
28060,GSI,24.09,92.37,,block_48_184
28064,GSI,24.08,92.39,,block_48_184
28065,GSI,24.09,92.4,,block_48_184
28075,GSI,24.1,92.42,,block_48_184
28059,GSI,24.06,92.39,,block_48_184
28057,GSI,24.05,92.38,,block_48_184
11439,GSI,24.170329,92.641325,,block_48_185
11443,GSI,24.030588,92.668422,,block_48_185
11589,GSI,24.033563,92.674267,,block_48_185
11628,GSI,24.021514,92.673778,,block_48_185
10937,GSI,23.997222,92.681722,,block_47_185
11587,GSI,24.004867,92.677265,,block_48_185
11585,GSI,23.99016,92.68075,,block_47_185
11392,GSI,23.983667,92.683333,,block_47_185
11566,GSI,23.976412,92.683312,,block_47_185
11564,GSI,23.971078,92.682781,,block_47_185
11582,GSI,23.9865,92.709806,,block_47_185
10988,GSI,23.982,92.718028,,block_47_185
10317,GSI,23.984972,92.772028,,block_47_185
10690,GSI,24.00977,92.767346,,block_48_185
10536,GSI,24.050391,92.775525,,block_48_185
10535,GSI,24.045278,92.775169,,block_48_185
10538,GSI,24.040703,92.774277,,block_48_185
10541,GSI,24.036336,92.770846,,block_48_185
10532,GSI,24.025094,92.769158,,block_48_185
10560,GSI,24.022376,92.77308,,block_48_185
10373,GSI,24.030793,92.793313,,block_48_185
10514,GSI,24.039744,92.780045,,block_48_185
10688,GSI,24.070285,92.787738,,block_48_185
10350,GSI,24.015858,92.797666,,block_48_185
11625,GSI,24.004186,92.904111,,block_48_185
10550,GSI,24.024826,92.888859,,block_48_185
10551,GSI,24.030416,92.901491,,block_48_185
10794,GSI,24.025487,92.907485,,block_48_185
10793,GSI,24.067576,92.893076,,block_48_185
10573,GSI,24.080938,92.914167,,block_48_185
10689,GSI,24.162021,92.797605,,block_48_185
10325,GSI,24.146606,92.796528,,block_48_185
10351,GSI,24.125631,92.805948,,block_48_185
10525,GSI,24.10246,92.811355,,block_48_185
10797,GSI,24.09176,92.803968,,block_48_185
10354,GSI,24.091664,92.796134,,block_48_185
10556,GSI,24.077014,92.790809,,block_48_185
10324,GSI,24.081381,92.793089,,block_48_185
10353,GSI,24.102008,92.791628,,block_48_185
10522,GSI,24.237872,92.798117,,block_48_185
28099,GSI,24.26,92.81,,block_48_185
28100,GSI,24.27,92.81,,block_48_185
10565,GSI,24.237794,92.805727,,block_48_185
10545,GSI,24.225579,92.805884,,block_48_185
10523,GSI,24.232551,92.81525,,block_48_185
10524,GSI,24.229303,92.819002,,block_48_185
10692,GSI,24.215868,92.802452,,block_48_185
10543,GSI,24.220596,92.802961,,block_48_185
10564,GSI,24.183717,92.798909,,block_48_185
28103,GSI,24.32,92.84,,block_48_185
28084,GSI,24.37,92.9,,block_48_185
28088,GSI,24.37,92.89,,block_48_185
28115,GSI,24.36,92.89,,block_48_185
28117,GSI,24.36,92.88,,block_48_185
28118,GSI,24.37,92.87,,block_48_185
28119,GSI,24.37,92.86,,block_48_185
28120,GSI,24.37,92.85,,block_48_185
28114,GSI,24.35,92.85,,block_48_185
28113,GSI,24.35,92.84,,block_48_185
28105,GSI,24.34,92.84,,block_48_185
28104,GSI,24.33,92.84,,block_48_185
28121,GSI,24.36,92.83,,block_48_185
28123,GSI,24.36,92.82,,block_48_185
28124,GSI,24.37,92.81,,block_48_185
28096,GSI,24.37,92.78,,block_48_185
28122,GSI,24.35,92.82,,block_48_185
28102,GSI,24.29,92.82,,block_48_185
28101,GSI,24.28,92.81,,block_48_185
28076,GSI,24.34,92.74,,block_48_185
28095,GSI,24.34,92.77,,block_48_185
26192,GSI,24.35,92.72,,block_48_185
26204,GSI,24.33,92.72,,block_48_185
26191,GSI,24.34,92.71,,block_48_185
26188,GSI,24.34,92.66,,block_48_185
26189,GSI,24.35,92.67,,block_48_185
26197,GSI,24.29,92.65,,block_48_185
26198,GSI,24.28,92.64,,block_48_185
26199,GSI,24.28,92.65,,block_48_185
26222,GSI,24.3,92.7,,block_48_185
26205,GSI,24.31,92.71,,block_48_185
26183,GSI,24.26,92.69,,block_48_185
11590,GSI,24.240244,92.694292,,block_48_185
11420,GSI,24.180261,92.690737,,block_48_185
11419,GSI,24.211504,92.679258,,block_48_185
11629,GSI,24.239118,92.639369,,block_48_185
11588,GSI,24.243567,92.645801,,block_48_185
11417,GSI,24.238745,92.681538,,block_48_185
11416,GSI,24.24496,92.683014,,block_48_185
26185,GSI,24.26,92.67,,block_48_185
26184,GSI,24.25,92.68,,block_48_185
26200,GSI,24.27,92.65,,block_48_185
26186,GSI,24.26,92.65,,block_48_185
11397,GSI,24.23782,92.612062,,block_48_185
11630,GSI,24.217097,92.632545,,block_48_185
11648,GSI,24.187212,92.633859,,block_48_185
11442,GSI,24.188117,92.595278,,block_48_185
26210,GSI,24.31,92.56,,block_48_185
26219,GSI,24.44,92.56,,block_48_185
26220,GSI,24.43,92.55,,block_48_185
26216,GSI,24.53,92.63,,block_49_185
26217,GSI,24.54,92.63,,block_49_185
4773,GSI,24.47897,92.68286,,block_48_185
26215,GSI,24.51,92.64,,block_49_185
619,GSI,24.57025,92.685,,block_49_185
26240,GSI,24.51,92.71,,block_49_185
5087,GSI,24.51131,92.69303,,block_49_185
26209,GSI,24.38,92.68,,block_48_185
28093,GSI,24.47,92.76,,block_48_185
28092,GSI,24.45,92.78,,block_48_185
28127,GSI,24.41,92.8,,block_48_185
28097,GSI,24.39,92.79,,block_48_185
28126,GSI,24.4,92.8,,block_48_185
28125,GSI,24.38,92.82,,block_48_185
26227,GSI,24.51,92.9,,block_49_185
26230,GSI,24.53,92.84,,block_49_185
26164,GSI,24.51,92.77,,block_49_185
26163,GSI,24.5,92.77,,block_49_185
28094,GSI,24.48,92.76,,block_48_185
26221,GSI,24.51,92.75,,block_49_185
26213,GSI,24.55,92.74,,block_49_185
26239,GSI,24.55,92.75,,block_49_185
26247,GSI,24.63,92.74,,block_49_185
26228,GSI,24.62,92.83,,block_49_185
26229,GSI,24.62,92.84,,block_49_185
620,GSI,24.710833,92.481167,,block_49_184
5086,GSI,24.65939,92.49736,,block_49_184
26212,GSI,24.48,92.49,,block_48_184
26214,GSI,24.52,92.53,,block_49_185
5088,GSI,24.51594,92.54089,,block_49_185
26211,GSI,24.46,92.52,,block_48_185
26208,GSI,24.44,92.5,,block_48_185
475,GSI,24.70619,92.28997,,block_49_184
11057,GSI,24.028194,92.091861,,block_48_184
11058,GSI,24.0335,92.100694,,block_48_184
11059,GSI,24.039139,92.106944,,block_48_184
26084,GSI,23.980333,91.475278,,block_47_182
26138,GSI,24.003417,91.45425,,block_48_182
26149,GSI,24.012306,91.451778,,block_48_182
675,GSI,23.85417,91.34361,,block_47_182
26055,GSI,23.751528,91.604533,,block_47_183
26086,GSI,23.794253,91.553533,,block_47_183
26057,GSI,23.725778,91.645694,,block_47_183
11235,GSI,23.828278,92.023389,,block_47_184
11254,GSI,23.821,92.094417,,block_47_184
11074,GSI,23.805528,92.120417,,block_47_184
11255,GSI,23.793444,92.125833,,block_47_184
11214,GSI,23.797306,92.120417,,block_47_184
11233,GSI,23.692222,92.015833,,block_47_184
11232,GSI,23.687417,92.054528,,block_47_184
11532,GSI,23.679,92.039278,,block_47_184
11236,GSI,23.69925,92.044694,,block_47_184
11659,GSI,23.693,92.054472,,block_47_184
11511,GSI,23.697694,92.071194,,block_47_184
11056,GSI,23.653556,92.035139,,block_47_184
11234,GSI,23.663361,92.015111,,block_47_184
28369,GSI,22.05,92.66,,block_44_185
28371,GSI,22.08,92.65,,block_44_185
28370,GSI,22.06,92.66,,block_44_185
28400,GSI,22.11,92.88,,block_44_185
28395,GSI,22.11,92.86,,block_44_185
28396,GSI,22.1,92.86,,block_44_185
28393,GSI,22.1,92.85,,block_44_185
28391,GSI,22.11,92.85,,block_44_185
28382,GSI,22.18,92.77,,block_44_185
28384,GSI,22.15,92.78,,block_44_185
28383,GSI,22.16,92.8,,block_44_185
28401,GSI,22.14,92.88,,block_44_185
28402,GSI,22.15,92.88,,block_44_185
21071,GSI,22.309944,92.768059,,block_44_185
21069,GSI,22.320999,92.772003,,block_44_185
21068,GSI,22.326,92.771004,,block_44_185
28279,GSI,22.33,92.75,,block_44_185
28285,GSI,22.32,92.73,,block_44_185
28286,GSI,22.33,92.73,,block_44_185
28282,GSI,22.33,92.74,,block_44_185
28287,GSI,22.33,92.72,,block_44_185
28292,GSI,22.33,92.69,,block_44_185
28315,GSI,22.33,92.65,,block_44_185
28311,GSI,22.27,92.68,,block_44_185
28312,GSI,22.26,92.68,,block_44_185
28373,GSI,22.24,92.68,,block_44_185
28340,GSI,22.24,92.69,,block_44_185
28374,GSI,22.19,92.69,,block_44_185
28346,GSI,22.22,92.62,,block_44_185
28344,GSI,22.23,92.62,,block_44_185
28350,GSI,22.21,92.61,,block_44_185
28349,GSI,22.2,92.61,,block_44_185
28352,GSI,22.19,92.61,,block_44_185
28372,GSI,22.15,92.63,,block_44_185
28368,GSI,22.15,92.62,,block_44_185
28365,GSI,22.16,92.62,,block_44_185
28361,GSI,22.18,92.61,,block_44_185
28380,GSI,22.24,92.6,,block_44_185
28375,GSI,22.25,92.62,,block_44_185
28342,GSI,22.24,92.62,,block_44_185
28341,GSI,22.25,92.63,,block_44_185
28308,GSI,22.26,92.63,,block_44_185
28307,GSI,22.27,92.63,,block_44_185
28306,GSI,22.28,92.63,,block_44_185
28304,GSI,22.29,92.63,,block_44_185
28302,GSI,22.31,92.63,,block_44_185
28301,GSI,22.33,92.63,,block_44_185
28333,GSI,22.3,92.59,,block_44_185
28234,GSI,22.55,92.54,,block_45_185
28232,GSI,22.61,92.54,,block_45_185
28231,GSI,22.71,92.54,,block_45_185
28228,GSI,22.74,92.52,,block_45_185
28181,GSI,22.93,92.5,,block_45_185
22327,GSI,22.913624,92.508827,,block_45_185
28190,GSI,22.89,92.49,,block_45_184
28169,GSI,22.9,92.49,,block_45_184
28186,GSI,22.9,92.48,,block_45_184
28187,GSI,22.89,92.48,,block_45_184
28158,GSI,22.88,92.48,,block_45_184
28154,GSI,22.88,92.49,,block_45_184
28155,GSI,22.87,92.49,,block_45_184
28156,GSI,22.87,92.48,,block_45_184
28163,GSI,22.88,92.46,,block_45_184
28162,GSI,22.88,92.47,,block_45_184
28183,GSI,22.89,92.47,,block_45_184
28185,GSI,22.9,92.47,,block_45_184
28176,GSI,22.9,92.46,,block_45_184
28177,GSI,22.89,92.46,,block_45_184
28175,GSI,22.91,92.46,,block_45_184
28179,GSI,22.93,92.48,,block_45_184
28180,GSI,22.93,92.49,,block_45_184
21203,GSI,22.82402,92.608917,,block_45_185
21186,GSI,22.823553,92.628441,,block_45_185
22364,GSI,22.786629,92.62748,,block_45_185
22366,GSI,22.790684,92.614983,,block_45_185
22363,GSI,22.786274,92.620659,,block_45_185
21014,GSI,22.845263,92.674942,,block_45_185
22131,GSI,22.82106,92.637703,,block_45_185
601,GSI,22.851028,92.694972,,block_45_185
22387,GSI,22.870518,92.703873,,block_45_185
22386,GSI,22.862419,92.706055,,block_45_185
22384,GSI,22.857729,92.704483,,block_45_185
576,GSI,22.85558,92.69914,,block_45_185
603,GSI,22.86428,92.71097,,block_45_185
22308,GSI,22.883656,92.715782,,block_45_185
604,GSI,22.88408,92.72978,,block_45_185
22324,GSI,22.886652,92.724503,,block_45_185
22237,GSI,22.899078,92.721306,,block_45_185
610,GSI,22.90442,92.72281,,block_45_185
21195,GSI,22.933441,92.708267,,block_45_185
22307,GSI,22.883036,92.557152,,block_45_185
22325,GSI,22.897339,92.549866,,block_45_185
22326,GSI,22.904324,92.546265,,block_45_185
22209,GSI,23.083221,92.556969,,block_46_185
22210,GSI,23.089111,92.555168,,block_46_185
22229,GSI,23.104166,92.559998,,block_46_185
22230,GSI,23.135889,92.551819,,block_46_185
21421,GSI,23.140694,92.551529,,block_46_185
22185,GSI,23.145,92.613693,,block_46_185
22208,GSI,23.135416,92.616661,,block_46_185
22186,GSI,23.133902,92.623497,,block_46_185
22109,GSI,23.133568,92.64373,,block_46_185
22316,GSI,23.107222,92.693054,,block_46_185
22333,GSI,23.13114,92.687469,,block_46_185
22121,GSI,23.145231,92.687721,,block_46_185
22138,GSI,23.153805,92.686775,,block_46_185
22313,GSI,23.091749,92.695419,,block_46_185
22315,GSI,23.097,92.696358,,block_46_185
22297,GSI,23.083611,92.70108,,block_46_185
21061,GSI,23.076319,92.69873,,block_46_185
21062,GSI,23.056612,92.699997,,block_46_185
21127,GSI,23.053806,92.704918,,block_46_185
22330,GSI,23.014982,92.720505,,block_46_185
22328,GSI,23.005587,92.720192,,block_46_185
22309,GSI,23.015444,92.704414,,block_46_185
21080,GSI,23.005594,92.703522,,block_46_185
22310,GSI,23.032444,92.705917,,block_46_185
22311,GSI,23.045416,92.705612,,block_46_185
22145,GSI,22.954966,92.705765,,block_45_185
22143,GSI,22.966381,92.705399,,block_45_185
22240,GSI,22.977497,92.70578,,block_45_185
22362,GSI,22.993277,92.72374,,block_45_185
22241,GSI,22.979994,92.726112,,block_45_185
22130,GSI,22.970823,92.729607,,block_45_185
22144,GSI,22.959173,92.708145,,block_45_185
22221,GSI,22.9634,92.737465,,block_45_185
22344,GSI,22.965527,92.731926,,block_45_185
21086,GSI,23.005556,92.810555,,block_46_185
21089,GSI,23.038607,92.795174,,block_46_185
21038,GSI,23.0425,92.772781,,block_46_185
21267,GSI,23.031231,92.773987,,block_46_185
21266,GSI,23.021145,92.770981,,block_46_185
21264,GSI,23.016111,92.764168,,block_46_185
21250,GSI,23.022377,92.757759,,block_46_185
22406,GSI,23.078611,92.760002,,block_46_185
22407,GSI,23.097061,92.752235,,block_46_185
21040,GSI,23.11375,92.744614,,block_46_185
21041,GSI,23.118336,92.741035,,block_46_185
21055,GSI,23.150719,92.74826,,block_46_185
22408,GSI,23.142357,92.750961,,block_46_185
21042,GSI,23.13732,92.747276,,block_46_185
22280,GSI,23.111111,92.789719,,block_46_185
22266,GSI,23.117416,92.79612,,block_46_185
22281,GSI,23.132685,92.798332,,block_46_185
21259,GSI,23.129629,92.809196,,block_46_185
21090,GSI,23.125807,92.817886,,block_46_185
22120,GSI,23.092278,92.789948,,block_46_185
22264,GSI,23.09951,92.782928,,block_46_185
22262,GSI,23.094999,92.785835,,block_46_185
22242,GSI,23.088409,92.793564,,block_46_185
22243,GSI,23.084101,92.795685,,block_46_185
21091,GSI,23.088615,92.849403,,block_46_185
21258,GSI,23.080278,92.858612,,block_46_185
22371,GSI,23.113066,92.891212,,block_46_185
22148,GSI,23.145016,92.908569,,block_46_185
22368,GSI,23.083004,92.898277,,block_46_185
22369,GSI,23.092573,92.896141,,block_46_185
22370,GSI,23.103046,92.8983,,block_46_185
21093,GSI,23.07859,92.870544,,block_46_185
21094,GSI,23.057276,92.90416,,block_46_185
21115,GSI,23.040543,92.909523,,block_46_185
21114,GSI,23.047222,92.906944,,block_46_185
22200,GSI,22.955112,92.836403,,block_45_185
22220,GSI,22.963112,92.835556,,block_45_185
22239,GSI,22.901035,92.87265,,block_45_185
22256,GSI,22.901287,92.882271,,block_45_185
22399,GSI,22.889872,92.903984,,block_45_185
22235,GSI,22.898329,92.893478,,block_45_185
21120,GSI,22.861877,92.897736,,block_45_185
21105,GSI,22.867741,92.898506,,block_45_185
22377,GSI,22.873812,92.902039,,block_45_185
22396,GSI,22.8846,92.85128,,block_45_185
21124,GSI,22.865692,92.825745,,block_45_185
22389,GSI,22.880117,92.831108,,block_45_185
22395,GSI,22.882607,92.837952,,block_45_185
22397,GSI,22.887474,92.836769,,block_45_185
22215,GSI,22.89682,92.832611,,block_45_185
22415,GSI,22.890068,92.823021,,block_45_185
22257,GSI,22.902414,92.829948,,block_45_185
22199,GSI,22.940655,92.833038,,block_45_185
22404,GSI,22.917629,92.75267,,block_45_185
22259,GSI,22.903807,92.757401,,block_45_185
22383,GSI,22.913414,92.754501,,block_45_185
22379,GSI,22.908125,92.767128,,block_45_185
611,GSI,22.89061,92.73033,,block_45_185
22323,GSI,22.884092,92.736252,,block_45_185
22388,GSI,22.874741,92.730354,,block_45_185
605,GSI,22.88392,92.74256,,block_45_185
22306,GSI,22.880322,92.747818,,block_45_185
607,GSI,22.87506,92.75136,,block_45_185
22251,GSI,22.870546,92.752853,,block_45_185
235,GSI,22.86003,92.75831,,block_45_185
609,GSI,22.86739,92.75764,,block_45_185
21103,GSI,22.866833,92.774925,,block_45_185
21101,GSI,22.850847,92.797028,,block_45_185
22255,GSI,22.873062,92.817093,,block_45_185
22250,GSI,22.87056,92.822105,,block_45_185
21100,GSI,22.849134,92.809334,,block_45_185
21118,GSI,22.852823,92.815781,,block_45_185
21098,GSI,22.846241,92.804893,,block_45_185
363,GSI,22.84553,92.79944,,block_45_185
361,GSI,22.83653,92.80092,,block_45_185
21205,GSI,22.827084,92.80175,,block_45_185
21166,GSI,22.804701,92.816734,,block_45_185
21028,GSI,22.801022,92.81369,,block_45_185
21180,GSI,22.806564,92.812057,,block_45_185
21183,GSI,22.815697,92.802696,,block_45_185
21181,GSI,22.812588,92.807343,,block_45_185
21184,GSI,22.821659,92.804405,,block_45_185
20998,GSI,22.841097,92.792755,,block_45_185
21189,GSI,22.836016,92.759361,,block_45_185
20992,GSI,22.829491,92.760933,,block_45_185
21009,GSI,22.795282,92.813881,,block_45_185
21007,GSI,22.789967,92.820396,,block_45_185
21178,GSI,22.771872,92.840324,,block_45_185
21177,GSI,22.751808,92.838905,,block_45_185
21004,GSI,22.785034,92.834671,,block_45_185
21301,GSI,22.779978,92.833778,,block_45_185
21005,GSI,22.788198,92.825165,,block_45_185
21008,GSI,22.791958,92.833511,,block_45_185
21099,GSI,22.848185,92.886963,,block_45_185
20999,GSI,22.841455,92.891235,,block_45_185
20993,GSI,22.832573,92.892761,,block_45_185
21019,GSI,22.711,92.839996,,block_45_185
22113,GSI,22.705,92.842003,,block_45_185
22112,GSI,22.691999,92.841003,,block_45_185
22292,GSI,22.673,92.844002,,block_45_185
22291,GSI,22.66,92.855003,,block_45_185
22119,GSI,22.656334,92.874725,,block_45_185
21145,GSI,22.681,92.884003,,block_45_185
22118,GSI,22.654861,92.894722,,block_45_185
21148,GSI,22.615999,92.913002,,block_45_185
22261,GSI,22.577,92.892998,,block_45_185
21169,GSI,22.552301,92.883888,,block_45_185
21170,GSI,22.561611,92.877502,,block_45_185
21060,GSI,22.568556,92.87944,,block_45_185
22272,GSI,22.574112,92.873337,,block_45_185
22274,GSI,22.579611,92.870552,,block_45_185
22290,GSI,22.586,92.870003,,block_45_185
28253,GSI,22.71,92.7,,block_45_185
28252,GSI,22.69,92.72,,block_45_185
28269,GSI,22.65,92.71,,block_45_185
28268,GSI,22.66,92.71,,block_45_185
28267,GSI,22.67,92.69,,block_45_185
28273,GSI,22.68,92.69,,block_45_185
28265,GSI,22.67,92.68,,block_45_185
28244,GSI,22.65,92.67,,block_45_185
28247,GSI,22.66,92.67,,block_45_185
28263,GSI,22.66,92.65,,block_45_185
28242,GSI,22.65,92.66,,block_45_185
28240,GSI,22.65,92.65,,block_45_185
28251,GSI,22.68,92.66,,block_45_185
28257,GSI,22.71,92.66,,block_45_185
28254,GSI,22.7,92.66,,block_45_185
28258,GSI,22.73,92.65,,block_45_185
28262,GSI,22.74,92.63,,block_45_185
28227,GSI,22.7,92.56,,block_45_185
28220,GSI,22.68,92.59,,block_45_185
28222,GSI,22.68,92.58,,block_45_185
28226,GSI,22.68,92.57,,block_45_185
28229,GSI,22.68,92.56,,block_45_185
28230,GSI,22.67,92.56,,block_45_185
28219,GSI,22.65,92.61,,block_45_185
28218,GSI,22.64,92.61,,block_45_185
28216,GSI,22.56,92.67,,block_45_185
28209,GSI,22.57,92.68,,block_45_185
28194,GSI,22.61,92.66,,block_45_185
28208,GSI,22.61,92.64,,block_45_185
28207,GSI,22.62,92.64,,block_45_185
28215,GSI,22.63,92.64,,block_45_185
28239,GSI,22.64,92.66,,block_45_185
28236,GSI,22.63,92.66,,block_45_185
28243,GSI,22.64,92.67,,block_45_185
28197,GSI,22.61,92.67,,block_45_185
28200,GSI,22.6,92.67,,block_45_185
28205,GSI,22.52,92.72,,block_45_185
28203,GSI,22.52,92.71,,block_45_185
28201,GSI,22.54,92.69,,block_45_185
28211,GSI,22.53,92.7,,block_45_185
28329,GSI,22.45,92.7,,block_44_185
28330,GSI,22.46,92.69,,block_44_185
28331,GSI,22.49,92.67,,block_44_185
28332,GSI,22.5,92.68,,block_45_185
28210,GSI,22.54,92.68,,block_45_185
28235,GSI,22.53,92.62,,block_45_185
28335,GSI,22.45,92.57,,block_44_185
28324,GSI,22.47,92.63,,block_44_185
28321,GSI,22.41,92.6,,block_44_185
28318,GSI,22.39,92.59,,block_44_185
28319,GSI,22.38,92.59,,block_44_185
28334,GSI,22.34,92.6,,block_44_185
28322,GSI,22.36,92.61,,block_44_185
28317,GSI,22.39,92.61,,block_44_185
28316,GSI,22.37,92.63,,block_44_185
28294,GSI,22.35,92.66,,block_44_185
28313,GSI,22.35,92.65,,block_44_185
28314,GSI,22.34,92.65,,block_44_185
28290,GSI,22.34,92.68,,block_44_185
28326,GSI,22.39,92.64,,block_44_185
28325,GSI,22.41,92.64,,block_44_185
28328,GSI,22.43,92.69,,block_44_185
28327,GSI,22.43,92.71,,block_44_185
28291,GSI,22.34,92.69,,block_44_185
28289,GSI,22.34,92.71,,block_44_185
28299,GSI,22.35,92.74,,block_44_185
28281,GSI,22.34,92.74,,block_44_185
28280,GSI,22.34,92.75,,block_44_185
21053,GSI,22.341,92.768997,,block_44_185
21052,GSI,22.358999,92.779999,,block_44_185
21051,GSI,22.356001,92.791,,block_44_185
28274,GSI,22.41,92.75,,block_44_185
28276,GSI,22.43,92.75,,block_44_185
28277,GSI,22.46,92.73,,block_44_185
28278,GSI,22.48,92.73,,block_44_185
28336,GSI,22.49,92.74,,block_44_185
28212,GSI,22.5,92.73,,block_45_185
28192,GSI,22.5,92.74,,block_45_185
28191,GSI,22.5,92.75,,block_45_185
28193,GSI,22.51,92.74,,block_45_185
22117,GSI,22.513,92.793999,,block_45_185
22425,GSI,22.518,92.811996,,block_45_185
22424,GSI,22.538,92.857002,,block_45_185
22422,GSI,22.532,92.862999,,block_45_185
22405,GSI,22.525,92.865997,,block_45_185
22295,GSI,22.52,92.867996,,block_45_185
22134,GSI,22.518,92.855003,,block_45_185
22133,GSI,22.5,92.887001,,block_45_185
22115,GSI,22.501471,92.891663,,block_45_185
22116,GSI,22.51,92.886002,,block_45_185
22294,GSI,22.517,92.879997,,block_45_185
22279,GSI,22.534,92.876999,,block_45_185
22278,GSI,22.533001,92.886002,,block_45_185
21168,GSI,22.537416,92.885002,,block_45_185
22276,GSI,22.530001,92.890999,,block_45_185
21033,GSI,22.525999,92.888,,block_45_185
22135,GSI,22.528,92.896004,,block_45_185
21167,GSI,22.53544,92.893059,,block_45_185
21023,GSI,22.483166,92.885551,,block_44_185
21025,GSI,22.482,92.877998,,block_44_185
21026,GSI,22.475,92.877998,,block_44_185
21197,GSI,22.468,92.873001,,block_44_185
21044,GSI,22.469469,92.878334,,block_44_185
21034,GSI,22.476999,92.885002,,block_44_185
21235,GSI,22.458916,92.886108,,block_44_185
21200,GSI,22.462999,92.877998,,block_44_185
21198,GSI,22.459,92.873001,,block_44_185
21201,GSI,22.450001,92.870003,,block_44_185
21199,GSI,22.445999,92.874001,,block_44_185
21046,GSI,22.448,92.882004,,block_44_185
21196,GSI,22.45138,92.911942,,block_44_185
21219,GSI,22.440001,92.879997,,block_44_185
21048,GSI,22.43,92.870003,,block_44_185
21049,GSI,22.405001,92.861,,block_44_185
21202,GSI,22.416,92.864998,,block_44_185
21064,GSI,22.395,92.860001,,block_44_185
21220,GSI,22.389999,92.862999,,block_44_185
21222,GSI,22.385,92.858002,,block_44_185
21223,GSI,22.379,92.858002,,block_44_185
21050,GSI,22.363001,92.861,,block_44_185
21217,GSI,22.369862,92.934998,,block_44_185
21247,GSI,22.381001,92.978996,,block_44_185
21233,GSI,22.399,92.964996,,block_44_185
21246,GSI,22.392,92.978996,,block_44_185
21215,GSI,22.42,92.992996,,block_44_185
21018,GSI,22.424,92.977997,,block_44_185
21230,GSI,22.434999,92.945999,,block_44_185
21231,GSI,22.427999,92.947998,,block_44_185
21232,GSI,22.405001,92.950996,,block_44_185
21218,GSI,22.464916,92.916107,,block_44_185
21234,GSI,22.466166,92.92083,,block_44_185
21213,GSI,22.459,92.952003,,block_44_185
21016,GSI,22.455,92.959999,,block_44_185
21208,GSI,22.483999,92.954002,,block_44_185
21227,GSI,22.496,92.975998,,block_44_185
21226,GSI,22.513,92.992996,,block_45_185
21242,GSI,22.485666,92.985825,,block_44_185
21243,GSI,22.490999,92.984001,,block_44_185
21225,GSI,22.490999,92.964996,,block_44_185
21206,GSI,22.472,92.969002,,block_44_185
21211,GSI,22.462999,92.969002,,block_44_185
28428,GSI,22.46,93.05,,block_44_186
28439,GSI,22.49,93.01,,block_44_186
28426,GSI,22.5,93.01,,block_45_186
28440,GSI,22.5,93.02,,block_45_186
28434,GSI,22.45,93.09,,block_44_186
28429,GSI,22.44,93.1,,block_44_186
28408,GSI,22.41,93.02,,block_44_186
28409,GSI,22.38,93.03,,block_44_186
28422,GSI,22.34,93.04,,block_44_186
28425,GSI,22.36,93.05,,block_44_186
28432,GSI,22.34,93.13,,block_44_186
28431,GSI,22.38,93.12,,block_44_186
28430,GSI,22.39,93.11,,block_44_186
28437,GSI,22.4,93.12,,block_44_186
28438,GSI,22.4,93.13,,block_44_186
21036,GSI,22.5886,92.970001,,block_45_185
22271,GSI,22.573833,92.917519,,block_45_185
21035,GSI,22.591,92.917,,block_45_185
21037,GSI,22.704,92.985001,,block_45_185
21144,GSI,22.700001,92.994003,,block_45_185
21013,GSI,22.844894,92.944511,,block_45_185
21011,GSI,22.842268,92.951981,,block_45_185
20997,GSI,22.839445,92.95668,,block_45_185
21187,GSI,22.83358,92.955582,,block_45_185
21204,GSI,22.826855,92.971519,,block_45_185
21444,GSI,22.802805,93.004639,,block_45_186
21027,GSI,22.796106,92.991173,,block_45_185
21006,GSI,22.78916,92.981087,,block_45_185
21171,GSI,22.823893,93.036804,,block_45_186
22416,GSI,22.891706,92.950081,,block_45_185
22236,GSI,22.899151,92.935677,,block_45_185
22401,GSI,22.914797,92.928406,,block_45_185
22198,GSI,22.920202,92.927345,,block_45_185
22380,GSI,22.908737,92.930191,,block_45_185
22258,GSI,22.902401,92.941025,,block_45_185
22217,GSI,22.957235,92.929703,,block_45_185
22222,GSI,22.968073,92.929916,,block_45_185
22361,GSI,22.986418,92.999901,,block_45_185
21257,GSI,23.003361,92.962914,,block_46_185
21241,GSI,23.004421,92.988426,,block_46_185
21281,GSI,23.010895,92.924156,,block_46_185
21282,GSI,23.002401,92.923904,,block_46_185
21261,GSI,23.018612,92.920555,,block_46_185
21244,GSI,23.025131,92.91922,,block_46_185
21174,GSI,23.068354,93.002747,,block_46_186
21194,GSI,23.08989,93.020531,,block_46_186
21001,GSI,23.143806,93.031219,,block_46_186
21002,GSI,23.148056,93.055832,,block_46_186
21173,GSI,23.057222,93.080002,,block_46_186
21172,GSI,22.983683,93.038437,,block_45_186
21000,GSI,23.14085,93.142487,,block_46_186
21320,GSI,23.124069,93.145889,,block_46_186
21193,GSI,23.072695,93.218956,,block_46_186
21319,GSI,23.08964,93.200974,,block_46_186
16715,GSI,23.152298,93.28066,,block_46_186
16063,GSI,23.059264,93.275647,,block_46_186
16090,GSI,23.058,93.280568,,block_46_186
16934,GSI,23.026818,93.26673,,block_46_186
16917,GSI,23.05214,93.307373,,block_46_186
16060,GSI,23.075896,93.315313,,block_46_186
16743,GSI,23.081345,93.321054,,block_46_186
16741,GSI,23.127266,93.296204,,block_46_186
16717,GSI,23.138981,93.288852,,block_46_186
16921,GSI,23.145214,93.287063,,block_46_186
16737,GSI,23.150818,93.286358,,block_46_186
16901,GSI,23.146333,93.30675,,block_46_186
16718,GSI,23.136712,93.31485,,block_46_186
16923,GSI,23.141408,93.338272,,block_46_186
16699,GSI,23.140294,93.344976,,block_46_186
16720,GSI,23.135434,93.368506,,block_46_186
28459,GSI,22.21,93.12,,block_44_186
28458,GSI,22.2,93.13,,block_44_186
28461,GSI,22.22,93.11,,block_44_186
28417,GSI,22.32,93.14,,block_44_186
28416,GSI,22.29,93.08,,block_44_186
28436,GSI,22.29,93.09,,block_44_186
28435,GSI,22.28,93.09,,block_44_186
28413,GSI,22.28,93.08,,block_44_186
28407,GSI,22.27,93.09,,block_44_186
28462,GSI,22.24,93.1,,block_44_186
28463,GSI,22.25,93.09,,block_44_186
28412,GSI,22.27,93.06,,block_44_186
28411,GSI,22.27,93.05,,block_44_186
28410,GSI,22.26,93.05,,block_44_186
28418,GSI,22.26,93.03,,block_44_186
28442,GSI,22.25,93.03,,block_44_186
28420,GSI,22.31,93.02,,block_44_186
28421,GSI,22.32,93.02,,block_44_186
28404,GSI,22.19,92.98,,block_44_185
28388,GSI,22.22,92.96,,block_44_185
28387,GSI,22.22,92.95,,block_44_185
28385,GSI,22.23,92.93,,block_44_185
28389,GSI,22.21,92.96,,block_44_185
28403,GSI,22.17,92.99,,block_44_185
28449,GSI,22.17,93.0,,block_44_186
28457,GSI,22.16,93.0,,block_44_186
28405,GSI,22.15,92.99,,block_44_185
28454,GSI,22.14,93.0,,block_44_186
28452,GSI,22.15,93.01,,block_44_186
28448,GSI,22.17,93.01,,block_44_186
28446,GSI,22.18,93.01,,block_44_186
28443,GSI,22.19,93.03,,block_44_186
28055,GSI,23.96,94.06,,block_47_188
28054,GSI,23.95,94.06,,block_47_188
28051,GSI,23.95,94.07,,block_47_188
27864,GSI,24.03,93.81,,block_48_187
28037,GSI,24.0,93.82,,block_48_187
28038,GSI,23.97,93.95,,block_47_187
28034,GSI,23.99,93.94,,block_47_187
27862,GSI,24.01,93.96,,block_48_187
27895,GSI,24.01,93.97,,block_48_187
27896,GSI,24.02,93.97,,block_48_187
27871,GSI,24.0,93.97,,block_48_187
28039,GSI,23.98,93.99,,block_47_187
28049,GSI,23.99,94.0,,block_47_188
28048,GSI,23.98,94.02,,block_47_188
28050,GSI,24.0,94.0,,block_48_188
27882,GSI,24.0,93.99,,block_48_187
27892,GSI,24.01,93.98,,block_48_187
27893,GSI,24.01,93.99,,block_48_187
27952,GSI,24.06,94.02,,block_48_188
27881,GSI,24.1,93.95,,block_48_187
27870,GSI,24.1,93.96,,block_48_187
27957,GSI,24.09,94.02,,block_48_188
27993,GSI,24.1,94.02,,block_48_188
28007,GSI,24.11,94.02,,block_48_188
27991,GSI,24.12,94.02,,block_48_188
27888,GSI,24.13,93.99,,block_48_187
27889,GSI,24.13,94.0,,block_48_188
28006,GSI,24.14,94.01,,block_48_188
27867,GSI,24.16,93.96,,block_48_187
27866,GSI,24.16,93.97,,block_48_187
27883,GSI,24.16,93.95,,block_48_187
27890,GSI,24.17,93.93,,block_48_187
27879,GSI,24.14,93.93,,block_48_187
27872,GSI,24.09,93.9,,block_48_187
27877,GSI,24.09,93.91,,block_48_187
27876,GSI,24.08,93.89,,block_48_187
27873,GSI,24.1,93.9,,block_48_187
27878,GSI,24.11,93.91,,block_48_187
27869,GSI,24.22,93.88,,block_48_187
27860,GSI,24.24,93.85,,block_48_187
27874,GSI,24.23,93.93,,block_48_187
27868,GSI,24.18,93.9,,block_48_187
27865,GSI,24.19,93.97,,block_48_187
27887,GSI,24.18,93.99,,block_48_187
27965,GSI,24.19,94.02,,block_48_188
28018,GSI,24.19,94.01,,block_48_188
27875,GSI,24.23,93.94,,block_48_187
25172,GSI,24.287361,94.022917,,block_48_188
24607,GSI,24.301528,94.017972,,block_48_188
24609,GSI,24.317619,94.003678,,block_48_188
24585,GSI,24.340028,93.977472,,block_48_187
24586,GSI,24.346028,93.954583,,block_48_187
24606,GSI,24.314333,93.931361,,block_48_187
27857,GSI,24.32,93.79,,block_48_187
27856,GSI,24.32,93.76,,block_48_187
27854,GSI,24.32,93.75,,block_48_187
27858,GSI,24.3,93.84,,block_48_187
27790,GSI,24.27,93.67,,block_48_187
27797,GSI,24.25,93.66,,block_48_187
27796,GSI,24.3,93.69,,block_48_187
27788,GSI,24.29,93.68,,block_48_187
27789,GSI,24.28,93.68,,block_48_187
27795,GSI,24.32,93.74,,block_48_187
27803,GSI,24.37,93.72,,block_48_187
27785,GSI,24.35,93.67,,block_48_187
27791,GSI,24.33,93.67,,block_48_187
27765,GSI,24.33,93.66,,block_48_187
27805,GSI,24.34,93.66,,block_48_187
27783,GSI,24.35,93.66,,block_48_187
27799,GSI,24.42,93.84,,block_48_187
27853,GSI,24.52,93.8,,block_49_187
25141,GSI,24.553572,93.711317,,block_49_187
25155,GSI,24.548053,93.709739,,block_49_187
25275,GSI,24.5465,93.671667,,block_49_187
25291,GSI,24.549256,93.667681,,block_49_187
25274,GSI,24.543806,93.676528,,block_49_187
25273,GSI,24.538817,93.676767,,block_49_187
25289,GSI,24.536556,93.670047,,block_49_187
25271,GSI,24.534017,93.680433,,block_49_187
24343,GSI,24.612372,93.670775,,block_49_187
25285,GSI,24.624944,93.691556,,block_49_187
25286,GSI,24.629861,93.695278,,block_49_187
24357,GSI,24.615083,93.696844,,block_49_187
24341,GSI,24.600231,93.695483,,block_49_187
24359,GSI,24.599333,93.689722,,block_49_187
25254,GSI,24.595972,93.721889,,block_49_187
24058,GSI,24.599858,93.725225,,block_49_187
24060,GSI,24.607528,93.713778,,block_49_187
24356,GSI,24.618889,93.705833,,block_49_187
24355,GSI,24.626833,93.709444,,block_49_187
24212,GSI,24.631861,93.721889,,block_49_187
24330,GSI,24.672569,93.6973,,block_49_187
24219,GSI,24.663889,93.679056,,block_49_187
24206,GSI,24.637806,93.69075,,block_49_187
24354,GSI,24.649492,93.679522,,block_49_187
24191,GSI,24.646197,93.671856,,block_49_187
25139,GSI,24.639361,93.659444,,block_49_187
24194,GSI,24.679639,93.669667,,block_49_187
24209,GSI,24.685056,93.669,,block_49_187
24331,GSI,24.683139,93.696258,,block_49_187
24421,GSI,24.779889,93.663889,,block_49_187
25140,GSI,24.733256,93.701856,,block_49_187
21936,GSI,24.77925,93.781,,block_49_187
27800,GSI,24.43,93.85,,block_48_187
25191,GSI,24.391583,94.085806,,block_48_188
24626,GSI,24.404167,94.156667,,block_48_188
25158,GSI,24.391361,94.154361,,block_48_188
24627,GSI,24.379417,94.154139,,block_48_188
25328,GSI,24.417667,94.176806,,block_48_188
25159,GSI,24.419611,94.182722,,block_48_188
24521,GSI,24.444067,94.169767,,block_48_188
24523,GSI,24.441683,94.179211,,block_48_188
24440,GSI,24.437169,94.18495,,block_48_188
21741,GSI,24.528778,94.156667,,block_49_188
24444,GSI,24.491669,94.163786,,block_48_188
24259,GSI,24.499014,94.154514,,block_48_188
24443,GSI,24.496792,94.141878,,block_48_188
24584,GSI,24.492333,94.143361,,block_48_188
24515,GSI,24.493294,94.179533,,block_48_188
24263,GSI,24.495,94.186181,,block_48_188
24277,GSI,24.489728,94.191686,,block_48_188
24278,GSI,24.499972,94.195769,,block_48_188
25157,GSI,24.506317,94.180147,,block_49_188
21740,GSI,24.553917,94.091167,,block_49_188
21972,GSI,24.773472,94.078972,,block_49_188
21705,GSI,24.769556,94.116778,,block_49_188
22159,GSI,24.682167,94.138111,,block_49_188
22160,GSI,24.686028,94.145444,,block_49_188
22161,GSI,24.686417,94.153333,,block_49_188
21990,GSI,24.7135,94.199417,,block_49_188
21969,GSI,24.708417,94.198278,,block_49_188
21965,GSI,24.704083,94.187361,,block_49_188
21935,GSI,24.689139,94.165472,,block_49_188
22224,GSI,24.683944,94.172778,,block_49_188
21968,GSI,24.702722,94.198722,,block_49_188
21742,GSI,24.637278,94.1725,,block_49_188
24624,GSI,24.655226,94.292756,,block_49_188
24728,GSI,24.668389,94.285472,,block_49_188
24081,GSI,24.664737,94.290345,,block_49_188
24374,GSI,24.673582,94.270534,,block_49_188
24561,GSI,24.672316,94.26374,,block_49_188
24727,GSI,24.67916,94.252632,,block_49_188
24601,GSI,24.691389,94.255917,,block_49_188
24474,GSI,24.691944,94.250333,,block_49_188
21970,GSI,24.728611,94.224861,,block_49_188
21951,GSI,24.717889,94.2235,,block_49_188
21991,GSI,24.71475,94.217917,,block_49_188
21971,GSI,24.742139,94.221333,,block_49_188
24563,GSI,24.686833,94.2605,,block_49_188
24377,GSI,24.687667,94.267306,,block_49_188
24564,GSI,24.682833,94.269306,,block_49_188
24497,GSI,24.745805,94.348327,,block_49_188
24498,GSI,24.714343,94.360864,,block_49_188
24499,GSI,24.652556,94.389194,,block_49_188
24500,GSI,24.645686,94.38249,,block_49_188
24375,GSI,24.607745,94.342873,,block_49_188
24376,GSI,24.613545,94.33124,,block_49_188
24082,GSI,24.618583,94.308778,,block_49_188
24730,GSI,24.599639,94.358694,,block_49_188
25178,GSI,24.431056,94.259028,,block_48_188
25003,GSI,24.454953,94.225406,,block_48_188
25325,GSI,24.462958,94.233667,,block_48_188
25173,GSI,24.4455,94.229722,,block_48_188
25160,GSI,24.449306,94.221778,,block_48_188
25175,GSI,24.433972,94.249278,,block_48_188
24261,GSI,24.408672,94.245139,,block_48_188
24604,GSI,24.381906,94.213136,,block_48_188
590,GSI,24.25806,94.28722,,block_48_188
24650,GSI,24.264333,94.283806,,block_48_188
28029,GSI,24.22,94.26,,block_48_188
27943,GSI,24.22,94.24,,block_48_188
27954,GSI,24.21,94.22,,block_48_188
26150,GSI,24.325444,94.232583,,block_48_188
24583,GSI,24.313111,94.230444,,block_48_188
24674,GSI,24.303083,94.245056,,block_48_188
24582,GSI,24.309861,94.234639,,block_48_188
24653,GSI,24.291139,94.276139,,block_48_188
24651,GSI,24.284222,94.2805,,block_48_188
24260,GSI,24.354814,94.258094,,block_48_188
588,GSI,24.34,94.22444,,block_48_188
24648,GSI,24.365611,94.1665,,block_48_188
24649,GSI,24.364861,94.174139,,block_48_188
25292,GSI,24.322917,94.151,,block_48_188
25304,GSI,24.323361,94.143556,,block_48_188
25293,GSI,24.317833,94.144667,,block_48_188
25322,GSI,24.285722,94.128222,,block_48_188
25306,GSI,24.277639,94.127278,,block_48_188
25323,GSI,24.291028,94.124056,,block_48_188
25324,GSI,24.298028,94.123583,,block_48_188
25319,GSI,24.316528,94.138083,,block_48_188
25190,GSI,24.301806,94.059917,,block_48_188
24378,GSI,24.290714,94.038094,,block_48_188
24379,GSI,24.27705,94.070089,,block_48_188
24389,GSI,24.279575,94.077164,,block_48_188
24390,GSI,24.289019,94.073331,,block_48_188
24397,GSI,24.267872,94.117978,,block_48_188
25320,GSI,24.267194,94.111889,,block_48_188
24395,GSI,24.269144,94.107397,,block_48_188
24394,GSI,24.264317,94.096472,,block_48_188
24392,GSI,24.253611,94.100258,,block_48_188
24608,GSI,24.2504,94.096483,,block_48_188
28024,GSI,24.24,94.08,,block_48_188
25310,GSI,24.250722,94.073861,,block_48_188
28022,GSI,24.25,94.08,,block_48_188
24393,GSI,24.251011,94.0873,,block_48_188
25309,GSI,24.256583,94.093111,,block_48_188
25187,GSI,24.272667,94.075083,,block_48_188
27987,GSI,24.22,94.07,,block_48_188
28021,GSI,24.18,94.07,,block_48_188
28009,GSI,24.22,94.08,,block_48_188
27945,GSI,24.22,94.09,,block_48_188
27976,GSI,24.22,94.11,,block_48_188
27961,GSI,24.19,94.11,,block_48_188
25307,GSI,24.271528,94.125667,,block_48_188
28002,GSI,24.2,94.2,,block_48_188
28005,GSI,24.19,94.19,,block_48_188
28004,GSI,24.19,94.2,,block_48_188
27964,GSI,24.09,94.15,,block_48_188
27967,GSI,24.11,94.13,,block_48_188
27968,GSI,24.12,94.13,,block_48_188
27970,GSI,24.13,94.12,,block_48_188
27969,GSI,24.13,94.13,,block_48_188
28026,GSI,24.15,94.1,,block_48_188
27972,GSI,24.13,94.11,,block_48_188
27981,GSI,24.15,94.08,,block_48_188
27986,GSI,24.13,94.06,,block_48_188
27982,GSI,24.14,94.07,,block_48_188
27983,GSI,24.13,94.07,,block_48_188
27979,GSI,24.12,94.07,,block_48_188
28016,GSI,24.1,94.07,,block_48_188
27988,GSI,24.12,94.05,,block_48_188
27997,GSI,24.1,94.03,,block_48_188
27989,GSI,24.1,94.04,,block_48_188
28017,GSI,24.09,94.04,,block_48_188
27978,GSI,24.09,94.03,,block_48_188
27956,GSI,24.08,94.03,,block_48_188
27949,GSI,24.04,94.08,,block_48_188
27946,GSI,24.05,94.07,,block_48_188
27950,GSI,24.06,94.05,,block_48_188
27951,GSI,24.06,94.04,,block_48_188
27955,GSI,24.07,94.03,,block_48_188
27953,GSI,24.06,94.03,,block_48_188
28043,GSI,23.99,94.04,,block_47_188
28044,GSI,23.98,94.03,,block_47_188
28042,GSI,23.97,94.04,,block_47_188
24519,GSI,24.683139,94.400917,,block_49_188
14685,GSI,24.777333,94.602278,,block_49_189
