sample_id,latitude,longitude,spatial_block_id,landslide_label
sample_0,23.71701896,91.61577214,block_47_183,1
sample_1,26.3312531,94.55427723,block_52_189,1
sample_2,27.06992579,93.6146564,block_54_187,1
sample_3,27.54295099,88.59676956,block_55_177,1
sample_4,27.10647226,93.65975252,block_54_187,1
sample_5,26.0093,94.5238,block_52_189,1
sample_6,25.4916,91.2698,block_50_182,1
sample_7,25.0604,93.9877,block_50_187,1
sample_8,25.0985,94.3619,block_50_188,1
sample_9,25.8833,91.2,block_51_182,1
sample_10,27.0987,93.816,block_54_187,1
sample_11,26.09748244,91.8744337,block_52_183,1
sample_12,26.1844,91.7896,block_52_183,1
sample_13,27.1675,88.3651,block_54_176,1
sample_14,25.6623,94.1072,block_51_188,1
sample_15,27.2644,88.1365,block_54_176,1
sample_16,24.1077,94.0396,block_48_188,1
sample_17,24.7679,93.4108,block_49_186,1
sample_18,25.318,94.0441,block_50_188,1
sample_19,24.9926,93.4946,block_49_186,1
sample_20,26.1665,91.7049,block_52_183,1
sample_21,26.7225,95.0281,block_53_190,1
sample_22,24.6108,92.562,block_49_185,1
sample_23,24.0896,91.4663,block_48_182,1
sample_24,26.0814,94.803,block_52_189,1
sample_25,23.3572,92.7878,block_46_185,1
sample_26,26.4333,94.8833,block_52_189,1
sample_27,22.533,92.899,block_45_185,1
sample_28,26.1699,91.7986,block_52_183,1
sample_29,26.07821691,94.72071068,block_52_189,1
sample_30,27.23279809,88.59292517,block_54_177,1
sample_31,23.65637182,93.02746602,block_47_186,1
sample_32,27.104022,93.61156568,block_54_187,1
sample_33,26.96437841,92.78260587,block_53_185,1
sample_34,27.1344,88.4575,block_54_176,1
sample_35,27.8458,95.2253,block_55_190,1
sample_36,25.8376,94.5234,block_51_189,1
sample_37,25.1718,93.123,block_50_186,1
sample_38,27.5509,88.6475,block_55_177,1
sample_39,25.15246863,92.94670614,block_50_185,1
sample_40,24.7505,93.4221,block_49_186,1
sample_41,24.4638,92.4943,block_48_184,1
sample_42,24.8669,92.3576,block_49_184,1
sample_43,27.2333,94.1167,block_54_188,1
sample_44,24.3527,94.3429,block_48_188,1
sample_45,24.5202,92.7239,block_49_185,1
sample_46,27.2084,88.4909,block_54_176,1
sample_47,24.9356,93.8443,block_49_187,1
sample_48,26.5836,93.0038,block_53_186,1
sample_49,25.0477,92.801,block_50_185,1
sample_50,24.7543,93.5039,block_49_187,1
sample_51,22.7176,92.8416,block_45_185,1
sample_52,25.907233,91.881892,block_51_183,1
sample_53,23.73354779,92.74744512,block_47_185,1
sample_54,27.04768643,93.61899644,block_54_187,1
sample_55,25.5728,91.885,block_51_183,1
sample_56,25.9703,91.8584,block_51_183,1
sample_57,27.3702,88.7334,block_54_177,1
sample_58,25.3098633,94.48214677,block_50_188,1
sample_59,24.2315,92.6755,block_48_185,1
sample_60,25.83762589,93.94633448,block_51_187,1
sample_61,23.7131,92.7362,block_47_185,1
sample_62,23.73478778,92.72124394,block_47_185,1
sample_63,26.1771,91.7599,block_52_183,1
sample_64,26.1699,94.4922,block_52_188,1
sample_65,24.1293,92.6921,block_48_185,1
sample_66,26.2363,94.8133,block_52_189,1
sample_67,25.7428,93.9136,block_51_187,1
sample_68,23.0137,91.7174,block_46_183,1
sample_69,25.82601444,91.87113067,block_51_183,1
sample_70,27.0844941,93.60505989,block_54_187,1
sample_71,27.092916,93.61882043,block_54_187,1
sample_72,27.2319,88.497,block_54_176,1
sample_73,24.9336,93.8275,block_49_187,1
sample_74,27.1141,88.4658,block_54_176,1
sample_75,25.8877,94.7861,block_51_189,1
sample_76,25.5718,94.1211,block_51_188,1
sample_77,24.416,94.0984,block_48_188,1
sample_78,23.3439,93.0748,block_46_186,1
sample_79,25.682,94.1076,block_51_188,1
sample_80,28.9986,94.8885,block_57_189,1
sample_81,23.7705,92.5217,block_47_185,1
sample_82,26.1498,94.6055,block_52_189,1
sample_83,23.591,92.9296,block_47_185,1
sample_84,27.3383,88.6069,block_54_177,1
sample_85,27.6438,93.871,block_55_187,1
sample_86,26.149,91.7351,block_52_183,1
sample_87,25.48,94.1383,block_50_188,1
sample_88,28.1193,95.1645,block_56_190,1
sample_89,24.808,93.117,block_49_186,1
sample_90,25.5114,90.215,block_51_180,1
sample_91,25.5006,90.0896,block_51_180,1
sample_92,25.3908,94.0926,block_50_188,1
sample_93,26.222,94.9152,block_52_189,1
sample_94,23.74182634,92.7141905,block_47_185,1
sample_95,27.36,93.0385,block_54_186,1
sample_96,27.3543,88.6428,block_54_177,1
sample_97,24.4265,94.1913,block_48_188,1
sample_98,23.9278,94.0906,block_47_188,1
sample_99,25.3056,93.1265,block_50_186,1
sample_100,26.1314,91.7548,block_52_183,1
sample_101,25.1796,93.0083,block_50_186,1
sample_102,27.2676,88.2891,block_54_176,1
sample_103,24.7016,93.5291,block_49_187,1
sample_104,25.0633,92.8025,block_50_185,1
sample_105,25.705,94.04,block_51_188,1
sample_106,25.52,91.27,block_51_182,1
sample_107,27.1667,88.35,block_54_176,1
sample_108,27.6047,88.6463,block_55_177,1
sample_109,27.3034,93.804,block_54_187,1
sample_110,26.324724,94.514651,block_52_189,1
sample_111,27.13862165,88.22551799,block_54_176,1
sample_112,24.1988,94.1016,block_48_188,1
sample_113,27.5748,91.8644,block_55_183,1
sample_114,26.1028,91.8806,block_52_183,1
sample_115,26.0838,94.564,block_52_189,1
sample_116,27.82743132,93.62407259,block_55_187,1
sample_117,25.69111465,94.09483333,block_51_188,1
sample_118,23.40991836,93.36421745,block_46_186,1
sample_119,23.725943,92.7178,block_47_185,1
sample_120,25.73111942,93.98827528,block_51_187,1
sample_121,27.125,93.7145,block_54_187,1
sample_122,28.8254,96.1517,block_57_192,1
sample_123,26.1001,91.6849,block_52_183,1
sample_124,27.583849,91.876945,block_55_183,1
sample_125,25.132228,93.04681,block_50_186,1
sample_126,24.0135808,92.67420963,block_48_185,1
sample_127,25.73318099,93.99655231,block_51_187,1
sample_128,26.66354481,94.62220277,block_53_189,1
sample_129,26.138,94.25,block_52_188,1
sample_130,25.1416,92.3807,block_50_184,1
sample_131,27.0136,92.6351,block_54_185,1
sample_132,26.1044,91.7082,block_52_183,1
sample_133,25.5098,93.8794,block_51_187,1
sample_134,24.6596,93.9784,block_49_187,1
sample_135,27.0998,93.6287,block_54_187,1
sample_136,27.5799,91.8569,block_55_183,1
sample_137,27.5754,91.9754,block_55_183,1
sample_138,27.8997,93.3497,block_55_186,1
sample_139,26.1984,94.8158,block_52_189,1
sample_140,25.6633,94.4703,block_51_188,1
sample_141,26.159,91.8178,block_52_183,1
sample_142,26.10973183,91.80317334,block_52_183,1
sample_143,27.322,88.6087,block_54_177,1
sample_144,26.9986,95.4993,block_53_190,1
sample_145,24.3481,94.1146,block_48_188,1
sample_146,25.3612,92.2845,block_50_184,1
sample_147,25.4993,94.1192,block_50_188,1
sample_148,24.9667,93.55,block_49_187,1
sample_149,25.1941,94.4481,block_50_188,1
sample_150,25.83,94.13,block_51_188,1
sample_151,24.7992,93.948,block_49_187,1
sample_152,25.8143,90.5763,block_51_181,1
sample_153,27.98531715,94.21263589,block_55_188,1
sample_154,25.06657276,93.9310888,block_50_187,1
sample_155,27.1761,88.5287,block_54_177,1
sample_156,24.9829,93.5063,block_49_187,1
sample_157,25.5125,93.3613,block_51_186,1
sample_158,27.5161,88.5575,block_55_177,1
sample_159,24.9925,93.5,block_49_187,1
sample_160,23.8986,91.7599,block_47_183,1
sample_161,23.79260297,91.53090192,block_47_183,1
sample_162,25.7713,93.8067,block_51_187,1
sample_163,26.1961,91.7825,block_52_183,1
sample_164,25.1604,93.6795,block_50_187,1
sample_165,28.4298,95.8776,block_56_191,1
sample_166,25.4196,94.1054,block_50_188,1
sample_167,24.6005,92.3814,block_49_184,1
sample_168,24.9849,92.8411,block_49_185,1
sample_169,25.6263,94.1057,block_51_188,1
sample_170,23.8447,93.0514,block_47_186,1
sample_171,26.3185,94.5247,block_52_189,1
sample_172,27.174,95.8011,block_54_191,1
sample_173,26.284,94.5808,block_52_189,1
sample_174,27.6163,88.6586,block_55_177,1
sample_175,27.2298,94.0989,block_54_188,1
sample_176,22.479,92.967,block_44_185,1
sample_177,28.3092,95.4149,block_56_190,1
sample_178,27.9032,96.174,block_55_192,1
sample_179,27.4,92.35,block_54_184,1
sample_180,25.3833,94.1884,block_50_188,1
sample_181,25.1019,93.3729,block_50_186,1
sample_182,27.1499,88.38,block_54_176,1
sample_183,25.1333,93.9667,block_50_187,1
sample_184,25.7131,94.0885,block_51_188,1
sample_185,26.22247247,91.92053028,block_52_183,1
sample_186,24.32420539,93.15020652,block_48_186,1
sample_187,28.1737,94.7596,block_56_189,1
sample_188,27.3425,88.6236,block_54_177,1
sample_189,24.9818,93.5142,block_49_187,1
sample_190,27.8385,88.556,block_55_177,1
sample_191,25.616,94.1167,block_51_188,1
sample_192,26.1768,91.7702,block_52_183,1
sample_193,27.05880384,93.54136779,block_54_187,1
sample_194,27.769793,93.50995626,block_55_187,1
sample_195,26.14547804,91.79364785,block_52_183,1
sample_196,25.5215,93.1645,block_51_186,1
sample_197,27.8965,96.1779,block_55_192,1
sample_198,28.0791,96.5242,block_56_193,1
sample_199,24.8961,93.4957,block_49_186,1
sample_200,25.03561729,94.0144205,block_50_188,1
sample_201,23.899,94.1434,block_47_188,1
sample_202,27.61790706,93.84196894,block_55_187,1
sample_203,26.1662,91.7138,block_52_183,1
sample_204,26.1985,91.7998,block_52_183,1
sample_205,27.303999,92.407813,block_54_184,1
sample_206,25.4976444,94.12901274,block_50_188,1
sample_207,27.593,88.492,block_55_176,1
sample_208,24.21988831,93.20266204,block_48_186,1
sample_209,24.30415689,93.18182448,block_48_186,1
sample_210,27.3746,88.7648,block_54_177,1
sample_211,22.90813548,92.47207294,block_45_184,1
sample_212,25.43807422,91.79904872,block_50_183,1
sample_213,24.981195,94.018619,block_49_188,1
sample_214,25.533595,94.133345,block_51_188,1
sample_215,27.14163897,93.66495709,block_54_187,1
sample_216,26.3186,94.5121,block_52_189,1
sample_217,25.08303063,94.23757741,block_50_188,1
sample_218,26.95223279,93.85748748,block_53_187,1
sample_219,26.2632687,94.81481951,block_52_189,1
sample_220,27.6802471,93.62592773,block_55_187,1
sample_221,25.72,94.6219,block_51_189,1
sample_222,26.1964,91.7652,block_52_183,1
sample_223,23.6866,93.017,block_47_186,1
sample_224,25.5576,91.8506,block_51_183,1
sample_225,25.5498,92.0757,block_51_184,1
sample_226,27.3425,88.2426,block_54_176,1
sample_227,26.1868,91.6739,block_52_183,1
sample_228,25.0634,94.3415,block_50_188,1
sample_229,24.837,93.9128,block_49_187,1
sample_230,24.4072,94.0644,block_48_188,1
sample_231,25.5212,90.232,block_51_180,1
sample_232,27.1071241,93.65156438,block_54_187,1
sample_233,23.33501164,92.85410625,block_46_185,1
sample_234,27.2872,88.2816,block_54_176,1
sample_235,25.195355,93.172758,block_50_186,1
sample_236,24.27173018,93.28039349,block_48_186,1
sample_237,27.05957271,93.50102778,block_54_187,1
sample_238,25.72019272,94.03225673,block_51_188,1
sample_239,25.77171292,93.93507183,block_51_187,1
sample_240,27.07671517,93.59755441,block_54_187,1
sample_241,25.06466676,94.27420555,block_50_188,1
sample_242,23.73672831,92.7516868,block_47_185,1
sample_243,25.4379,94.1162,block_50_188,1
sample_244,25.63961883,94.11112157,block_51_188,1
sample_245,24.004,93.9815,block_48_187,1
sample_246,25.8782,94.1739,block_51_188,1
sample_247,26.048,91.8695,block_52_183,1
sample_248,25.3433,92.2897,block_50_184,1
sample_249,23.5397,93.3783,block_47_186,1
sample_250,27.7344,88.633,block_55_177,1
sample_251,25.5145,90.2023,block_51_180,1
sample_252,27.2879,88.2579,block_54_176,1
sample_253,26.8716,94.9921,block_53_189,1
sample_254,27.0011,93.7273,block_54_187,1
sample_255,25.203,90.5573,block_50_181,1
sample_256,23.75406693,92.74128531,block_47_185,1
sample_257,26.0137,94.5163,block_52_189,1
sample_258,28.3036,95.4112,block_56_190,1
sample_259,27.3392,88.6188,block_54_177,1
sample_260,26.88161,95.399897,block_53_190,1
sample_261,27.01145644,92.64204045,block_54_185,1
sample_262,24.75,93.4333,block_49_186,1
sample_263,27.1614,93.7525,block_54_187,1
sample_264,25.7238,89.9032,block_51_179,1
sample_265,26.3897,94.9439,block_52_189,1
sample_266,24.042,92.6724,block_48_185,1
sample_267,26.49349035,91.72137514,block_52_183,1
sample_268,25.6703,94.1095,block_51_188,1
sample_269,27.7,92.8,block_55_185,1
sample_270,24.9786,93.5027,block_49_187,1
sample_271,25.583,91.893,block_51_183,1
sample_272,22.148327,92.80921064,block_44_185,1
sample_273,24.9037,93.487,block_49_186,1
sample_274,25.7902,94.1318,block_51_188,1
sample_275,26.4205,94.9731,block_52_189,1
sample_276,26.1407,91.7645,block_52_183,1
sample_277,24.9111,94.4759,block_49_188,1
sample_278,27.8835,96.9262,block_55_193,1
sample_279,23.4495,92.8112,block_46_185,1
sample_280,25.6269,94.1139,block_51_188,1
sample_281,24.7625,93.4341,block_49_186,1
sample_282,26.0319,94.5466,block_52_189,1
sample_283,26.1677,94.2442,block_52_188,1
sample_284,28.4659,95.86,block_56_191,1
sample_285,27.8776,94.25,block_55_188,1
sample_286,24.7459,93.4251,block_49_186,1
sample_287,23.72988966,92.71495623,block_47_185,1
sample_288,23.7269,92.7265,block_47_185,1
sample_289,26.8727,94.9275,block_53_189,1
sample_290,27.7167,88.5577,block_55_177,1
sample_291,27.5523,91.752,block_55_183,1
sample_292,25.9466,94.6279,block_51_189,1
sample_293,25.2269,93.1658,block_50_186,1
sample_294,26.1468,91.6469,block_52_183,1
sample_295,26.1016,91.6906,block_52_183,1
sample_296,27.4885,88.4451,block_54_176,1
sample_297,24.82767572,93.51825,block_49_187,1
sample_298,25.61919207,92.7094701,block_51_185,1
sample_299,26.181606,91.772042,block_52_183,1
sample_300,23.86469956,91.8949662,block_47_183,1
sample_301,25.5242,92.9914,block_51_185,1
sample_302,24.6869,93.9157,block_49_187,1
sample_303,26.0977,94.7499,block_52_189,1
sample_304,26.10430759,91.86227824,block_52_183,1
sample_305,27.97875751,94.26296826,block_55_188,1
sample_306,25.11956675,94.36416626,block_50_188,1
sample_307,26.1833,91.8,block_52_183,1
sample_308,26.2753,94.6654,block_52_189,1
sample_309,28.235,94.9612,block_56_189,1
sample_310,26.1147,94.3864,block_52_188,1
sample_311,25.26049558,94.01914123,block_50_188,1
sample_312,25.5007,93.9854,block_51_187,1
sample_313,25.5772,91.8666,block_51_183,1
sample_314,23.7527,92.694,block_47_185,1
sample_315,23.9939,94.0573,block_47_188,1
sample_316,24.8628,94.4182,block_49_188,1
sample_317,27.44,92.2833,block_54_184,1
sample_318,23.73504471,92.71060943,block_47_185,1
sample_319,25.2193,90.5549,block_50_181,1
sample_320,27.4888,93.0153,block_54_186,1
sample_321,27.3773,88.559,block_54_177,1
sample_322,24.7339,93.9161,block_49_187,1
sample_323,26.0214,94.5224,block_52_189,1
sample_324,25.1122,94.3591,block_50_188,1
sample_325,25.181453,93.118105,block_50_186,1
sample_326,27.2743,92.9064,block_54_185,1
sample_327,24.8142,93.5444,block_49_187,1
sample_328,25.70223725,94.04619681,block_51_188,1
sample_329,24.4279,94.0564,block_48_188,1
sample_330,23.83291945,92.63125938,block_47_185,1
sample_331,25.03190213,92.42257695,block_50_184,1
sample_332,25.0728,92.3636,block_50_184,1
sample_333,26.1062,91.8717,block_52_183,1
sample_334,26.1295,91.7056,block_52_183,1
sample_335,26.1807,94.5497,block_52_189,1
sample_336,24.5308,92.5121,block_49_185,1
sample_337,25.4749,93.1477,block_50_186,1
sample_338,26.1097,91.7747,block_52_183,1
sample_339,28.10756941,94.18315697,block_56_188,1
sample_340,24.79591421,93.72386429,block_49_187,1
sample_341,24.83507319,93.89896294,block_49_187,1
sample_342,26.0977,94.7031,block_52_189,1
sample_343,27.1748,88.6458,block_54_177,1
sample_344,26.191688,91.810079,block_52_183,1
sample_345,26.16066111,91.85294885,block_52_183,1
sample_346,27.20938411,93.61539279,block_54_187,1
sample_347,27.11610665,93.79559574,block_54_187,1
sample_348,25.67836832,91.9234343,block_51_183,1
sample_349,24.8029,93.6228,block_49_187,1
sample_350,24.86388954,93.62191829,block_49_187,1
sample_351,25.51614662,94.2341227,block_51_188,1
sample_352,25.2568,92.3825,block_50_184,1
sample_353,28.0822,96.5316,block_56_193,1
sample_354,26.1963,91.8074,block_52_183,1
sample_355,25.14429782,93.97198129,block_50_187,1
sample_356,27.478,88.527,block_54_177,1
sample_357,26.1445447,94.24416766,block_52_188,1
sample_358,26.20450454,91.87202793,block_52_183,1
sample_359,26.092493,94.257523,block_52_188,1
sample_360,26.11613908,94.24222574,block_52_188,1
sample_361,23.69461107,92.87641207,block_47_185,1
sample_362,24.19467451,91.82931979,block_48_183,1
sample_363,25.1175,92.8573,block_50_185,1
sample_364,24.8286,93.5935,block_49_187,1
sample_365,26.0481,94.4619,block_52_188,1
sample_366,26.19037705,91.77306002,block_52_183,1
sample_367,24.3069,93.125,block_48_186,1
sample_368,25.481623,93.141692,block_50_186,1
sample_369,26.56636244,93.13195098,block_53_186,1
sample_370,26.1226,91.7162,block_52_183,1
sample_371,27.1034,93.6885,block_54_187,1
sample_372,25.0118,94.3136,block_50_188,1
sample_373,25.67061161,94.11844319,block_51_188,1
sample_374,25.1553,93.028,block_50_186,1
sample_375,28.9205,95.3429,block_57_190,1
sample_376,25.51826286,91.9630294,block_51_183,1
sample_377,24.938948,93.496837,block_49_186,1
sample_378,25.9611,91.3681,block_51_182,1
sample_379,27.201,88.4883,block_54_176,1
sample_380,29.2409,95.9761,block_58_191,1
sample_381,26.3333,91.25,block_52_182,1
sample_382,27.1954,88.6115,block_54_177,1
sample_383,27.163,94.0,block_54_188,1
sample_384,26.1619,91.7697,block_52_183,1
sample_385,25.6320357,94.10065403,block_51_188,1
sample_386,24.37169581,93.70684171,block_48_187,1
sample_387,24.98793655,93.49870413,block_49_186,1
sample_388,22.87370331,92.7581259,block_45_185,1
sample_389,25.463,92.2121,block_50_184,1
sample_390,25.5265,93.8673,block_51_187,1
sample_391,27.6558,88.605,block_55_177,1
sample_392,25.7658,93.9413,block_51_187,1
sample_393,26.1061808,91.85158907,block_52_183,1
sample_394,24.2451,94.0691,block_48_188,1
sample_395,27.360364,88.651914,block_54_177,1
sample_396,25.82860033,91.876717,block_51_183,1
sample_397,24.02515388,91.49747518,block_48_182,1
sample_398,27.1249,93.7706,block_54_187,1
sample_399,25.0672,93.4093,block_50_186,1
sample_400,25.4477,94.0489,block_50_188,1
sample_401,25.4538,93.9827,block_50_187,1
sample_402,25.658708,94.098536,block_51_188,1
sample_403,25.55544,93.63981,block_51_187,1
sample_404,27.8837,93.0515,block_55_186,1
sample_405,24.819,94.3551,block_49_188,1
sample_406,27.7565,88.632,block_55_177,1
sample_407,26.148,94.8422,block_52_189,1
sample_408,25.7055,94.0132,block_51_188,1
sample_409,25.0888,92.8551,block_50_185,1
sample_410,25.5084,90.2191,block_51_180,1
sample_411,26.1324,91.8342,block_52_183,1
sample_412,25.8702,94.7844,block_51_189,1
sample_413,24.7979,92.9974,block_49_185,1
sample_414,25.426,94.6024,block_50_189,1
sample_415,25.0318,92.4584,block_50_184,1
sample_416,26.1049,91.7369,block_52_183,1
sample_417,25.1555,93.8474,block_50_187,1
sample_418,25.2745,94.0212,block_50_188,1
sample_419,25.0951,92.3567,block_50_184,1
sample_420,24.8063,93.9482,block_49_187,1
sample_421,25.8266,94.1497,block_51_188,1
sample_422,25.16,93.686,block_50_187,1
sample_423,25.4786,94.1327,block_50_188,1
sample_424,28.611,94.9829,block_57_189,1
sample_425,24.954,94.2156,block_49_188,1
sample_426,25.7354,90.3852,block_51_180,1
sample_427,24.768609,92.821182,block_49_185,1
sample_428,27.3721,88.708,block_54_177,1
sample_429,24.95178179,94.20340026,block_49_188,1
sample_430,27.4459,88.6193,block_54_177,1
sample_431,25.38,91.88,block_50_183,1
sample_432,26.1548,91.7351,block_52_183,1
sample_433,24.1419,94.1078,block_48_188,1
sample_434,25.2946,92.8339,block_50_185,1
sample_435,26.2083,94.5438,block_52_189,1
sample_436,26.7103,94.693,block_53_189,1
sample_437,25.23908,90.63944,block_50_181,1
sample_438,25.39466,90.69083,block_50_181,1
sample_439,25.512611,90.658611,block_51_181,1
sample_440,25.50781,90.68,block_51_181,1
sample_441,25.5014,90.68972,block_51_181,1
sample_442,25.56,90.37,block_51_180,1
sample_443,25.56,90.34,block_51_180,1
sample_444,25.55,90.33,block_51_180,1
sample_445,25.51,90.21,block_51_180,1
sample_446,25.5,90.21,block_51_180,1
sample_447,25.5,90.22,block_51_180,1
sample_448,25.25419,90.21486,block_50_180,1
sample_449,25.53,89.98,block_51_179,1
sample_450,25.57,89.98,block_51_179,1
sample_451,25.58,89.99,block_51_179,1
sample_452,25.6,90.03,block_51_180,1
sample_453,25.67,90.18,block_51_180,1
sample_454,25.6,90.29,block_51_180,1
sample_455,25.61,90.29,block_51_180,1
sample_456,25.61,90.3,block_51_180,1
sample_457,25.61,90.31,block_51_180,1
sample_458,25.62,90.33,block_51_180,1
sample_459,25.63,90.33,block_51_180,1
sample_460,25.65,90.38,block_51_180,1
sample_461,25.79,90.44,block_51_180,1
sample_462,26.006,90.595,block_52_181,1
sample_463,26.061,90.605,block_52_181,1
sample_464,26.3848,90.5943,block_52_181,1
sample_465,26.3733,90.5499,block_52_181,1
sample_466,26.394,90.48,block_52_180,1
sample_467,26.198,90.298,block_52_180,1
sample_468,27.749111,88.542972,block_55_177,1
sample_469,27.740944,88.545361,block_55_177,1
sample_470,27.735278,88.54925,block_55_177,1
sample_471,27.726083,88.54975,block_55_177,1
sample_472,27.704306,88.560694,block_55_177,1
sample_473,27.662444,88.602556,block_55_177,1
sample_474,27.676722,88.597194,block_55_177,1
sample_475,27.697139,88.57025,block_55_177,1
sample_476,27.700444,88.566083,block_55_177,1
sample_477,27.641139,88.612,block_55_177,1
sample_478,27.637167,88.712028,block_55_177,1
sample_479,27.675778,88.733417,block_55_177,1
sample_480,27.686389,88.73875,block_55_177,1
sample_481,27.6295,88.692778,block_55_177,1
sample_482,27.628083,88.685306,block_55_177,1
sample_483,27.611333,88.655222,block_55_177,1
sample_484,27.629944,88.619833,block_55_177,1
sample_485,27.619722,88.618861,block_55_177,1
sample_486,27.61775,88.623639,block_55_177,1
sample_487,27.575444,88.651417,block_55_177,1
sample_488,27.554889,88.654444,block_55_177,1
sample_489,27.545694,88.636,block_55_177,1
sample_490,27.548417,88.641944,block_55_177,1
sample_491,27.5435,88.628306,block_55_177,1
sample_492,27.552861,88.622306,block_55_177,1
sample_493,27.547111,88.602667,block_55_177,1
sample_494,27.535056,88.610194,block_55_177,1
sample_495,27.553583,88.577194,block_55_177,1
sample_496,27.549194,88.583556,block_55_177,1
sample_497,27.54375,88.58475,block_55_177,1
sample_498,27.535333,88.497972,block_55_176,1
sample_499,27.517306,88.542889,block_55_177,1
sample_500,27.502,88.5375,block_55_177,1
sample_501,27.48603,88.53269,block_54_177,1
sample_502,27.5091,88.53848,block_55_177,1
sample_503,27.438389,88.514389,block_54_177,1
sample_504,27.433083,88.514528,block_54_177,1
sample_505,27.438778,88.527444,block_54_177,1
sample_506,27.448306,88.519667,block_54_177,1
sample_507,27.461694,88.523472,block_54_177,1
sample_508,27.482583,88.52875,block_54_177,1
sample_509,27.437889,88.601694,block_54_177,1
sample_510,27.514972,88.565472,block_55_177,1
sample_511,27.516444,88.587361,block_55_177,1
sample_512,27.527333,88.590778,block_55_177,1
sample_513,27.529639,88.598139,block_55_177,1
sample_514,27.527194,88.603222,block_55_177,1
sample_515,27.531667,88.606333,block_55_177,1
sample_516,27.437444,88.613972,block_54_177,1
sample_517,27.429556,88.611667,block_54_177,1
sample_518,27.417444,88.621083,block_54_177,1
sample_519,27.418472,88.616083,block_54_177,1
sample_520,27.412111,88.627083,block_54_177,1
sample_521,27.394,88.62525,block_54_177,1
sample_522,27.398083,88.614583,block_54_177,1
sample_523,27.383806,88.633083,block_54_177,1
sample_524,27.384444,88.639611,block_54_177,1
sample_525,27.393056,88.635278,block_54_177,1
sample_526,27.365056,88.655167,block_54_177,1
sample_527,27.340917,88.628389,block_54_177,1
sample_528,27.376306,88.629583,block_54_177,1
sample_529,27.372333,88.617556,block_54_177,1
sample_530,27.348722,88.600556,block_54_177,1
sample_531,27.426361,88.583028,block_54_177,1
sample_532,27.40825,88.571167,block_54_177,1
sample_533,27.4097,88.54371,block_54_177,1
sample_534,27.397083,88.519167,block_54_177,1
sample_535,27.426,88.514,block_54_177,1
sample_536,27.420028,88.515944,block_54_177,1
sample_537,27.411306,88.516611,block_54_177,1
sample_538,27.330778,88.49225,block_54_176,1
sample_539,27.375194,88.54275,block_54_177,1
sample_540,27.315028,88.558611,block_54_177,1
sample_541,27.28408,88.54611,block_54_177,1
sample_542,27.315083,88.506056,block_54_177,1
sample_543,27.240861,88.486278,block_54_176,1
sample_544,27.240556,88.48025,block_54_176,1
sample_545,27.23575,88.506472,block_54_177,1
sample_546,27.23772,88.51384,block_54_177,1
sample_547,27.250556,88.53325,block_54_177,1
sample_548,27.245028,88.524389,block_54_177,1
sample_549,27.265944,88.534556,block_54_177,1
sample_550,27.254778,88.542444,block_54_177,1
sample_551,27.259694,88.550417,block_54_177,1
sample_552,27.262583,88.562389,block_54_177,1
sample_553,27.237694,88.598806,block_54_177,1
sample_554,27.24144,88.60681,block_54_177,1
sample_555,27.315833,88.606667,block_54_177,1
sample_556,27.292944,88.589417,block_54_177,1
sample_557,27.282444,88.598917,block_54_177,1
sample_558,27.329472,88.648917,block_54_177,1
sample_559,27.293556,88.642056,block_54_177,1
sample_560,27.246194,88.625694,block_54_177,1
sample_561,27.22975,88.619361,block_54_177,1
sample_562,27.233417,88.634806,block_54_177,1
sample_563,27.235917,88.645167,block_54_177,1
sample_564,27.250972,88.659833,block_54_177,1
sample_565,27.257083,88.65975,block_54_177,1
sample_566,27.257083,88.696583,block_54_177,1
sample_567,27.252667,88.694194,block_54_177,1
sample_568,27.250889,88.715444,block_54_177,1
sample_569,27.25475,88.711,block_54_177,1
sample_570,27.259833,88.711722,block_54_177,1
sample_571,27.258222,88.704778,block_54_177,1
sample_572,27.378667,88.699611,block_54_177,1
sample_573,27.372278,88.688944,block_54_177,1
sample_574,27.370861,88.683167,block_54_177,1
sample_575,27.370278,88.673611,block_54_177,1
sample_576,27.381306,88.690444,block_54_177,1
sample_577,27.383361,88.702611,block_54_177,1
sample_578,27.372806,88.739139,block_54_177,1
sample_579,27.375028,88.728278,block_54_177,1
sample_580,27.380806,88.726,block_54_177,1
sample_581,27.373472,88.721944,block_54_177,1
sample_582,27.369333,88.714917,block_54_177,1
sample_583,27.367111,88.776028,block_54_177,1
sample_584,27.364583,88.787333,block_54_177,1
sample_585,27.368917,88.794611,block_54_177,1
sample_586,27.37475,88.782889,block_54_177,1
sample_587,27.378306,88.770083,block_54_177,1
sample_588,27.38375,88.808694,block_54_177,1
sample_589,27.361583,88.839306,block_54_177,1
sample_590,27.364722,88.834917,block_54_177,1
sample_591,27.376222,88.799667,block_54_177,1
sample_592,27.3145,88.8365,block_54_177,1
sample_593,27.292583,88.820417,block_54_177,1
sample_594,27.288667,88.816111,block_54_177,1
sample_595,27.279972,88.804278,block_54_177,1
sample_596,27.264694,88.792667,block_54_177,1
sample_597,27.2615,88.788778,block_54_177,1
sample_598,27.253528,88.786111,block_54_177,1
sample_599,27.17925,88.65875,block_54_177,1
sample_600,27.198928,88.66095,block_54_177,1
sample_601,27.201278,88.665381,block_54_177,1
sample_602,27.205047,88.689053,block_54_177,1
sample_603,27.22075,88.699833,block_54_177,1
sample_604,27.206653,88.679953,block_54_177,1
sample_605,27.207264,88.672817,block_54_177,1
sample_606,27.203869,88.658333,block_54_177,1
sample_607,27.220861,88.657111,block_54_177,1
sample_608,27.2064444,88.6433611,block_54_177,1
sample_609,27.19375,88.6505556,block_54_177,1
sample_610,27.1956389,88.6340278,block_54_177,1
sample_611,27.199722,88.641633,block_54_177,1
sample_612,27.195703,88.625444,block_54_177,1
sample_613,27.214222,88.608361,block_54_177,1
sample_614,27.203194,88.600278,block_54_177,1
sample_615,27.205,88.591722,block_54_177,1
sample_616,27.2115,88.58775,block_54_177,1
sample_617,27.1913333,88.5865278,block_54_177,1
sample_618,27.19,88.564472,block_54_177,1
sample_619,27.189261,88.595686,block_54_177,1
sample_620,27.192989,88.603083,block_54_177,1
sample_621,27.165586,88.488511,block_54_176,1
sample_622,27.158111,88.491722,block_54_176,1
sample_623,27.153528,88.494389,block_54_176,1
sample_624,27.15425,88.500333,block_54_177,1
sample_625,27.160722,88.505889,block_54_177,1
sample_626,27.165528,88.496556,block_54_176,1
sample_627,27.158972,88.514611,block_54_177,1
sample_628,27.1585,88.529,block_54_177,1
sample_629,27.157694,88.522194,block_54_177,1
sample_630,27.163861,88.52,block_54_177,1
sample_631,27.179639,88.519778,block_54_177,1
sample_632,27.1790556,88.5331111,block_54_177,1
sample_633,27.180417,88.51025,block_54_177,1
sample_634,27.188528,88.501194,block_54_177,1
sample_635,27.223833,88.491833,block_54_176,1
sample_636,27.178111,88.430556,block_54_176,1
sample_637,27.206611,88.442814,block_54_176,1
sample_638,27.220972,88.397639,block_54_176,1
sample_639,27.216639,88.392361,block_54_176,1
sample_640,27.221778,88.390861,block_54_176,1
sample_641,27.220917,88.385083,block_54_176,1
sample_642,27.20825,88.387667,block_54_176,1
sample_643,27.212583,88.399333,block_54_176,1
sample_644,27.202417,88.391583,block_54_176,1
sample_645,27.195722,88.387472,block_54_176,1
sample_646,27.18175,88.395778,block_54_176,1
sample_647,27.189222,88.391056,block_54_176,1
sample_648,27.166611,88.417528,block_54_176,1
sample_649,27.158417,88.420139,block_54_176,1
sample_650,27.160194,88.415056,block_54_176,1
sample_651,27.153083,88.412056,block_54_176,1
sample_652,27.16375,88.406417,block_54_176,1
sample_653,27.177056,88.402611,block_54_176,1
sample_654,27.166528,88.401333,block_54_176,1
sample_655,27.172444,88.386972,block_54_176,1
sample_656,27.172333,88.381444,block_54_176,1
sample_657,27.168167,88.384556,block_54_176,1
sample_658,27.16275,88.383306,block_54_176,1
sample_659,27.155306,88.390278,block_54_176,1
sample_660,27.133722,88.390833,block_54_176,1
sample_661,27.131528,88.384417,block_54_176,1
sample_662,27.137694,88.401556,block_54_176,1
sample_663,27.130056,88.412944,block_54_176,1
sample_664,27.133583,88.404583,block_54_176,1
sample_665,27.128694,88.442778,block_54_176,1
sample_666,27.150778,88.4385,block_54_176,1
sample_667,27.15625,88.430722,block_54_176,1
sample_668,27.165833,88.436667,block_54_176,1
sample_669,27.165,88.444444,block_54_176,1
sample_670,27.159194,88.444361,block_54_176,1
sample_671,27.154722,88.443056,block_54_176,1
sample_672,27.163556,88.458833,block_54_176,1
sample_673,27.174389,88.452028,block_54_176,1
sample_674,27.169583,88.462361,block_54_176,1
sample_675,27.158583,88.466306,block_54_176,1
sample_676,27.102,88.458667,block_54_176,1
sample_677,27.106694,88.449389,block_54_176,1
sample_678,27.106944,88.43375,block_54_176,1
sample_679,27.096444,88.433375,block_54_176,1
sample_680,27.08275,88.434778,block_54_176,1
sample_681,27.084722,88.443833,block_54_176,1
sample_682,27.093278,88.457444,block_54_176,1
sample_683,27.098417,88.400167,block_54_176,1
sample_684,27.087667,88.416528,block_54_176,1
sample_685,27.090944,88.406833,block_54_176,1
sample_686,27.103111,88.402722,block_54_176,1
sample_687,27.101194,88.394611,block_54_176,1
sample_688,27.125528,88.384556,block_54_176,1
sample_689,27.107417,88.363139,block_54_176,1
sample_690,27.101083,88.3615,block_54_176,1
sample_691,27.122611,88.343389,block_54_176,1
sample_692,27.110583,88.340472,block_54_176,1
sample_693,27.097833,88.3785,block_54_176,1
sample_694,27.1175556,88.3236667,block_54_176,1
sample_695,27.123889,88.319778,block_54_176,1
sample_696,27.12825,88.292194,block_54_176,1
sample_697,27.127194,88.308306,block_54_176,1
sample_698,27.145444,88.305694,block_54_176,1
sample_699,27.151028,88.309889,block_54_176,1
sample_700,27.159472,88.300028,block_54_176,1
sample_701,27.157694,88.306806,block_54_176,1
sample_702,27.155028,88.319556,block_54_176,1
sample_703,27.159639,88.318889,block_54_176,1
sample_704,27.144167,88.311083,block_54_176,1
sample_705,27.126444,88.340444,block_54_176,1
sample_706,27.133806,88.342778,block_54_176,1
sample_707,27.149722,88.348333,block_54_176,1
sample_708,27.126306,88.378667,block_54_176,1
sample_709,27.134306,88.370528,block_54_176,1
sample_710,27.139944,88.368167,block_54_176,1
sample_711,27.145056,88.370778,block_54_176,1
sample_712,27.159972,88.379083,block_54_176,1
sample_713,27.172228,88.372,block_54_176,1
sample_714,27.177167,88.369611,block_54_176,1
sample_715,27.171139,88.354611,block_54_176,1
sample_716,27.158,88.347972,block_54_176,1
sample_717,27.200861,88.340861,block_54_176,1
sample_718,27.199028,88.350417,block_54_176,1
sample_719,27.2215,88.370667,block_54_176,1
sample_720,27.221444,88.376167,block_54_176,1
sample_721,27.2179444,88.3180833,block_54_176,1
sample_722,27.204694,88.32375,block_54_176,1
sample_723,27.213556,88.321833,block_54_176,1
sample_724,27.191639,88.325861,block_54_176,1
sample_725,27.1848056,88.3168333,block_54_176,1
sample_726,27.181222,88.309528,block_54_176,1
sample_727,27.191917,88.2885,block_54_176,1
sample_728,27.226556,88.308861,block_54_176,1
sample_729,27.222917,88.281972,block_54_176,1
sample_730,27.219917,88.276306,block_54_176,1
sample_731,27.220306,88.261861,block_54_176,1
sample_732,27.20175,88.268194,block_54_176,1
sample_733,27.1545,88.275667,block_54_176,1
sample_734,27.129861,88.266222,block_54_176,1
sample_735,27.171083,88.245417,block_54_176,1
sample_736,27.167972,88.224778,block_54_176,1
sample_737,27.1645,88.228444,block_54_176,1
sample_738,27.156944,88.230778,block_54_176,1
sample_739,27.141,88.211194,block_54_176,1
sample_740,27.164472,88.213889,block_54_176,1
sample_741,27.185944,88.197944,block_54_176,1
sample_742,27.197111,88.208722,block_54_176,1
sample_743,27.186611,88.206278,block_54_176,1
sample_744,27.219444,88.234361,block_54_176,1
sample_745,27.225556,88.240333,block_54_176,1
sample_746,27.2275,88.220278,block_54_176,1
sample_747,27.2195,88.210222,block_54_176,1
sample_748,27.216361,88.199667,block_54_176,1
sample_749,27.181167,88.192028,block_54_176,1
sample_750,27.166278,88.144333,block_54_176,1
sample_751,27.158056,88.141528,block_54_176,1
sample_752,27.144056,88.127361,block_54_176,1
sample_753,27.128694,88.141639,block_54_176,1
sample_754,27.128333,88.148833,block_54_176,1
sample_755,27.171639,88.159333,block_54_176,1
sample_756,27.165333,88.162028,block_54_176,1
sample_757,27.157361,88.171667,block_54_176,1
sample_758,27.152722,88.190833,block_54_176,1
sample_759,27.149972,88.184222,block_54_176,1
sample_760,27.142028,88.172139,block_54_176,1
sample_761,27.141944,88.180222,block_54_176,1
sample_762,27.1205,88.152722,block_54_176,1
sample_763,27.121611,88.145528,block_54_176,1
sample_764,27.122,88.139889,block_54_176,1
sample_765,27.123833,88.225333,block_54_176,1
sample_766,27.121611,88.237,block_54_176,1
sample_767,27.149889,88.096861,block_54_176,1
sample_768,27.157861,88.090194,block_54_176,1
sample_769,27.158222,88.100361,block_54_176,1
sample_770,27.161,88.094306,block_54_176,1
sample_771,27.173861,88.092111,block_54_176,1
sample_772,27.170833,88.086361,block_54_176,1
sample_773,27.1889167,88.0604722,block_54_176,1
sample_774,27.295444,88.094583,block_54_176,1
sample_775,27.294889,88.079944,block_54_176,1
sample_776,27.289861,88.084389,block_54_176,1
sample_777,27.280889,88.084333,block_54_176,1
sample_778,27.27575,88.084972,block_54_176,1
sample_779,27.269917,88.077111,block_54_176,1
sample_780,27.248583,88.117444,block_54_176,1
sample_781,27.270667,88.142056,block_54_176,1
sample_782,27.258889,88.145611,block_54_176,1
sample_783,27.254389,88.145306,block_54_176,1
sample_784,27.246944,88.184833,block_54_176,1
sample_785,27.251722,88.182972,block_54_176,1
sample_786,27.252139,88.176944,block_54_176,1
sample_787,27.260167,88.171889,block_54_176,1
sample_788,27.27,88.179944,block_54_176,1
sample_789,27.270056,88.174444,block_54_176,1
sample_790,27.27075,88.167417,block_54_176,1
sample_791,27.257361,88.165333,block_54_176,1
sample_792,27.255861,88.156139,block_54_176,1
sample_793,27.281444,88.187833,block_54_176,1
sample_794,27.283444,88.192639,block_54_176,1
sample_795,27.304028,88.178806,block_54_176,1
sample_796,27.315778,88.178944,block_54_176,1
sample_797,27.313722,88.189917,block_54_176,1
sample_798,27.31892,88.16222,block_54_176,1
sample_799,27.282667,88.108278,block_54_176,1
sample_800,27.288444,88.102667,block_54_176,1
sample_801,27.29525,88.102694,block_54_176,1
sample_802,27.347278,88.196833,block_54_176,1
sample_803,27.335,88.206722,block_54_176,1
sample_804,27.333333,88.212972,block_54_176,1
sample_805,27.342,88.223722,block_54_176,1
sample_806,27.3515,88.273028,block_54_176,1
sample_807,27.2810278,88.2673611,block_54_176,1
sample_808,27.2853611,88.2490278,block_54_176,1
sample_809,27.2951944,88.2500278,block_54_176,1
sample_810,27.320611,88.219611,block_54_176,1
sample_811,27.326444,88.219,block_54_176,1
sample_812,27.324944,88.213861,block_54_176,1
sample_813,27.30675,88.199083,block_54_176,1
sample_814,27.285,88.197583,block_54_176,1
sample_815,27.281028,88.227667,block_54_176,1
sample_816,27.301972,88.218778,block_54_176,1
sample_817,27.260861,88.233278,block_54_176,1
sample_818,27.261778,88.197194,block_54_176,1
sample_819,27.258778,88.202639,block_54_176,1
sample_820,27.253889,88.210028,block_54_176,1
sample_821,27.245028,88.226861,block_54_176,1
sample_822,27.241333,88.233972,block_54_176,1
sample_823,27.236889,88.235917,block_54_176,1
sample_824,27.233194,88.246361,block_54_176,1
sample_825,27.258306,88.245306,block_54_176,1
sample_826,27.275917,88.254278,block_54_176,1
sample_827,27.2727778,88.28,block_54_176,1
sample_828,27.252167,88.272778,block_54_176,1
sample_829,27.243806,88.2725,block_54_176,1
sample_830,27.2375833,88.2983056,block_54_176,1
sample_831,27.2502222,88.3019444,block_54_176,1
sample_832,27.237917,88.30475,block_54_176,1
sample_833,27.230583,88.306056,block_54_176,1
sample_834,27.239972,88.332778,block_54_176,1
sample_835,27.242139,88.327389,block_54_176,1
sample_836,27.2755,88.308056,block_54_176,1
sample_837,27.27325,88.303417,block_54_176,1
sample_838,27.257194,88.305444,block_54_176,1
sample_839,27.2633889,88.2926667,block_54_176,1
sample_840,27.293417,88.294917,block_54_176,1
sample_841,27.306861,88.368444,block_54_176,1
sample_842,27.306806,88.375194,block_54_176,1
sample_843,27.28425,88.370056,block_54_176,1
sample_844,27.263194,88.377139,block_54_176,1
sample_845,27.242917,88.354417,block_54_176,1
sample_846,27.244056,88.348056,block_54_176,1
sample_847,27.233667,88.348389,block_54_176,1
sample_848,27.237889,88.346444,block_54_176,1
sample_849,27.232639,88.378417,block_54_176,1
sample_850,27.251417,88.3845,block_54_176,1
sample_851,27.254917,88.390889,block_54_176,1
sample_852,27.26,88.381361,block_54_176,1
sample_853,27.273083,88.389528,block_54_176,1
sample_854,27.273861,88.398722,block_54_176,1
sample_855,27.255167,88.396944,block_54_176,1
sample_856,27.257417,88.418889,block_54_176,1
sample_857,27.235861,88.433167,block_54_176,1
sample_858,27.262056,88.4305,block_54_176,1
sample_859,27.271583,88.430389,block_54_176,1
sample_860,27.279889,88.436472,block_54_176,1
sample_861,27.303083,88.433167,block_54_176,1
sample_862,27.314694,88.417917,block_54_176,1
sample_863,27.29975,88.419778,block_54_176,1
sample_864,27.282,88.415028,block_54_176,1
sample_865,27.297139,88.388472,block_54_176,1
sample_866,27.330917,88.450528,block_54_176,1
sample_867,27.366944,88.449806,block_54_176,1
sample_868,27.369778,88.456833,block_54_176,1
sample_869,27.397389,88.356139,block_54_176,1
sample_870,27.379639,88.315361,block_54_176,1
sample_871,27.3955,88.306889,block_54_176,1
sample_872,27.383611,88.305806,block_54_176,1
sample_873,27.389222,88.310972,block_54_176,1
sample_874,27.399806,88.329139,block_54_176,1
sample_875,28.5279444,94.3094444,block_57_188,1
sample_876,28.242389,94.220861,block_56_188,1
sample_877,28.22675,94.225111,block_56_188,1
sample_878,28.1339633,94.6119526,block_56_189,1
sample_879,28.1342381,94.6201327,block_56_189,1
sample_880,28.1377619,94.6243098,block_56_189,1
sample_881,28.1922168,94.7139267,block_56_189,1
sample_882,28.310626,94.6756367,block_56_189,1
sample_883,28.3555012,94.6795438,block_56_189,1
sample_884,28.4273929,94.674582,block_56_189,1
sample_885,28.4430155,94.6647954,block_56_189,1
sample_886,28.4400822,94.6691303,block_56_189,1
sample_887,28.543178,94.6339911,block_57_189,1
sample_888,28.5354742,94.597063,block_57_189,1
sample_889,28.4556549,94.6802821,block_56_189,1
sample_890,28.506306,94.873361,block_57_189,1
sample_891,28.7824261,94.8105464,block_57_189,1
sample_892,28.810126,94.7855078,block_57_189,1
sample_893,28.8168817,94.7910322,block_57_189,1
sample_894,28.7932795,94.848477,block_57_189,1
sample_895,28.8000828,94.8422653,block_57_189,1
sample_896,28.7879368,94.8200977,block_57_189,1
sample_897,28.7626613,94.8601379,block_57_189,1
sample_898,28.7794083,94.8593273,block_57_189,1
sample_899,28.8300966,94.8747146,block_57_189,1
sample_900,28.7293711,94.9201201,block_57_189,1
sample_901,28.7549279,94.8953999,block_57_189,1
sample_902,28.7440777,94.8697604,block_57_189,1
sample_903,28.6938375,94.9737835,block_57_189,1
sample_904,28.6947785,95.0018872,block_57_190,1
sample_905,28.7067482,94.9852983,block_57_189,1
sample_906,28.7201868,94.9716364,block_57_189,1
sample_907,28.7231657,94.9596872,block_57_189,1
sample_908,28.605528,95.105528,block_57_190,1
sample_909,28.615028,95.053306,block_57_190,1
sample_910,28.619917,95.057583,block_57_190,1
sample_911,28.614667,95.063611,block_57_190,1
sample_912,28.609361,95.088583,block_57_190,1
sample_913,28.633861,95.023806,block_57_190,1
sample_914,28.632361,95.037917,block_57_190,1
sample_915,28.639389,95.033639,block_57_190,1
sample_916,28.622722,95.043528,block_57_190,1
sample_917,28.626972,95.035722,block_57_190,1
sample_918,28.531528,95.050417,block_57_190,1
sample_919,28.550472,95.06325,block_57_190,1
sample_920,28.2600512,94.9847516,block_56_189,1
sample_921,28.2659628,94.9834639,block_56_189,1
sample_922,28.2802461,94.9538964,block_56_189,1
sample_923,28.2740188,94.9624957,block_56_189,1
sample_924,28.3425509,94.9871358,block_56_189,1
sample_925,28.3353763,94.9565085,block_56_189,1
sample_926,28.2822996,94.8630312,block_56_189,1
sample_927,28.3037715,94.9487273,block_56_189,1
sample_928,28.287317,94.9476514,block_56_189,1
sample_929,28.235361,94.933333,block_56_189,1
sample_930,28.232472,94.914889,block_56_189,1
sample_931,28.225583,94.889167,block_56_189,1
sample_932,28.226722,94.895611,block_56_189,1
sample_933,28.228528,94.904278,block_56_189,1
sample_934,28.208389,94.830667,block_56_189,1
sample_935,28.202667,94.828417,block_56_189,1
sample_936,28.16425,94.792417,block_56_189,1
sample_937,28.141139,94.786583,block_56_189,1
sample_938,28.133778,94.788,block_56_189,1
sample_939,28.192444,94.984917,block_56_189,1
sample_940,28.237361,94.954808,block_56_189,1
sample_941,28.234833,94.972278,block_56_189,1
sample_942,28.174806,95.025111,block_56_190,1
sample_943,28.131694,95.136186,block_56_190,1
sample_944,28.133611,95.11125,block_56_190,1
sample_945,28.135056,95.145444,block_56_190,1
sample_946,28.093514,95.2725261,block_56_190,1
sample_947,28.0972849,95.2800303,block_56_190,1
sample_948,28.0996469,95.2856704,block_56_190,1
sample_949,28.1039023,95.2794603,block_56_190,1
sample_950,28.1423041,95.2881256,block_56_190,1
sample_951,28.1400499,95.2665915,block_56_190,1
sample_952,28.1388108,95.2548212,block_56_190,1
sample_953,28.1172219,95.2730752,block_56_190,1
sample_954,28.1131193,95.2709376,block_56_190,1
sample_955,28.1016924,95.271861,block_56_190,1
sample_956,28.1063583,95.2685915,block_56_190,1
sample_957,28.1425,95.239194,block_56_190,1
sample_958,28.169611,95.240639,block_56_190,1
sample_959,28.1507408,95.2751223,block_56_190,1
sample_960,28.1458475,95.2736864,block_56_190,1
sample_961,28.1478702,95.2799868,block_56_190,1
sample_962,28.199389,95.230278,block_56_190,1
sample_963,28.213028,95.232528,block_56_190,1
sample_964,28.1945,95.227917,block_56_190,1
sample_965,28.175556,95.221861,block_56_190,1
sample_966,28.181139,95.225944,block_56_190,1
sample_967,28.169583,95.223917,block_56_190,1
sample_968,28.147806,95.224833,block_56_190,1
sample_969,28.153028,95.218294,block_56_190,1
sample_970,28.154111,95.181694,block_56_190,1
sample_971,28.266889,95.21425,block_56_190,1
sample_972,28.272,95.208417,block_56_190,1
sample_973,28.291556,95.199111,block_56_190,1
sample_974,28.2805,95.201556,block_56_190,1
sample_975,28.3105,95.197472,block_56_190,1
sample_976,28.301694,95.195361,block_56_190,1
sample_977,28.322889,95.203694,block_56_190,1
sample_978,28.366417,95.221194,block_56_190,1
sample_979,28.399111,95.241361,block_56_190,1
sample_980,28.386722,95.240833,block_56_190,1
sample_981,28.378694,95.230667,block_56_190,1
sample_982,28.384833,95.233806,block_56_190,1
sample_983,28.402417,95.245944,block_56_190,1
sample_984,28.412722,95.247722,block_56_190,1
sample_985,28.1657115,95.4620799,block_56_190,1
sample_986,28.1818344,95.4698277,block_56_190,1
sample_987,28.1756586,95.4708043,block_56_190,1
sample_988,28.1792619,95.4770679,block_56_190,1
sample_989,28.1865818,95.4711257,block_56_190,1
sample_990,28.1631701,95.450433,block_56_190,1
sample_991,28.1624967,95.4412438,block_56_190,1
sample_992,28.1679816,95.4317645,block_56_190,1
sample_993,28.227891,95.5410824,block_56_191,1
sample_994,28.2377158,95.5356107,block_56_191,1
sample_995,28.2429691,95.5375489,block_56_191,1
sample_996,28.192581,95.8040848,block_56_191,1
sample_997,28.1734339,95.8366046,block_56_191,1
sample_998,28.2410406,95.8663868,block_56_191,1
sample_999,28.2238255,95.8291046,block_56_191,1
sample_1000,28.2018378,95.8120041,block_56_191,1
sample_1001,28.2076993,95.809197,block_56_191,1
sample_1002,28.2199758,95.7990651,block_56_191,1
sample_1003,28.2150143,95.799764,block_56_191,1
sample_1004,28.2090177,95.8034798,block_56_191,1
sample_1005,28.2169968,95.7905845,block_56_191,1
sample_1006,28.2450156,95.7736296,block_56_191,1
sample_1007,28.240442,95.7742006,block_56_191,1
sample_1008,28.2341994,95.7770372,block_56_191,1
sample_1009,28.2298091,95.7798548,block_56_191,1
sample_1010,28.3090022,95.7547021,block_56_191,1
sample_1011,28.3383605,95.7817151,block_56_191,1
sample_1012,28.3275454,95.7839233,block_56_191,1
sample_1013,28.3222496,95.7802953,block_56_191,1
sample_1014,28.2917033,95.7761798,block_56_191,1
sample_1015,28.2595235,95.7803358,block_56_191,1
sample_1016,28.2521763,95.7757967,block_56_191,1
sample_1017,28.2525069,95.7817412,block_56_191,1
sample_1018,28.2668074,95.789109,block_56_191,1
sample_1019,28.2777163,95.7893585,block_56_191,1
sample_1020,28.2892535,95.7854682,block_56_191,1
sample_1021,28.2974764,95.7910162,block_56_191,1
sample_1022,28.3352486,95.7884645,block_56_191,1
sample_1023,28.3303358,95.7943128,block_56_191,1
sample_1024,28.4342922,95.8761057,block_56_191,1
sample_1025,28.4484282,95.8553033,block_56_191,1
sample_1026,28.4388978,95.8500901,block_56_191,1
sample_1027,28.2667952,95.6072609,block_56_191,1
sample_1028,28.262989,95.5993205,block_56_191,1
sample_1029,28.255261,95.5826127,block_56_191,1
sample_1030,28.2550593,95.5769961,block_56_191,1
sample_1031,28.2658034,95.5708921,block_56_191,1
sample_1032,28.2643314,95.5657979,block_56_191,1
sample_1033,28.2595606,95.5689646,block_56_191,1
sample_1034,28.2672162,95.5595419,block_56_191,1
sample_1035,28.2677262,95.5514771,block_56_191,1
sample_1036,28.2628789,95.5519111,block_56_191,1
sample_1037,28.258122,95.5520904,block_56_191,1
sample_1038,28.2511385,95.5501099,block_56_191,1
sample_1039,28.2465116,95.541646,block_56_191,1
sample_1040,28.4972944,95.8270439,block_56_191,1
sample_1041,28.4740934,95.8474228,block_56_191,1
sample_1042,28.4694812,95.8499507,block_56_191,1
sample_1043,28.4649363,95.8523116,block_56_191,1
sample_1044,28.4577753,95.8534888,block_56_191,1
sample_1045,28.4729659,95.8572416,block_56_191,1
sample_1046,28.4894919,95.8454591,block_56_191,1
sample_1047,28.4767224,95.841356,block_56_191,1
sample_1048,28.4811081,95.8383168,block_56_191,1
sample_1049,28.4905186,95.8323007,block_56_191,1
sample_1050,28.6251144,95.8527034,block_57_191,1
sample_1051,28.609263,95.8568776,block_57_191,1
sample_1052,28.6068043,95.8640875,block_57_191,1
sample_1053,28.6158931,95.8599141,block_57_191,1
sample_1054,28.6215933,95.8559984,block_57_191,1
sample_1055,28.6282076,95.8564703,block_57_191,1
sample_1056,28.6383363,95.8563306,block_57_191,1
sample_1057,28.7609374,95.8656494,block_57_191,1
sample_1058,28.7724729,95.8679206,block_57_191,1
sample_1059,28.7759178,95.8742957,block_57_191,1
sample_1060,28.8460669,95.8659217,block_57_191,1
sample_1061,28.8564095,95.8598724,block_57_191,1
sample_1062,28.852213,95.8639075,block_57_191,1
sample_1063,28.452528,95.239333,block_56_190,1
sample_1064,28.470167,95.233333,block_56_190,1
sample_1065,28.4875,95.213417,block_56_190,1
sample_1066,28.484056,95.207056,block_56_190,1
sample_1067,28.4915,95.202944,block_56_190,1
sample_1068,28.497917,95.191639,block_56_190,1
sample_1069,28.509,95.177639,block_57_190,1
sample_1070,28.514083,95.178278,block_57_190,1
sample_1071,28.522806,95.172639,block_57_190,1
sample_1072,28.527722,95.173556,block_57_190,1
sample_1073,28.540139,95.168667,block_57_190,1
sample_1074,28.550694,95.158333,block_57_190,1
sample_1075,28.560139,95.149472,block_57_190,1
sample_1076,28.56525,95.148333,block_57_190,1
sample_1077,28.568694,95.143556,block_57_190,1
sample_1078,28.963981,95.808627,block_57_191,1
sample_1079,28.937833,95.8206611,block_57_191,1
sample_1080,28.8715557,95.852732,block_57_191,1
sample_1081,28.8782599,95.8471562,block_57_191,1
sample_1082,28.863017,95.8567034,block_57_191,1
sample_1083,28.8749388,95.9819108,block_57_191,1
sample_1084,28.8680369,95.9833984,block_57_191,1
sample_1085,28.8360831,95.9638055,block_57_191,1
sample_1086,28.8092445,95.92821,block_57_191,1
sample_1087,28.8225246,95.9341504,block_57_191,1
sample_1088,28.8316188,95.8829487,block_57_191,1
sample_1089,28.8303158,95.8778425,block_57_191,1
sample_1090,28.8235578,95.8829664,block_57_191,1
sample_1091,28.8270692,95.9224996,block_57_191,1
sample_1092,28.8174766,95.9221813,block_57_191,1
sample_1093,28.7842314,95.9061882,block_57_191,1
sample_1094,28.7853906,95.8927065,block_57_191,1
sample_1095,28.7896466,95.8949647,block_57_191,1
sample_1096,28.7753806,95.8983822,block_57_191,1
sample_1097,28.7746229,95.8908604,block_57_191,1
sample_1098,28.3595535,95.9485761,block_56_191,1
sample_1099,28.3145808,95.966345,block_56_191,1
sample_1100,28.3096763,95.9674535,block_56_191,1
sample_1101,28.3099746,95.9529094,block_56_191,1
sample_1102,28.3173097,95.9567178,block_56_191,1
sample_1103,28.2966675,95.9228198,block_56_191,1
sample_1104,28.2864469,95.9208365,block_56_191,1
sample_1105,28.2559666,95.907144,block_56_191,1
sample_1106,28.26053,95.9045558,block_56_191,1
sample_1107,28.2713799,95.9060603,block_56_191,1
sample_1108,28.3088414,95.9732383,block_56_191,1
sample_1109,28.3098401,95.9840845,block_56_191,1
sample_1110,28.3154837,95.9821815,block_56_191,1
sample_1111,28.3127945,95.9765403,block_56_191,1
sample_1112,28.2422137,95.9235564,block_56_191,1
sample_1113,28.2449662,95.9148721,block_56_191,1
sample_1114,28.2374245,95.8978232,block_56_191,1
sample_1115,28.2386916,95.8926807,block_56_191,1
sample_1116,28.2434605,95.8940491,block_56_191,1
sample_1117,28.2463037,95.8890372,block_56_191,1
sample_1118,28.31658,96.61508,block_56_193,1
sample_1119,28.31211,96.61719,block_56_193,1
sample_1120,28.27378,96.57031,block_56_193,1
sample_1121,28.2625,96.5465,block_56_193,1
sample_1122,28.25203,96.54264,block_56_193,1
sample_1123,28.26814,96.55728,block_56_193,1
sample_1124,28.26522,96.57889,block_56_193,1
sample_1125,28.28386,96.58275,block_56_193,1
sample_1126,28.28778,96.57928,block_56_193,1
sample_1127,28.14531,96.54897,block_56_193,1
sample_1128,28.15292,96.53858,block_56_193,1
sample_1129,28.16206,96.53061,block_56_193,1
sample_1130,28.16939,96.52578,block_56_193,1
sample_1131,28.18439,96.53453,block_56_193,1
sample_1132,28.20867,96.53222,block_56_193,1
sample_1133,28.21483,96.53911,block_56_193,1
sample_1134,28.19597,96.53733,block_56_193,1
sample_1135,28.22328,96.55303,block_56_193,1
sample_1136,28.22408,96.55872,block_56_193,1
sample_1137,28.23153,96.54272,block_56_193,1
sample_1138,28.22797,96.54606,block_56_193,1
sample_1139,28.22381,96.53644,block_56_193,1
sample_1140,28.23969,96.52778,block_56_193,1
sample_1141,28.1063206,96.4472446,block_56_192,1
sample_1142,28.1002438,96.4481729,block_56_192,1
sample_1143,28.0943592,96.4530578,block_56_192,1
sample_1144,28.0801507,96.472541,block_56_192,1
sample_1145,28.084252,96.4596724,block_56_192,1
sample_1146,28.0825756,96.4648692,block_56_192,1
sample_1147,28.0895494,96.4578177,block_56_192,1
sample_1148,28.06006,96.44636,block_56_192,1
sample_1149,28.05989,96.46281,block_56_192,1
sample_1150,28.06131,96.49256,block_56_192,1
sample_1151,28.06244,96.49775,block_56_192,1
sample_1152,28.05997,96.48664,block_56_192,1
sample_1153,28.06964,96.50025,block_56_193,1
sample_1154,28.08061,96.51294,block_56_193,1
sample_1155,28.08019,96.54483,block_56_193,1
sample_1156,28.09311,96.53622,block_56_193,1
sample_1157,28.10714,96.54489,block_56_193,1
sample_1158,28.11594,96.54689,block_56_193,1
sample_1159,28.01661,96.44172,block_56_192,1
sample_1160,28.0234911,96.4409724,block_56_192,1
sample_1161,28.00611,96.42872,block_56_192,1
sample_1162,27.98728,96.41208,block_55_192,1
sample_1163,27.96325,96.40097,block_55_192,1
sample_1164,27.95603,96.40267,block_55_192,1
sample_1165,27.94903,96.39158,block_55_192,1
sample_1166,27.95672,96.39697,block_55_192,1
sample_1167,27.968,96.39822,block_55_192,1
sample_1168,27.98333,96.40433,block_55_192,1
sample_1169,27.91647,96.33161,block_55_192,1
sample_1170,27.91669,96.33833,block_55_192,1
sample_1171,27.87825,96.36614,block_55_192,1
sample_1172,27.87469,96.35986,block_55_192,1
sample_1173,27.90467,96.35917,block_55_192,1
sample_1174,27.90475,96.34811,block_55_192,1
sample_1175,27.91164,96.34269,block_55_192,1
sample_1176,27.93967,96.38097,block_55_192,1
sample_1177,27.89311,96.36336,block_55_192,1
sample_1178,27.4587677,96.4400935,block_54_192,1
sample_1179,27.4498067,96.4444664,block_54_192,1
sample_1180,27.447181,96.4398646,block_54_192,1
sample_1181,27.4606561,96.4121773,block_54_192,1
sample_1182,27.4678487,96.4096156,block_54_192,1
sample_1183,27.4607311,96.41975,block_54_192,1
sample_1184,27.4766137,96.4085436,block_54_192,1
sample_1185,27.4791411,96.403435,block_54_192,1
sample_1186,27.3055274,96.2248311,block_54_192,1
sample_1187,27.3159043,96.1834896,block_54_192,1
sample_1188,27.3133434,96.171327,block_54_192,1
sample_1189,27.3090119,96.1584949,block_54_192,1
sample_1190,27.2829209,96.1221927,block_54_192,1
sample_1191,27.3029486,96.154621,block_54_192,1
sample_1192,27.2881255,96.0758984,block_54_192,1
sample_1193,27.29268,96.0240491,block_54_192,1
sample_1194,27.2989717,96.046398,block_54_192,1
sample_1195,27.2686841,96.0407512,block_54_192,1
sample_1196,27.2739992,95.9755057,block_54_191,1
sample_1197,27.287855,95.9779136,block_54_191,1
sample_1198,27.2997444,95.9870916,block_54_191,1
sample_1199,27.2962232,96.0136747,block_54_192,1
sample_1200,27.3001876,96.0108377,block_54_192,1
sample_1201,27.2977753,96.0023144,block_54_192,1
sample_1202,27.3009454,95.9928377,block_54_191,1
sample_1203,27.2755422,95.9658588,block_54_191,1
sample_1204,27.2575809,95.936353,block_54_191,1
sample_1205,28.013167,95.239333,block_56_190,1
sample_1206,28.0256109,95.2711788,block_56_190,1
sample_1207,28.033278,95.235383,block_56_190,1
sample_1208,27.452833,95.239,block_54_190,1
sample_1209,27.459167,95.233639,block_54_190,1
sample_1210,27.188551,95.7035817,block_54_191,1
sample_1211,27.1902951,95.7163166,block_54_191,1
sample_1212,27.1877672,95.732008,block_54_191,1
sample_1213,27.1786946,95.7352176,block_54_191,1
sample_1214,27.1329333,95.7098027,block_54_191,1
sample_1215,27.1448,95.7425659,block_54_191,1
sample_1216,27.1633883,95.7466848,block_54_191,1
sample_1217,27.1756058,95.749935,block_54_191,1
sample_1218,27.1720655,95.7545462,block_54_191,1
sample_1219,27.1618576,95.757717,block_54_191,1
sample_1220,27.1588372,95.7503033,block_54_191,1
sample_1221,27.1538255,95.7754498,block_54_191,1
sample_1222,27.1501272,95.7802083,block_54_191,1
sample_1223,27.1257669,95.7455847,block_54_191,1
sample_1224,27.1155451,95.7333368,block_54_191,1
sample_1225,27.0893938,95.729849,block_54_191,1
sample_1226,27.0937545,95.731806,block_54_191,1
sample_1227,27.0610995,95.7210236,block_54_191,1
sample_1228,27.0571912,95.7168829,block_54_191,1
sample_1229,27.0683584,95.7253063,block_54_191,1
sample_1230,27.0438834,95.7282196,block_54_191,1
sample_1231,27.0399142,95.7328203,block_54_191,1
sample_1232,26.8858961,95.5620132,block_53_191,1
sample_1233,26.8975016,95.5426123,block_53_191,1
sample_1234,26.9042937,95.5493132,block_53_191,1
sample_1235,26.9198227,95.5454211,block_53_191,1
sample_1236,26.9392324,95.5209942,block_53_191,1
sample_1237,26.9521733,95.5194019,block_53_191,1
sample_1238,27.0193788,95.5558989,block_54_191,1
sample_1239,26.9843184,95.5104695,block_53_191,1
sample_1240,27.0321238,95.5622082,block_54_191,1
sample_1241,27.0363388,95.5646771,block_54_191,1
sample_1242,27.0462518,95.5920836,block_54_191,1
sample_1243,27.0618449,95.6142118,block_54_191,1
sample_1244,27.0722055,95.6340209,block_54_191,1
sample_1245,27.1224083,95.6787184,block_54_191,1
sample_1246,27.1152465,95.6709647,block_54_191,1
sample_1247,27.1228724,95.6725462,block_54_191,1
sample_1248,27.1057476,95.6541763,block_54_191,1
sample_1249,27.1026253,95.6456312,block_54_191,1
sample_1250,27.0997068,95.6410746,block_54_191,1
sample_1251,27.0959686,95.6348715,block_54_191,1
sample_1252,27.0791758,95.6380227,block_54_191,1
sample_1253,27.1292201,95.684101,block_54_191,1
sample_1254,27.1311289,95.689613,block_54_191,1
sample_1255,26.8496241,95.3208778,block_53_190,1
sample_1256,26.9044448,95.3603989,block_53_190,1
sample_1257,26.8785904,95.3523402,block_53_190,1
sample_1258,26.8818812,95.3330274,block_53_190,1
sample_1259,26.9434327,95.385986,block_53_190,1
sample_1260,26.936043,95.370996,block_53_190,1
sample_1261,26.9352904,95.3769596,block_53_190,1
sample_1262,26.9256967,95.3714482,block_53_190,1
sample_1263,26.9767305,95.4231035,block_53_190,1
sample_1264,26.9949417,95.4745906,block_53_190,1
sample_1265,26.9946178,95.4868179,block_53_190,1
sample_1266,26.7999291,95.3095334,block_53_190,1
sample_1267,26.7364938,95.2618219,block_53_190,1
sample_1268,26.678833,95.19475,block_53_190,1
sample_1269,26.693167,95.17475,block_53_190,1
sample_1270,26.666778,95.200833,block_53_190,1
sample_1271,27.2269006,95.9053933,block_54_191,1
sample_1272,26.413056,95.048278,block_52_190,1
sample_1273,26.3765,95.011139,block_52_190,1
sample_1274,26.37175,95.000806,block_52_190,1
sample_1275,26.379361,95.003444,block_52_190,1
sample_1276,26.40908,94.96308,block_52_189,1
sample_1277,26.40653,94.95814,block_52_189,1
sample_1278,26.212028,95.000417,block_52_190,1
sample_1279,26.216861,95.002889,block_52_190,1
sample_1280,26.21475,95.010667,block_52_190,1
sample_1281,26.226028,95.043389,block_52_190,1
sample_1282,26.223,95.033417,block_52_190,1
sample_1283,26.229389,95.051694,block_52_190,1
sample_1284,26.24325,95.073167,block_52_190,1
sample_1285,26.259083,95.085972,block_52_190,1
sample_1286,26.251778,95.072111,block_52_190,1
sample_1287,26.240556,95.065694,block_52_190,1
sample_1288,26.239056,95.058194,block_52_190,1
sample_1289,26.242944,95.048417,block_52_190,1
sample_1290,26.26175,95.103444,block_52_190,1
sample_1291,26.257028,95.099528,block_52_190,1
sample_1292,26.172472,95.048583,block_52_190,1
sample_1293,26.163778,95.056722,block_52_190,1
sample_1294,26.114861,95.052417,block_52_190,1
sample_1295,26.122694,95.076861,block_52_190,1
sample_1296,26.041611,95.075806,block_52_190,1
sample_1297,26.045083,95.054833,block_52_190,1
sample_1298,26.074,95.083833,block_52_190,1
sample_1299,26.073167,95.0785,block_52_190,1
sample_1300,26.10325,95.060361,block_52_190,1
sample_1301,26.094083,95.043389,block_52_190,1
sample_1302,26.093083,95.036278,block_52_190,1
sample_1303,26.068111,95.025972,block_52_190,1
sample_1304,26.081472,95.02625,block_52_190,1
sample_1305,26.064111,95.03975,block_52_190,1
sample_1306,26.066583,95.033361,block_52_190,1
sample_1307,26.132333,95.01675,block_52_190,1
sample_1308,26.112611,95.039028,block_52_190,1
sample_1309,26.176278,95.009889,block_52_190,1
sample_1310,26.165417,95.020444,block_52_190,1
sample_1311,26.167861,95.026694,block_52_190,1
sample_1312,26.169111,95.041361,block_52_190,1
sample_1313,26.175889,95.030472,block_52_190,1
sample_1314,26.173917,95.025556,block_52_190,1
sample_1315,26.197944,95.015972,block_52_190,1
sample_1316,26.202167,95.017889,block_52_190,1
sample_1317,26.196222,95.020722,block_52_190,1
sample_1318,26.160167,94.873417,block_52_189,1
sample_1319,26.166905,94.876367,block_52_189,1
sample_1320,26.182216,94.891382,block_52_189,1
sample_1321,26.17562,94.888105,block_52_189,1
sample_1322,26.110135,94.870921,block_52_189,1
sample_1323,26.02883,94.863993,block_52_189,1
sample_1324,26.027111,94.847806,block_52_189,1
sample_1325,26.18096,94.81309,block_52_189,1
sample_1326,26.197444,94.856955,block_52_189,1
sample_1327,26.185491,94.814241,block_52_189,1
sample_1328,26.190833,94.813722,block_52_189,1
sample_1329,26.205135,94.811625,block_52_189,1
sample_1330,26.234778,94.782333,block_52_189,1
sample_1331,26.210306,94.810333,block_52_189,1
sample_1332,26.214972,94.812056,block_52_189,1
sample_1333,26.226778,94.801583,block_52_189,1
sample_1334,26.233444,94.795278,block_52_189,1
sample_1335,26.235736,94.805011,block_52_189,1
sample_1336,26.251111,94.808889,block_52_189,1
sample_1337,26.260556,94.809444,block_52_189,1
sample_1338,26.275167,94.770472,block_52_189,1
sample_1339,26.273333,94.83,block_52_189,1
sample_1340,26.295278,94.835556,block_52_189,1
sample_1341,26.300556,94.844722,block_52_189,1
sample_1342,26.258889,94.8175,block_52_189,1
sample_1343,26.249,94.819778,block_52_189,1
sample_1344,26.24139,94.82056,block_52_189,1
sample_1345,26.220449,94.898329,block_52_189,1
sample_1346,26.231694,94.941056,block_52_189,1
sample_1347,26.305833,94.875833,block_52_189,1
sample_1348,26.311944,94.877778,block_52_189,1
sample_1349,26.330556,94.875833,block_52_189,1
sample_1350,26.336111,94.866944,block_52_189,1
sample_1351,26.326111,94.866111,block_52_189,1
sample_1352,26.326944,94.896667,block_52_189,1
sample_1353,26.3275,94.917222,block_52_189,1
sample_1354,26.336667,94.9275,block_52_189,1
sample_1355,26.359722,94.935556,block_52_189,1
sample_1356,26.371667,94.943333,block_52_189,1
sample_1357,26.375278,94.936389,block_52_189,1
sample_1358,26.39936,94.94553,block_52_189,1
sample_1359,26.389722,94.920556,block_52_189,1
sample_1360,26.404167,94.870278,block_52_189,1
sample_1361,26.38778,94.82583,block_52_189,1
sample_1362,26.37639,94.84056,block_52_189,1
sample_1363,26.36083,94.84,block_52_189,1
sample_1364,26.326389,94.858056,block_52_189,1
sample_1365,26.317778,94.849722,block_52_189,1
sample_1366,26.34417,94.83333,block_52_189,1
sample_1367,26.372667,94.71375,block_52_189,1
sample_1368,26.27028,94.75,block_52_189,1
sample_1369,26.216456,94.681866,block_52_189,1
sample_1370,26.210043,94.683989,block_52_189,1
sample_1371,26.253611,94.616639,block_52_189,1
sample_1372,26.272361,94.58425,block_52_189,1
sample_1373,26.301694,94.616694,block_52_189,1
sample_1374,26.301639,94.588361,block_52_189,1
sample_1375,26.382806,94.66425,block_52_189,1
sample_1376,26.412694,94.641333,block_52_189,1
sample_1377,26.389556,94.616667,block_52_189,1
sample_1378,26.394222,94.553472,block_52_189,1
sample_1379,26.320861,94.559278,block_52_189,1
sample_1380,26.320806,94.537972,block_52_189,1
sample_1381,26.327972,94.527389,block_52_189,1
sample_1382,26.325861,94.52275,block_52_189,1
sample_1383,26.327167,94.508056,block_52_189,1
sample_1384,26.367056,94.472861,block_52_188,1
sample_1385,26.376,94.463389,block_52_188,1
sample_1386,26.379167,94.44625,block_52_188,1
sample_1387,26.39425,94.444333,block_52_188,1
sample_1388,26.395139,94.451194,block_52_188,1
sample_1389,26.395944,94.460056,block_52_188,1
sample_1390,26.390972,94.438111,block_52_188,1
sample_1391,26.320639,94.398806,block_52_188,1
sample_1392,26.316056,94.403972,block_52_188,1
sample_1393,26.318806,94.453611,block_52_188,1
sample_1394,26.282667,94.475667,block_52_188,1
sample_1395,26.271389,94.453972,block_52_188,1
sample_1396,26.222111,94.419028,block_52_188,1
sample_1397,26.217361,94.419417,block_52_188,1
sample_1398,26.247056,94.479694,block_52_188,1
sample_1399,26.232861,94.472361,block_52_188,1
sample_1400,26.219417,94.477028,block_52_188,1
sample_1401,26.302778,94.505528,block_52_189,1
sample_1402,26.227896,94.55032,block_52_189,1
sample_1403,26.220506,94.550504,block_52_189,1
sample_1404,26.185479,94.577522,block_52_189,1
sample_1405,26.191306,94.569611,block_52_189,1
sample_1406,26.19257,94.558955,block_52_189,1
sample_1407,26.18971,94.549818,block_52_189,1
sample_1408,26.179226,94.557166,block_52_189,1
sample_1409,26.143985,94.579865,block_52_189,1
sample_1410,26.135361,94.502167,block_52_189,1
sample_1411,26.159667,94.4995,block_52_188,1
sample_1412,26.198528,94.487528,block_52_188,1
sample_1413,26.191278,94.484833,block_52_188,1
sample_1414,26.1785,94.411778,block_52_188,1
sample_1415,26.184028,94.431361,block_52_188,1
sample_1416,26.114833,94.399222,block_52_188,1
sample_1417,26.112639,94.405194,block_52_188,1
sample_1418,26.080917,94.481697,block_52_188,1
sample_1419,26.075722,94.481611,block_52_188,1
sample_1420,26.069917,94.411639,block_52_188,1
sample_1421,26.074417,94.423667,block_52_188,1
sample_1422,26.076583,94.433611,block_52_188,1
sample_1423,26.034833,94.458,block_52_188,1
sample_1424,26.020603,94.50632,block_52_189,1
sample_1425,26.013806,94.530111,block_52_189,1
sample_1426,26.0415,94.522444,block_52_189,1
sample_1427,26.034806,94.519889,block_52_189,1
sample_1428,26.046444,94.526194,block_52_189,1
sample_1429,26.085333,94.49025,block_52_188,1
sample_1430,26.094333,94.493639,block_52_188,1
sample_1431,26.077167,94.542306,block_52_189,1
sample_1432,26.101907,94.537237,block_52_189,1
sample_1433,26.085597,94.559075,block_52_189,1
sample_1434,26.077122,94.559107,block_52_189,1
sample_1435,26.03853,94.58648,block_52_189,1
sample_1436,26.028806,94.638389,block_52_189,1
sample_1437,26.031786,94.634392,block_52_189,1
sample_1438,26.037847,94.635525,block_52_189,1
sample_1439,26.049285,94.635198,block_52_189,1
sample_1440,26.148727,94.626957,block_52_189,1
sample_1441,26.156611,94.621778,block_52_189,1
sample_1442,26.154944,94.614503,block_52_189,1
sample_1443,26.156333,94.593611,block_52_189,1
sample_1444,26.161955,94.594693,block_52_189,1
sample_1445,26.182283,94.586087,block_52_189,1
sample_1446,26.161639,94.6215,block_52_189,1
sample_1447,26.178889,94.638139,block_52_189,1
sample_1448,26.1434,94.633527,block_52_189,1
sample_1449,26.134722,94.631639,block_52_189,1
sample_1450,26.122864,94.638388,block_52_189,1
sample_1451,26.114866,94.63475,block_52_189,1
sample_1452,26.11,94.76,block_52_189,1
sample_1453,25.968233,94.684364,block_51_189,1
sample_1454,25.956083,94.719475,block_51_189,1
sample_1455,25.948886,94.706133,block_51_189,1
sample_1456,25.940703,94.750969,block_51_189,1
sample_1457,25.9255,94.760419,block_51_189,1
sample_1458,25.896244,94.758128,block_51_189,1
sample_1459,25.848958,94.755311,block_51_189,1
sample_1460,25.827011,94.733178,block_51_189,1
sample_1461,25.828703,94.726789,block_51_189,1
sample_1462,25.842358,94.702953,block_51_189,1
sample_1463,25.821589,94.708056,block_51_189,1
sample_1464,25.880908,94.653542,block_51_189,1
sample_1465,25.895111,94.650258,block_51_189,1
sample_1466,25.899767,94.640067,block_51_189,1
sample_1467,25.898825,94.629367,block_51_189,1
sample_1468,25.880069,94.628103,block_51_189,1
sample_1469,25.867083,94.614828,block_51_189,1
sample_1470,25.899894,94.624047,block_51_189,1
sample_1471,25.940872,94.586361,block_51_189,1
sample_1472,25.954636,94.607456,block_51_189,1
sample_1473,25.920367,94.641739,block_51_189,1
sample_1474,25.940317,94.650583,block_51_189,1
sample_1475,25.9645,94.632583,block_51_189,1
sample_1476,25.969628,94.634169,block_51_189,1
sample_1477,26.002188,94.623681,block_52_189,1
sample_1478,25.964283,94.619592,block_51_189,1
sample_1479,25.963,94.614097,block_51_189,1
sample_1480,25.958047,94.597519,block_51_189,1
sample_1481,25.998183,94.5975,block_51_189,1
sample_1482,25.981228,94.572292,block_51_189,1
sample_1483,25.9899,94.5679,block_51_189,1
sample_1484,25.966581,94.565806,block_51_189,1
sample_1485,25.968006,94.574256,block_51_189,1
sample_1486,25.980008,94.580747,block_51_189,1
sample_1487,25.922767,94.565056,block_51_189,1
sample_1488,25.970169,94.503803,block_51_189,1
sample_1489,25.972636,94.511444,block_51_189,1
sample_1490,25.978975,94.512064,block_51_189,1
sample_1491,25.998217,94.504756,block_51_189,1
sample_1492,25.990339,94.507711,block_51_189,1
sample_1493,25.993981,94.474467,block_51_188,1
sample_1494,25.965083,94.426806,block_51_188,1
sample_1495,25.952722,94.430278,block_51_188,1
sample_1496,25.91775,94.415028,block_51_188,1
sample_1497,25.918194,94.409611,block_51_188,1
sample_1498,25.910917,94.416361,block_51_188,1
sample_1499,25.905953,94.427414,block_51_188,1
sample_1500,25.917361,94.452556,block_51_188,1
sample_1501,25.909153,94.477497,block_51_188,1
sample_1502,25.876778,94.462028,block_51_188,1
sample_1503,25.862222,94.450333,block_51_188,1
sample_1504,25.893042,94.45835,block_51_188,1
sample_1505,25.854278,94.432472,block_51_188,1
sample_1506,25.841667,94.436472,block_51_188,1
sample_1507,25.839361,94.430583,block_51_188,1
sample_1508,25.809861,94.428972,block_51_188,1
sample_1509,25.810964,94.527417,block_51_189,1
sample_1510,25.833644,94.518333,block_51_189,1
sample_1511,25.850458,94.530347,block_51_189,1
sample_1512,25.842742,94.503003,block_51_189,1
sample_1513,25.857789,94.523589,block_51_189,1
sample_1514,25.886089,94.542711,block_51_189,1
sample_1515,25.711278,94.579944,block_51_189,1
sample_1516,25.786433,94.519583,block_51_189,1
sample_1517,25.751567,94.48315,block_51_188,1
sample_1518,25.756889,94.478472,block_51_188,1
sample_1519,25.763833,94.479889,block_51_188,1
sample_1520,25.786861,94.446,block_51_188,1
sample_1521,25.796056,94.4315,block_51_188,1
sample_1522,25.788389,94.434111,block_51_188,1
sample_1523,25.802361,94.430556,block_51_188,1
sample_1524,25.794083,94.415944,block_51_188,1
sample_1525,25.726,94.435,block_51_188,1
sample_1526,25.707,94.466,block_51_188,1
sample_1527,25.6702,94.456,block_51_188,1
sample_1528,25.668,94.464,block_51_188,1
sample_1529,25.662,94.453,block_51_188,1
sample_1530,25.679,94.458,block_51_188,1
sample_1531,25.696,94.461,block_51_188,1
sample_1532,25.692,94.444,block_51_188,1
sample_1533,25.696,94.426,block_51_188,1
sample_1534,25.675,94.397,block_51_188,1
sample_1535,25.67,94.397,block_51_188,1
sample_1536,25.657,94.439,block_51_188,1
sample_1537,25.649,94.441,block_51_188,1
sample_1538,25.602,94.427,block_51_188,1
sample_1539,25.646,94.479,block_51_188,1
sample_1540,25.62,94.485,block_51_188,1
sample_1541,25.618,94.468,block_51_188,1
sample_1542,25.614,94.493,block_51_188,1
sample_1543,25.624639,94.503278,block_51_189,1
sample_1544,25.650556,94.5095,block_51_189,1
sample_1545,25.651,94.514833,block_51_189,1
sample_1546,25.651528,94.52225,block_51_189,1
sample_1547,25.668417,94.543194,block_51_189,1
sample_1548,25.610083,94.591889,block_51_189,1
sample_1549,25.613472,94.583333,block_51_189,1
sample_1550,25.600306,94.613222,block_51_189,1
sample_1551,25.692222,94.584722,block_51_189,1
sample_1552,25.747892,94.633072,block_51_189,1
sample_1553,25.764292,94.714094,block_51_189,1
sample_1554,25.767683,94.709381,block_51_189,1
sample_1555,25.7578,94.7058,block_51_189,1
sample_1556,25.69925,94.761833,block_51_189,1
sample_1557,25.682333,94.760111,block_51_189,1
sample_1558,25.674944,94.762694,block_51_189,1
sample_1559,25.660583,94.755389,block_51_189,1
sample_1560,25.657361,94.750278,block_51_189,1
sample_1561,25.652361,94.735889,block_51_189,1
sample_1562,25.673472,94.716222,block_51_189,1
sample_1563,25.667,94.718944,block_51_189,1
sample_1564,25.662222,94.719444,block_51_189,1
sample_1565,25.641,94.730878,block_51_189,1
sample_1566,25.633944,94.733056,block_51_189,1
sample_1567,25.631833,94.750139,block_51_189,1
sample_1568,25.6375,94.757556,block_51_189,1
sample_1569,25.640056,94.765278,block_51_189,1
sample_1570,25.613,94.745889,block_51_189,1
sample_1571,25.604444,94.76,block_51_189,1
sample_1572,25.604611,94.768083,block_51_189,1
sample_1573,25.6055,94.800833,block_51_189,1
sample_1574,25.609472,94.806111,block_51_189,1
sample_1575,25.620269,94.801031,block_51_189,1
sample_1576,25.646389,94.766389,block_51_189,1
sample_1577,25.652639,94.7705,block_51_189,1
sample_1578,25.700278,94.767222,block_51_189,1
sample_1579,25.699556,94.775583,block_51_189,1
sample_1580,25.680917,94.792014,block_51_189,1
sample_1581,25.680167,94.837944,block_51_189,1
sample_1582,25.626833,94.847053,block_51_189,1
sample_1583,25.623364,94.819272,block_51_189,1
sample_1584,25.602208,94.823292,block_51_189,1
sample_1585,25.601028,94.829722,block_51_189,1
sample_1586,25.604389,94.839583,block_51_189,1
sample_1587,25.6,94.841389,block_51_189,1
sample_1588,25.602511,94.891208,block_51_189,1
sample_1589,25.786061,94.931447,block_51_189,1
sample_1590,25.801608,94.935386,block_51_189,1
sample_1591,25.786594,94.922778,block_51_189,1
sample_1592,25.789933,94.849811,block_51_189,1
sample_1593,25.788847,94.856314,block_51_189,1
sample_1594,25.783939,94.856411,block_51_189,1
sample_1595,25.786692,94.829933,block_51_189,1
sample_1596,25.755936,94.846033,block_51_189,1
sample_1597,25.751456,94.850217,block_51_189,1
sample_1598,25.742178,94.842917,block_51_189,1
sample_1599,25.728964,94.795497,block_51_189,1
sample_1600,25.715956,94.810833,block_51_189,1
sample_1601,25.721861,94.780667,block_51_189,1
sample_1602,25.7345,94.777417,block_51_189,1
sample_1603,25.737289,94.787844,block_51_189,1
sample_1604,25.784961,94.789617,block_51_189,1
sample_1605,25.786311,94.796825,block_51_189,1
sample_1606,25.797781,94.770447,block_51_189,1
sample_1607,25.827608,94.783028,block_51_189,1
sample_1608,25.820689,94.767353,block_51_189,1
sample_1609,25.842531,94.787211,block_51_189,1
sample_1610,25.829728,94.792592,block_51_189,1
sample_1611,25.834436,94.795519,block_51_189,1
sample_1612,25.818947,94.8075,block_51_189,1
sample_1613,25.814525,94.806114,block_51_189,1
sample_1614,25.820367,94.820367,block_51_189,1
sample_1615,25.861553,94.820553,block_51_189,1
sample_1616,25.901125,94.82785,block_51_189,1
sample_1617,25.893797,94.821944,block_51_189,1
sample_1618,25.887525,94.797508,block_51_189,1
sample_1619,25.884003,94.792711,block_51_189,1
sample_1620,25.889897,94.811111,block_51_189,1
sample_1621,25.9,94.78917,block_51_189,1
sample_1622,25.905494,94.769017,block_51_189,1
sample_1623,25.911931,94.793292,block_51_189,1
sample_1624,25.940053,94.797197,block_51_189,1
sample_1625,25.944008,94.789414,block_51_189,1
sample_1626,25.938447,94.7843,block_51_189,1
sample_1627,25.934647,94.787967,block_51_189,1
sample_1628,25.962689,94.816972,block_51_189,1
sample_1629,25.971456,94.818392,block_51_189,1
sample_1630,25.915925,94.824992,block_51_189,1
sample_1631,25.915092,94.844003,block_51_189,1
sample_1632,25.919689,94.839167,block_51_189,1
sample_1633,25.872444,94.950069,block_51_189,1
sample_1634,25.878525,94.947372,block_51_189,1
sample_1635,25.883108,94.919106,block_51_189,1
sample_1636,25.828928,94.898075,block_51_189,1
sample_1637,25.820664,94.912642,block_51_189,1
sample_1638,25.827397,94.907311,block_51_189,1
sample_1639,25.848194,94.916169,block_51_189,1
sample_1640,25.814822,94.950353,block_51_189,1
sample_1641,25.814625,94.971819,block_51_189,1
sample_1642,25.817164,94.975969,block_51_189,1
sample_1643,25.881489,94.962525,block_51_189,1
sample_1644,25.792131,94.95655,block_51_189,1
sample_1645,25.788378,94.96105,block_51_189,1
sample_1646,25.570222,94.877278,block_51_189,1
sample_1647,25.581,94.863694,block_51_189,1
sample_1648,25.588806,94.859428,block_51_189,1
sample_1649,25.593333,94.855194,block_51_189,1
sample_1650,25.594639,94.842444,block_51_189,1
sample_1651,25.590139,94.846333,block_51_189,1
sample_1652,25.585472,94.846833,block_51_189,1
sample_1653,25.584147,94.8582,block_51_189,1
sample_1654,25.593778,94.822389,block_51_189,1
sample_1655,25.593944,94.810925,block_51_189,1
sample_1656,25.584519,94.792344,block_51_189,1
sample_1657,25.596111,94.785444,block_51_189,1
sample_1658,25.588389,94.78825,block_51_189,1
sample_1659,25.597778,94.767,block_51_189,1
sample_1660,25.582694,94.785139,block_51_189,1
sample_1661,25.576444,94.785556,block_51_189,1
sample_1662,25.568528,94.784806,block_51_189,1
sample_1663,25.561389,94.783889,block_51_189,1
sample_1664,25.561903,94.778178,block_51_189,1
sample_1665,25.566944,94.773222,block_51_189,1
sample_1666,25.560844,94.773214,block_51_189,1
sample_1667,25.555056,94.768611,block_51_189,1
sample_1668,25.092033,94.640664,block_50_189,1
sample_1669,25.065889,94.632139,block_50_189,1
sample_1670,25.064833,94.643917,block_50_189,1
sample_1671,25.064444,94.620278,block_50_189,1
sample_1672,25.055186,94.599525,block_50_189,1
sample_1673,25.059861,94.584889,block_50_189,1
sample_1674,25.063167,94.614389,block_50_189,1
sample_1675,24.991833,94.603306,block_49_189,1
sample_1676,24.812611,94.581278,block_49_189,1
sample_1677,24.884889,94.613222,block_49_189,1
sample_1678,24.884389,94.601306,block_49_189,1
sample_1679,24.870806,94.591111,block_49_189,1
sample_1680,24.8905,94.607056,block_49_189,1
sample_1681,24.985833,94.60825,block_49_189,1
sample_1682,24.98025,94.613972,block_49_189,1
sample_1683,24.964694,94.6175,block_49_189,1
sample_1684,24.970167,94.618,block_49_189,1
sample_1685,24.958833,94.618917,block_49_189,1
sample_1686,24.938361,94.549556,block_49_189,1
sample_1687,24.94225,94.541056,block_49_189,1
sample_1688,24.948083,94.535556,block_49_189,1
sample_1689,24.957333,94.50075,block_49_189,1
sample_1690,24.954887,94.493465,block_49_188,1
sample_1691,24.95625,94.520083,block_49_189,1
sample_1692,24.952,94.529028,block_49_189,1
sample_1693,24.920056,94.568778,block_49_189,1
sample_1694,24.921167,94.563361,block_49_189,1
sample_1695,24.924528,94.559833,block_49_189,1
sample_1696,24.917611,94.576556,block_49_189,1
sample_1697,24.871889,94.580417,block_49_189,1
sample_1698,24.867139,94.566889,block_49_189,1
sample_1699,24.8155,94.572222,block_49_189,1
sample_1700,24.814778,94.549639,block_49_189,1
sample_1701,24.826361,94.5255,block_49_189,1
sample_1702,24.817028,94.534528,block_49_189,1
sample_1703,24.806417,94.505778,block_49_189,1
sample_1704,24.821028,94.50425,block_49_189,1
sample_1705,24.841944,94.512972,block_49_189,1
sample_1706,24.835611,94.519722,block_49_189,1
sample_1707,24.797,94.409028,block_49_188,1
sample_1708,24.796417,94.398786,block_49_188,1
sample_1709,24.932631,94.417417,block_49_188,1
sample_1710,24.906333,94.482917,block_49_188,1
sample_1711,24.909889,94.486778,block_49_188,1
sample_1712,24.916083,94.486889,block_49_188,1
sample_1713,24.934336,94.460091,block_49_188,1
sample_1714,24.919751,94.461919,block_49_188,1
sample_1715,24.91475,94.464944,block_49_188,1
sample_1716,24.943258,94.457787,block_49_188,1
sample_1717,24.949274,94.473427,block_49_188,1
sample_1718,24.948667,94.4835,block_49_188,1
sample_1719,24.958261,94.473862,block_49_188,1
sample_1720,24.969479,94.483082,block_49_188,1
sample_1721,25.033778,94.43625,block_50_188,1
sample_1722,25.027333,94.423583,block_50_188,1
sample_1723,25.020361,94.4095,block_50_188,1
sample_1724,25.023111,94.449361,block_50_188,1
sample_1725,25.012111,94.464833,block_50_188,1
sample_1726,25.007917,94.452972,block_50_188,1
sample_1727,25.060389,94.535472,block_50_189,1
sample_1728,25.051944,94.551111,block_50_189,1
sample_1729,25.0565,94.551528,block_50_189,1
sample_1730,25.061472,94.549694,block_50_189,1
sample_1731,25.05125,94.556111,block_50_189,1
sample_1732,25.062833,94.577722,block_50_189,1
sample_1733,25.055278,94.567861,block_50_189,1
sample_1734,25.082306,94.551722,block_50_189,1
sample_1735,25.065056,94.544583,block_50_189,1
sample_1736,25.069806,94.541667,block_50_189,1
sample_1737,25.069306,94.536528,block_50_189,1
sample_1738,25.054722,94.526528,block_50_189,1
sample_1739,25.081611,94.506333,block_50_189,1
sample_1740,25.10125,94.510806,block_50_189,1
sample_1741,25.103111,94.532083,block_50_189,1
sample_1742,25.096083,94.515806,block_50_189,1
sample_1743,25.094333,94.522528,block_50_189,1
sample_1744,25.100889,94.526556,block_50_189,1
sample_1745,25.096417,94.531778,block_50_189,1
sample_1746,25.096611,94.551028,block_50_189,1
sample_1747,25.091742,94.550444,block_50_189,1
sample_1748,25.179194,94.526528,block_50_189,1
sample_1749,25.188611,94.520917,block_50_189,1
sample_1750,25.18425,94.522667,block_50_189,1
sample_1751,25.182861,94.505167,block_50_189,1
sample_1752,25.155194,94.461278,block_50_188,1
sample_1753,25.099194,94.460722,block_50_188,1
sample_1754,25.126167,94.456278,block_50_188,1
sample_1755,25.134611,94.460722,block_50_188,1
sample_1756,25.127722,94.449417,block_50_188,1
sample_1757,25.128417,94.440639,block_50_188,1
sample_1758,25.392389,94.454333,block_50_188,1
sample_1759,25.315861,94.504139,block_50_189,1
sample_1760,25.312667,94.509111,block_50_189,1
sample_1761,25.325194,94.511861,block_50_189,1
sample_1762,25.324194,94.520278,block_50_189,1
sample_1763,25.323556,94.525583,block_50_189,1
sample_1764,25.329306,94.524639,block_50_189,1
sample_1765,25.3375,94.527806,block_50_189,1
sample_1766,25.360389,94.529917,block_50_189,1
sample_1767,25.356583,94.525306,block_50_189,1
sample_1768,25.388056,94.550083,block_50_189,1
sample_1769,25.394667,94.548917,block_50_189,1
sample_1770,25.373639,94.555333,block_50_189,1
sample_1771,25.261806,94.546944,block_50_189,1
sample_1772,25.265389,94.541472,block_50_189,1
sample_1773,25.27325,94.555417,block_50_189,1
sample_1774,25.287306,94.539833,block_50_189,1
sample_1775,25.286944,94.531361,block_50_189,1
sample_1776,25.289806,94.525639,block_50_189,1
sample_1777,25.394917,94.630111,block_50_189,1
sample_1778,25.407667,94.587222,block_50_189,1
sample_1779,25.409139,94.592139,block_50_189,1
sample_1780,25.410667,94.598361,block_50_189,1
sample_1781,25.400639,94.620639,block_50_189,1
sample_1782,25.553833,94.762389,block_51_189,1
sample_1783,25.566583,94.763722,block_51_189,1
sample_1784,25.589222,94.766083,block_51_189,1
sample_1785,25.5925,94.628472,block_51_189,1
sample_1786,25.507611,94.661028,block_51_189,1
sample_1787,25.502583,94.661194,block_51_189,1
sample_1788,25.505833,94.653806,block_51_189,1
sample_1789,25.515222,94.660694,block_51_189,1
sample_1790,25.562667,94.608,block_51_189,1
sample_1791,25.581333,94.627306,block_51_189,1
sample_1792,25.593472,94.596944,block_51_189,1
sample_1793,25.587167,94.514361,block_51_189,1
sample_1794,25.497078,94.553583,block_50_189,1
sample_1795,25.492333,94.555444,block_50_189,1
sample_1796,25.485861,94.544528,block_50_189,1
sample_1797,25.478194,94.535111,block_50_189,1
sample_1798,25.471806,94.543,block_50_189,1
sample_1799,25.466278,94.552528,block_50_189,1
sample_1800,25.467169,94.54755,block_50_189,1
sample_1801,25.466611,94.537861,block_50_189,1
sample_1802,25.45475,94.552583,block_50_189,1
sample_1803,25.442278,94.563833,block_50_189,1
sample_1804,25.431361,94.560861,block_50_189,1
sample_1805,25.432833,94.575444,block_50_189,1
sample_1806,25.420722,94.577722,block_50_189,1
sample_1807,25.416,94.579028,block_50_189,1
sample_1808,25.410389,94.579361,block_50_189,1
sample_1809,25.415639,94.559361,block_50_189,1
sample_1810,25.410333,94.542028,block_50_189,1
sample_1811,25.413086,94.526303,block_50_189,1
sample_1812,25.410694,94.500056,block_50_189,1
sample_1813,25.483694,94.530194,block_50_189,1
sample_1814,25.396222,94.450472,block_50_188,1
sample_1815,25.552,94.362,block_51_188,1
sample_1816,25.576,94.351,block_51_188,1
sample_1817,25.58194,94.35,block_51_188,1
sample_1818,25.574,94.332,block_51_188,1
sample_1819,25.594,94.314,block_51_188,1
sample_1820,25.598,94.31,block_51_188,1
sample_1821,25.543,94.357,block_51_188,1
sample_1822,25.5,94.389,block_51_188,1
sample_1823,25.536,94.236,block_51_188,1
sample_1824,25.546,94.274,block_51_188,1
sample_1825,25.566,94.26,block_51_188,1
sample_1826,25.549,94.286,block_51_188,1
sample_1827,25.559,94.284,block_51_188,1
sample_1828,25.561,94.294,block_51_188,1
sample_1829,25.569,94.283,block_51_188,1
sample_1830,25.574,94.295,block_51_188,1
sample_1831,25.588,94.292,block_51_188,1
sample_1832,25.571,94.253,block_51_188,1
sample_1833,25.559,94.251,block_51_188,1
sample_1834,25.55408,94.23669,block_51_188,1
sample_1835,25.569,94.234,block_51_188,1
sample_1836,25.594,94.166,block_51_188,1
sample_1837,25.57086,94.17047,block_51_188,1
sample_1838,25.566,94.168,block_51_188,1
sample_1839,25.548,94.188,block_51_188,1
sample_1840,25.53128,94.16536,block_51_188,1
sample_1841,25.54039,94.16989,block_51_188,1
sample_1842,25.525,94.146,block_51_188,1
sample_1843,25.52103,94.13783,block_51_188,1
sample_1844,25.514,94.137,block_51_188,1
sample_1845,25.508,94.135,block_51_188,1
sample_1846,25.538,94.135,block_51_188,1
sample_1847,25.565,94.138,block_51_188,1
sample_1848,25.56,94.151,block_51_188,1
sample_1849,25.554,94.148,block_51_188,1
sample_1850,25.566,94.162,block_51_188,1
sample_1851,25.563,94.147,block_51_188,1
sample_1852,25.585,94.137,block_51_188,1
sample_1853,25.582,94.141,block_51_188,1
sample_1854,25.448506,94.031956,block_50_188,1
sample_1855,25.447664,94.041483,block_50_188,1
sample_1856,25.453942,94.048881,block_50_188,1
sample_1857,25.435444,94.061928,block_50_188,1
sample_1858,25.4351,94.071111,block_50_188,1
sample_1859,25.421656,94.071,block_50_188,1
sample_1860,25.427231,94.048914,block_50_188,1
sample_1861,25.42955,94.053333,block_50_188,1
sample_1862,25.440961,94.046264,block_50_188,1
sample_1863,25.437203,94.042989,block_50_188,1
sample_1864,25.443264,94.0392,block_50_188,1
sample_1865,25.439367,94.025864,block_50_188,1
sample_1866,25.428889,94.043861,block_50_188,1
sample_1867,25.416389,94.067894,block_50_188,1
sample_1868,25.417653,94.084694,block_50_188,1
sample_1869,25.416483,94.079214,block_50_188,1
sample_1870,25.421111,94.077,block_50_188,1
sample_1871,25.429097,94.108439,block_50_188,1
sample_1872,25.454017,94.124572,block_50_188,1
sample_1873,25.450353,94.129017,block_50_188,1
sample_1874,25.47217,94.15433,block_50_188,1
sample_1875,25.346964,94.198264,block_50_188,1
sample_1876,25.337428,94.184525,block_50_188,1
sample_1877,25.335364,94.169247,block_50_188,1
sample_1878,25.340433,94.166631,block_50_188,1
sample_1879,25.342472,94.161667,block_50_188,1
sample_1880,25.338556,94.158806,block_50_188,1
sample_1881,25.346653,94.159475,block_50_188,1
sample_1882,25.379611,94.146667,block_50_188,1
sample_1883,25.321019,94.067142,block_50_188,1
sample_1884,25.337239,94.039708,block_50_188,1
sample_1885,25.297797,94.044722,block_50_188,1
sample_1886,25.311458,94.058922,block_50_188,1
sample_1887,25.318628,94.092053,block_50_188,1
sample_1888,25.332489,94.080258,block_50_188,1
sample_1889,25.322822,94.088994,block_50_188,1
sample_1890,25.265492,94.098872,block_50_188,1
sample_1891,25.257919,94.091564,block_50_188,1
sample_1892,25.262947,94.079353,block_50_188,1
sample_1893,25.289833,94.036647,block_50_188,1
sample_1894,25.279389,94.032194,block_50_188,1
sample_1895,25.268942,94.044694,block_50_188,1
sample_1896,25.259722,94.03715,block_50_188,1
sample_1897,25.264639,94.062167,block_50_188,1
sample_1898,25.236142,94.101983,block_50_188,1
sample_1899,25.2375,94.113889,block_50_188,1
sample_1900,25.218022,94.107603,block_50_188,1
sample_1901,25.198756,94.136078,block_50_188,1
sample_1902,25.255931,94.1254,block_50_188,1
sample_1903,25.346747,94.215264,block_50_188,1
sample_1904,25.350764,94.222161,block_50_188,1
sample_1905,25.363278,94.228389,block_50_188,1
sample_1906,25.379878,94.214606,block_50_188,1
sample_1907,25.381389,94.279306,block_50_188,1
sample_1908,25.392444,94.29875,block_50_188,1
sample_1909,25.34725,94.334444,block_50_188,1
sample_1910,25.289444,94.309472,block_50_188,1
sample_1911,25.166833,94.354889,block_50_188,1
sample_1912,25.090556,94.387389,block_50_188,1
sample_1913,25.095611,94.384778,block_50_188,1
sample_1914,25.098667,94.390222,block_50_188,1
sample_1915,25.095972,94.375944,block_50_188,1
sample_1916,25.092111,94.370444,block_50_188,1
sample_1917,25.114444,94.354694,block_50_188,1
sample_1918,25.131917,94.338583,block_50_188,1
sample_1919,25.128222,94.321722,block_50_188,1
sample_1920,25.151917,94.312167,block_50_188,1
sample_1921,25.145583,94.320444,block_50_188,1
sample_1922,25.172194,94.3485,block_50_188,1
sample_1923,25.181639,94.342667,block_50_188,1
sample_1924,25.186167,94.342889,block_50_188,1
sample_1925,25.181583,94.304444,block_50_188,1
sample_1926,25.185167,94.308972,block_50_188,1
sample_1927,25.168528,94.288333,block_50_188,1
sample_1928,25.167528,94.294861,block_50_188,1
sample_1929,25.176639,94.297361,block_50_188,1
sample_1930,25.079667,94.296361,block_50_188,1
sample_1931,25.044111,94.233778,block_50_188,1
sample_1932,25.042333,94.241111,block_50_188,1
sample_1933,24.992889,94.230583,block_49_188,1
sample_1934,25.002611,94.330278,block_50_188,1
sample_1935,25.019139,94.332472,block_50_188,1
sample_1936,25.034611,94.31925,block_50_188,1
sample_1937,25.027528,94.316806,block_50_188,1
sample_1938,25.063972,94.336,block_50_188,1
sample_1939,25.048417,94.332389,block_50_188,1
sample_1940,25.077417,94.352444,block_50_188,1
sample_1941,24.9252,94.3371,block_49_188,1
sample_1942,24.910619,94.321092,block_49_188,1
sample_1943,24.889031,94.306125,block_49_188,1
sample_1944,24.890806,94.319308,block_49_188,1
sample_1945,24.894944,94.323111,block_49_188,1
sample_1946,24.897722,94.328472,block_49_188,1
sample_1947,24.908778,94.333417,block_49_188,1
sample_1948,24.901444,94.338306,block_49_188,1
sample_1949,24.852222,94.369333,block_49_188,1
sample_1950,24.851194,94.361722,block_49_188,1
sample_1951,24.8415,94.361167,block_49_188,1
sample_1952,24.847417,94.358028,block_49_188,1
sample_1953,24.836588,94.354848,block_49_188,1
sample_1954,24.834921,94.365211,block_49_188,1
sample_1955,24.83636,94.37622,block_49_188,1
sample_1956,24.806278,94.377056,block_49_188,1
sample_1957,24.808874,94.368466,block_49_188,1
sample_1958,24.812017,94.356051,block_49_188,1
sample_1959,24.830202,94.357821,block_49_188,1
sample_1960,24.823296,94.358767,block_49_188,1
sample_1961,24.833278,94.349639,block_49_188,1
sample_1962,24.825889,94.348861,block_49_188,1
sample_1963,24.83125,94.339194,block_49_188,1
sample_1964,24.831167,94.334111,block_49_188,1
sample_1965,24.831526,94.32757,block_49_188,1
sample_1966,24.805342,94.322356,block_49_188,1
sample_1967,24.814386,94.32344,block_49_188,1
sample_1968,24.824278,94.322472,block_49_188,1
sample_1969,24.847436,94.325861,block_49_188,1
sample_1970,24.842538,94.325233,block_49_188,1
sample_1971,24.837576,94.337593,block_49_188,1
sample_1972,24.883132,94.31281,block_49_188,1
sample_1973,24.833889,94.220167,block_49_188,1
sample_1974,24.858778,94.233139,block_49_188,1
sample_1975,24.839306,94.22575,block_49_188,1
sample_1976,24.869028,94.234611,block_49_188,1
sample_1977,24.8745,94.235833,block_49_188,1
sample_1978,24.931167,94.227111,block_49_188,1
sample_1979,24.913611,94.242028,block_49_188,1
sample_1980,24.895806,94.243944,block_49_188,1
sample_1981,24.892028,94.238389,block_49_188,1
sample_1982,24.94125,94.220861,block_49_188,1
sample_1983,24.940333,94.202556,block_49_188,1
sample_1984,24.946944,94.191194,block_49_188,1
sample_1985,24.950583,94.177778,block_49_188,1
sample_1986,24.950583,94.186028,block_49_188,1
sample_1987,24.93875,94.181861,block_49_188,1
sample_1988,24.969056,94.173528,block_49_188,1
sample_1989,24.982917,94.162639,block_49_188,1
sample_1990,24.9755,94.155,block_49_188,1
sample_1991,24.940972,94.151528,block_49_188,1
sample_1992,24.955167,94.157778,block_49_188,1
sample_1993,24.957833,94.162444,block_49_188,1
sample_1994,24.949167,94.155389,block_49_188,1
sample_1995,24.936361,94.160028,block_49_188,1
sample_1996,24.930278,94.149361,block_49_188,1
sample_1997,24.934833,94.184944,block_49_188,1
sample_1998,24.82058,94.137,block_49_188,1
sample_1999,24.833944,94.08125,block_49_188,1
sample_2000,25.086525,94.078197,block_50_188,1
sample_2001,25.085833,94.107222,block_50_188,1
sample_2002,25.080161,94.114939,block_50_188,1
sample_2003,24.994278,94.205917,block_49_188,1
sample_2004,25.038753,94.152236,block_50_188,1
sample_2005,25.173056,94.136261,block_50_188,1
sample_2006,25.188578,94.139278,block_50_188,1
sample_2007,25.13109,93.97215,block_50_187,1
sample_2008,25.146306,93.942167,block_50_187,1
sample_2009,25.126361,93.901333,block_50_187,1
sample_2010,25.124639,93.92575,block_50_187,1
sample_2011,25.028456,94.015522,block_50_188,1
sample_2012,25.016375,94.021711,block_50_188,1
sample_2013,24.996444,94.021444,block_49_188,1
sample_2014,24.940583,94.008889,block_49_188,1
sample_2015,24.9179,94.0,block_49_188,1
sample_2016,24.84,93.9,block_49_187,1
sample_2017,24.82,93.89,block_49_187,1
sample_2018,24.83,93.9,block_49_187,1
sample_2019,24.83,93.88,block_49_187,1
sample_2020,24.927139,93.789333,block_49_187,1
sample_2021,24.930056,93.797167,block_49_187,1
sample_2022,24.784556,93.777972,block_49_187,1
sample_2023,24.7895,93.774222,block_49_187,1
sample_2024,24.864833,93.772583,block_49_187,1
sample_2025,24.871694,93.776861,block_49_187,1
sample_2026,24.809917,93.736111,block_49_187,1
sample_2027,24.815833,93.740194,block_49_187,1
sample_2028,24.797278,93.737778,block_49_187,1
sample_2029,24.785889,93.736861,block_49_187,1
sample_2030,24.791306,93.735667,block_49_187,1
sample_2031,24.801681,93.736408,block_49_187,1
sample_2032,24.808611,93.729078,block_49_187,1
sample_2033,24.800778,93.702611,block_49_187,1
sample_2034,24.829225,93.720472,block_49_187,1
sample_2035,24.834386,93.715025,block_49_187,1
sample_2036,24.822953,93.710756,block_49_187,1
sample_2037,24.818936,93.688939,block_49_187,1
sample_2038,24.78725,93.696694,block_49_187,1
sample_2039,24.800556,93.674222,block_49_187,1
sample_2040,24.787667,93.666667,block_49_187,1
sample_2041,24.784611,93.659528,block_49_187,1
sample_2042,24.7923333,93.6582222,block_49_187,1
sample_2043,24.804586,93.655719,block_49_187,1
sample_2044,24.890167,93.707572,block_49_187,1
sample_2045,24.943778,93.706472,block_49_187,1
sample_2046,24.965053,93.731514,block_49_187,1
sample_2047,24.974128,93.666128,block_49_187,1
sample_2048,24.987986,93.671258,block_49_187,1
sample_2049,25.110417,93.791806,block_50_187,1
sample_2050,25.167917,93.749083,block_50_187,1
sample_2051,25.16875,93.742306,block_50_187,1
sample_2052,25.167444,93.735472,block_50_187,1
sample_2053,25.15775,93.72275,block_50_187,1
sample_2054,25.162583,93.703972,block_50_187,1
sample_2055,25.156833,93.703222,block_50_187,1
sample_2056,25.159,93.712056,block_50_187,1
sample_2057,25.153472,93.712444,block_50_187,1
sample_2058,25.161667,93.730361,block_50_187,1
sample_2059,25.123361,93.656306,block_50_187,1
sample_2060,25.136222,93.667639,block_50_187,1
sample_2061,25.130722,93.663583,block_50_187,1
sample_2062,25.155611,93.676639,block_50_187,1
sample_2063,25.151417,93.672833,block_50_187,1
sample_2064,25.14625,93.671194,block_50_187,1
sample_2065,25.165833,93.699611,block_50_187,1
sample_2066,25.164472,93.693944,block_50_187,1
sample_2067,25.238611,94.009189,block_50_188,1
sample_2068,25.245869,94.014442,block_50_188,1
sample_2069,25.269097,94.022569,block_50_188,1
sample_2070,25.304917,94.011444,block_50_188,1
sample_2071,25.444333,94.006631,block_50_188,1
sample_2072,25.448389,94.003139,block_50_188,1
sample_2073,25.452417,94.018919,block_50_188,1
sample_2074,25.529,93.952,block_51_187,1
sample_2075,25.523,93.955,block_51_187,1
sample_2076,25.521,93.964,block_51_187,1
sample_2077,25.517,93.957,block_51_187,1
sample_2078,25.532,93.927,block_51_187,1
sample_2079,25.523,93.898,block_51_187,1
sample_2080,25.528,93.872,block_51_187,1
sample_2081,25.523,93.873,block_51_187,1
sample_2082,25.566,93.863,block_51_187,1
sample_2083,25.561,93.858,block_51_187,1
sample_2084,25.571,93.871,block_51_187,1
sample_2085,25.579,93.87,block_51_187,1
sample_2086,25.576,93.878,block_51_187,1
sample_2087,25.598,93.848,block_51_187,1
sample_2088,25.578,93.805,block_51_187,1
sample_2089,25.576,93.783,block_51_187,1
sample_2090,25.575,93.777,block_51_187,1
sample_2091,25.572,93.787,block_51_187,1
sample_2092,25.531,93.762,block_51_187,1
sample_2093,25.526,93.766,block_51_187,1
sample_2094,25.472781,93.727319,block_50_187,1
sample_2095,25.5,93.67,block_51_187,1
sample_2096,25.51,93.67,block_51_187,1
sample_2097,25.51,93.7,block_51_187,1
sample_2098,25.51,93.68,block_51_187,1
sample_2099,25.51,93.71,block_51_187,1
sample_2100,25.52,93.72,block_51_187,1
sample_2101,25.51,93.72,block_51_187,1
sample_2102,25.52,93.73,block_51_187,1
sample_2103,25.53,93.73,block_51_187,1
sample_2104,25.53,93.74,block_51_187,1
sample_2105,25.54,93.74,block_51_187,1
sample_2106,25.53,93.72,block_51_187,1
sample_2107,25.726,93.773,block_51_187,1
sample_2108,25.74,93.775,block_51_187,1
sample_2109,25.745,93.782,block_51_187,1
sample_2110,25.723,93.778,block_51_187,1
sample_2111,25.743,93.798,block_51_187,1
sample_2112,25.77,93.82,block_51_187,1
sample_2113,25.78,93.82,block_51_187,1
sample_2114,25.8,93.83,block_51_187,1
sample_2115,25.8,93.81,block_51_187,1
sample_2116,25.78417,93.80028,block_51_187,1
sample_2117,25.78214,93.80528,block_51_187,1
sample_2118,25.79,93.8,block_51_187,1
sample_2119,25.8,93.8,block_51_187,1
sample_2120,25.79,93.78,block_51_187,1
sample_2121,25.7517,93.73449,block_51_187,1
sample_2122,25.71,93.74,block_51_187,1
sample_2123,25.84516,93.68408,block_51_187,1
sample_2124,25.84782,93.70174,block_51_187,1
sample_2125,25.95514,93.72997,block_51_187,1
sample_2126,26.0054,93.9794,block_52_187,1
sample_2127,26.0034,93.9855,block_52_187,1
sample_2128,26.0049,93.9914,block_52_187,1
sample_2129,26.006028,94.003194,block_52_188,1
sample_2130,25.985317,94.021903,block_51_188,1
sample_2131,25.949278,94.025528,block_51_188,1
sample_2132,25.952861,94.021028,block_51_188,1
sample_2133,25.948222,94.014361,block_51_188,1
sample_2134,25.944361,94.023222,block_51_188,1
sample_2135,25.85475,94.002778,block_51_188,1
sample_2136,25.86,93.99,block_51_187,1
sample_2137,25.84,93.98,block_51_187,1
sample_2138,25.839722,94.011167,block_51_188,1
sample_2139,25.8,94.0,block_51_188,1
sample_2140,25.77,93.98,block_51_187,1
sample_2141,25.736,94.012,block_51_188,1
sample_2142,25.733,94.022,block_51_188,1
sample_2143,25.74697,93.98167,block_51_187,1
sample_2144,25.75,93.97,block_51_187,1
sample_2145,25.712,93.949,block_51_187,1
sample_2146,25.76,93.94,block_51_187,1
sample_2147,25.76,93.95,block_51_187,1
sample_2148,25.76,93.96,block_51_187,1
sample_2149,25.78,93.92,block_51_187,1
sample_2150,25.78,93.93,block_51_187,1
sample_2151,25.77,93.93,block_51_187,1
sample_2152,25.77,93.9,block_51_187,1
sample_2153,25.77,93.91,block_51_187,1
sample_2154,25.696,93.924,block_51_187,1
sample_2155,25.697,93.916,block_51_187,1
sample_2156,25.688,93.907,block_51_187,1
sample_2157,25.646,93.843,block_51_187,1
sample_2158,25.629,93.855,block_51_187,1
sample_2159,25.615,93.944,block_51_187,1
sample_2160,25.677,94.0202,block_51_188,1
sample_2161,25.63,94.014,block_51_188,1
sample_2162,25.645,93.992,block_51_187,1
sample_2163,25.631,93.999,block_51_187,1
sample_2164,25.645,94.034,block_51_188,1
sample_2165,25.605,94.051,block_51_188,1
sample_2166,25.61597,94.09208,block_51_188,1
sample_2167,25.621,94.11806,block_51_188,1
sample_2168,25.644,94.107,block_51_188,1
sample_2169,25.675,94.075,block_51_188,1
sample_2170,25.674,94.081,block_51_188,1
sample_2171,25.667,94.089,block_51_188,1
sample_2172,25.67286,94.08883,block_51_188,1
sample_2173,25.667,94.094,block_51_188,1
sample_2174,25.65967,94.09297,block_51_188,1
sample_2175,25.65747,94.08611,block_51_188,1
sample_2176,25.651,94.097,block_51_188,1
sample_2177,25.659,94.112,block_51_188,1
sample_2178,25.673,94.101,block_51_188,1
sample_2179,25.669,94.104,block_51_188,1
sample_2180,25.664,94.101,block_51_188,1
sample_2181,25.679,94.096,block_51_188,1
sample_2182,25.683,94.099,block_51_188,1
sample_2183,25.678,94.101,block_51_188,1
sample_2184,25.68,94.117,block_51_188,1
sample_2185,25.694,94.107,block_51_188,1
sample_2186,25.69506,94.11203,block_51_188,1
sample_2187,25.698,94.085,block_51_188,1
sample_2188,25.68044,94.07336,block_51_188,1
sample_2189,25.696,94.079,block_51_188,1
sample_2190,25.692,94.068,block_51_188,1
sample_2191,25.685,94.059,block_51_188,1
sample_2192,25.68658,94.05319,block_51_188,1
sample_2193,25.682,94.052,block_51_188,1
sample_2194,25.6715,94.06942,block_51_188,1
sample_2195,25.67,94.062,block_51_188,1
sample_2196,25.661,94.055,block_51_188,1
sample_2197,25.668,94.051,block_51_188,1
sample_2198,25.65072,94.03294,block_51_188,1
sample_2199,25.667,94.035,block_51_188,1
sample_2200,25.68625,94.043194,block_51_188,1
sample_2201,25.683,94.038,block_51_188,1
sample_2202,25.693,94.043,block_51_188,1
sample_2203,25.725,94.031,block_51_188,1
sample_2204,25.721,94.039,block_51_188,1
sample_2205,25.713,94.06,block_51_188,1
sample_2206,25.711,94.069,block_51_188,1
sample_2207,25.759556,94.026056,block_51_188,1
sample_2208,25.761278,94.032417,block_51_188,1
sample_2209,25.769417,94.037639,block_51_188,1
sample_2210,25.760583,94.064583,block_51_188,1
sample_2211,25.761278,94.072194,block_51_188,1
sample_2212,25.758944,94.078028,block_51_188,1
sample_2213,25.773583,94.086833,block_51_188,1
sample_2214,25.767167,94.078556,block_51_188,1
sample_2215,25.779944,94.116556,block_51_188,1
sample_2216,25.728,94.112,block_51_188,1
sample_2217,25.72739,94.10103,block_51_188,1
sample_2218,25.74467,94.08672,block_51_188,1
sample_2219,25.746,94.078,block_51_188,1
sample_2220,25.726,94.076,block_51_188,1
sample_2221,25.729,94.083,block_51_188,1
sample_2222,25.73572,94.08703,block_51_188,1
sample_2223,25.717,94.086,block_51_188,1
sample_2224,25.72194,94.0855,block_51_188,1
sample_2225,25.701,94.089,block_51_188,1
sample_2226,25.71092,94.09306,block_51_188,1
sample_2227,25.719,94.105,block_51_188,1
sample_2228,25.704,94.118,block_51_188,1
sample_2229,25.703,94.137,block_51_188,1
sample_2230,25.70106,94.14167,block_51_188,1
sample_2231,25.755206,94.179975,block_51_188,1
sample_2232,25.767692,94.185106,block_51_188,1
sample_2233,25.781919,94.171169,block_51_188,1
sample_2234,25.750944,94.199444,block_51_188,1
sample_2235,25.750583,94.180833,block_51_188,1
sample_2236,25.671,94.21,block_51_188,1
sample_2237,25.669,94.192,block_51_188,1
sample_2238,25.688,94.137,block_51_188,1
sample_2239,25.691,94.121,block_51_188,1
sample_2240,25.68375,94.12436,block_51_188,1
sample_2241,25.686,94.119,block_51_188,1
sample_2242,25.678,94.122,block_51_188,1
sample_2243,25.682,94.131,block_51_188,1
sample_2244,25.671,94.14,block_51_188,1
sample_2245,25.653,94.123,block_51_188,1
sample_2246,25.652,94.154,block_51_188,1
sample_2247,25.648,94.124,block_51_188,1
sample_2248,25.61,94.139,block_51_188,1
sample_2249,25.608,94.146,block_51_188,1
sample_2250,25.631,94.174,block_51_188,1
sample_2251,25.646,94.177,block_51_188,1
sample_2252,25.62978,94.19514,block_51_188,1
sample_2253,25.642,94.201,block_51_188,1
sample_2254,25.631,94.203,block_51_188,1
sample_2255,25.624,94.206,block_51_188,1
sample_2256,25.619,94.206,block_51_188,1
sample_2257,25.612,94.209,block_51_188,1
sample_2258,25.62153,94.19439,block_51_188,1
sample_2259,25.61092,94.20064,block_51_188,1
sample_2260,25.61275,94.21517,block_51_188,1
sample_2261,25.621,94.212,block_51_188,1
sample_2262,25.63,94.25,block_51_188,1
sample_2263,25.631,94.257,block_51_188,1
sample_2264,25.635,94.253,block_51_188,1
sample_2265,25.63669,94.21986,block_51_188,1
sample_2266,25.628,94.211,block_51_188,1
sample_2267,25.632,94.215,block_51_188,1
sample_2268,25.655,94.234,block_51_188,1
sample_2269,25.672,94.218,block_51_188,1
sample_2270,25.665,94.216,block_51_188,1
sample_2271,25.677,94.241,block_51_188,1
sample_2272,25.684,94.246,block_51_188,1
sample_2273,25.667,94.254,block_51_188,1
sample_2274,25.665,94.247,block_51_188,1
sample_2275,25.681,94.285,block_51_188,1
sample_2276,25.652,94.288,block_51_188,1
sample_2277,25.629,94.274,block_51_188,1
sample_2278,25.607,94.321,block_51_188,1
sample_2279,25.614,94.319,block_51_188,1
sample_2280,25.625,94.335,block_51_188,1
sample_2281,25.625,94.345,block_51_188,1
sample_2282,25.62,94.332,block_51_188,1
sample_2283,25.623,94.354,block_51_188,1
sample_2284,25.624,94.361,block_51_188,1
sample_2285,25.646,94.378,block_51_188,1
sample_2286,25.647,94.361,block_51_188,1
sample_2287,25.661,94.388,block_51_188,1
sample_2288,25.67,94.382,block_51_188,1
sample_2289,25.681,94.387,block_51_188,1
sample_2290,25.695,94.349,block_51_188,1
sample_2291,25.696,94.32,block_51_188,1
sample_2292,25.713,94.309,block_51_188,1
sample_2293,25.736,94.329,block_51_188,1
sample_2294,25.745,94.338,block_51_188,1
sample_2295,25.703,94.338,block_51_188,1
sample_2296,25.708,94.386,block_51_188,1
sample_2297,25.770917,94.357322,block_51_188,1
sample_2298,25.760111,94.366528,block_51_188,1
sample_2299,25.783278,94.388306,block_51_188,1
sample_2300,25.751694,94.316361,block_51_188,1
sample_2301,25.750617,94.237358,block_51_188,1
sample_2302,25.744,94.242,block_51_188,1
sample_2303,25.752806,94.213306,block_51_188,1
sample_2304,25.761464,94.217103,block_51_188,1
sample_2305,25.767,94.229778,block_51_188,1
sample_2306,25.757639,94.223583,block_51_188,1
sample_2307,25.756444,94.245333,block_51_188,1
sample_2308,25.78875,94.234111,block_51_188,1
sample_2309,25.806861,94.237333,block_51_188,1
sample_2310,25.828558,94.239531,block_51_188,1
sample_2311,25.881639,94.212861,block_51_188,1
sample_2312,25.878861,94.221333,block_51_188,1
sample_2313,25.880083,94.234167,block_51_188,1
sample_2314,25.885208,94.244494,block_51_188,1
sample_2315,25.892028,94.274528,block_51_188,1
sample_2316,25.889056,94.278361,block_51_188,1
sample_2317,25.880861,94.300667,block_51_188,1
sample_2318,25.817194,94.280058,block_51_188,1
sample_2319,25.844972,94.328611,block_51_188,1
sample_2320,25.866722,94.372639,block_51_188,1
sample_2321,25.901611,94.393694,block_51_188,1
sample_2322,25.87975,94.358722,block_51_188,1
sample_2323,25.877111,94.34325,block_51_188,1
sample_2324,25.869194,94.324889,block_51_188,1
sample_2325,25.977569,94.322217,block_51_188,1
sample_2326,25.998778,94.264853,block_51_188,1
sample_2327,25.936056,94.216444,block_51_188,1
sample_2328,25.966861,94.2215,block_51_188,1
sample_2329,25.961917,94.216194,block_51_188,1
sample_2330,25.970083,94.213639,block_51_188,1
sample_2331,26.002139,94.253972,block_52_188,1
sample_2332,26.001972,94.183667,block_52_188,1
sample_2333,25.979897,94.152281,block_51_188,1
sample_2334,25.915444,94.119639,block_51_188,1
sample_2335,25.910583,94.206417,block_51_188,1
sample_2336,25.896389,94.203556,block_51_188,1
sample_2337,25.89125,94.202306,block_51_188,1
sample_2338,25.867778,94.168056,block_51_188,1
sample_2339,25.845861,94.19025,block_51_188,1
sample_2340,25.844694,94.195833,block_51_188,1
sample_2341,25.849611,94.156806,block_51_188,1
sample_2342,25.840361,94.152167,block_51_188,1
sample_2343,25.808722,94.138278,block_51_188,1
sample_2344,25.854417,94.15525,block_51_188,1
sample_2345,25.859444,94.160139,block_51_188,1
sample_2346,25.840167,94.115194,block_51_188,1
sample_2347,25.827028,94.078139,block_51_188,1
sample_2348,25.832333,94.073306,block_51_188,1
sample_2349,25.849806,94.057083,block_51_188,1
sample_2350,25.843222,94.053139,block_51_188,1
sample_2351,25.833028,94.050056,block_51_188,1
sample_2352,25.832806,94.06175,block_51_188,1
sample_2353,25.803806,94.065556,block_51_188,1
sample_2354,25.826778,94.047833,block_51_188,1
sample_2355,25.875639,94.0395,block_51_188,1
sample_2356,25.865722,94.048806,block_51_188,1
sample_2357,25.860611,94.0555,block_51_188,1
sample_2358,25.879889,94.035417,block_51_188,1
sample_2359,25.884206,94.026203,block_51_188,1
sample_2360,25.907167,94.041583,block_51_188,1
sample_2361,25.9545,94.040083,block_51_188,1
sample_2362,25.942111,94.04625,block_51_188,1
sample_2363,25.9365,94.047694,block_51_188,1
sample_2364,25.930722,94.048417,block_51_188,1
sample_2365,25.905433,94.097386,block_51_188,1
sample_2366,25.935694,94.111472,block_51_188,1
sample_2367,25.930611,94.112139,block_51_188,1
sample_2368,25.929733,94.072478,block_51_188,1
sample_2369,25.96675,94.031917,block_51_188,1
sample_2370,25.957472,94.036278,block_51_188,1
sample_2371,25.993164,94.034803,block_51_188,1
sample_2372,25.984456,94.031639,block_51_188,1
sample_2373,26.004528,94.039583,block_52_188,1
sample_2374,25.99875,94.026203,block_51_188,1
sample_2375,26.008333,94.032333,block_52_188,1
sample_2376,26.012889,94.044222,block_52_188,1
sample_2377,26.021083,94.040361,block_52_188,1
sample_2378,26.053164,94.045167,block_52_188,1
sample_2379,26.037381,94.037386,block_52_188,1
sample_2380,26.087917,94.098056,block_52_188,1
sample_2381,26.091861,94.101333,block_52_188,1
sample_2382,26.098056,94.105472,block_52_188,1
sample_2383,26.084444,94.09,block_52_188,1
sample_2384,26.134639,94.049278,block_52_188,1
sample_2385,26.209389,94.116411,block_52_188,1
sample_2386,26.180639,94.101028,block_52_188,1
sample_2387,26.109167,94.116167,block_52_188,1
sample_2388,26.122167,94.131528,block_52_188,1
sample_2389,26.1295,94.136111,block_52_188,1
sample_2390,26.143722,94.151111,block_52_188,1
sample_2391,26.179,94.182611,block_52_188,1
sample_2392,26.208417,94.204389,block_52_188,1
sample_2393,26.08875,94.202444,block_52_188,1
sample_2394,26.016528,94.171056,block_52_188,1
sample_2395,26.013556,94.255139,block_52_188,1
sample_2396,26.0325,94.256,block_52_188,1
sample_2397,26.067889,94.224889,block_52_188,1
sample_2398,26.093972,94.217417,block_52_188,1
sample_2399,26.101583,94.253222,block_52_188,1
sample_2400,26.096778,94.252611,block_52_188,1
sample_2401,26.05925,94.244472,block_52_188,1
sample_2402,26.05925,94.251972,block_52_188,1
sample_2403,26.065972,94.270389,block_52_188,1
sample_2404,26.085389,94.258,block_52_188,1
sample_2405,26.084806,94.263083,block_52_188,1
sample_2406,26.105583,94.257778,block_52_188,1
sample_2407,26.070306,94.280586,block_52_188,1
sample_2408,26.037139,94.258306,block_52_188,1
sample_2409,26.022278,94.257556,block_52_188,1
sample_2410,26.056167,94.3065,block_52_188,1
sample_2411,26.026389,94.331722,block_52_188,1
sample_2412,26.103667,94.363139,block_52_188,1
sample_2413,26.088722,94.349833,block_52_188,1
sample_2414,26.104528,94.353833,block_52_188,1
sample_2415,26.107333,94.339139,block_52_188,1
sample_2416,26.068028,94.317833,block_52_188,1
sample_2417,26.116361,94.323778,block_52_188,1
sample_2418,26.131917,94.323611,block_52_188,1
sample_2419,26.127222,94.306444,block_52_188,1
sample_2420,26.117194,94.336972,block_52_188,1
sample_2421,26.11575,94.33075,block_52_188,1
sample_2422,26.1125,94.347556,block_52_188,1
sample_2423,26.193,94.292972,block_52_188,1
sample_2424,26.192667,94.282194,block_52_188,1
sample_2425,26.182583,94.263361,block_52_188,1
sample_2426,26.123806,94.294889,block_52_188,1
sample_2427,26.111278,94.257194,block_52_188,1
sample_2428,26.155083,94.250361,block_52_188,1
sample_2429,26.153306,94.240611,block_52_188,1
sample_2430,26.180944,94.249472,block_52_188,1
sample_2431,26.193056,94.2465,block_52_188,1
sample_2432,26.204028,94.238389,block_52_188,1
sample_2433,26.2095,94.232083,block_52_188,1
sample_2434,26.206111,94.223333,block_52_188,1
sample_2435,26.202972,94.213417,block_52_188,1
sample_2436,26.213889,94.211111,block_52_188,1
sample_2437,26.222306,94.214056,block_52_188,1
sample_2438,26.226972,94.211806,block_52_188,1
sample_2439,26.234722,94.21525,block_52_188,1
sample_2440,26.212861,94.235889,block_52_188,1
sample_2441,26.216583,94.240556,block_52_188,1
sample_2442,26.211028,94.241389,block_52_188,1
sample_2443,26.299889,94.249667,block_52_188,1
sample_2444,26.29325,94.251806,block_52_188,1
sample_2445,26.2905,94.393222,block_52_188,1
sample_2446,26.286222,94.364167,block_52_188,1
sample_2447,26.41,94.37,block_52_188,1
sample_2448,26.333833,94.284333,block_52_188,1
sample_2449,26.331028,94.279167,block_52_188,1
sample_2450,26.237861,94.205028,block_52_188,1
sample_2451,26.230083,94.198,block_52_188,1
sample_2452,26.222492,94.167267,block_52_188,1
sample_2453,26.26,94.15,block_52_188,1
sample_2454,26.232944,94.130639,block_52_188,1
sample_2455,26.28,94.13,block_52_188,1
sample_2456,26.27,94.14,block_52_188,1
sample_2457,26.3,94.11,block_52_188,1
sample_2458,26.29,94.11,block_52_188,1
sample_2459,26.239167,94.071111,block_52_188,1
sample_2460,26.129722,94.019194,block_52_188,1
sample_2461,26.0075,94.021444,block_52_188,1
sample_2462,26.013722,94.009083,block_52_188,1
sample_2463,26.0225,94.004444,block_52_188,1
sample_2464,26.0073,93.9983,block_52_187,1
sample_2465,26.07256,93.928,block_52_187,1
sample_2466,26.34838,93.78208,block_52_187,1
sample_2467,26.35622,93.77941,block_52_187,1
sample_2468,26.34075,93.78861,block_52_187,1
sample_2469,26.3466,93.7356,block_52_187,1
sample_2470,26.3478,93.7417,block_52_187,1
sample_2471,26.57708,93.65836,block_53_187,1
sample_2472,26.57447,93.66297,block_53_187,1
sample_2473,27.124444,93.742222,block_54_187,1
sample_2474,27.1231389,93.7021389,block_54_187,1
sample_2475,27.112222,93.694444,block_54_187,1
sample_2476,27.105556,93.699722,block_54_187,1
sample_2477,27.0882778,93.66925,block_54_187,1
sample_2478,27.2162778,93.6556389,block_54_187,1
sample_2479,27.2166389,93.6914722,block_54_187,1
sample_2480,27.2208333,93.6981944,block_54_187,1
sample_2481,27.16,93.7391667,block_54_187,1
sample_2482,27.1289722,93.7053333,block_54_187,1
sample_2483,27.1275,93.73164,block_54_187,1
sample_2484,27.1658056,93.7511667,block_54_187,1
sample_2485,27.193425,93.780983,block_54_187,1
sample_2486,26.6,94.34,block_53_188,1
sample_2487,26.57,94.35,block_53_188,1
sample_2488,26.58,94.35,block_53_188,1
sample_2489,26.6,94.35,block_53_188,1
sample_2490,26.56,94.36,block_53_188,1
sample_2491,26.55,94.36,block_53_188,1
sample_2492,26.54,94.37,block_53_188,1
sample_2493,26.49,94.36,block_52_188,1
sample_2494,26.49,94.37,block_52_188,1
sample_2495,26.43,94.38,block_52_188,1
sample_2496,26.42,94.38,block_52_188,1
sample_2497,26.5,94.43,block_53_188,1
sample_2498,26.471889,94.454667,block_52_188,1
sample_2499,26.486389,94.448389,block_52_188,1
sample_2500,26.479167,94.543806,block_52_189,1
sample_2501,26.588056,94.549111,block_53_189,1
sample_2502,26.6,94.49,block_53_188,1
sample_2503,26.61,94.5,block_53_189,1
sample_2504,26.55,94.44,block_53_188,1
sample_2505,26.54,94.44,block_53_188,1
sample_2506,26.686961,94.544,block_53_189,1
sample_2507,26.68,94.534661,block_53_189,1
sample_2508,26.62,94.5,block_53_189,1
sample_2509,26.66725,94.614028,block_53_189,1
sample_2510,26.66325,94.617083,block_53_189,1
sample_2511,26.680722,94.639306,block_53_189,1
sample_2512,26.70069,94.64383,block_53_189,1
sample_2513,26.703194,94.633917,block_53_189,1
sample_2514,26.695194,94.636194,block_53_189,1
sample_2515,26.719056,94.657528,block_53_189,1
sample_2516,26.674139,94.74625,block_53_189,1
sample_2517,26.70744,94.70858,block_53_189,1
sample_2518,26.635667,94.703611,block_53_189,1
sample_2519,26.590556,94.764167,block_53_189,1
sample_2520,26.561861,94.686611,block_53_189,1
sample_2521,26.556,94.680167,block_53_189,1
sample_2522,26.608167,94.645139,block_53_189,1
sample_2523,26.504917,94.662417,block_53_189,1
sample_2524,26.429361,94.623,block_52_189,1
sample_2525,26.426944,94.669,block_52_189,1
sample_2526,26.463333,94.8575,block_52_189,1
sample_2527,26.46,94.852222,block_52_189,1
sample_2528,26.488056,94.821389,block_52_189,1
sample_2529,26.510833,94.836944,block_53_189,1
sample_2530,26.494722,94.824722,block_52_189,1
sample_2531,26.506111,94.794167,block_53_189,1
sample_2532,26.468611,94.806389,block_52_189,1
sample_2533,26.506389,94.787222,block_53_189,1
sample_2534,26.535556,94.788056,block_53_189,1
sample_2535,26.516111,94.785833,block_53_189,1
sample_2536,26.551111,94.79,block_53_189,1
sample_2537,26.556111,94.783333,block_53_189,1
sample_2538,26.562222,94.773056,block_53_189,1
sample_2539,26.529444,94.837778,block_53_189,1
sample_2540,26.541389,94.946389,block_53_189,1
sample_2541,26.545,94.941389,block_53_189,1
sample_2542,26.435556,94.863056,block_52_189,1
sample_2543,26.424167,94.863889,block_52_189,1
sample_2544,26.4175,94.960278,block_52_189,1
sample_2545,26.418333,94.967778,block_52_189,1
sample_2546,26.439528,95.032278,block_52_190,1
sample_2547,26.4285,95.0185,block_52_190,1
sample_2548,26.421667,95.011306,block_52_190,1
sample_2549,26.420167,95.053833,block_52_190,1
sample_2550,26.415417,95.053667,block_52_190,1
sample_2551,26.427222,95.052389,block_52_190,1
sample_2552,26.431639,95.048417,block_52_190,1
sample_2553,26.441056,95.046111,block_52_190,1
sample_2554,26.563667,95.090139,block_53_190,1
sample_2555,26.550472,95.101889,block_53_190,1
sample_2556,26.548056,95.0905,block_53_190,1
sample_2557,26.5585,95.097417,block_53_190,1
sample_2558,26.5715,95.097639,block_53_190,1
sample_2559,26.576806,95.096889,block_53_190,1
sample_2560,26.580667,95.093056,block_53_190,1
sample_2561,26.592167,95.012111,block_53_190,1
sample_2562,26.588806,95.017667,block_53_190,1
sample_2563,26.582861,95.020306,block_53_190,1
sample_2564,26.578028,95.028278,block_53_190,1
sample_2565,26.555,94.9525,block_53_189,1
sample_2566,26.59,94.983056,block_53_189,1
sample_2567,26.596389,94.990833,block_53_189,1
sample_2568,26.625556,94.970833,block_53_189,1
sample_2569,26.641111,94.990278,block_53_189,1
sample_2570,26.637222,94.981389,block_53_189,1
sample_2571,26.711639,95.014944,block_53_190,1
sample_2572,26.710611,95.020278,block_53_190,1
sample_2573,26.7175,95.03125,block_53_190,1
sample_2574,26.6575,95.012028,block_53_190,1
sample_2575,26.6435,95.075444,block_53_190,1
sample_2576,26.62625,95.120139,block_53_190,1
sample_2577,26.62125,95.12575,block_53_190,1
sample_2578,26.638861,95.123333,block_53_190,1
sample_2579,26.650333,95.125194,block_53_190,1
sample_2580,26.706194,95.110333,block_53_190,1
sample_2581,26.711222,95.074222,block_53_190,1
sample_2582,26.706028,95.078361,block_53_190,1
sample_2583,26.694917,95.07275,block_53_190,1
sample_2584,26.699056,95.079417,block_53_190,1
sample_2585,26.732306,95.055722,block_53_190,1
sample_2586,26.747806,95.062,block_53_190,1
sample_2587,26.768833,95.086194,block_53_190,1
sample_2588,26.759389,95.108944,block_53_190,1
sample_2589,26.820528,95.078722,block_53_190,1
sample_2590,26.816056,95.074639,block_53_190,1
sample_2591,26.773611,95.077611,block_53_190,1
sample_2592,26.775667,95.072917,block_53_190,1
sample_2593,26.784222,95.069944,block_53_190,1
sample_2594,26.788611,95.068194,block_53_190,1
sample_2595,26.794472,95.072722,block_53_190,1
sample_2596,26.804028,95.003722,block_53_190,1
sample_2597,26.782472,95.009028,block_53_190,1
sample_2598,26.777056,95.020361,block_53_190,1
sample_2599,26.727889,95.040389,block_53_190,1
sample_2600,26.722722,95.043361,block_53_190,1
sample_2601,26.727722,95.033056,block_53_190,1
sample_2602,26.725083,95.023861,block_53_190,1
sample_2603,26.731944,95.018361,block_53_190,1
sample_2604,26.749444,94.999444,block_53_189,1
sample_2605,26.758306,94.955806,block_53_189,1
sample_2606,26.749722,94.827222,block_53_189,1
sample_2607,26.834194,95.081639,block_53_190,1
sample_2608,26.841139,95.079694,block_53_190,1
sample_2609,26.845472,95.077639,block_53_190,1
sample_2610,26.825,95.076778,block_53_190,1
sample_2611,27.834083,94.768972,block_55_189,1
sample_2612,27.790489,94.958147,block_55_189,1
sample_2613,27.951306,95.074056,block_55_190,1
sample_2614,27.944389,95.117586,block_55_190,1
sample_2615,27.893389,94.842194,block_55_189,1
sample_2616,27.870361,94.817861,block_55_189,1
sample_2617,27.859444,94.789222,block_55_189,1
sample_2618,27.858972,94.783917,block_55_189,1
sample_2619,27.839817,94.778642,block_55_189,1
sample_2620,27.847111,94.783139,block_55_189,1
sample_2621,27.840972,94.771167,block_55_189,1
sample_2622,27.868667,94.787083,block_55_189,1
sample_2623,27.9573056,94.68625,block_55_189,1
sample_2624,27.94175,94.6956944,block_55_189,1
sample_2625,28.0298476,94.6164554,block_56_189,1
sample_2626,28.0265147,94.5909185,block_56_189,1
sample_2627,28.024169,94.5821841,block_56_189,1
sample_2628,27.9380556,94.7003056,block_55_189,1
sample_2629,27.9336111,94.7034722,block_55_189,1
sample_2630,27.9104167,94.7395278,block_55_189,1
sample_2631,27.9128056,94.7269722,block_55_189,1
sample_2632,27.9149444,94.7218056,block_55_189,1
sample_2633,27.8256944,94.747,block_55_189,1
sample_2634,27.7973889,94.7353333,block_55_189,1
sample_2635,27.7943333,94.73075,block_55_189,1
sample_2636,27.8218889,94.7304167,block_55_189,1
sample_2637,27.8248889,94.7395556,block_55_189,1
sample_2638,27.8049444,94.7198611,block_55_189,1
sample_2639,27.7772778,94.7155833,block_55_189,1
sample_2640,27.7601944,94.7122778,block_55_189,1
sample_2641,27.7548056,94.7154444,block_55_189,1
sample_2642,27.7868333,94.7201111,block_55_189,1
sample_2643,27.7204444,94.7215278,block_55_189,1
sample_2644,27.6621944,94.7026667,block_55_189,1
sample_2645,27.6649722,94.6938611,block_55_189,1
sample_2646,27.6838889,94.6824444,block_55_189,1
sample_2647,27.688,94.67875,block_55_189,1
sample_2648,27.70625,94.6738333,block_55_189,1
sample_2649,28.0147654,94.569467,block_56_189,1
sample_2650,28.0226671,94.5742939,block_56_189,1
sample_2651,28.0246915,94.5536338,block_56_189,1
sample_2652,28.0216778,94.5362555,block_56_189,1
sample_2653,27.9958893,94.5259412,block_55_189,1
sample_2654,27.9793056,94.2285278,block_55_188,1
sample_2655,27.9658194,94.2936722,block_55_188,1
sample_2656,28.0053889,94.2013056,block_56_188,1
sample_2657,27.8305,94.1574444,block_55_188,1
sample_2658,27.81975,94.1387222,block_55_188,1
sample_2659,27.8138333,94.1343333,block_55_188,1
sample_2660,27.8218611,94.1048056,block_55_188,1
sample_2661,27.7593611,94.0470833,block_55_188,1
sample_2662,27.7588889,94.0598333,block_55_188,1
sample_2663,27.6229722,93.8413611,block_55_187,1
sample_2664,27.339267,93.802581,block_54_187,1
sample_2665,27.3366667,93.8207222,block_54_187,1
sample_2666,27.3258056,93.8223889,block_54_187,1
sample_2667,27.3285278,93.8125278,block_54_187,1
sample_2668,27.2942778,93.8020556,block_54_187,1
sample_2669,27.2910833,93.7968056,block_54_187,1
sample_2670,27.27925,93.7964444,block_54_187,1
sample_2671,27.2363056,93.8071667,block_54_187,1
sample_2672,27.2281667,93.7991111,block_54_187,1
sample_2673,27.246131,93.804711,block_54_187,1
sample_2674,27.254756,93.801303,block_54_187,1
sample_2675,27.2677222,93.80125,block_54_187,1
sample_2676,27.2745,93.7978333,block_54_187,1
sample_2677,27.2607222,93.7803056,block_54_187,1
sample_2678,27.2604444,93.7895,block_54_187,1
sample_2679,27.2481667,93.7658889,block_54_187,1
sample_2680,27.2405556,93.7504167,block_54_187,1
sample_2681,27.2429167,93.7572222,block_54_187,1
sample_2682,27.2393333,93.745,block_54_187,1
sample_2683,27.241,93.7314167,block_54_187,1
sample_2684,27.2361389,93.7156944,block_54_187,1
sample_2685,27.2341389,93.7078611,block_54_187,1
sample_2686,27.63825,93.8575833,block_55_187,1
sample_2687,27.656,93.8774722,block_55_187,1
sample_2688,27.6491944,93.874,block_55_187,1
sample_2689,27.6665556,93.8918611,block_55_187,1
sample_2690,27.7735556,93.9697778,block_55_187,1
sample_2691,27.7608889,93.9908056,block_55_187,1
sample_2692,27.7586111,93.9972222,block_55_187,1
sample_2693,27.7540556,94.0185278,block_55_188,1
sample_2694,27.7519167,94.0234722,block_55_188,1
sample_2695,27.83875,93.9772778,block_55_187,1
sample_2696,27.8333056,93.9786111,block_55_187,1
sample_2697,27.8274722,93.9725556,block_55_187,1
sample_2698,27.7978056,93.96175,block_55_187,1
sample_2699,27.81975,93.9455556,block_55_187,1
sample_2700,27.8345,93.9336944,block_55_187,1
sample_2701,27.82925,93.9111944,block_55_187,1
sample_2702,27.8309444,93.9170278,block_55_187,1
sample_2703,27.8444444,93.9739444,block_55_187,1
sample_2704,27.8545833,93.4847222,block_55_186,1
sample_2705,27.8637222,93.4733889,block_55_186,1
sample_2706,27.7945833,93.5973056,block_55_187,1
sample_2707,27.7836667,93.6008056,block_55_187,1
sample_2708,27.7634444,93.6082778,block_55_187,1
sample_2709,27.7738472,93.5955278,block_55_187,1
sample_2710,27.7588056,93.6091667,block_55_187,1
sample_2711,27.690111,93.632556,block_55_187,1
sample_2712,27.6376111,93.6377222,block_55_187,1
sample_2713,27.6521667,93.6324167,block_55_187,1
sample_2714,27.6682778,93.6294722,block_55_187,1
sample_2715,27.7817917,93.4779417,block_55_186,1
sample_2716,27.7821389,93.5461389,block_55_187,1
sample_2717,27.7883889,93.5265278,block_55_187,1
sample_2718,27.7886389,93.5396667,block_55_187,1
sample_2719,27.8039722,93.5430833,block_55_187,1
sample_2720,27.8148056,93.521,block_55_187,1
sample_2721,27.83275,93.5044167,block_55_187,1
sample_2722,27.7565111,93.4178611,block_55_186,1
sample_2723,27.7567778,93.4367611,block_55_186,1
sample_2724,27.78,93.4562306,block_55_186,1
sample_2725,27.9034167,93.3717222,block_55_186,1
sample_2726,27.8746667,93.4529167,block_55_186,1
sample_2727,27.86775,93.4658611,block_55_186,1
sample_2728,27.8820556,93.4443333,block_55_186,1
sample_2729,27.8988056,93.4084444,block_55_186,1
sample_2730,27.5358056,92.9306667,block_55_185,1
sample_2731,27.5420833,92.946,block_55_185,1
sample_2732,27.5553889,92.9607778,block_55_185,1
sample_2733,27.5446667,92.9588056,block_55_185,1
sample_2734,27.5437778,92.9828056,block_55_185,1
sample_2735,27.5493889,92.9790278,block_55_185,1
sample_2736,27.5536111,92.9755833,block_55_185,1
sample_2737,27.5526389,92.9658611,block_55_185,1
sample_2738,27.5611111,92.9652778,block_55_185,1
sample_2739,27.5666111,92.9676389,block_55_185,1
sample_2740,27.5711111,92.9655556,block_55_185,1
sample_2741,27.5661306,92.9730722,block_55_185,1
sample_2742,27.5629167,92.9831389,block_55_185,1
sample_2743,27.5680278,92.9939444,block_55_185,1
sample_2744,27.5743056,92.9995556,block_55_185,1
sample_2745,27.5387778,92.9881389,block_55_185,1
sample_2746,27.5210833,92.9954444,block_55_185,1
sample_2747,27.5335,92.9648611,block_55_185,1
sample_2748,27.5305556,92.9591667,block_55_185,1
sample_2749,27.4367222,93.0036389,block_54_186,1
sample_2750,27.4416944,93.0214722,block_54_186,1
sample_2751,27.4373333,93.0296667,block_54_186,1
sample_2752,27.3421389,93.0415833,block_54_186,1
sample_2753,27.3479167,93.0121944,block_54_186,1
sample_2754,27.34675,93.0185278,block_54_186,1
sample_2755,27.3570833,93.0263611,block_54_186,1
sample_2756,27.3638333,93.0251389,block_54_186,1
sample_2757,27.3916389,93.0118611,block_54_186,1
sample_2758,27.4288333,93.0253056,block_54_186,1
sample_2759,27.4119444,93.0105278,block_54_186,1
sample_2760,27.4237222,93.0075833,block_54_186,1
sample_2761,27.4221111,93.0146389,block_54_186,1
sample_2762,27.3273333,93.0436111,block_54_186,1
sample_2763,27.3200833,93.0509167,block_54_186,1
sample_2764,27.3028611,93.0509167,block_54_186,1
sample_2765,27.2938056,93.0501389,block_54_186,1
sample_2766,27.2949444,93.0724167,block_54_186,1
sample_2767,27.3258611,93.0554722,block_54_186,1
sample_2768,27.2966111,93.0990556,block_54_186,1
sample_2769,27.3006111,93.0934167,block_54_186,1
sample_2770,27.2569167,93.0644722,block_54_186,1
sample_2771,27.2404444,93.0643611,block_54_186,1
sample_2772,27.2537778,93.5077778,block_54_187,1
sample_2773,27.2353056,93.5243889,block_54_187,1
sample_2774,27.2349167,93.5361389,block_54_187,1
sample_2775,27.2147778,93.6356667,block_54_187,1
sample_2776,27.2105556,93.6285556,block_54_187,1
sample_2777,27.2236667,93.5804167,block_54_187,1
sample_2778,27.2253611,93.5702778,block_54_187,1
sample_2779,27.1030694,93.6417778,block_54_187,1
sample_2780,27.1031111,93.6340194,block_54_187,1
sample_2781,27.101111,93.619222,block_54_187,1
sample_2782,27.078472,93.605639,block_54_187,1
sample_2783,26.95052,93.45136,block_53_186,1
sample_2784,26.95266,93.44166,block_53_186,1
sample_2785,26.59011,93.57466,block_53_187,1
sample_2786,26.51925,93.47147,block_53_186,1
sample_2787,26.59416,93.547361,block_53_187,1
sample_2788,26.59041,93.47616,block_53_186,1
sample_2789,26.60358,93.481,block_53_186,1
sample_2790,26.5235,93.28166,block_53_186,1
sample_2791,26.483278,93.181306,block_52_186,1
sample_2792,26.57463,93.11297,block_53_186,1
sample_2793,26.57436,93.10647,block_53_186,1
sample_2794,26.57719,93.10008,block_53_186,1
sample_2795,26.56111,93.04925,block_53_186,1
sample_2796,26.56252,93.05658,block_53_186,1
sample_2797,26.94755,93.257521,block_53_186,1
sample_2798,27.1776667,93.1486944,block_54_186,1
sample_2799,27.1618056,93.1361944,block_54_186,1
sample_2800,27.1886944,93.1360556,block_54_186,1
sample_2801,27.1969444,93.1397222,block_54_186,1
sample_2802,27.2080833,93.1334722,block_54_186,1
sample_2803,27.2156111,93.1231389,block_54_186,1
sample_2804,27.2159444,93.0692222,block_54_186,1
sample_2805,27.2167778,93.0749444,block_54_186,1
sample_2806,27.1036389,92.76025,block_54_185,1
sample_2807,27.1156944,92.7630278,block_54_185,1
sample_2808,27.1908611,92.6078056,block_54_185,1
sample_2809,27.1838333,92.5993333,block_54_185,1
sample_2810,27.2082222,92.55475,block_54_185,1
sample_2811,27.1663056,92.5871389,block_54_185,1
sample_2812,27.1524167,92.5617778,block_54_185,1
sample_2813,27.1344444,92.5996111,block_54_185,1
sample_2814,27.1480556,92.6138889,block_54_185,1
sample_2815,27.0990833,92.6263056,block_54_185,1
sample_2816,27.093889,92.591389,block_54_185,1
sample_2817,27.0920278,92.5970278,block_54_185,1
sample_2818,27.1069389,92.5735444,block_54_185,1
sample_2819,27.1055,92.5562778,block_54_185,1
sample_2820,27.086667,92.585278,block_54_185,1
sample_2821,27.035278,92.610556,block_54_185,1
sample_2822,27.0361111,92.6033333,block_54_185,1
sample_2823,27.06658,92.59572,block_54_185,1
sample_2824,26.93438,92.729,block_53_185,1
sample_2825,26.93362,92.70757,block_53_185,1
sample_2826,26.93641,92.70308,block_53_185,1
sample_2827,27.018342,92.6356,block_54_185,1
sample_2828,26.9693,92.634,block_53_185,1
sample_2829,26.9174,92.77163,block_53_185,1
sample_2830,26.92216,92.7678,block_53_185,1
sample_2831,26.92088,92.75933,block_53_185,1
sample_2832,26.92666,92.73966,block_53_185,1
sample_2833,27.1126944,92.5434722,block_54_185,1
sample_2834,27.1105,92.5374444,block_54_185,1
sample_2835,27.2041389,92.5292778,block_54_185,1
sample_2836,27.20675,92.5373889,block_54_185,1
sample_2837,27.3405556,92.2749444,block_54_184,1
sample_2838,27.3624444,92.2439722,block_54_184,1
sample_2839,27.345556,92.266389,block_54_184,1
sample_2840,27.3676111,92.2415,block_54_184,1
sample_2841,27.3252778,92.3737222,block_54_184,1
sample_2842,27.2915278,92.3917778,block_54_184,1
sample_2843,27.3006667,92.3918333,block_54_184,1
sample_2844,27.2666667,92.4043889,block_54_184,1
sample_2845,27.2774167,92.4252778,block_54_184,1
sample_2846,27.2487222,92.7377222,block_54_185,1
sample_2847,27.5768056,91.9934444,block_55_183,1
sample_2848,27.4330556,92.1235833,block_54_184,1
sample_2849,27.4413611,92.1174167,block_54_184,1
sample_2850,27.4562778,92.1095556,block_54_184,1
sample_2851,27.4963333,92.1043333,block_54_184,1
sample_2852,27.4836667,92.10925,block_54_184,1
sample_2853,27.3967222,92.1638611,block_54_184,1
sample_2854,27.3943056,92.1573333,block_54_184,1
sample_2855,27.4037222,92.1410556,block_54_184,1
sample_2856,27.4058611,92.1337778,block_54_184,1
sample_2857,27.512278,91.875556,block_55_183,1
sample_2858,27.561083,91.911528,block_55_183,1
sample_2859,27.5836111,91.9730556,block_55_183,1
sample_2860,27.58006,91.97728,block_55_183,1
sample_2861,27.5914167,91.9730833,block_55_183,1
sample_2862,27.591389,91.9025,block_55_183,1
sample_2863,27.589417,91.861444,block_55_183,1
sample_2864,27.584639,91.860917,block_55_183,1
sample_2865,27.590556,91.867667,block_55_183,1
sample_2866,27.589,91.873194,block_55_183,1
sample_2867,27.589889,91.881194,block_55_183,1
sample_2868,27.596639,91.878972,block_55_183,1
sample_2869,27.596278,91.894333,block_55_183,1
sample_2870,27.587417,91.886944,block_55_183,1
sample_2871,27.587611,91.894167,block_55_183,1
sample_2872,27.579,91.868639,block_55_183,1
sample_2873,27.58925,91.795667,block_55_183,1
sample_2874,26.37456,91.84561,block_52_183,1
sample_2875,26.250333,91.976694,block_52_183,1
sample_2876,26.205583,91.963222,block_52_183,1
sample_2877,26.158639,91.921889,block_52_183,1
sample_2878,26.129583,91.938306,block_52_183,1
sample_2879,26.109222,91.939,block_52_183,1
sample_2880,26.110056,91.908944,block_52_183,1
sample_2881,26.159139,91.915583,block_52_183,1
sample_2882,26.18842,91.85125,block_52_183,1
sample_2883,26.20536,91.86497,block_52_183,1
sample_2884,26.19081,91.84528,block_52_183,1
sample_2885,26.115139,91.837833,block_52_183,1
sample_2886,26.13222,91.83972,block_52_183,1
sample_2887,26.112667,91.853889,block_52_183,1
sample_2888,26.110944,91.887917,block_52_183,1
sample_2889,26.098167,91.881278,block_52_183,1
sample_2890,26.086389,91.879083,block_52_183,1
sample_2891,26.0641,91.889136,block_52_183,1
sample_2892,26.075944,91.820806,block_52_183,1
sample_2893,26.022094,91.832906,block_52_183,1
sample_2894,26.01061,91.86886,block_52_183,1
sample_2895,26.02547,91.87158,block_52_183,1
sample_2896,26.033583,91.867083,block_52_183,1
sample_2897,26.050286,91.880072,block_52_183,1
sample_2898,26.027583,91.886556,block_52_183,1
sample_2899,26.007083,91.909806,block_52_183,1
sample_2900,26.097986,91.980589,block_52_183,1
sample_2901,26.077653,91.982292,block_52_183,1
sample_2902,26.032028,91.989528,block_52_183,1
sample_2903,26.0405,92.0355,block_52_184,1
sample_2904,26.043267,92.055531,block_52_184,1
sample_2905,26.10175,92.040222,block_52_184,1
sample_2906,26.077844,92.035022,block_52_184,1
sample_2907,26.171972,92.002611,block_52_184,1
sample_2908,26.153556,92.038694,block_52_184,1
sample_2909,26.112083,92.091028,block_52_184,1
sample_2910,26.077806,92.170389,block_52_184,1
sample_2911,26.065167,92.150639,block_52_184,1
sample_2912,26.094578,92.135144,block_52_184,1
sample_2913,26.083972,92.14525,block_52_184,1
sample_2914,25.970062,92.054889,block_51_184,1
sample_2915,25.982436,92.057405,block_51_184,1
sample_2916,25.874293,92.018322,block_51_184,1
sample_2917,25.86575,92.153286,block_51_184,1
sample_2918,25.796657,92.143462,block_51_184,1
sample_2919,25.747333,92.117333,block_51_184,1
sample_2920,25.746722,92.111139,block_51_184,1
sample_2921,25.704083,92.118833,block_51_184,1
sample_2922,25.676,92.157917,block_51_184,1
sample_2923,25.696556,92.109694,block_51_184,1
sample_2924,25.653181,92.041194,block_51_184,1
sample_2925,25.64575,92.071167,block_51_184,1
sample_2926,25.776087,92.03754,block_51_184,1
sample_2927,25.75634,92.017832,block_51_184,1
sample_2928,25.668469,91.975083,block_51_183,1
sample_2929,25.637189,91.93345,block_51_183,1
sample_2930,25.64366,91.899342,block_51_183,1
sample_2931,25.649222,91.899,block_51_183,1
sample_2932,25.654639,91.898222,block_51_183,1
sample_2933,25.663444,91.915944,block_51_183,1
sample_2934,25.695552,91.903777,block_51_183,1
sample_2935,25.641194,91.890667,block_51_183,1
sample_2936,25.630652,91.87886,block_51_183,1
sample_2937,25.626417,91.887028,block_51_183,1
sample_2938,25.633896,91.891833,block_51_183,1
sample_2939,25.616596,91.876562,block_51_183,1
sample_2940,25.614537,91.87005,block_51_183,1
sample_2941,25.599762,91.860814,block_51_183,1
sample_2942,25.60339,91.856222,block_51_183,1
sample_2943,25.641388,91.854928,block_51_183,1
sample_2944,25.640264,91.848588,block_51_183,1
sample_2945,25.637026,91.844464,block_51_183,1
sample_2946,25.626794,91.829725,block_51_183,1
sample_2947,25.708426,91.896406,block_51_183,1
sample_2948,25.711032,91.891803,block_51_183,1
sample_2949,25.760611,91.88225,block_51_183,1
sample_2950,25.787,91.876583,block_51_183,1
sample_2951,25.865894,91.880278,block_51_183,1
sample_2952,25.853111,91.881583,block_51_183,1
sample_2953,25.951106,91.968889,block_51_183,1
sample_2954,25.997033,91.86235,block_51_183,1
sample_2955,26.00294,91.86692,block_52_183,1
sample_2956,25.979244,91.860578,block_51_183,1
sample_2957,25.95847,91.85406,block_51_183,1
sample_2958,25.937,91.87553,block_51_183,1
sample_2959,25.927972,91.877194,block_51_183,1
sample_2960,25.954889,91.858667,block_51_183,1
sample_2961,25.935708,91.714556,block_51_183,1
sample_2962,25.940978,91.724644,block_51_183,1
sample_2963,25.660333,91.635083,block_51_183,1
sample_2964,25.687431,91.648322,block_51_183,1
sample_2965,25.687442,91.656183,block_51_183,1
sample_2966,25.692947,91.648044,block_51_183,1
sample_2967,25.696489,91.644528,block_51_183,1
sample_2968,25.795444,91.662111,block_51_183,1
sample_2969,25.763347,91.657153,block_51_183,1
sample_2970,25.667744,91.597819,block_51_183,1
sample_2971,25.619625,91.616567,block_51_183,1
sample_2972,25.84,91.47,block_51_182,1
sample_2973,25.895583,91.599333,block_51_183,1
sample_2974,25.9545,91.546622,block_51_183,1
sample_2975,25.945619,91.548883,block_51_183,1
sample_2976,25.945225,91.560703,block_51_183,1
sample_2977,25.940439,91.563069,block_51_183,1
sample_2978,25.935833,91.56525,block_51_183,1
sample_2979,25.930386,91.571822,block_51_183,1
sample_2980,25.913997,91.578903,block_51_183,1
sample_2981,25.9235,91.574222,block_51_183,1
sample_2982,25.994619,91.577214,block_51_183,1
sample_2983,25.978481,91.569575,block_51_183,1
sample_2984,25.971897,91.562372,block_51_183,1
sample_2985,26.011861,91.569611,block_52_183,1
sample_2986,26.105806,91.62275,block_52_183,1
sample_2987,26.08125,91.798278,block_52_183,1
sample_2988,26.086975,91.7831,block_52_183,1
sample_2989,26.10711,91.78917,block_52_183,1
sample_2990,26.071556,91.734028,block_52_183,1
sample_2991,26.13611,91.74056,block_52_183,1
sample_2992,26.149444,91.748,block_52_183,1
sample_2993,26.13442,91.7501,block_52_183,1
sample_2994,26.15461,91.80086,block_52_183,1
sample_2995,26.15428,91.79264,block_52_183,1
sample_2996,26.15478,91.77411,block_52_183,1
sample_2997,26.17672,91.78672,block_52_183,1
sample_2998,26.19167,91.79028,block_52_183,1
sample_2999,26.18917,91.80111,block_52_183,1
sample_3000,26.18867,91.76694,block_52_183,1
sample_3001,26.256139,91.711583,block_52_183,1
sample_3002,26.211111,91.684167,block_52_183,1
sample_3003,26.20261,91.14528,block_52_182,1
sample_3004,25.83,91.05,block_51_182,1
sample_3005,25.81,91.02,block_51_182,1
sample_3006,25.716594,90.822539,block_51_181,1
sample_3007,25.635556,90.807778,block_51_181,1
sample_3008,25.625142,90.791675,block_51_181,1
sample_3009,25.8,91.01,block_51_182,1
sample_3010,25.79,91.02,block_51_182,1
sample_3011,25.693222,91.0555,block_51_182,1
sample_3012,25.6985,91.056611,block_51_182,1
sample_3013,25.667597,91.063169,block_51_182,1
sample_3014,25.671583,91.040889,block_51_182,1
sample_3015,25.611361,91.022019,block_51_182,1
sample_3016,25.629003,91.037664,block_51_182,1
sample_3017,25.639417,91.044806,block_51_182,1
sample_3018,25.647514,91.055144,block_51_182,1
sample_3019,25.672167,91.066028,block_51_182,1
sample_3020,25.678306,91.07975,block_51_182,1
sample_3021,25.66975,91.100222,block_51_182,1
sample_3022,25.6715,91.095233,block_51_182,1
sample_3023,25.667417,91.092333,block_51_182,1
sample_3024,25.66675,91.121472,block_51_182,1
sample_3025,25.668317,91.114858,block_51_182,1
sample_3026,25.68625,91.118358,block_51_182,1
sample_3027,25.69483,91.11836,block_51_182,1
sample_3028,25.663303,91.1347,block_51_182,1
sample_3029,25.660825,91.143689,block_51_182,1
sample_3030,25.657083,91.147397,block_51_182,1
sample_3031,25.649856,91.154383,block_51_182,1
sample_3032,25.644833,91.134778,block_51_182,1
sample_3033,25.606189,91.157706,block_51_182,1
sample_3034,25.599817,91.176394,block_51_182,1
sample_3035,25.607567,91.174906,block_51_182,1
sample_3036,25.612794,91.173697,block_51_182,1
sample_3037,25.624778,91.16775,block_51_182,1
sample_3038,25.628758,91.164169,block_51_182,1
sample_3039,25.636747,91.162711,block_51_182,1
sample_3040,25.644222,91.158528,block_51_182,1
sample_3041,25.625331,91.182614,block_51_182,1
sample_3042,25.618994,91.185681,block_51_182,1
sample_3043,25.602683,91.180708,block_51_182,1
sample_3044,25.698111,91.18275,block_51_182,1
sample_3045,25.671125,91.178883,block_51_182,1
sample_3046,25.65835,91.177014,block_51_182,1
sample_3047,25.79,91.24,block_51_182,1
sample_3048,25.8,91.11,block_51_182,1
sample_3049,25.83,91.14,block_51_182,1
sample_3050,25.85,91.17,block_51_182,1
sample_3051,25.95,91.28,block_51_182,1
sample_3052,25.91,91.4,block_51_182,1
sample_3053,25.84,91.35,block_51_182,1
sample_3054,25.615092,91.309872,block_51_182,1
sample_3055,25.528308,91.395711,block_51_182,1
sample_3056,25.549961,91.341175,block_51_182,1
sample_3057,25.549861,91.295706,block_51_182,1
sample_3058,25.550122,91.250286,block_51_182,1
sample_3059,25.545939,91.284283,block_51_182,1
sample_3060,25.545206,91.276144,block_51_182,1
sample_3061,25.544917,91.270722,block_51_182,1
sample_3062,25.544889,91.263722,block_51_182,1
sample_3063,25.527781,91.263214,block_51_182,1
sample_3064,25.5208,91.25985,block_51_182,1
sample_3065,25.50335,91.28335,block_51_182,1
sample_3066,25.51973,91.28443,block_51_182,1
sample_3067,25.545642,91.325403,block_51_182,1
sample_3068,25.44465,91.34622,block_50_182,1
sample_3069,25.425,91.405,block_50_182,1
sample_3070,25.23707,91.43212,block_50_182,1
sample_3071,25.216169,91.389142,block_50_182,1
sample_3072,25.221406,91.387092,block_50_182,1
sample_3073,25.266939,91.383208,block_50_182,1
sample_3074,25.278028,91.348931,block_50_182,1
sample_3075,25.299369,91.325575,block_50_182,1
sample_3076,25.31488,91.33367,block_50_182,1
sample_3077,25.357472,91.229167,block_50_182,1
sample_3078,25.288467,91.224269,block_50_182,1
sample_3079,25.201,91.234,block_50_182,1
sample_3080,25.206763,91.231417,block_50_182,1
sample_3081,25.20283,91.20908,block_50_182,1
sample_3082,25.211269,91.208223,block_50_182,1
sample_3083,25.221572,91.185833,block_50_182,1
sample_3084,25.239068,91.174728,block_50_182,1
sample_3085,25.197881,91.139559,block_50_182,1
sample_3086,25.295881,91.071747,block_50_182,1
sample_3087,25.305047,91.075778,block_50_182,1
sample_3088,25.455817,91.086289,block_50_182,1
sample_3089,25.462319,91.096836,block_50_182,1
sample_3090,25.496081,91.117675,block_50_182,1
sample_3091,25.496861,91.198556,block_50_182,1
sample_3092,25.496367,91.163575,block_50_182,1
sample_3093,25.507378,91.223883,block_51_182,1
sample_3094,25.546553,91.235222,block_51_182,1
sample_3095,25.544028,91.215472,block_51_182,1
sample_3096,25.533183,91.205647,block_51_182,1
sample_3097,25.537344,91.207542,block_51_182,1
sample_3098,25.572492,91.209156,block_51_182,1
sample_3099,25.569778,91.21575,block_51_182,1
sample_3100,25.565333,91.225667,block_51_182,1
sample_3101,25.553794,91.231139,block_51_182,1
sample_3102,25.558442,91.228547,block_51_182,1
sample_3103,25.552647,91.237072,block_51_182,1
sample_3104,25.549667,91.242444,block_51_182,1
sample_3105,25.580703,91.237361,block_51_182,1
sample_3106,25.57425,91.214472,block_51_182,1
sample_3107,25.581822,91.189944,block_51_182,1
sample_3108,25.582836,91.183972,block_51_182,1
sample_3109,25.581983,91.176972,block_51_182,1
sample_3110,25.597614,91.153233,block_51_182,1
sample_3111,25.436875,91.06105,block_50_182,1
sample_3112,25.436706,91.051053,block_50_182,1
sample_3113,25.440153,90.881372,block_50_181,1
sample_3114,25.560028,90.833917,block_51_181,1
sample_3115,25.565569,90.808153,block_51_181,1
sample_3116,25.552992,90.814503,block_51_181,1
sample_3117,25.558058,90.809919,block_51_181,1
sample_3118,25.557833,90.818103,block_51_181,1
sample_3119,25.48586,90.7005,block_50_181,1
sample_3120,25.47542,90.698611,block_50_181,1
sample_3121,25.39766,90.70111,block_50_181,1
sample_3122,25.40121,90.71722,block_50_181,1
sample_3123,25.403061,90.724166,block_50_181,1
sample_3124,25.416456,90.802981,block_50_181,1
sample_3125,25.479069,90.807167,block_50_181,1
sample_3126,25.374072,90.8146,block_50_181,1
sample_3127,25.311336,90.969222,block_50_181,1
sample_3128,25.359281,91.035939,block_50_182,1
sample_3129,25.376992,91.038136,block_50_182,1
sample_3130,25.191366,91.040468,block_50_182,1
sample_3131,25.18676,91.396515,block_50_182,1
sample_3132,25.188327,91.761486,block_50_183,1
sample_3133,25.169159,91.690014,block_50_183,1
sample_3134,25.180032,91.65815,block_50_183,1
sample_3135,25.181969,91.637545,block_50_183,1
sample_3136,25.182254,91.618979,block_50_183,1
sample_3137,25.180536,91.576839,block_50_183,1
sample_3138,25.18092,91.570335,block_50_183,1
sample_3139,25.160222,91.527843,block_50_183,1
sample_3140,25.160398,91.489558,block_50_182,1
sample_3141,25.18955,91.453997,block_50_182,1
sample_3142,25.247518,91.450545,block_50_182,1
sample_3143,25.251211,91.454514,block_50_182,1
sample_3144,25.196781,91.574727,block_50_183,1
sample_3145,25.205078,91.57517,block_50_183,1
sample_3146,25.214783,91.590875,block_50_183,1
sample_3147,25.207314,91.592357,block_50_183,1
sample_3148,25.208313,91.606889,block_50_183,1
sample_3149,25.205651,91.599771,block_50_183,1
sample_3150,25.218821,91.581584,block_50_183,1
sample_3151,25.265048,91.591553,block_50_183,1
sample_3152,25.273217,91.609962,block_50_183,1
sample_3153,25.26851,91.580418,block_50_183,1
sample_3154,25.27342,91.578074,block_50_183,1
sample_3155,25.277934,91.575,block_50_183,1
sample_3156,25.282485,91.57685,block_50_183,1
sample_3157,25.289055,91.533039,block_50_183,1
sample_3158,25.295624,91.56964,block_50_183,1
sample_3159,25.31458,91.45242,block_50_182,1
sample_3160,25.38803,91.46977,block_50_182,1
sample_3161,25.4013,91.45855,block_50_182,1
sample_3162,25.40023,91.5159,block_50_183,1
sample_3163,25.525533,91.467683,block_51_182,1
sample_3164,25.522717,91.448328,block_51_182,1
sample_3165,25.587111,91.498556,block_51_182,1
sample_3166,25.545722,91.520556,block_51_183,1
sample_3167,25.523,91.521389,block_51_183,1
sample_3168,25.524931,91.514383,block_51_183,1
sample_3169,25.520356,91.537764,block_51_183,1
sample_3170,25.5502,91.618106,block_51_183,1
sample_3171,25.537972,91.602361,block_51_183,1
sample_3172,25.40547,91.53712,block_50_183,1
sample_3173,25.542744,91.662067,block_51_183,1
sample_3174,25.549789,91.645033,block_51_183,1
sample_3175,25.535628,91.679575,block_51_183,1
sample_3176,25.507586,91.708236,block_51_183,1
sample_3177,25.504083,91.723028,block_51_183,1
sample_3178,25.509358,91.719631,block_51_183,1
sample_3179,25.577212,91.75219,block_51_183,1
sample_3180,25.568056,91.737944,block_51_183,1
sample_3181,25.581829,91.765659,block_51_183,1
sample_3182,25.585875,91.777328,block_51_183,1
sample_3183,25.446933,91.742919,block_50_183,1
sample_3184,25.423674,91.721317,block_50_183,1
sample_3185,25.397722,91.769417,block_50_183,1
sample_3186,25.408236,91.778704,block_50_183,1
sample_3187,25.390714,91.764766,block_50_183,1
sample_3188,25.35525,91.767889,block_50_183,1
sample_3189,25.348394,91.762714,block_50_183,1
sample_3190,25.338631,91.777559,block_50_183,1
sample_3191,25.298951,91.726475,block_50_183,1
sample_3192,25.381107,91.756477,block_50_183,1
sample_3193,25.331948,91.661011,block_50_183,1
sample_3194,25.326032,91.659568,block_50_183,1
sample_3195,25.331209,91.67737,block_50_183,1
sample_3196,25.247226,91.671435,block_50_183,1
sample_3197,25.220023,91.631989,block_50_183,1
sample_3198,25.200934,91.63449,block_50_183,1
sample_3199,25.20111,91.640451,block_50_183,1
sample_3200,25.209703,91.646662,block_50_183,1
sample_3201,25.223553,91.671157,block_50_183,1
sample_3202,25.237221,91.679456,block_50_183,1
sample_3203,25.23572,91.68776,block_50_183,1
sample_3204,25.228005,91.687913,block_50_183,1
sample_3205,25.222564,91.691398,block_50_183,1
sample_3206,25.224808,91.696177,block_50_183,1
sample_3207,25.229161,91.693249,block_50_183,1
sample_3208,25.226046,91.701458,block_50_183,1
sample_3209,25.218961,91.707094,block_50_183,1
sample_3210,25.208256,91.69041,block_50_183,1
sample_3211,25.20836,91.725397,block_50_183,1
sample_3212,25.207515,91.746839,block_50_183,1
sample_3213,25.206426,91.75498,block_50_183,1
sample_3214,25.212554,91.747962,block_50_183,1
sample_3215,25.204882,91.742535,block_50_183,1
sample_3216,25.206892,91.736341,block_50_183,1
sample_3217,25.216078,91.738387,block_50_183,1
sample_3218,25.224654,91.735929,block_50_183,1
sample_3219,25.222221,91.742134,block_50_183,1
sample_3220,25.226751,91.754441,block_50_183,1
sample_3221,25.227249,91.748917,block_50_183,1
sample_3222,25.240315,91.733388,block_50_183,1
sample_3223,25.217886,91.73381,block_50_183,1
sample_3224,25.22026,91.720198,block_50_183,1
sample_3225,25.222501,91.714409,block_50_183,1
sample_3226,25.243783,91.738698,block_50_183,1
sample_3227,25.243358,91.747094,block_50_183,1
sample_3228,25.223708,91.76661,block_50_183,1
sample_3229,25.24327,91.866626,block_50_183,1
sample_3230,25.256259,91.868197,block_50_183,1
sample_3231,25.259326,91.872712,block_50_183,1
sample_3232,25.282608,91.867354,block_50_183,1
sample_3233,25.277215,91.865449,block_50_183,1
sample_3234,25.269949,91.875273,block_50_183,1
sample_3235,25.234097,91.866071,block_50_183,1
sample_3236,25.225772,91.863037,block_50_183,1
sample_3237,25.199311,91.858857,block_50_183,1
sample_3238,25.228755,91.963018,block_50_183,1
sample_3239,25.311778,91.917528,block_50_183,1
sample_3240,25.320833,91.9275,block_50_183,1
sample_3241,25.332836,91.934395,block_50_183,1
sample_3242,25.326694,91.933972,block_50_183,1
sample_3243,25.324583,91.940667,block_50_183,1
sample_3244,25.315176,91.923021,block_50_183,1
sample_3245,25.301167,91.929306,block_50_183,1
sample_3246,25.301559,91.922585,block_50_183,1
sample_3247,25.294778,91.930833,block_50_183,1
sample_3248,25.300281,91.944944,block_50_183,1
sample_3249,25.354644,91.973237,block_50_183,1
sample_3250,25.350166,91.972582,block_50_183,1
sample_3251,25.362972,91.976278,block_50_183,1
sample_3252,25.385535,91.988473,block_50_183,1
sample_3253,25.372139,91.879889,block_50_183,1
sample_3254,25.375917,91.876,block_50_183,1
sample_3255,25.383298,91.87473,block_50_183,1
sample_3256,25.387781,91.877117,block_50_183,1
sample_3257,25.390444,91.883806,block_50_183,1
sample_3258,25.391944,91.875028,block_50_183,1
sample_3259,25.364889,91.881,block_50_183,1
sample_3260,25.360132,91.882043,block_50_183,1
sample_3261,25.359611,91.889417,block_50_183,1
sample_3262,25.351304,91.89353,block_50_183,1
sample_3263,25.34555,91.891461,block_50_183,1
sample_3264,25.32765,91.893414,block_50_183,1
sample_3265,25.415438,91.867487,block_50_183,1
sample_3266,25.397287,91.872324,block_50_183,1
sample_3267,25.438495,91.862917,block_50_183,1
sample_3268,25.422194,91.869222,block_50_183,1
sample_3269,25.425944,91.866,block_50_183,1
sample_3270,25.437036,91.857168,block_50_183,1
sample_3271,25.461894,91.830791,block_50_183,1
sample_3272,25.452164,91.819054,block_50_183,1
sample_3273,25.49137,91.821688,block_50_183,1
sample_3274,25.571256,91.825464,block_51_183,1
sample_3275,25.573653,91.831023,block_51_183,1
sample_3276,25.568837,91.833286,block_51_183,1
sample_3277,25.522768,91.892701,block_51_183,1
sample_3278,25.529056,91.923722,block_51_183,1
sample_3279,25.5275,91.918861,block_51_183,1
sample_3280,25.56667,91.90194,block_51_183,1
sample_3281,25.59578,91.917379,block_51_183,1
sample_3282,25.536972,91.973639,block_51_183,1
sample_3283,25.39897,91.993367,block_50_183,1
sample_3284,25.407917,91.998889,block_50_183,1
sample_3285,25.400194,92.015731,block_50_184,1
sample_3286,25.463778,92.04425,block_50_184,1
sample_3287,25.490961,92.070397,block_50_184,1
sample_3288,25.541611,92.0125,block_51_184,1
sample_3289,25.539611,92.001556,block_51_184,1
sample_3290,25.592972,92.055139,block_51_184,1
sample_3291,25.582167,92.058333,block_51_184,1
sample_3292,25.576203,92.057722,block_51_184,1
sample_3293,25.53458,92.11539,block_51_184,1
sample_3294,25.54261,92.10867,block_51_184,1
sample_3295,25.545083,92.103175,block_51_184,1
sample_3296,25.542806,92.096972,block_51_184,1
sample_3297,25.450464,92.095806,block_50_184,1
sample_3298,25.312667,92.130417,block_50_184,1
sample_3299,25.358972,92.003131,block_50_184,1
sample_3300,25.347353,92.010558,block_50_184,1
sample_3301,25.341306,92.009611,block_50_184,1
sample_3302,25.343028,92.0625,block_50_184,1
sample_3303,25.343528,92.069028,block_50_184,1
sample_3304,25.21225,92.047306,block_50_184,1
sample_3305,25.215583,92.077639,block_50_184,1
sample_3306,25.211814,92.065517,block_50_184,1
sample_3307,25.236428,92.096172,block_50_184,1
sample_3308,25.226806,92.090611,block_50_184,1
sample_3309,25.247014,92.096144,block_50_184,1
sample_3310,25.191611,92.155361,block_50_184,1
sample_3311,25.156419,92.141353,block_50_184,1
sample_3312,25.143375,92.141861,block_50_184,1
sample_3313,25.189106,92.079564,block_50_184,1
sample_3314,25.188444,92.074139,block_50_184,1
sample_3315,25.184381,92.029531,block_50_184,1
sample_3316,25.191111,92.003389,block_50_184,1
sample_3317,25.148158,92.177172,block_50_184,1
sample_3318,25.152367,92.195708,block_50_184,1
sample_3319,25.159367,92.202078,block_50_184,1
sample_3320,25.153272,92.206058,block_50_184,1
sample_3321,25.150286,92.213508,block_50_184,1
sample_3322,25.143969,92.217497,block_50_184,1
sample_3323,25.157592,92.239928,block_50_184,1
sample_3324,25.136047,92.222064,block_50_184,1
sample_3325,25.122381,92.243069,block_50_184,1
sample_3326,25.114997,92.358378,block_50_184,1
sample_3327,25.093078,92.348025,block_50_184,1
sample_3328,25.113475,92.350506,block_50_184,1
sample_3329,25.087917,92.357906,block_50_184,1
sample_3330,25.079722,92.359361,block_50_184,1
sample_3331,25.084611,92.335667,block_50_184,1
sample_3332,25.0,92.43,block_50_184,1
sample_3333,24.99,92.45,block_49_184,1
sample_3334,25.037203,92.450339,block_50_184,1
sample_3335,25.038186,92.440725,block_50_184,1
sample_3336,25.034289,92.435222,block_50_184,1
sample_3337,25.045389,92.410444,block_50_184,1
sample_3338,25.045386,92.420764,block_50_184,1
sample_3339,25.043667,92.425444,block_50_184,1
sample_3340,25.042778,92.432472,block_50_184,1
sample_3341,25.040511,92.446119,block_50_184,1
sample_3342,25.052236,92.399047,block_50_184,1
sample_3343,25.047194,92.404806,block_50_184,1
sample_3344,25.056022,92.394119,block_50_184,1
sample_3345,25.062025,92.386975,block_50_184,1
sample_3346,25.075167,92.370953,block_50_184,1
sample_3347,25.068158,92.380058,block_50_184,1
sample_3348,25.104417,92.365028,block_50_184,1
sample_3349,25.113586,92.370594,block_50_184,1
sample_3350,25.126972,92.388083,block_50_184,1
sample_3351,25.12186,92.388583,block_50_184,1
sample_3352,25.134194,92.383528,block_50_184,1
sample_3353,25.149603,92.367964,block_50_184,1
sample_3354,25.14775,92.375528,block_50_184,1
sample_3355,25.165222,92.388389,block_50_184,1
sample_3356,25.164133,92.417747,block_50_184,1
sample_3357,25.029708,92.463967,block_50_184,1
sample_3358,25.02,92.52,block_50_185,1
sample_3359,24.96,92.66,block_49_185,1
sample_3360,24.96,92.7,block_49_185,1
sample_3361,24.98,92.72,block_49_185,1
sample_3362,24.97,92.72,block_49_185,1
sample_3363,24.93,92.84,block_49_185,1
sample_3364,24.95,92.8,block_49_185,1
sample_3365,24.95,92.73,block_49_185,1
sample_3366,24.97,92.76,block_49_185,1
sample_3367,24.98,92.75,block_49_185,1
sample_3368,25.01,92.73,block_50_185,1
sample_3369,25.01,92.75,block_50_185,1
sample_3370,24.99,92.75,block_49_185,1
sample_3371,25.01856,92.77011,block_50_185,1
sample_3372,25.039722,92.781889,block_50_185,1
sample_3373,25.047417,92.793389,block_50_185,1
sample_3374,25.063378,92.795536,block_50_185,1
sample_3375,25.072636,92.794514,block_50_185,1
sample_3376,25.073228,92.814734,block_50_185,1
sample_3377,25.060088,92.807089,block_50_185,1
sample_3378,25.056611,92.801722,block_50_185,1
sample_3379,25.034948,92.778753,block_50_185,1
sample_3380,25.11219,92.86881,block_50_185,1
sample_3381,25.112861,92.877556,block_50_185,1
sample_3382,25.107546,92.885543,block_50_185,1
sample_3383,25.109417,92.88075,block_50_185,1
sample_3384,25.109889,92.893167,block_50_185,1
sample_3385,25.124306,92.904278,block_50_185,1
sample_3386,24.99,92.6,block_49_185,1
sample_3387,25.333758,92.589778,block_50_185,1
sample_3388,25.343939,92.5849,block_50_185,1
sample_3389,25.339339,92.584781,block_50_185,1
sample_3390,25.35465,92.5735,block_50_185,1
sample_3391,25.375806,92.609725,block_50_185,1
sample_3392,25.363156,92.618839,block_50_185,1
sample_3393,25.309969,92.69525,block_50_185,1
sample_3394,25.316519,92.692311,block_50_185,1
sample_3395,25.316589,92.687186,block_50_185,1
sample_3396,25.290089,92.799175,block_50_185,1
sample_3397,25.257696,92.809603,block_50_185,1
sample_3398,25.238045,92.801279,block_50_185,1
sample_3399,25.336054,92.82053,block_50_185,1
sample_3400,25.323731,92.80751,block_50_185,1
sample_3401,25.320232,92.818091,block_50_185,1
sample_3402,25.41616,92.778653,block_50_185,1
sample_3403,25.40837,92.82826,block_50_185,1
sample_3404,25.438723,92.912025,block_50_185,1
sample_3405,25.441757,92.907383,block_50_185,1
sample_3406,25.441734,92.892033,block_50_185,1
sample_3407,25.434031,92.885056,block_50_185,1
sample_3408,25.513567,92.784825,block_51_185,1
sample_3409,25.51402,92.765435,block_51_185,1
sample_3410,25.57994,92.72822,block_51_185,1
sample_3411,25.569,92.71653,block_51_185,1
sample_3412,25.571,92.55128,block_51_185,1
sample_3413,25.529408,92.455339,block_51_184,1
sample_3414,25.527489,92.415139,block_51_184,1
sample_3415,25.484178,92.510928,block_50_185,1
sample_3416,25.36565,92.5314,block_50_185,1
sample_3417,25.35093,92.51236,block_50_185,1
sample_3418,25.321975,92.504228,block_50_185,1
sample_3419,25.192422,92.37705,block_50_184,1
sample_3420,25.264575,92.381497,block_50_184,1
sample_3421,25.261117,92.385231,block_50_184,1
sample_3422,25.280528,92.380042,block_50_184,1
sample_3423,25.274,92.373944,block_50_184,1
sample_3424,25.297628,92.387525,block_50_184,1
sample_3425,25.282267,92.341433,block_50_184,1
sample_3426,25.197283,92.2225,block_50_184,1
sample_3427,25.229167,92.2235,block_50_184,1
sample_3428,25.233583,92.209583,block_50_184,1
sample_3429,25.197283,92.1991,block_50_184,1
sample_3430,25.202886,92.201147,block_50_184,1
sample_3431,25.206972,92.208028,block_50_184,1
sample_3432,25.228472,92.187806,block_50_184,1
sample_3433,25.232417,92.178881,block_50_184,1
sample_3434,25.266067,92.204897,block_50_184,1
sample_3435,25.430111,92.182167,block_50_184,1
sample_3436,25.435167,92.185006,block_50_184,1
sample_3437,25.439889,92.181083,block_50_184,1
sample_3438,25.44889,92.19417,block_50_184,1
sample_3439,25.42142,92.28894,block_50_184,1
sample_3440,25.561281,92.330142,block_51_184,1
sample_3441,25.551667,92.331806,block_51_184,1
sample_3442,25.578206,92.266856,block_51_184,1
sample_3443,25.576806,92.242444,block_51_184,1
sample_3444,25.559778,92.226278,block_51_184,1
sample_3445,25.569278,92.2025,block_51_184,1
sample_3446,25.611931,92.452931,block_51_184,1
sample_3447,25.75933,92.52258,block_51_185,1
sample_3448,25.79939,92.52653,block_51_185,1
sample_3449,25.809417,92.474833,block_51_184,1
sample_3450,25.82108,92.544,block_51_185,1
sample_3451,25.95931,92.51753,block_51_185,1
sample_3452,25.98219,92.51892,block_51_185,1
sample_3453,25.98736,92.50083,block_51_185,1
sample_3454,25.977194,92.354778,block_51_184,1
sample_3455,25.968083,92.3575,block_51_184,1
sample_3456,25.961444,92.341333,block_51_184,1
sample_3457,25.946611,92.305361,block_51_184,1
sample_3458,26.0591,92.236,block_52_184,1
sample_3459,26.061,92.241,block_52_184,1
sample_3460,26.013528,92.266083,block_52_184,1
sample_3461,26.022833,92.274028,block_52_184,1
sample_3462,26.03275,92.271861,block_52_184,1
sample_3463,26.039361,92.273806,block_52_184,1
sample_3464,26.119417,92.439972,block_52_184,1
sample_3465,26.110139,92.439333,block_52_184,1
sample_3466,26.102333,92.4415,block_52_184,1
sample_3467,26.098222,92.439389,block_52_184,1
sample_3468,26.043583,92.440528,block_52_184,1
sample_3469,26.048611,92.432194,block_52_184,1
sample_3470,26.045806,92.450778,block_52_184,1
sample_3471,26.030972,92.474139,block_52_184,1
sample_3472,26.024167,92.475,block_52_184,1
sample_3473,26.016389,92.48225,block_52_184,1
sample_3474,26.035278,92.470861,block_52_184,1
sample_3475,26.039194,92.4595,block_52_184,1
sample_3476,26.045472,92.457417,block_52_184,1
sample_3477,26.172917,92.762778,block_52_185,1
sample_3478,25.81806,92.74872,block_51_185,1
sample_3479,25.945,92.66358,block_51_185,1
sample_3480,25.90653,92.65819,block_51_185,1
sample_3481,25.90692,92.64714,block_51_185,1
sample_3482,25.96094,92.60122,block_51_185,1
sample_3483,25.965731,92.59267,block_51_185,1
sample_3484,25.95386,92.60367,block_51_185,1
sample_3485,25.86958,92.59411,block_51_185,1
sample_3486,25.88692,92.61347,block_51_185,1
sample_3487,25.85544,92.57369,block_51_185,1
sample_3488,25.864186,92.571047,block_51_185,1
sample_3489,25.85167,92.58089,block_51_185,1
sample_3490,25.82769,92.55658,block_51_185,1
sample_3491,25.82528,92.54775,block_51_185,1
sample_3492,25.81542,92.5535,block_51_185,1
sample_3493,25.81175,92.55003,block_51_185,1
sample_3494,25.84494,92.61514,block_51_185,1
sample_3495,25.84875,92.68328,block_51_185,1
sample_3496,25.85992,92.72558,block_51_185,1
sample_3497,25.84967,92.69042,block_51_185,1
sample_3498,25.81689,92.71744,block_51_185,1
sample_3499,25.61092,93.09178,block_51_186,1
sample_3500,25.64897,93.12083,block_51_186,1
sample_3501,25.65792,93.11811,block_51_186,1
sample_3502,25.67153,93.11522,block_51_186,1
sample_3503,25.72561,93.13075,block_51_186,1
sample_3504,25.81756,93.10886,block_51_186,1
sample_3505,26.339833,93.099972,block_52_186,1
sample_3506,26.323083,93.093167,block_52_186,1
sample_3507,26.314847,93.256125,block_52_186,1
sample_3508,26.32685,93.267639,block_52_186,1
sample_3509,26.307972,93.275722,block_52_186,1
sample_3510,26.298389,93.21625,block_52_186,1
sample_3511,26.302944,93.225389,block_52_186,1
sample_3512,26.297778,93.211111,block_52_186,1
sample_3513,26.056083,93.406528,block_52_186,1
sample_3514,26.347417,93.2982,block_52_186,1
sample_3515,25.81044,93.58616,block_51_187,1
sample_3516,25.84512,93.56682,block_51_187,1
sample_3517,25.85072,93.56682,block_51_187,1
sample_3518,25.96256,93.46922,block_51_186,1
sample_3519,25.88494,93.45792,block_51_186,1
sample_3520,25.83128,93.45257,block_51_186,1
sample_3521,25.84267,93.45244,block_51_186,1
sample_3522,25.82522,93.4243,block_51_186,1
sample_3523,25.487139,93.493528,block_50_186,1
sample_3524,25.40975,93.475944,block_50_186,1
sample_3525,25.356333,93.566583,block_50_187,1
sample_3526,25.343583,93.566972,block_50_187,1
sample_3527,25.29725,93.630083,block_50_187,1
sample_3528,25.275028,93.616306,block_50_187,1
sample_3529,25.199528,93.625278,block_50_187,1
sample_3530,25.292417,93.498972,block_50_186,1
sample_3531,25.288472,93.489611,block_50_186,1
sample_3532,25.308028,93.471028,block_50_186,1
sample_3533,25.394111,93.410417,block_50_186,1
sample_3534,25.263528,93.390611,block_50_186,1
sample_3535,25.264056,93.409528,block_50_186,1
sample_3536,25.22,93.34,block_50_186,1
sample_3537,25.22,93.35,block_50_186,1
sample_3538,25.23,93.34,block_50_186,1
sample_3539,25.22,93.32,block_50_186,1
sample_3540,25.21,93.31,block_50_186,1
sample_3541,25.22,93.29,block_50_186,1
sample_3542,25.23,93.29,block_50_186,1
sample_3543,25.282861,93.296111,block_50_186,1
sample_3544,25.328139,93.334056,block_50_186,1
sample_3545,25.398083,93.297528,block_50_186,1
sample_3546,25.428597,93.312597,block_50_186,1
sample_3547,25.433903,93.328944,block_50_186,1
sample_3548,25.447528,93.364417,block_50_186,1
sample_3549,25.449056,93.370861,block_50_186,1
sample_3550,25.453611,93.371389,block_50_186,1
sample_3551,25.423861,93.369417,block_50_186,1
sample_3552,25.4255,93.363944,block_50_186,1
sample_3553,25.438694,93.362583,block_50_186,1
sample_3554,25.439372,93.354197,block_50_186,1
sample_3555,25.417528,93.372528,block_50_186,1
sample_3556,25.405,93.372194,block_50_186,1
sample_3557,25.4025,93.392194,block_50_186,1
sample_3558,25.435639,93.405944,block_50_186,1
sample_3559,25.443417,93.421444,block_50_186,1
sample_3560,25.402333,93.407583,block_50_186,1
sample_3561,25.435917,93.455944,block_50_186,1
sample_3562,25.443639,93.431444,block_50_186,1
sample_3563,25.446056,93.408583,block_50_186,1
sample_3564,25.452278,93.394333,block_50_186,1
sample_3565,25.462361,93.384306,block_50_186,1
sample_3566,25.416056,93.284222,block_50_186,1
sample_3567,25.410611,93.284,block_50_186,1
sample_3568,25.405,93.133,block_50_186,1
sample_3569,25.417333,93.129083,block_50_186,1
sample_3570,25.50669,93.10536,block_51_186,1
sample_3571,25.423438,92.985022,block_50_185,1
sample_3572,25.443082,92.989873,block_50_185,1
sample_3573,25.424,93.0,block_50_186,1
sample_3574,25.395431,92.990267,block_50_185,1
sample_3575,25.216881,92.982245,block_50_185,1
sample_3576,25.196694,93.018583,block_50_186,1
sample_3577,25.205,93.008,block_50_186,1
sample_3578,25.205528,93.020139,block_50_186,1
sample_3579,25.214944,93.021611,block_50_186,1
sample_3580,25.232306,93.033444,block_50_186,1
sample_3581,25.238806,93.032194,block_50_186,1
sample_3582,25.2185,93.013111,block_50_186,1
sample_3583,25.245972,93.028278,block_50_186,1
sample_3584,25.205,93.059,block_50_186,1
sample_3585,25.193083,93.120417,block_50_186,1
sample_3586,25.201,93.122,block_50_186,1
sample_3587,25.208,93.121,block_50_186,1
sample_3588,25.242,93.14,block_50_186,1
sample_3589,25.204556,93.138889,block_50_186,1
sample_3590,25.206,93.126,block_50_186,1
sample_3591,25.229556,93.1556,block_50_186,1
sample_3592,25.274806,93.145556,block_50_186,1
sample_3593,25.387,93.12,block_50_186,1
sample_3594,25.362583,93.257722,block_50_186,1
sample_3595,25.369972,93.260306,block_50_186,1
sample_3596,25.278472,93.252972,block_50_186,1
sample_3597,25.224278,93.222861,block_50_186,1
sample_3598,25.2,93.25,block_50_186,1
sample_3599,25.21,93.25,block_50_186,1
sample_3600,25.24,93.27,block_50_186,1
sample_3601,25.24,93.28,block_50_186,1
sample_3602,25.189,93.226,block_50_186,1
sample_3603,25.13,93.27,block_50_186,1
sample_3604,25.1,93.28,block_50_186,1
sample_3605,25.003,93.164,block_50_186,1
sample_3606,24.993,93.161583,block_49_186,1
sample_3607,25.145,93.158,block_50_186,1
sample_3608,25.189,93.192,block_50_186,1
sample_3609,25.169,93.156,block_50_186,1
sample_3610,25.184528,93.125639,block_50_186,1
sample_3611,25.176389,93.116139,block_50_186,1
sample_3612,25.18725,93.120556,block_50_186,1
sample_3613,25.186,93.104,block_50_186,1
sample_3614,25.189556,93.096417,block_50_186,1
sample_3615,25.179861,93.070778,block_50_186,1
sample_3616,25.188,93.066,block_50_186,1
sample_3617,25.155,93.073,block_50_186,1
sample_3618,25.155,93.067,block_50_186,1
sample_3619,25.157,93.062,block_50_186,1
sample_3620,25.139,93.04,block_50_186,1
sample_3621,25.137,93.034,block_50_186,1
sample_3622,25.123,93.033,block_50_186,1
sample_3623,25.106389,93.031472,block_50_186,1
sample_3624,25.119,93.018,block_50_186,1
sample_3625,25.122,93.025,block_50_186,1
sample_3626,25.139,93.025,block_50_186,1
sample_3627,25.139611,93.019556,block_50_186,1
sample_3628,25.134472,93.018972,block_50_186,1
sample_3629,25.156389,93.018389,block_50_186,1
sample_3630,25.163444,93.023167,block_50_186,1
sample_3631,25.150694,93.025833,block_50_186,1
sample_3632,25.145861,93.024194,block_50_186,1
sample_3633,25.14525,93.029167,block_50_186,1
sample_3634,25.164,93.040194,block_50_186,1
sample_3635,25.188444,93.019667,block_50_186,1
sample_3636,25.1775,93.026222,block_50_186,1
sample_3637,25.175056,93.020417,block_50_186,1
sample_3638,25.171889,93.003944,block_50_186,1
sample_3639,25.121,92.915028,block_50_185,1
sample_3640,25.108972,92.928861,block_50_185,1
sample_3641,25.108778,92.920333,block_50_185,1
sample_3642,25.11297,92.95433,block_50_185,1
sample_3643,25.108759,92.978048,block_50_185,1
sample_3644,25.105414,92.972784,block_50_185,1
sample_3645,25.12906,92.97418,block_50_185,1
sample_3646,25.124583,92.989111,block_50_185,1
sample_3647,25.107,93.002,block_50_186,1
sample_3648,25.110778,92.987917,block_50_185,1
sample_3649,25.10275,92.986944,block_50_185,1
sample_3650,25.106956,92.991363,block_50_185,1
sample_3651,25.088389,92.958944,block_50_185,1
sample_3652,25.078935,92.95379,block_50_185,1
sample_3653,25.008,93.04,block_50_186,1
sample_3654,24.97228,93.03289,block_49_186,1
sample_3655,24.97692,93.033,block_49_186,1
sample_3656,24.96,92.98,block_49_185,1
sample_3657,24.98,92.96,block_49_185,1
sample_3658,24.96,92.92,block_49_185,1
sample_3659,24.96,92.95,block_49_185,1
sample_3660,24.795892,93.045425,block_49_186,1
sample_3661,24.813648,93.073009,block_49_186,1
sample_3662,24.85325,93.2449,block_49_186,1
sample_3663,24.797951,93.214998,block_49_186,1
sample_3664,24.804448,93.235711,block_49_186,1
sample_3665,24.795814,93.230263,block_49_186,1
sample_3666,24.80831,93.24264,block_49_186,1
sample_3667,24.813306,93.243417,block_49_186,1
sample_3668,24.798278,93.394306,block_49_186,1
sample_3669,24.811139,93.417,block_49_186,1
sample_3670,24.811333,93.42275,block_49_186,1
sample_3671,24.806806,93.404806,block_49_186,1
sample_3672,24.799333,93.435417,block_49_186,1
sample_3673,24.788889,93.441889,block_49_186,1
sample_3674,24.789917,93.459806,block_49_186,1
sample_3675,24.784611,93.462278,block_49_186,1
sample_3676,24.798806,93.464667,block_49_186,1
sample_3677,24.801389,93.469444,block_49_186,1
sample_3678,24.818,93.45,block_49_186,1
sample_3679,24.819722,93.459972,block_49_186,1
sample_3680,24.826694,93.467944,block_49_186,1
sample_3681,24.83278,93.46333,block_49_186,1
sample_3682,24.816111,93.443917,block_49_186,1
sample_3683,24.815528,93.43725,block_49_186,1
sample_3684,24.812083,93.433917,block_49_186,1
sample_3685,24.814333,93.428306,block_49_186,1
sample_3686,24.846028,93.43875,block_49_186,1
sample_3687,24.84833,93.45917,block_49_186,1
sample_3688,24.85225,93.449639,block_49_186,1
sample_3689,24.860889,93.463222,block_49_186,1
sample_3690,24.877417,93.460583,block_49_186,1
sample_3691,24.874222,93.466667,block_49_186,1
sample_3692,24.883194,93.465667,block_49_186,1
sample_3693,24.890333,93.466667,block_49_186,1
sample_3694,24.90139,93.45389,block_49_186,1
sample_3695,24.930806,93.444833,block_49_186,1
sample_3696,25.07,93.29,block_50_186,1
sample_3697,25.14,93.31,block_50_186,1
sample_3698,25.14,93.3,block_50_186,1
sample_3699,25.13,93.29,block_50_186,1
sample_3700,25.17,93.29,block_50_186,1
sample_3701,25.18,93.3,block_50_186,1
sample_3702,25.19,93.3,block_50_186,1
sample_3703,25.18,93.33,block_50_186,1
sample_3704,25.17,93.36,block_50_186,1
sample_3705,25.15,93.37,block_50_186,1
sample_3706,25.12,93.37,block_50_186,1
sample_3707,25.11,93.37,block_50_186,1
sample_3708,25.07,93.43,block_50_186,1
sample_3709,24.99694,93.50222,block_49_187,1
sample_3710,24.99083,93.50583,block_49_187,1
sample_3711,25.006694,93.523444,block_50_187,1
sample_3712,25.013083,93.530111,block_50_187,1
sample_3713,25.025639,93.537222,block_50_187,1
sample_3714,25.187583,93.653861,block_50_187,1
sample_3715,25.118083,93.649472,block_50_187,1
sample_3716,25.115194,93.645,block_50_187,1
sample_3717,25.115889,93.639611,block_50_187,1
sample_3718,25.111556,93.629972,block_50_187,1
sample_3719,25.105108,93.621136,block_50_187,1
sample_3720,25.110667,93.62275,block_50_187,1
sample_3721,25.098639,93.620778,block_50_187,1
sample_3722,25.09225,93.619972,block_50_187,1
sample_3723,25.087417,93.618333,block_50_187,1
sample_3724,25.083083,93.613583,block_50_187,1
sample_3725,25.077778,93.611583,block_50_187,1
sample_3726,25.072528,93.6075,block_50_187,1
sample_3727,25.067306,93.604861,block_50_187,1
sample_3728,25.057194,93.603028,block_50_187,1
sample_3729,25.061861,93.605361,block_50_187,1
sample_3730,25.049861,93.602389,block_50_187,1
sample_3731,25.029333,93.586167,block_50_187,1
sample_3732,24.981031,93.654678,block_49_187,1
sample_3733,24.975175,93.652939,block_49_187,1
sample_3734,24.935611,93.654444,block_49_187,1
sample_3735,24.922861,93.633144,block_49_187,1
sample_3736,24.888556,93.641472,block_49_187,1
sample_3737,24.975961,93.567983,block_49_187,1
sample_3738,24.971389,93.559056,block_49_187,1
sample_3739,24.978611,93.528278,block_49_187,1
sample_3740,24.987361,93.525333,block_49_187,1
sample_3741,24.982611,93.52,block_49_187,1
sample_3742,24.983194,93.500417,block_49_187,1
sample_3743,24.986444,93.494,block_49_186,1
sample_3744,24.952611,93.487611,block_49_186,1
sample_3745,24.950361,93.482333,block_49_186,1
sample_3746,24.943833,93.488917,block_49_186,1
sample_3747,24.94775,93.492889,block_49_186,1
sample_3748,24.917278,93.471167,block_49_186,1
sample_3749,24.916444,93.481556,block_49_186,1
sample_3750,24.911722,93.484361,block_49_186,1
sample_3751,24.888472,93.473028,block_49_186,1
sample_3752,24.898,93.487722,block_49_186,1
sample_3753,24.836222,93.482111,block_49_186,1
sample_3754,24.83725,93.494528,block_49_186,1
sample_3755,24.842444,93.499333,block_49_186,1
sample_3756,24.85,93.497583,block_49_186,1
sample_3757,24.831719,93.514025,block_49_187,1
sample_3758,24.829333,93.507056,block_49_187,1
sample_3759,24.81778,93.51583,block_49_187,1
sample_3760,24.824111,93.474139,block_49_186,1
sample_3761,24.827,93.478472,block_49_186,1
sample_3762,24.816242,93.523119,block_49_187,1
sample_3763,24.820667,93.525444,block_49_187,1
sample_3764,24.81867,93.54819,block_49_187,1
sample_3765,24.834069,93.578039,block_49_187,1
sample_3766,24.819975,93.576653,block_49_187,1
sample_3767,24.854044,93.585331,block_49_187,1
sample_3768,24.860347,93.572383,block_49_187,1
sample_3769,24.854806,93.573444,block_49_187,1
sample_3770,24.862778,93.585333,block_49_187,1
sample_3771,24.86375,93.598917,block_49_187,1
sample_3772,24.8624444,93.6106389,block_49_187,1
sample_3773,24.862903,93.616397,block_49_187,1
sample_3774,24.872153,93.623861,block_49_187,1
sample_3775,24.867694,93.625858,block_49_187,1
sample_3776,24.860639,93.62675,block_49_187,1
sample_3777,24.834028,93.644,block_49_187,1
sample_3778,24.808619,93.651094,block_49_187,1
sample_3779,24.798333,93.655056,block_49_187,1
sample_3780,24.769333,93.653722,block_49_187,1
sample_3781,24.756089,93.622039,block_49_187,1
sample_3782,24.698392,93.644183,block_49_187,1
sample_3783,24.699761,93.650047,block_49_187,1
sample_3784,24.724406,93.514431,block_49_187,1
sample_3785,24.719397,93.509003,block_49_187,1
sample_3786,24.718567,93.500017,block_49_187,1
sample_3787,24.722472,93.492806,block_49_186,1
sample_3788,24.730139,93.485389,block_49_186,1
sample_3789,24.732139,93.479194,block_49_186,1
sample_3790,24.689806,93.522583,block_49_187,1
sample_3791,24.664694,93.532361,block_49_187,1
sample_3792,24.626389,93.604389,block_49_187,1
sample_3793,24.656306,93.580806,block_49_187,1
sample_3794,24.641417,93.596611,block_49_187,1
sample_3795,24.642722,93.602083,block_49_187,1
sample_3796,24.636444,93.606694,block_49_187,1
sample_3797,24.633083,93.610222,block_49_187,1
sample_3798,24.639,93.611556,block_49_187,1
sample_3799,24.640639,93.620311,block_49_187,1
sample_3800,24.640072,93.627392,block_49_187,1
sample_3801,24.645275,93.628828,block_49_187,1
sample_3802,24.658206,93.625503,block_49_187,1
sample_3803,24.662664,93.62825,block_49_187,1
sample_3804,24.653156,93.646406,block_49_187,1
sample_3805,24.641747,93.640183,block_49_187,1
sample_3806,24.75,93.427528,block_49_186,1
sample_3807,24.751111,93.459361,block_49_186,1
sample_3808,24.747694,93.462667,block_49_186,1
sample_3809,24.7585,93.459139,block_49_186,1
sample_3810,24.768694,93.45725,block_49_186,1
sample_3811,24.764917,93.46125,block_49_186,1
sample_3812,24.783806,93.455556,block_49_186,1
sample_3813,24.776583,93.456056,block_49_186,1
sample_3814,24.775167,93.440722,block_49_186,1
sample_3815,24.775917,93.432611,block_49_186,1
sample_3816,24.768778,93.386806,block_49_186,1
sample_3817,24.734233,93.293194,block_49_186,1
sample_3818,24.768556,93.314358,block_49_186,1
sample_3819,24.766556,93.319833,block_49_186,1
sample_3820,24.762667,93.255556,block_49_186,1
sample_3821,24.7825,93.19944,block_49_186,1
sample_3822,24.728917,93.256389,block_49_186,1
sample_3823,24.724333,93.273111,block_49_186,1
sample_3824,24.62,93.17,block_49_186,1
sample_3825,24.68,93.11,block_49_186,1
sample_3826,24.69,93.12,block_49_186,1
sample_3827,24.72,93.13,block_49_186,1
sample_3828,24.73,93.13,block_49_186,1
sample_3829,24.72,93.14,block_49_186,1
sample_3830,24.72,93.18,block_49_186,1
sample_3831,24.73,93.19,block_49_186,1
sample_3832,24.73,93.18,block_49_186,1
sample_3833,24.73,93.17,block_49_186,1
sample_3834,24.73,93.15,block_49_186,1
sample_3835,24.74,93.15,block_49_186,1
sample_3836,24.74,93.16,block_49_186,1
sample_3837,24.74,93.12,block_49_186,1
sample_3838,24.645417,93.005361,block_49_186,1
sample_3839,24.64,92.98,block_49_185,1
sample_3840,24.53,93.07,block_49_186,1
sample_3841,24.53,93.08,block_49_186,1
sample_3842,24.52,93.1,block_49_186,1
sample_3843,24.52,93.09,block_49_186,1
sample_3844,24.52,93.08,block_49_186,1
sample_3845,24.52,93.07,block_49_186,1
sample_3846,24.56,92.94,block_49_185,1
sample_3847,24.5,93.12,block_49_186,1
sample_3848,24.51,93.12,block_49_186,1
sample_3849,24.52,93.11,block_49_186,1
sample_3850,24.54,93.11,block_49_186,1
sample_3851,24.36,93.27,block_48_186,1
sample_3852,24.35,93.28,block_48_186,1
sample_3853,24.37,93.26,block_48_186,1
sample_3854,24.32,93.28,block_48_186,1
sample_3855,24.21,93.28,block_48_186,1
sample_3856,24.2,93.22,block_48_186,1
sample_3857,24.21,93.21,block_48_186,1
sample_3858,24.27,93.18,block_48_186,1
sample_3859,24.24,93.18,block_48_186,1
sample_3860,24.24,93.19,block_48_186,1
sample_3861,24.23,93.19,block_48_186,1
sample_3862,24.27,93.11,block_48_186,1
sample_3863,24.28,93.11,block_48_186,1
sample_3864,24.29,93.12,block_48_186,1
sample_3865,24.29,93.11,block_48_186,1
sample_3866,24.31,93.12,block_48_186,1
sample_3867,24.31,93.13,block_48_186,1
sample_3868,24.32,93.14,block_48_186,1
sample_3869,24.28,93.18,block_48_186,1
sample_3870,24.31,93.18,block_48_186,1
sample_3871,24.32,93.16,block_48_186,1
sample_3872,24.33,93.15,block_48_186,1
sample_3873,24.33,93.16,block_48_186,1
sample_3874,24.29,92.95,block_48_185,1
sample_3875,24.29,92.96,block_48_185,1
sample_3876,24.233808,92.978777,block_48_185,1
sample_3877,24.26,92.96,block_48_185,1
sample_3878,24.240415,92.941421,block_48_185,1
sample_3879,24.246076,92.948994,block_48_185,1
sample_3880,24.242764,92.955406,block_48_185,1
sample_3881,24.248558,92.954177,block_48_185,1
sample_3882,24.222837,92.952639,block_48_185,1
sample_3883,24.218066,92.951214,block_48_185,1
sample_3884,24.198831,92.946348,block_48_185,1
sample_3885,24.175865,92.945618,block_48_185,1
sample_3886,24.188702,92.943036,block_48_185,1
sample_3887,24.193682,92.946417,block_48_185,1
sample_3888,24.183115,92.949989,block_48_185,1
sample_3889,24.194252,92.963806,block_48_185,1
sample_3890,24.200487,92.985172,block_48_185,1
sample_3891,24.199185,92.992094,block_48_185,1
sample_3892,24.193061,92.992877,block_48_185,1
sample_3893,24.26,93.1,block_48_186,1
sample_3894,24.24,93.1,block_48_186,1
sample_3895,24.23,93.08,block_48_186,1
sample_3896,24.23,93.09,block_48_186,1
sample_3897,24.100401,92.915441,block_48_185,1
sample_3898,24.094248,92.917745,block_48_185,1
sample_3899,24.07462,92.91518,block_48_185,1
sample_3900,24.069401,92.91857,block_48_185,1
sample_3901,24.062429,92.922576,block_48_185,1
sample_3902,24.056205,92.916817,block_48_185,1
sample_3903,24.037574,92.922489,block_48_185,1
sample_3904,24.025506,92.915628,block_48_185,1
sample_3905,24.014332,92.924018,block_48_185,1
sample_3906,23.970444,92.927167,block_47_185,1
sample_3907,23.993778,93.004524,block_47_186,1
sample_3908,23.972027,93.014893,block_47_186,1
sample_3909,23.982639,93.011055,block_47_186,1
sample_3910,23.990028,93.010582,block_47_186,1
sample_3911,23.983694,93.044418,block_47_186,1
sample_3912,23.992805,93.043251,block_47_186,1
sample_3913,24.001167,93.037613,block_48_186,1
sample_3914,24.012472,93.047249,block_48_186,1
sample_3915,24.046499,93.04422,block_48_186,1
sample_3916,24.043417,93.066307,block_48_186,1
sample_3917,24.047916,93.056946,block_48_186,1
sample_3918,24.040972,93.078697,block_48_186,1
sample_3919,24.019306,93.181274,block_48_186,1
sample_3920,24.038279,93.140945,block_48_186,1
sample_3921,24.1,93.28,block_48_186,1
sample_3922,24.06,93.28,block_48_186,1
sample_3923,24.023861,93.248192,block_48_186,1
sample_3924,24.02025,93.243973,block_48_186,1
sample_3925,24.026138,93.240166,block_48_186,1
sample_3926,24.023945,93.195663,block_48_186,1
sample_3927,24.039833,93.232864,block_48_186,1
sample_3928,23.981083,93.287392,block_47_186,1
sample_3929,24.003889,93.323502,block_48_186,1
sample_3930,24.000334,93.300278,block_48_186,1
sample_3931,23.999111,93.285309,block_47_186,1
sample_3932,24.14,93.47,block_48_186,1
sample_3933,24.14,93.45,block_48_186,1
sample_3934,24.14,93.42,block_48_186,1
sample_3935,24.14,93.38,block_48_186,1
sample_3936,24.11,93.32,block_48_186,1
sample_3937,24.1,93.29,block_48_186,1
sample_3938,24.12,93.29,block_48_186,1
sample_3939,24.13,93.29,block_48_186,1
sample_3940,24.16,93.31,block_48_186,1
sample_3941,24.17,93.3,block_48_186,1
sample_3942,24.15,93.3,block_48_186,1
sample_3943,24.16,93.3,block_48_186,1
sample_3944,24.21,93.29,block_48_186,1
sample_3945,24.22,93.3,block_48_186,1
sample_3946,24.21,93.3,block_48_186,1
sample_3947,24.33,93.3,block_48_186,1
sample_3948,24.34,93.32,block_48_186,1
sample_3949,24.34,93.31,block_48_186,1
sample_3950,24.32,93.36,block_48_186,1
sample_3951,24.19,93.4,block_48_186,1
sample_3952,24.18,93.56,block_48_187,1
sample_3953,24.2,93.53,block_48_187,1
sample_3954,24.37,93.5,block_48_187,1
sample_3955,24.35,93.51,block_48_187,1
sample_3956,24.33,93.53,block_48_187,1
sample_3957,24.35,93.53,block_48_187,1
sample_3958,24.37,93.52,block_48_187,1
sample_3959,24.36,93.54,block_48_187,1
sample_3960,24.35,93.54,block_48_187,1
sample_3961,24.33,93.55,block_48_187,1
sample_3962,24.34,93.62,block_48_187,1
sample_3963,24.36,93.65,block_48_187,1
sample_3964,24.18,93.59,block_48_187,1
sample_3965,24.18,93.6,block_48_187,1
sample_3966,24.1,93.57,block_48_187,1
sample_3967,24.11,93.58,block_48_187,1
sample_3968,24.12,93.58,block_48_187,1
sample_3969,24.14,93.57,block_48_187,1
sample_3970,24.17,93.59,block_48_187,1
sample_3971,24.17,93.58,block_48_187,1
sample_3972,24.15,93.58,block_48_187,1
sample_3973,24.15,93.55,block_48_187,1
sample_3974,24.13,93.48,block_48_186,1
sample_3975,24.1,93.51,block_48_187,1
sample_3976,24.1,93.5,block_48_187,1
sample_3977,24.11,93.52,block_48_187,1
sample_3978,24.11,93.53,block_48_187,1
sample_3979,24.0,93.55,block_48_187,1
sample_3980,24.01,93.55,block_48_187,1
sample_3981,24.02,93.56,block_48_187,1
sample_3982,24.0,93.56,block_48_187,1
sample_3983,23.99,93.55,block_47_187,1
sample_3984,23.98,93.55,block_47_187,1
sample_3985,24.02,93.57,block_48_187,1
sample_3986,24.03,93.57,block_48_187,1
sample_3987,24.05,93.57,block_48_187,1
sample_3988,24.06,93.57,block_48_187,1
sample_3989,23.935917,93.345642,block_47_186,1
sample_3990,23.936806,93.340668,block_47_186,1
sample_3991,23.945055,93.313698,block_47_186,1
sample_3992,23.87211,93.335999,block_47_186,1
sample_3993,23.870445,93.353859,block_47_186,1
sample_3994,23.861805,93.364944,block_47_186,1
sample_3995,23.846056,93.371971,block_47_186,1
sample_3996,23.836056,93.37664,block_47_186,1
sample_3997,23.833166,93.305275,block_47_186,1
sample_3998,23.788666,93.386139,block_47_186,1
sample_3999,23.790138,93.394447,block_47_186,1
sample_4000,23.795778,93.38797,block_47_186,1
sample_4001,23.810806,93.379028,block_47_186,1
sample_4002,23.742696,93.378058,block_47_186,1
sample_4003,23.753222,93.377281,block_47_186,1
sample_4004,23.747943,93.374597,block_47_186,1
sample_4005,23.666608,93.350691,block_47_186,1
sample_4006,23.672022,93.349595,block_47_186,1
sample_4007,23.682274,93.350321,block_47_186,1
sample_4008,23.619791,93.33801,block_47_186,1
sample_4009,23.640448,93.343559,block_47_186,1
sample_4010,23.657642,93.349683,block_47_186,1
sample_4011,23.640073,93.315306,block_47_186,1
sample_4012,23.660361,93.285548,block_47_186,1
sample_4013,23.654025,93.287022,block_47_186,1
sample_4014,23.648967,93.291988,block_47_186,1
sample_4015,23.647667,93.299727,block_47_186,1
sample_4016,23.607873,93.351351,block_47_186,1
sample_4017,23.603629,93.355925,block_47_186,1
sample_4018,23.206,93.329028,block_46_186,1
sample_4019,23.237767,93.308461,block_46_186,1
sample_4020,23.261944,93.295194,block_46_186,1
sample_4021,23.270139,93.293333,block_46_186,1
sample_4022,23.30622,93.294554,block_46_186,1
sample_4023,23.306444,93.303889,block_46_186,1
sample_4024,23.303412,93.31066,block_46_186,1
sample_4025,23.304778,93.329472,block_46_186,1
sample_4026,23.26125,93.337222,block_46_186,1
sample_4027,23.297894,93.332441,block_46_186,1
sample_4028,23.296,93.340556,block_46_186,1
sample_4029,23.339889,93.357889,block_46_186,1
sample_4030,23.336425,93.361493,block_46_186,1
sample_4031,23.311082,93.323501,block_46_186,1
sample_4032,23.312747,93.314456,block_46_186,1
sample_4033,23.307833,93.311672,block_46_186,1
sample_4034,23.320197,93.285718,block_46_186,1
sample_4035,23.351115,93.296893,block_46_186,1
sample_4036,23.35691,93.301356,block_46_186,1
sample_4037,23.369857,93.296657,block_46_186,1
sample_4038,23.361979,93.299909,block_46_186,1
sample_4039,23.388162,93.312962,block_46_186,1
sample_4040,23.393889,93.309244,block_46_186,1
sample_4041,23.407528,93.318111,block_46_186,1
sample_4042,23.459039,93.324774,block_46_186,1
sample_4043,23.4195,93.331917,block_46_186,1
sample_4044,23.412845,93.33833,block_46_186,1
sample_4045,23.410218,93.343897,block_46_186,1
sample_4046,23.431639,93.33925,block_46_186,1
sample_4047,23.427611,93.336861,block_46_186,1
sample_4048,23.455367,93.362276,block_46_186,1
sample_4049,23.396738,93.368237,block_46_186,1
sample_4050,23.395159,93.374335,block_46_186,1
sample_4051,23.40555,93.360549,block_46_186,1
sample_4052,23.36545,93.377907,block_46_186,1
sample_4053,23.382417,93.384944,block_46_186,1
sample_4054,23.375634,93.384499,block_46_186,1
sample_4055,23.394732,93.381271,block_46_186,1
sample_4056,23.397417,93.385722,block_46_186,1
sample_4057,23.546627,93.381058,block_47_186,1
sample_4058,23.54294,93.384772,block_47_186,1
sample_4059,23.512147,93.359164,block_47_186,1
sample_4060,23.518162,93.366956,block_47_186,1
sample_4061,23.514479,93.369982,block_47_186,1
sample_4062,23.476989,93.377213,block_46_186,1
sample_4063,23.490702,93.33685,block_46_186,1
sample_4064,23.498889,93.311889,block_46_186,1
sample_4065,23.474472,93.322667,block_46_186,1
sample_4066,23.469833,93.314889,block_46_186,1
sample_4067,23.462667,93.317472,block_46_186,1
sample_4068,23.477806,93.310111,block_46_186,1
sample_4069,23.474639,93.314167,block_46_186,1
sample_4070,23.482322,93.310052,block_46_186,1
sample_4071,23.468361,93.304222,block_46_186,1
sample_4072,23.470917,93.296417,block_46_186,1
sample_4073,23.555929,93.295668,block_47_186,1
sample_4074,23.484639,93.278222,block_46_186,1
sample_4075,23.468389,93.27075,block_46_186,1
sample_4076,23.46243,93.262259,block_46_186,1
sample_4077,23.467623,93.250867,block_46_186,1
sample_4078,23.471889,93.246333,block_46_186,1
sample_4079,23.473778,93.239194,block_46_186,1
sample_4080,23.474833,93.229,block_46_186,1
sample_4081,23.477778,93.236333,block_46_186,1
sample_4082,23.473361,93.222167,block_46_186,1
sample_4083,23.479667,93.225722,block_46_186,1
sample_4084,23.481881,93.214835,block_46_186,1
sample_4085,23.461083,93.205278,block_46_186,1
sample_4086,23.487306,93.192778,block_46_186,1
sample_4087,23.487813,93.20758,block_46_186,1
sample_4088,23.500803,93.201572,block_47_186,1
sample_4089,23.543891,93.232644,block_47_186,1
sample_4090,23.55097,93.215688,block_47_186,1
sample_4091,23.534307,93.168479,block_47_186,1
sample_4092,23.546048,93.147734,block_47_186,1
sample_4093,23.542899,93.156212,block_47_186,1
sample_4094,23.537491,93.159176,block_47_186,1
sample_4095,23.545796,93.136912,block_47_186,1
sample_4096,23.548173,93.131588,block_47_186,1
sample_4097,23.430917,93.171889,block_46_186,1
sample_4098,23.422583,93.166,block_46_186,1
sample_4099,23.418808,93.163009,block_46_186,1
sample_4100,23.411942,93.154836,block_46_186,1
sample_4101,23.414113,93.136272,block_46_186,1
sample_4102,23.384222,93.145528,block_46_186,1
sample_4103,23.383778,93.115972,block_46_186,1
sample_4104,23.37492,93.1185,block_46_186,1
sample_4105,23.370167,93.120444,block_46_186,1
sample_4106,23.380806,93.128917,block_46_186,1
sample_4107,23.378571,93.218843,block_46_186,1
sample_4108,23.449083,93.206222,block_46_186,1
sample_4109,23.439142,93.222581,block_46_186,1
sample_4110,23.445083,93.223889,block_46_186,1
sample_4111,23.454924,93.260137,block_46_186,1
sample_4112,23.388585,93.2446,block_46_186,1
sample_4113,23.279667,93.232917,block_46_186,1
sample_4114,23.207889,93.255917,block_46_186,1
sample_4115,23.21475,93.261139,block_46_186,1
sample_4116,23.163528,93.281056,block_46_186,1
sample_4117,23.157667,93.279722,block_46_186,1
sample_4118,23.164508,93.270428,block_46_186,1
sample_4119,23.182417,93.246498,block_46_186,1
sample_4120,23.183584,93.235031,block_46_186,1
sample_4121,23.181417,93.197586,block_46_186,1
sample_4122,23.254263,93.238127,block_46_186,1
sample_4123,23.168705,93.108017,block_46_186,1
sample_4124,23.340389,93.102306,block_46_186,1
sample_4125,23.340722,93.081083,block_46_186,1
sample_4126,23.3305,93.096806,block_46_186,1
sample_4127,23.33101,93.091406,block_46_186,1
sample_4128,23.325028,93.092333,block_46_186,1
sample_4129,23.322151,93.066154,block_46_186,1
sample_4130,23.336389,93.074722,block_46_186,1
sample_4131,23.299073,93.057068,block_46_186,1
sample_4132,23.296419,93.095813,block_46_186,1
sample_4133,23.244541,93.099533,block_46_186,1
sample_4134,23.172249,93.058052,block_46_186,1
sample_4135,23.182667,93.026138,block_46_186,1
sample_4136,23.197752,93.007805,block_46_186,1
sample_4137,23.221762,92.975006,block_46_185,1
sample_4138,23.176575,92.979797,block_46_185,1
sample_4139,23.228361,92.916832,block_46_185,1
sample_4140,23.227602,92.923164,block_46_185,1
sample_4141,23.223055,92.931114,block_46_185,1
sample_4142,23.223957,92.936401,block_46_185,1
sample_4143,23.212713,92.930771,block_46_185,1
sample_4144,23.217224,92.949684,block_46_185,1
sample_4145,23.21685,92.955475,block_46_185,1
sample_4146,23.222853,92.941536,block_46_185,1
sample_4147,23.387328,92.933397,block_46_185,1
sample_4148,23.457028,93.006722,block_46_186,1
sample_4149,23.451278,93.002944,block_46_186,1
sample_4150,23.459737,93.044479,block_46_186,1
sample_4151,23.46025,93.01125,block_46_186,1
sample_4152,23.463765,93.018316,block_46_186,1
sample_4153,23.470139,93.025944,block_46_186,1
sample_4154,23.480549,93.040585,block_46_186,1
sample_4155,23.517632,93.075702,block_47_186,1
sample_4156,23.548132,93.077509,block_47_186,1
sample_4157,23.555561,93.072462,block_47_186,1
sample_4158,23.610611,92.977722,block_47_185,1
sample_4159,23.626194,92.962111,block_47_185,1
sample_4160,23.6445,92.990194,block_47_185,1
sample_4161,23.654556,92.965056,block_47_185,1
sample_4162,23.655417,92.957167,block_47_185,1
sample_4163,23.654361,92.932389,block_47_185,1
sample_4164,23.720833,92.978,block_47_185,1
sample_4165,23.740306,92.965389,block_47_185,1
sample_4166,23.74425,92.968472,block_47_185,1
sample_4167,23.704861,92.98575,block_47_185,1
sample_4168,23.702056,92.993222,block_47_185,1
sample_4169,23.670389,92.964417,block_47_185,1
sample_4170,23.665806,92.969556,block_47_185,1
sample_4171,23.666361,92.975972,block_47_185,1
sample_4172,23.681206,93.019927,block_47_186,1
sample_4173,23.685602,93.028404,block_47_186,1
sample_4174,23.675142,93.023551,block_47_186,1
sample_4175,23.66958,93.02425,block_47_186,1
sample_4176,23.696979,93.041829,block_47_186,1
sample_4177,23.689282,93.039041,block_47_186,1
sample_4178,23.708377,93.053261,block_47_186,1
sample_4179,23.705262,93.008904,block_47_186,1
sample_4180,23.750139,93.098167,block_47_186,1
sample_4181,23.742754,93.094558,block_47_186,1
sample_4182,23.734427,93.08625,block_47_186,1
sample_4183,23.710517,93.058403,block_47_186,1
sample_4184,23.684707,93.088283,block_47_186,1
sample_4185,23.677967,93.087973,block_47_186,1
sample_4186,23.657186,93.087169,block_47_186,1
sample_4187,23.640693,93.084944,block_47_186,1
sample_4188,23.629553,93.077474,block_47_186,1
sample_4189,23.63797,93.078826,block_47_186,1
sample_4190,23.6377,93.066302,block_47_186,1
sample_4191,23.644469,93.068299,block_47_186,1
sample_4192,23.644962,93.076363,block_47_186,1
sample_4193,23.639484,93.032189,block_47_186,1
sample_4194,23.650925,93.030704,block_47_186,1
sample_4195,23.663354,93.023297,block_47_186,1
sample_4196,23.617227,93.042191,block_47_186,1
sample_4197,23.626738,93.033627,block_47_186,1
sample_4198,23.631956,93.033971,block_47_186,1
sample_4199,23.633591,93.048668,block_47_186,1
sample_4200,23.570595,93.07382,block_47_186,1
sample_4201,23.606539,93.087476,block_47_186,1
sample_4202,23.602395,93.084222,block_47_186,1
sample_4203,23.603808,93.092328,block_47_186,1
sample_4204,23.597403,93.094131,block_47_186,1
sample_4205,23.583574,93.09659,block_47_186,1
sample_4206,23.56952,93.100523,block_47_186,1
sample_4207,23.57348,93.102938,block_47_186,1
sample_4208,23.586582,93.102493,block_47_186,1
sample_4209,23.563275,93.120567,block_47_186,1
sample_4210,23.608133,93.201022,block_47_186,1
sample_4211,23.612312,93.198942,block_47_186,1
sample_4212,23.603865,93.204311,block_47_186,1
sample_4213,23.597919,93.207362,block_47_186,1
sample_4214,23.687031,93.203106,block_47_186,1
sample_4215,23.705705,93.19007,block_47_186,1
sample_4216,23.701575,93.177726,block_47_186,1
sample_4217,23.694333,93.183335,block_47_186,1
sample_4218,23.701047,93.190913,block_47_186,1
sample_4219,23.69159,93.190067,block_47_186,1
sample_4220,23.782249,93.116165,block_47_186,1
sample_4221,23.777555,93.112473,block_47_186,1
sample_4222,23.799166,93.132919,block_47_186,1
sample_4223,23.792749,93.116943,block_47_186,1
sample_4224,23.85075,93.115608,block_47_186,1
sample_4225,23.853333,93.12458,block_47_186,1
sample_4226,23.848917,93.135307,block_47_186,1
sample_4227,23.851723,93.186775,block_47_186,1
sample_4228,23.84461,93.190277,block_47_186,1
sample_4229,23.791277,93.156387,block_47_186,1
sample_4230,23.800556,93.15889,block_47_186,1
sample_4231,23.798611,93.16378,block_47_186,1
sample_4232,23.801054,93.168762,block_47_186,1
sample_4233,23.785944,93.154137,block_47_186,1
sample_4234,23.782249,93.148865,block_47_186,1
sample_4235,23.866138,93.222809,block_47_186,1
sample_4236,23.867277,93.205643,block_47_186,1
sample_4237,23.863417,93.201279,block_47_186,1
sample_4238,23.860167,93.194778,block_47_186,1
sample_4239,23.870567,93.215149,block_47_186,1
sample_4240,23.875174,93.21302,block_47_186,1
sample_4241,23.885279,93.207726,block_47_186,1
sample_4242,23.886723,93.200279,block_47_186,1
sample_4243,23.881639,93.234642,block_47_186,1
sample_4244,23.874056,93.244469,block_47_186,1
sample_4245,23.88139,93.243027,block_47_186,1
sample_4246,23.883944,93.247528,block_47_186,1
sample_4247,23.881361,93.257027,block_47_186,1
sample_4248,23.876139,93.260445,block_47_186,1
sample_4249,23.877806,93.267609,block_47_186,1
sample_4250,23.890694,93.275024,block_47_186,1
sample_4251,23.901638,93.278641,block_47_186,1
sample_4252,23.950277,93.217056,block_47_186,1
sample_4253,23.942722,93.213531,block_47_186,1
sample_4254,23.914278,93.178864,block_47_186,1
sample_4255,23.908806,93.177391,block_47_186,1
sample_4256,23.905027,93.185776,block_47_186,1
sample_4257,23.938028,93.121277,block_47_186,1
sample_4258,23.950195,93.125061,block_47_186,1
sample_4259,23.959278,93.123558,block_47_186,1
sample_4260,23.956528,93.041084,block_47_186,1
sample_4261,23.950417,93.037109,block_47_186,1
sample_4262,23.962278,93.035309,block_47_186,1
sample_4263,23.966249,93.041115,block_47_186,1
sample_4264,23.961,93.028969,block_47_186,1
sample_4265,23.958944,93.022781,block_47_186,1
sample_4266,23.927389,93.02803,block_47_186,1
sample_4267,23.909111,93.02375,block_47_186,1
sample_4268,23.907555,93.015114,block_47_186,1
sample_4269,23.900694,93.015587,block_47_186,1
sample_4270,23.894444,93.019279,block_47_186,1
sample_4271,23.888081,93.026642,block_47_186,1
sample_4272,23.888945,93.033974,block_47_186,1
sample_4273,23.882055,93.041222,block_47_186,1
sample_4274,23.887251,93.095612,block_47_186,1
sample_4275,23.87075,93.078529,block_47_186,1
sample_4276,23.872055,93.094276,block_47_186,1
sample_4277,23.852861,93.059998,block_47_186,1
sample_4278,23.848083,93.076691,block_47_186,1
sample_4279,23.840334,93.071945,block_47_186,1
sample_4280,23.804193,93.035248,block_47_186,1
sample_4281,23.808111,93.041779,block_47_186,1
sample_4282,23.795444,93.04039,block_47_186,1
sample_4283,23.789749,93.035667,block_47_186,1
sample_4284,23.7885,93.024666,block_47_186,1
sample_4285,23.779444,93.023918,block_47_186,1
sample_4286,23.777472,93.009163,block_47_186,1
sample_4287,23.794195,93.025055,block_47_186,1
sample_4288,23.792555,93.029892,block_47_186,1
sample_4289,23.805779,93.027115,block_47_186,1
sample_4290,23.835361,93.052414,block_47_186,1
sample_4291,23.848,93.041885,block_47_186,1
sample_4292,23.85,93.048164,block_47_186,1
sample_4293,23.856972,93.046112,block_47_186,1
sample_4294,23.811722,92.959917,block_47_185,1
sample_4295,23.812139,92.954167,block_47_185,1
sample_4296,23.801624,92.960437,block_47_185,1
sample_4297,23.82325,92.925222,block_47_185,1
sample_4298,23.83675,92.916556,block_47_185,1
sample_4299,23.865694,92.932639,block_47_185,1
sample_4300,23.844139,92.933,block_47_185,1
sample_4301,23.847224,92.927508,block_47_185,1
sample_4302,23.859417,92.917333,block_47_185,1
sample_4303,23.871694,92.919955,block_47_185,1
sample_4304,23.902111,92.922556,block_47_185,1
sample_4305,23.95942,92.943345,block_47_185,1
sample_4306,23.943241,92.933604,block_47_185,1
sample_4307,23.9395,92.927889,block_47_185,1
sample_4308,23.929083,92.922778,block_47_185,1
sample_4309,23.92425,92.925222,block_47_185,1
sample_4310,23.918389,92.923472,block_47_185,1
sample_4311,23.891722,92.84925,block_47_185,1
sample_4312,23.887333,92.851111,block_47_185,1
sample_4313,23.883306,92.861917,block_47_185,1
sample_4314,23.872722,92.874083,block_47_185,1
sample_4315,23.883944,92.880528,block_47_185,1
sample_4316,23.88319,92.869,block_47_185,1
sample_4317,23.841713,92.911476,block_47_185,1
sample_4318,23.788722,92.837833,block_47_185,1
sample_4319,23.78,92.84,block_47_185,1
sample_4320,23.784222,92.841972,block_47_185,1
sample_4321,23.816,92.84,block_47_185,1
sample_4322,23.812167,92.835194,block_47_185,1
sample_4323,23.822086,92.826497,block_47_185,1
sample_4324,23.825205,92.830469,block_47_185,1
sample_4325,23.860102,92.834056,block_47_185,1
sample_4326,23.771587,92.732129,block_47_185,1
sample_4327,23.791511,92.730515,block_47_185,1
sample_4328,23.856861,92.743028,block_47_185,1
sample_4329,23.851361,92.742222,block_47_185,1
sample_4330,23.868917,92.735472,block_47_185,1
sample_4331,23.889306,92.736528,block_47_185,1
sample_4332,23.915778,92.742417,block_47_185,1
sample_4333,23.924278,92.744806,block_47_185,1
sample_4334,23.922639,92.736528,block_47_185,1
sample_4335,23.934222,92.730611,block_47_185,1
sample_4336,23.88,92.69,block_47_185,1
sample_4337,23.8985,92.64739,block_47_185,1
sample_4338,23.918917,92.650833,block_47_185,1
sample_4339,23.92294,92.65703,block_47_185,1
sample_4340,23.933904,92.673871,block_47_185,1
sample_4341,23.940106,92.680592,block_47_185,1
sample_4342,23.934417,92.667222,block_47_185,1
sample_4343,23.965889,92.682278,block_47_185,1
sample_4344,23.826694,92.603833,block_47_185,1
sample_4345,23.821894,92.569325,block_47_185,1
sample_4346,23.811938,92.570804,block_47_185,1
sample_4347,23.796268,92.54654,block_47_185,1
sample_4348,23.802567,92.564045,block_47_185,1
sample_4349,23.783846,92.553747,block_47_185,1
sample_4350,23.780864,92.577909,block_47_185,1
sample_4351,23.784278,92.597111,block_47_185,1
sample_4352,23.805313,92.592663,block_47_185,1
sample_4353,23.790132,92.672097,block_47_185,1
sample_4354,23.798861,92.642417,block_47_185,1
sample_4355,23.833698,92.650724,block_47_185,1
sample_4356,23.857278,92.646222,block_47_185,1
sample_4357,23.846786,92.655892,block_47_185,1
sample_4358,23.855092,92.666553,block_47_185,1
sample_4359,23.817333,92.661222,block_47_185,1
sample_4360,23.823222,92.674861,block_47_185,1
sample_4361,23.787414,92.725278,block_47_185,1
sample_4362,23.754475,92.722754,block_47_185,1
sample_4363,23.741806,92.72525,block_47_185,1
sample_4364,23.744303,92.720114,block_47_185,1
sample_4365,23.753417,92.687556,block_47_185,1
sample_4366,23.745639,92.694361,block_47_185,1
sample_4367,23.744972,92.702889,block_47_185,1
sample_4368,23.737083,92.703889,block_47_185,1
sample_4369,23.727639,92.703083,block_47_185,1
sample_4370,23.735028,92.696028,block_47_185,1
sample_4371,23.716333,92.688639,block_47_185,1
sample_4372,23.720611,92.692722,block_47_185,1
sample_4373,23.715278,92.697611,block_47_185,1
sample_4374,23.719972,92.697694,block_47_185,1
sample_4375,23.716111,92.712611,block_47_185,1
sample_4376,23.722,92.721222,block_47_185,1
sample_4377,23.716278,92.727694,block_47_185,1
sample_4378,23.704333,92.7145,block_47_185,1
sample_4379,23.699472,92.716167,block_47_185,1
sample_4380,23.693667,92.719056,block_47_185,1
sample_4381,23.687833,92.722444,block_47_185,1
sample_4382,23.681531,92.718606,block_47_185,1
sample_4383,23.670556,92.728528,block_47_185,1
sample_4384,23.71,92.692528,block_47_185,1
sample_4385,23.71125,92.660167,block_47_185,1
sample_4386,23.712306,92.649528,block_47_185,1
sample_4387,23.719389,92.675083,block_47_185,1
sample_4388,23.722111,92.681472,block_47_185,1
sample_4389,23.7335,92.674472,block_47_185,1
sample_4390,23.743694,92.679028,block_47_185,1
sample_4391,23.750676,92.679635,block_47_185,1
sample_4392,23.751155,92.571589,block_47_185,1
sample_4393,23.761734,92.573908,block_47_185,1
sample_4394,23.757805,92.561473,block_47_185,1
sample_4395,23.728778,92.557833,block_47_185,1
sample_4396,23.735833,92.558056,block_47_185,1
sample_4397,23.7155,92.556028,block_47_185,1
sample_4398,23.691722,92.575111,block_47_185,1
sample_4399,23.690722,92.570139,block_47_185,1
sample_4400,23.697889,92.568444,block_47_185,1
sample_4401,23.710278,92.558056,block_47_185,1
sample_4402,23.678583,92.571583,block_47_185,1
sample_4403,23.684472,92.573694,block_47_185,1
sample_4404,23.67425,92.587278,block_47_185,1
sample_4405,23.664583,92.590111,block_47_185,1
sample_4406,23.669694,92.592667,block_47_185,1
sample_4407,23.674694,92.597361,block_47_185,1
sample_4408,23.681778,92.602611,block_47_185,1
sample_4409,23.688389,92.595583,block_47_185,1
sample_4410,23.619583,92.634417,block_47_185,1
sample_4411,23.618722,92.627389,block_47_185,1
sample_4412,23.621722,92.623583,block_47_185,1
sample_4413,23.625444,92.614889,block_47_185,1
sample_4414,23.615139,92.594944,block_47_185,1
sample_4415,23.637472,92.595278,block_47_185,1
sample_4416,23.657194,92.5905,block_47_185,1
sample_4417,23.589167,92.590111,block_47_185,1
sample_4418,23.562444,92.577806,block_47_185,1
sample_4419,23.587111,92.601667,block_47_185,1
sample_4420,23.580139,92.591139,block_47_185,1
sample_4421,23.598139,92.599111,block_47_185,1
sample_4422,23.609111,92.596306,block_47_185,1
sample_4423,23.590722,92.604694,block_47_185,1
sample_4424,23.584417,92.622917,block_47_185,1
sample_4425,23.618917,92.642611,block_47_185,1
sample_4426,23.65475,92.690083,block_47_185,1
sample_4427,23.652972,92.6985,block_47_185,1
sample_4428,23.657278,92.704583,block_47_185,1
sample_4429,23.604611,92.726417,block_47_185,1
sample_4430,23.708217,92.761489,block_47_185,1
sample_4431,23.710194,92.741167,block_47_185,1
sample_4432,23.739306,92.743111,block_47_185,1
sample_4433,23.727694,92.736,block_47_185,1
sample_4434,23.744167,92.730472,block_47_185,1
sample_4435,23.751694,92.731528,block_47_185,1
sample_4436,23.762482,92.742799,block_47_185,1
sample_4437,23.745444,92.749556,block_47_185,1
sample_4438,23.730867,92.755639,block_47_185,1
sample_4439,23.736217,92.796936,block_47_185,1
sample_4440,23.740417,92.795083,block_47_185,1
sample_4441,23.713131,92.798942,block_47_185,1
sample_4442,23.682158,92.858383,block_47_185,1
sample_4443,23.695444,92.861667,block_47_185,1
sample_4444,23.711722,92.858394,block_47_185,1
sample_4445,23.735086,92.829525,block_47_185,1
sample_4446,23.760222,92.848167,block_47_185,1
sample_4447,23.727472,92.85265,block_47_185,1
sample_4448,23.716025,92.854306,block_47_185,1
sample_4449,23.719694,92.868053,block_47_185,1
sample_4450,23.714703,92.873933,block_47_185,1
sample_4451,23.705117,92.877669,block_47_185,1
sample_4452,23.699611,92.874917,block_47_185,1
sample_4453,23.695528,92.884167,block_47_185,1
sample_4454,23.671,92.888333,block_47_185,1
sample_4455,23.666722,92.890889,block_47_185,1
sample_4456,23.613722,92.851889,block_47_185,1
sample_4457,23.608306,92.850583,block_47_185,1
sample_4458,23.566631,92.876781,block_47_185,1
sample_4459,23.607347,92.879114,block_47_185,1
sample_4460,23.499418,92.905021,block_46_185,1
sample_4461,23.476232,92.913652,block_46_185,1
sample_4462,23.479766,92.870601,block_46_185,1
sample_4463,23.498802,92.8546,block_46_185,1
sample_4464,23.493913,92.854305,block_46_185,1
sample_4465,23.486909,92.856282,block_46_185,1
sample_4466,23.47803,92.861256,block_46_185,1
sample_4467,23.464394,92.855608,block_46_185,1
sample_4468,23.535189,92.846042,block_47_185,1
sample_4469,23.50994,92.76861,block_47_185,1
sample_4470,23.470109,92.740615,block_46_185,1
sample_4471,23.463981,92.736875,block_46_185,1
sample_4472,23.460697,92.747293,block_46_185,1
sample_4473,23.477601,92.818801,block_46_185,1
sample_4474,23.412046,92.750099,block_46_185,1
sample_4475,23.417482,92.770557,block_46_185,1
sample_4476,23.393332,92.758148,block_46_185,1
sample_4477,23.406389,92.75325,block_46_185,1
sample_4478,23.40178,92.750005,block_46_185,1
sample_4479,23.383745,92.845792,block_46_185,1
sample_4480,23.38533,92.855433,block_46_185,1
sample_4481,23.401015,92.848482,block_46_185,1
sample_4482,23.405305,92.851014,block_46_185,1
sample_4483,23.40002,92.842404,block_46_185,1
sample_4484,23.388377,92.845102,block_46_185,1
sample_4485,23.434706,92.854894,block_46_185,1
sample_4486,23.443878,92.85593,block_46_185,1
sample_4487,23.459786,92.855821,block_46_185,1
sample_4488,23.454968,92.854599,block_46_185,1
sample_4489,23.449827,92.8599,block_46_185,1
sample_4490,23.447015,92.866917,block_46_185,1
sample_4491,23.44129,92.865395,block_46_185,1
sample_4492,23.435405,92.871814,block_46_185,1
sample_4493,23.438997,92.877502,block_46_185,1
sample_4494,23.451505,92.900845,block_46_185,1
sample_4495,23.458593,92.905313,block_46_185,1
sample_4496,23.316221,92.856217,block_46_185,1
sample_4497,23.320815,92.854748,block_46_185,1
sample_4498,23.308769,92.862258,block_46_185,1
sample_4499,23.28388,92.857468,block_46_185,1
sample_4500,23.28985,92.860445,block_46_185,1
sample_4501,23.293142,92.857091,block_46_185,1
sample_4502,23.282258,92.852377,block_46_185,1
sample_4503,23.297759,92.856169,block_46_185,1
sample_4504,23.302456,92.853533,block_46_185,1
sample_4505,23.28328,92.831766,block_46_185,1
sample_4506,23.277886,92.840388,block_46_185,1
sample_4507,23.275305,92.850377,block_46_185,1
sample_4508,23.260038,92.882734,block_46_185,1
sample_4509,23.272218,92.873298,block_46_185,1
sample_4510,23.277412,92.870285,block_46_185,1
sample_4511,23.293769,92.871451,block_46_185,1
sample_4512,23.243479,92.904846,block_46_185,1
sample_4513,23.255426,92.890915,block_46_185,1
sample_4514,23.213892,92.904892,block_46_185,1
sample_4515,23.195522,92.90062,block_46_185,1
sample_4516,23.168777,92.90097,block_46_185,1
sample_4517,23.249727,92.796631,block_46_185,1
sample_4518,23.242828,92.798134,block_46_185,1
sample_4519,23.23035,92.79808,block_46_185,1
sample_4520,23.225542,92.798363,block_46_185,1
sample_4521,23.208055,92.795555,block_46_185,1
sample_4522,23.183332,92.794724,block_46_185,1
sample_4523,23.173716,92.739754,block_46_185,1
sample_4524,23.182264,92.737099,block_46_185,1
sample_4525,23.30028,92.741186,block_46_185,1
sample_4526,23.298413,92.81508,block_46_185,1
sample_4527,23.305259,92.809736,block_46_185,1
sample_4528,23.315355,92.786906,block_46_185,1
sample_4529,23.314408,92.808662,block_46_185,1
sample_4530,23.353803,92.794306,block_46_185,1
sample_4531,23.333984,92.781878,block_46_185,1
sample_4532,23.349857,92.780208,block_46_185,1
sample_4533,23.308202,92.731268,block_46_185,1
sample_4534,23.302106,92.649524,block_46_185,1
sample_4535,23.273513,92.65731,block_46_185,1
sample_4536,23.28113,92.651804,block_46_185,1
sample_4537,23.271781,92.637703,block_46_185,1
sample_4538,23.2747,92.647873,block_46_185,1
sample_4539,23.268811,92.665508,block_46_185,1
sample_4540,23.29659,92.694008,block_46_185,1
sample_4541,23.301399,92.699109,block_46_185,1
sample_4542,23.306654,92.707482,block_46_185,1
sample_4543,23.193548,92.684456,block_46_185,1
sample_4544,23.202129,92.681442,block_46_185,1
sample_4545,23.196638,92.679802,block_46_185,1
sample_4546,23.184711,92.679962,block_46_185,1
sample_4547,23.226894,92.638527,block_46_185,1
sample_4548,23.208017,92.676277,block_46_185,1
sample_4549,23.219172,92.67691,block_46_185,1
sample_4550,23.230371,92.673973,block_46_185,1
sample_4551,23.235651,92.673058,block_46_185,1
sample_4552,23.24774,92.671333,block_46_185,1
sample_4553,23.242306,92.640587,block_46_185,1
sample_4554,23.248526,92.63958,block_46_185,1
sample_4555,23.254946,92.634239,block_46_185,1
sample_4556,23.17411,92.608917,block_46_185,1
sample_4557,23.205305,92.585861,block_46_185,1
sample_4558,23.201084,92.580803,block_46_185,1
sample_4559,23.204981,92.57457,block_46_185,1
sample_4560,23.189917,92.54953,block_46_185,1
sample_4561,23.213055,92.58889,block_46_185,1
sample_4562,23.249056,92.546501,block_46_185,1
sample_4563,23.246555,92.554054,block_46_185,1
sample_4564,23.360199,92.632911,block_46_185,1
sample_4565,23.421903,92.715601,block_46_185,1
sample_4566,23.415165,92.722199,block_46_185,1
sample_4567,23.427681,92.714959,block_46_185,1
sample_4568,23.440648,92.703726,block_46_185,1
sample_4569,23.442296,92.695903,block_46_185,1
sample_4570,23.470964,92.692902,block_46_185,1
sample_4571,23.476702,92.705854,block_46_185,1
sample_4572,23.49901,92.702759,block_46_185,1
sample_4573,23.491497,92.705503,block_46_185,1
sample_4574,23.491004,92.696873,block_46_185,1
sample_4575,23.503611,92.615556,block_47_185,1
sample_4576,23.475392,92.605749,block_46_185,1
sample_4577,23.460968,92.597217,block_46_185,1
sample_4578,23.468357,92.591717,block_46_185,1
sample_4579,23.487102,92.606156,block_46_185,1
sample_4580,23.500083,92.585889,block_47_185,1
sample_4581,23.519139,92.5795,block_47_185,1
sample_4582,23.531417,92.573056,block_47_185,1
sample_4583,23.546,92.574556,block_47_185,1
sample_4584,23.208694,92.50975,block_46_185,1
sample_4585,23.208918,92.518692,block_46_185,1
sample_4586,23.20875,92.538361,block_46_185,1
sample_4587,23.18,92.49,block_46_184,1
sample_4588,23.25,92.48,block_46_184,1
sample_4589,23.727194,92.242722,block_47_184,1
sample_4590,23.69,92.35,block_47_184,1
sample_4591,23.57,92.47,block_47_184,1
sample_4592,23.69,92.49,block_47_184,1
sample_4593,23.78,92.36,block_47_184,1
sample_4594,23.79,92.36,block_47_184,1
sample_4595,23.84,92.37,block_47_184,1
sample_4596,23.86,92.37,block_47_184,1
sample_4597,23.767139,92.533889,block_47_185,1
sample_4598,23.76821,92.539681,block_47_185,1
sample_4599,23.8,92.5,block_47_185,1
sample_4600,23.81,92.5,block_47_185,1
sample_4601,23.87,92.5,block_47_185,1
sample_4602,23.88,92.5,block_47_185,1
sample_4603,23.91,92.45,block_47_184,1
sample_4604,23.9,92.39,block_47_184,1
sample_4605,23.93,92.37,block_47_184,1
sample_4606,23.94,92.37,block_47_184,1
sample_4607,23.95,92.37,block_47_184,1
sample_4608,23.927194,92.275389,block_47_184,1
sample_4609,23.896194,92.296667,block_47_184,1
sample_4610,23.914472,92.27125,block_47_184,1
sample_4611,23.906917,92.271944,block_47_184,1
sample_4612,23.897556,92.282889,block_47_184,1
sample_4613,23.894667,92.287972,block_47_184,1
sample_4614,23.892694,92.272667,block_47_184,1
sample_4615,23.86,92.35,block_47_184,1
sample_4616,23.85,92.33,block_47_184,1
sample_4617,23.824722,92.260722,block_47_184,1
sample_4618,23.882833,92.241583,block_47_184,1
sample_4619,23.953333,92.233139,block_47_184,1
sample_4620,24.031139,92.2535,block_48_184,1
sample_4621,24.048556,92.314306,block_48_184,1
sample_4622,24.070611,92.290944,block_48_184,1
sample_4623,24.063194,92.28225,block_48_184,1
sample_4624,24.066639,92.277417,block_48_184,1
sample_4625,24.106444,92.276389,block_48_184,1
sample_4626,24.141694,92.322306,block_48_184,1
sample_4627,24.17,92.33,block_48_184,1
sample_4628,24.134722,92.277639,block_48_184,1
sample_4629,24.129083,92.277667,block_48_184,1
sample_4630,24.142722,92.273583,block_48_184,1
sample_4631,24.165583,92.268389,block_48_184,1
sample_4632,24.212361,92.258111,block_48_184,1
sample_4633,24.240194,92.247861,block_48_184,1
sample_4634,24.228111,92.287417,block_48_184,1
sample_4635,24.19,92.33,block_48_184,1
sample_4636,24.2,92.42,block_48_184,1
sample_4637,24.24,92.36,block_48_184,1
sample_4638,24.32,92.51,block_48_185,1
sample_4639,24.27,92.5,block_48_185,1
sample_4640,24.18,92.54,block_48_185,1
sample_4641,24.17,92.53,block_48_185,1
sample_4642,24.17,92.52,block_48_185,1
sample_4643,24.13,92.52,block_48_185,1
sample_4644,24.08,92.51,block_48_185,1
sample_4645,24.1,92.51,block_48_185,1
sample_4646,24.12,92.46,block_48_184,1
sample_4647,24.14,92.41,block_48_184,1
sample_4648,24.15,92.41,block_48_184,1
sample_4649,24.11,92.39,block_48_184,1
sample_4650,24.12,92.38,block_48_184,1
sample_4651,24.12,92.36,block_48_184,1
sample_4652,24.1,92.37,block_48_184,1
sample_4653,24.09,92.37,block_48_184,1
sample_4654,24.08,92.39,block_48_184,1
sample_4655,24.09,92.4,block_48_184,1
sample_4656,24.1,92.42,block_48_184,1
sample_4657,24.06,92.39,block_48_184,1
sample_4658,24.05,92.38,block_48_184,1
sample_4659,24.170329,92.641325,block_48_185,1
sample_4660,24.030588,92.668422,block_48_185,1
sample_4661,24.033563,92.674267,block_48_185,1
sample_4662,24.021514,92.673778,block_48_185,1
sample_4663,23.997222,92.681722,block_47_185,1
sample_4664,24.004867,92.677265,block_48_185,1
sample_4665,23.99016,92.68075,block_47_185,1
sample_4666,23.983667,92.683333,block_47_185,1
sample_4667,23.976412,92.683312,block_47_185,1
sample_4668,23.971078,92.682781,block_47_185,1
sample_4669,23.9865,92.709806,block_47_185,1
sample_4670,23.982,92.718028,block_47_185,1
sample_4671,23.984972,92.772028,block_47_185,1
sample_4672,24.00977,92.767346,block_48_185,1
sample_4673,24.050391,92.775525,block_48_185,1
sample_4674,24.045278,92.775169,block_48_185,1
sample_4675,24.040703,92.774277,block_48_185,1
sample_4676,24.036336,92.770846,block_48_185,1
sample_4677,24.025094,92.769158,block_48_185,1
sample_4678,24.022376,92.77308,block_48_185,1
sample_4679,24.030793,92.793313,block_48_185,1
sample_4680,24.039744,92.780045,block_48_185,1
sample_4681,24.070285,92.787738,block_48_185,1
sample_4682,24.015858,92.797666,block_48_185,1
sample_4683,24.004186,92.904111,block_48_185,1
sample_4684,24.024826,92.888859,block_48_185,1
sample_4685,24.030416,92.901491,block_48_185,1
sample_4686,24.025487,92.907485,block_48_185,1
sample_4687,24.067576,92.893076,block_48_185,1
sample_4688,24.080938,92.914167,block_48_185,1
sample_4689,24.162021,92.797605,block_48_185,1
sample_4690,24.146606,92.796528,block_48_185,1
sample_4691,24.125631,92.805948,block_48_185,1
sample_4692,24.10246,92.811355,block_48_185,1
sample_4693,24.09176,92.803968,block_48_185,1
sample_4694,24.091664,92.796134,block_48_185,1
sample_4695,24.077014,92.790809,block_48_185,1
sample_4696,24.081381,92.793089,block_48_185,1
sample_4697,24.102008,92.791628,block_48_185,1
sample_4698,24.237872,92.798117,block_48_185,1
sample_4699,24.26,92.81,block_48_185,1
sample_4700,24.27,92.81,block_48_185,1
sample_4701,24.237794,92.805727,block_48_185,1
sample_4702,24.225579,92.805884,block_48_185,1
sample_4703,24.232551,92.81525,block_48_185,1
sample_4704,24.229303,92.819002,block_48_185,1
sample_4705,24.215868,92.802452,block_48_185,1
sample_4706,24.220596,92.802961,block_48_185,1
sample_4707,24.183717,92.798909,block_48_185,1
sample_4708,24.32,92.84,block_48_185,1
sample_4709,24.37,92.9,block_48_185,1
sample_4710,24.37,92.89,block_48_185,1
sample_4711,24.36,92.89,block_48_185,1
sample_4712,24.36,92.88,block_48_185,1
sample_4713,24.37,92.87,block_48_185,1
sample_4714,24.37,92.86,block_48_185,1
sample_4715,24.37,92.85,block_48_185,1
sample_4716,24.35,92.85,block_48_185,1
sample_4717,24.35,92.84,block_48_185,1
sample_4718,24.34,92.84,block_48_185,1
sample_4719,24.33,92.84,block_48_185,1
sample_4720,24.36,92.83,block_48_185,1
sample_4721,24.36,92.82,block_48_185,1
sample_4722,24.37,92.81,block_48_185,1
sample_4723,24.37,92.78,block_48_185,1
sample_4724,24.35,92.82,block_48_185,1
sample_4725,24.29,92.82,block_48_185,1
sample_4726,24.28,92.81,block_48_185,1
sample_4727,24.34,92.74,block_48_185,1
sample_4728,24.34,92.77,block_48_185,1
sample_4729,24.35,92.72,block_48_185,1
sample_4730,24.33,92.72,block_48_185,1
sample_4731,24.34,92.71,block_48_185,1
sample_4732,24.34,92.66,block_48_185,1
sample_4733,24.35,92.67,block_48_185,1
sample_4734,24.29,92.65,block_48_185,1
sample_4735,24.28,92.64,block_48_185,1
sample_4736,24.28,92.65,block_48_185,1
sample_4737,24.3,92.7,block_48_185,1
sample_4738,24.31,92.71,block_48_185,1
sample_4739,24.26,92.69,block_48_185,1
sample_4740,24.240244,92.694292,block_48_185,1
sample_4741,24.180261,92.690737,block_48_185,1
sample_4742,24.211504,92.679258,block_48_185,1
sample_4743,24.239118,92.639369,block_48_185,1
sample_4744,24.243567,92.645801,block_48_185,1
sample_4745,24.238745,92.681538,block_48_185,1
sample_4746,24.24496,92.683014,block_48_185,1
sample_4747,24.26,92.67,block_48_185,1
sample_4748,24.25,92.68,block_48_185,1
sample_4749,24.27,92.65,block_48_185,1
sample_4750,24.26,92.65,block_48_185,1
sample_4751,24.23782,92.612062,block_48_185,1
sample_4752,24.217097,92.632545,block_48_185,1
sample_4753,24.187212,92.633859,block_48_185,1
sample_4754,24.188117,92.595278,block_48_185,1
sample_4755,24.31,92.56,block_48_185,1
sample_4756,24.44,92.56,block_48_185,1
sample_4757,24.43,92.55,block_48_185,1
sample_4758,24.53,92.63,block_49_185,1
sample_4759,24.54,92.63,block_49_185,1
sample_4760,24.47897,92.68286,block_48_185,1
sample_4761,24.51,92.64,block_49_185,1
sample_4762,24.57025,92.685,block_49_185,1
sample_4763,24.51,92.71,block_49_185,1
sample_4764,24.51131,92.69303,block_49_185,1
sample_4765,24.38,92.68,block_48_185,1
sample_4766,24.47,92.76,block_48_185,1
sample_4767,24.45,92.78,block_48_185,1
sample_4768,24.41,92.8,block_48_185,1
sample_4769,24.39,92.79,block_48_185,1
sample_4770,24.4,92.8,block_48_185,1
sample_4771,24.38,92.82,block_48_185,1
sample_4772,24.51,92.9,block_49_185,1
sample_4773,24.53,92.84,block_49_185,1
sample_4774,24.51,92.77,block_49_185,1
sample_4775,24.5,92.77,block_49_185,1
sample_4776,24.48,92.76,block_48_185,1
sample_4777,24.51,92.75,block_49_185,1
sample_4778,24.55,92.74,block_49_185,1
sample_4779,24.55,92.75,block_49_185,1
sample_4780,24.63,92.74,block_49_185,1
sample_4781,24.62,92.83,block_49_185,1
sample_4782,24.62,92.84,block_49_185,1
sample_4783,24.710833,92.481167,block_49_184,1
sample_4784,24.65939,92.49736,block_49_184,1
sample_4785,24.48,92.49,block_48_184,1
sample_4786,24.52,92.53,block_49_185,1
sample_4787,24.51594,92.54089,block_49_185,1
sample_4788,24.46,92.52,block_48_185,1
sample_4789,24.44,92.5,block_48_185,1
sample_4790,24.70619,92.28997,block_49_184,1
sample_4791,24.028194,92.091861,block_48_184,1
sample_4792,24.0335,92.100694,block_48_184,1
sample_4793,24.039139,92.106944,block_48_184,1
sample_4794,23.980333,91.475278,block_47_182,1
sample_4795,24.003417,91.45425,block_48_182,1
sample_4796,24.012306,91.451778,block_48_182,1
sample_4797,23.85417,91.34361,block_47_182,1
sample_4798,23.751528,91.604533,block_47_183,1
sample_4799,23.794253,91.553533,block_47_183,1
sample_4800,23.725778,91.645694,block_47_183,1
sample_4801,23.828278,92.023389,block_47_184,1
sample_4802,23.821,92.094417,block_47_184,1
sample_4803,23.805528,92.120417,block_47_184,1
sample_4804,23.793444,92.125833,block_47_184,1
sample_4805,23.797306,92.120417,block_47_184,1
sample_4806,23.692222,92.015833,block_47_184,1
sample_4807,23.687417,92.054528,block_47_184,1
sample_4808,23.679,92.039278,block_47_184,1
sample_4809,23.69925,92.044694,block_47_184,1
sample_4810,23.693,92.054472,block_47_184,1
sample_4811,23.697694,92.071194,block_47_184,1
sample_4812,23.653556,92.035139,block_47_184,1
sample_4813,23.663361,92.015111,block_47_184,1
sample_4814,22.05,92.66,block_44_185,1
sample_4815,22.08,92.65,block_44_185,1
sample_4816,22.06,92.66,block_44_185,1
sample_4817,22.11,92.88,block_44_185,1
sample_4818,22.11,92.86,block_44_185,1
sample_4819,22.1,92.86,block_44_185,1
sample_4820,22.1,92.85,block_44_185,1
sample_4821,22.11,92.85,block_44_185,1
sample_4822,22.18,92.77,block_44_185,1
sample_4823,22.15,92.78,block_44_185,1
sample_4824,22.16,92.8,block_44_185,1
sample_4825,22.14,92.88,block_44_185,1
sample_4826,22.15,92.88,block_44_185,1
sample_4827,22.309944,92.768059,block_44_185,1
sample_4828,22.320999,92.772003,block_44_185,1
sample_4829,22.326,92.771004,block_44_185,1
sample_4830,22.33,92.75,block_44_185,1
sample_4831,22.32,92.73,block_44_185,1
sample_4832,22.33,92.73,block_44_185,1
sample_4833,22.33,92.74,block_44_185,1
sample_4834,22.33,92.72,block_44_185,1
sample_4835,22.33,92.69,block_44_185,1
sample_4836,22.33,92.65,block_44_185,1
sample_4837,22.27,92.68,block_44_185,1
sample_4838,22.26,92.68,block_44_185,1
sample_4839,22.24,92.68,block_44_185,1
sample_4840,22.24,92.69,block_44_185,1
sample_4841,22.19,92.69,block_44_185,1
sample_4842,22.22,92.62,block_44_185,1
sample_4843,22.23,92.62,block_44_185,1
sample_4844,22.21,92.61,block_44_185,1
sample_4845,22.2,92.61,block_44_185,1
sample_4846,22.19,92.61,block_44_185,1
sample_4847,22.15,92.63,block_44_185,1
sample_4848,22.15,92.62,block_44_185,1
sample_4849,22.16,92.62,block_44_185,1
sample_4850,22.18,92.61,block_44_185,1
sample_4851,22.24,92.6,block_44_185,1
sample_4852,22.25,92.62,block_44_185,1
sample_4853,22.24,92.62,block_44_185,1
sample_4854,22.25,92.63,block_44_185,1
sample_4855,22.26,92.63,block_44_185,1
sample_4856,22.27,92.63,block_44_185,1
sample_4857,22.28,92.63,block_44_185,1
sample_4858,22.29,92.63,block_44_185,1
sample_4859,22.31,92.63,block_44_185,1
sample_4860,22.33,92.63,block_44_185,1
sample_4861,22.3,92.59,block_44_185,1
sample_4862,22.55,92.54,block_45_185,1
sample_4863,22.61,92.54,block_45_185,1
sample_4864,22.71,92.54,block_45_185,1
sample_4865,22.74,92.52,block_45_185,1
sample_4866,22.93,92.5,block_45_185,1
sample_4867,22.913624,92.508827,block_45_185,1
sample_4868,22.89,92.49,block_45_184,1
sample_4869,22.9,92.49,block_45_184,1
sample_4870,22.9,92.48,block_45_184,1
sample_4871,22.89,92.48,block_45_184,1
sample_4872,22.88,92.48,block_45_184,1
sample_4873,22.88,92.49,block_45_184,1
sample_4874,22.87,92.49,block_45_184,1
sample_4875,22.87,92.48,block_45_184,1
sample_4876,22.88,92.46,block_45_184,1
sample_4877,22.88,92.47,block_45_184,1
sample_4878,22.89,92.47,block_45_184,1
sample_4879,22.9,92.47,block_45_184,1
sample_4880,22.9,92.46,block_45_184,1
sample_4881,22.89,92.46,block_45_184,1
sample_4882,22.91,92.46,block_45_184,1
sample_4883,22.93,92.48,block_45_184,1
sample_4884,22.93,92.49,block_45_184,1
sample_4885,22.82402,92.608917,block_45_185,1
sample_4886,22.823553,92.628441,block_45_185,1
sample_4887,22.786629,92.62748,block_45_185,1
sample_4888,22.790684,92.614983,block_45_185,1
sample_4889,22.786274,92.620659,block_45_185,1
sample_4890,22.845263,92.674942,block_45_185,1
sample_4891,22.82106,92.637703,block_45_185,1
sample_4892,22.851028,92.694972,block_45_185,1
sample_4893,22.870518,92.703873,block_45_185,1
sample_4894,22.862419,92.706055,block_45_185,1
sample_4895,22.857729,92.704483,block_45_185,1
sample_4896,22.85558,92.69914,block_45_185,1
sample_4897,22.86428,92.71097,block_45_185,1
sample_4898,22.883656,92.715782,block_45_185,1
sample_4899,22.88408,92.72978,block_45_185,1
sample_4900,22.886652,92.724503,block_45_185,1
sample_4901,22.899078,92.721306,block_45_185,1
sample_4902,22.90442,92.72281,block_45_185,1
sample_4903,22.933441,92.708267,block_45_185,1
sample_4904,22.883036,92.557152,block_45_185,1
sample_4905,22.897339,92.549866,block_45_185,1
sample_4906,22.904324,92.546265,block_45_185,1
sample_4907,23.083221,92.556969,block_46_185,1
sample_4908,23.089111,92.555168,block_46_185,1
sample_4909,23.104166,92.559998,block_46_185,1
sample_4910,23.135889,92.551819,block_46_185,1
sample_4911,23.140694,92.551529,block_46_185,1
sample_4912,23.145,92.613693,block_46_185,1
sample_4913,23.135416,92.616661,block_46_185,1
sample_4914,23.133902,92.623497,block_46_185,1
sample_4915,23.133568,92.64373,block_46_185,1
sample_4916,23.107222,92.693054,block_46_185,1
sample_4917,23.13114,92.687469,block_46_185,1
sample_4918,23.145231,92.687721,block_46_185,1
sample_4919,23.153805,92.686775,block_46_185,1
sample_4920,23.091749,92.695419,block_46_185,1
sample_4921,23.097,92.696358,block_46_185,1
sample_4922,23.083611,92.70108,block_46_185,1
sample_4923,23.076319,92.69873,block_46_185,1
sample_4924,23.056612,92.699997,block_46_185,1
sample_4925,23.053806,92.704918,block_46_185,1
sample_4926,23.014982,92.720505,block_46_185,1
sample_4927,23.005587,92.720192,block_46_185,1
sample_4928,23.015444,92.704414,block_46_185,1
sample_4929,23.005594,92.703522,block_46_185,1
sample_4930,23.032444,92.705917,block_46_185,1
sample_4931,23.045416,92.705612,block_46_185,1
sample_4932,22.954966,92.705765,block_45_185,1
sample_4933,22.966381,92.705399,block_45_185,1
sample_4934,22.977497,92.70578,block_45_185,1
sample_4935,22.993277,92.72374,block_45_185,1
sample_4936,22.979994,92.726112,block_45_185,1
sample_4937,22.970823,92.729607,block_45_185,1
sample_4938,22.959173,92.708145,block_45_185,1
sample_4939,22.9634,92.737465,block_45_185,1
sample_4940,22.965527,92.731926,block_45_185,1
sample_4941,23.005556,92.810555,block_46_185,1
sample_4942,23.038607,92.795174,block_46_185,1
sample_4943,23.0425,92.772781,block_46_185,1
sample_4944,23.031231,92.773987,block_46_185,1
sample_4945,23.021145,92.770981,block_46_185,1
sample_4946,23.016111,92.764168,block_46_185,1
sample_4947,23.022377,92.757759,block_46_185,1
sample_4948,23.078611,92.760002,block_46_185,1
sample_4949,23.097061,92.752235,block_46_185,1
sample_4950,23.11375,92.744614,block_46_185,1
sample_4951,23.118336,92.741035,block_46_185,1
sample_4952,23.150719,92.74826,block_46_185,1
sample_4953,23.142357,92.750961,block_46_185,1
sample_4954,23.13732,92.747276,block_46_185,1
sample_4955,23.111111,92.789719,block_46_185,1
sample_4956,23.117416,92.79612,block_46_185,1
sample_4957,23.132685,92.798332,block_46_185,1
sample_4958,23.129629,92.809196,block_46_185,1
sample_4959,23.125807,92.817886,block_46_185,1
sample_4960,23.092278,92.789948,block_46_185,1
sample_4961,23.09951,92.782928,block_46_185,1
sample_4962,23.094999,92.785835,block_46_185,1
sample_4963,23.088409,92.793564,block_46_185,1
sample_4964,23.084101,92.795685,block_46_185,1
sample_4965,23.088615,92.849403,block_46_185,1
sample_4966,23.080278,92.858612,block_46_185,1
sample_4967,23.113066,92.891212,block_46_185,1
sample_4968,23.145016,92.908569,block_46_185,1
sample_4969,23.083004,92.898277,block_46_185,1
sample_4970,23.092573,92.896141,block_46_185,1
sample_4971,23.103046,92.8983,block_46_185,1
sample_4972,23.07859,92.870544,block_46_185,1
sample_4973,23.057276,92.90416,block_46_185,1
sample_4974,23.040543,92.909523,block_46_185,1
sample_4975,23.047222,92.906944,block_46_185,1
sample_4976,22.955112,92.836403,block_45_185,1
sample_4977,22.963112,92.835556,block_45_185,1
sample_4978,22.901035,92.87265,block_45_185,1
sample_4979,22.901287,92.882271,block_45_185,1
sample_4980,22.889872,92.903984,block_45_185,1
sample_4981,22.898329,92.893478,block_45_185,1
sample_4982,22.861877,92.897736,block_45_185,1
sample_4983,22.867741,92.898506,block_45_185,1
sample_4984,22.873812,92.902039,block_45_185,1
sample_4985,22.8846,92.85128,block_45_185,1
sample_4986,22.865692,92.825745,block_45_185,1
sample_4987,22.880117,92.831108,block_45_185,1
sample_4988,22.882607,92.837952,block_45_185,1
sample_4989,22.887474,92.836769,block_45_185,1
sample_4990,22.89682,92.832611,block_45_185,1
sample_4991,22.890068,92.823021,block_45_185,1
sample_4992,22.902414,92.829948,block_45_185,1
sample_4993,22.940655,92.833038,block_45_185,1
sample_4994,22.917629,92.75267,block_45_185,1
sample_4995,22.903807,92.757401,block_45_185,1
sample_4996,22.913414,92.754501,block_45_185,1
sample_4997,22.908125,92.767128,block_45_185,1
sample_4998,22.89061,92.73033,block_45_185,1
sample_4999,22.884092,92.736252,block_45_185,1
sample_5000,22.874741,92.730354,block_45_185,1
sample_5001,22.88392,92.74256,block_45_185,1
sample_5002,22.880322,92.747818,block_45_185,1
sample_5003,22.87506,92.75136,block_45_185,1
sample_5004,22.870546,92.752853,block_45_185,1
sample_5005,22.86003,92.75831,block_45_185,1
sample_5006,22.86739,92.75764,block_45_185,1
sample_5007,22.866833,92.774925,block_45_185,1
sample_5008,22.850847,92.797028,block_45_185,1
sample_5009,22.873062,92.817093,block_45_185,1
sample_5010,22.87056,92.822105,block_45_185,1
sample_5011,22.849134,92.809334,block_45_185,1
sample_5012,22.852823,92.815781,block_45_185,1
sample_5013,22.846241,92.804893,block_45_185,1
sample_5014,22.84553,92.79944,block_45_185,1
sample_5015,22.83653,92.80092,block_45_185,1
sample_5016,22.827084,92.80175,block_45_185,1
sample_5017,22.804701,92.816734,block_45_185,1
sample_5018,22.801022,92.81369,block_45_185,1
sample_5019,22.806564,92.812057,block_45_185,1
sample_5020,22.815697,92.802696,block_45_185,1
sample_5021,22.812588,92.807343,block_45_185,1
sample_5022,22.821659,92.804405,block_45_185,1
sample_5023,22.841097,92.792755,block_45_185,1
sample_5024,22.836016,92.759361,block_45_185,1
sample_5025,22.829491,92.760933,block_45_185,1
sample_5026,22.795282,92.813881,block_45_185,1
sample_5027,22.789967,92.820396,block_45_185,1
sample_5028,22.771872,92.840324,block_45_185,1
sample_5029,22.751808,92.838905,block_45_185,1
sample_5030,22.785034,92.834671,block_45_185,1
sample_5031,22.779978,92.833778,block_45_185,1
sample_5032,22.788198,92.825165,block_45_185,1
sample_5033,22.791958,92.833511,block_45_185,1
sample_5034,22.848185,92.886963,block_45_185,1
sample_5035,22.841455,92.891235,block_45_185,1
sample_5036,22.832573,92.892761,block_45_185,1
sample_5037,22.711,92.839996,block_45_185,1
sample_5038,22.705,92.842003,block_45_185,1
sample_5039,22.691999,92.841003,block_45_185,1
sample_5040,22.673,92.844002,block_45_185,1
sample_5041,22.66,92.855003,block_45_185,1
sample_5042,22.656334,92.874725,block_45_185,1
sample_5043,22.681,92.884003,block_45_185,1
sample_5044,22.654861,92.894722,block_45_185,1
sample_5045,22.615999,92.913002,block_45_185,1
sample_5046,22.577,92.892998,block_45_185,1
sample_5047,22.552301,92.883888,block_45_185,1
sample_5048,22.561611,92.877502,block_45_185,1
sample_5049,22.568556,92.87944,block_45_185,1
sample_5050,22.574112,92.873337,block_45_185,1
sample_5051,22.579611,92.870552,block_45_185,1
sample_5052,22.586,92.870003,block_45_185,1
sample_5053,22.71,92.7,block_45_185,1
sample_5054,22.69,92.72,block_45_185,1
sample_5055,22.65,92.71,block_45_185,1
sample_5056,22.66,92.71,block_45_185,1
sample_5057,22.67,92.69,block_45_185,1
sample_5058,22.68,92.69,block_45_185,1
sample_5059,22.67,92.68,block_45_185,1
sample_5060,22.65,92.67,block_45_185,1
sample_5061,22.66,92.67,block_45_185,1
sample_5062,22.66,92.65,block_45_185,1
sample_5063,22.65,92.66,block_45_185,1
sample_5064,22.65,92.65,block_45_185,1
sample_5065,22.68,92.66,block_45_185,1
sample_5066,22.71,92.66,block_45_185,1
sample_5067,22.7,92.66,block_45_185,1
sample_5068,22.73,92.65,block_45_185,1
sample_5069,22.74,92.63,block_45_185,1
sample_5070,22.7,92.56,block_45_185,1
sample_5071,22.68,92.59,block_45_185,1
sample_5072,22.68,92.58,block_45_185,1
sample_5073,22.68,92.57,block_45_185,1
sample_5074,22.68,92.56,block_45_185,1
sample_5075,22.67,92.56,block_45_185,1
sample_5076,22.65,92.61,block_45_185,1
sample_5077,22.64,92.61,block_45_185,1
sample_5078,22.56,92.67,block_45_185,1
sample_5079,22.57,92.68,block_45_185,1
sample_5080,22.61,92.66,block_45_185,1
sample_5081,22.61,92.64,block_45_185,1
sample_5082,22.62,92.64,block_45_185,1
sample_5083,22.63,92.64,block_45_185,1
sample_5084,22.64,92.66,block_45_185,1
sample_5085,22.63,92.66,block_45_185,1
sample_5086,22.64,92.67,block_45_185,1
sample_5087,22.61,92.67,block_45_185,1
sample_5088,22.6,92.67,block_45_185,1
sample_5089,22.52,92.72,block_45_185,1
sample_5090,22.52,92.71,block_45_185,1
sample_5091,22.54,92.69,block_45_185,1
sample_5092,22.53,92.7,block_45_185,1
sample_5093,22.45,92.7,block_44_185,1
sample_5094,22.46,92.69,block_44_185,1
sample_5095,22.49,92.67,block_44_185,1
sample_5096,22.5,92.68,block_45_185,1
sample_5097,22.54,92.68,block_45_185,1
sample_5098,22.53,92.62,block_45_185,1
sample_5099,22.45,92.57,block_44_185,1
sample_5100,22.47,92.63,block_44_185,1
sample_5101,22.41,92.6,block_44_185,1
sample_5102,22.39,92.59,block_44_185,1
sample_5103,22.38,92.59,block_44_185,1
sample_5104,22.34,92.6,block_44_185,1
sample_5105,22.36,92.61,block_44_185,1
sample_5106,22.39,92.61,block_44_185,1
sample_5107,22.37,92.63,block_44_185,1
sample_5108,22.35,92.66,block_44_185,1
sample_5109,22.35,92.65,block_44_185,1
sample_5110,22.34,92.65,block_44_185,1
sample_5111,22.34,92.68,block_44_185,1
sample_5112,22.39,92.64,block_44_185,1
sample_5113,22.41,92.64,block_44_185,1
sample_5114,22.43,92.69,block_44_185,1
sample_5115,22.43,92.71,block_44_185,1
sample_5116,22.34,92.69,block_44_185,1
sample_5117,22.34,92.71,block_44_185,1
sample_5118,22.35,92.74,block_44_185,1
sample_5119,22.34,92.74,block_44_185,1
sample_5120,22.34,92.75,block_44_185,1
sample_5121,22.341,92.768997,block_44_185,1
sample_5122,22.358999,92.779999,block_44_185,1
sample_5123,22.356001,92.791,block_44_185,1
sample_5124,22.41,92.75,block_44_185,1
sample_5125,22.43,92.75,block_44_185,1
sample_5126,22.46,92.73,block_44_185,1
sample_5127,22.48,92.73,block_44_185,1
sample_5128,22.49,92.74,block_44_185,1
sample_5129,22.5,92.73,block_45_185,1
sample_5130,22.5,92.74,block_45_185,1
sample_5131,22.5,92.75,block_45_185,1
sample_5132,22.51,92.74,block_45_185,1
sample_5133,22.513,92.793999,block_45_185,1
sample_5134,22.518,92.811996,block_45_185,1
sample_5135,22.538,92.857002,block_45_185,1
sample_5136,22.532,92.862999,block_45_185,1
sample_5137,22.525,92.865997,block_45_185,1
sample_5138,22.52,92.867996,block_45_185,1
sample_5139,22.518,92.855003,block_45_185,1
sample_5140,22.5,92.887001,block_45_185,1
sample_5141,22.501471,92.891663,block_45_185,1
sample_5142,22.51,92.886002,block_45_185,1
sample_5143,22.517,92.879997,block_45_185,1
sample_5144,22.534,92.876999,block_45_185,1
sample_5145,22.533001,92.886002,block_45_185,1
sample_5146,22.537416,92.885002,block_45_185,1
sample_5147,22.530001,92.890999,block_45_185,1
sample_5148,22.525999,92.888,block_45_185,1
sample_5149,22.528,92.896004,block_45_185,1
sample_5150,22.53544,92.893059,block_45_185,1
sample_5151,22.483166,92.885551,block_44_185,1
sample_5152,22.482,92.877998,block_44_185,1
sample_5153,22.475,92.877998,block_44_185,1
sample_5154,22.468,92.873001,block_44_185,1
sample_5155,22.469469,92.878334,block_44_185,1
sample_5156,22.476999,92.885002,block_44_185,1
sample_5157,22.458916,92.886108,block_44_185,1
sample_5158,22.462999,92.877998,block_44_185,1
sample_5159,22.459,92.873001,block_44_185,1
sample_5160,22.450001,92.870003,block_44_185,1
sample_5161,22.445999,92.874001,block_44_185,1
sample_5162,22.448,92.882004,block_44_185,1
sample_5163,22.45138,92.911942,block_44_185,1
sample_5164,22.440001,92.879997,block_44_185,1
sample_5165,22.43,92.870003,block_44_185,1
sample_5166,22.405001,92.861,block_44_185,1
sample_5167,22.416,92.864998,block_44_185,1
sample_5168,22.395,92.860001,block_44_185,1
sample_5169,22.389999,92.862999,block_44_185,1
sample_5170,22.385,92.858002,block_44_185,1
sample_5171,22.379,92.858002,block_44_185,1
sample_5172,22.363001,92.861,block_44_185,1
sample_5173,22.369862,92.934998,block_44_185,1
sample_5174,22.381001,92.978996,block_44_185,1
sample_5175,22.399,92.964996,block_44_185,1
sample_5176,22.392,92.978996,block_44_185,1
sample_5177,22.42,92.992996,block_44_185,1
sample_5178,22.424,92.977997,block_44_185,1
sample_5179,22.434999,92.945999,block_44_185,1
sample_5180,22.427999,92.947998,block_44_185,1
sample_5181,22.405001,92.950996,block_44_185,1
sample_5182,22.464916,92.916107,block_44_185,1
sample_5183,22.466166,92.92083,block_44_185,1
sample_5184,22.459,92.952003,block_44_185,1
sample_5185,22.455,92.959999,block_44_185,1
sample_5186,22.483999,92.954002,block_44_185,1
sample_5187,22.496,92.975998,block_44_185,1
sample_5188,22.513,92.992996,block_45_185,1
sample_5189,22.485666,92.985825,block_44_185,1
sample_5190,22.490999,92.984001,block_44_185,1
sample_5191,22.490999,92.964996,block_44_185,1
sample_5192,22.472,92.969002,block_44_185,1
sample_5193,22.462999,92.969002,block_44_185,1
sample_5194,22.46,93.05,block_44_186,1
sample_5195,22.49,93.01,block_44_186,1
sample_5196,22.5,93.01,block_45_186,1
sample_5197,22.5,93.02,block_45_186,1
sample_5198,22.45,93.09,block_44_186,1
sample_5199,22.44,93.1,block_44_186,1
sample_5200,22.41,93.02,block_44_186,1
sample_5201,22.38,93.03,block_44_186,1
sample_5202,22.34,93.04,block_44_186,1
sample_5203,22.36,93.05,block_44_186,1
sample_5204,22.34,93.13,block_44_186,1
sample_5205,22.38,93.12,block_44_186,1
sample_5206,22.39,93.11,block_44_186,1
sample_5207,22.4,93.12,block_44_186,1
sample_5208,22.4,93.13,block_44_186,1
sample_5209,22.5886,92.970001,block_45_185,1
sample_5210,22.573833,92.917519,block_45_185,1
sample_5211,22.591,92.917,block_45_185,1
sample_5212,22.704,92.985001,block_45_185,1
sample_5213,22.700001,92.994003,block_45_185,1
sample_5214,22.844894,92.944511,block_45_185,1
sample_5215,22.842268,92.951981,block_45_185,1
sample_5216,22.839445,92.95668,block_45_185,1
sample_5217,22.83358,92.955582,block_45_185,1
sample_5218,22.826855,92.971519,block_45_185,1
sample_5219,22.802805,93.004639,block_45_186,1
sample_5220,22.796106,92.991173,block_45_185,1
sample_5221,22.78916,92.981087,block_45_185,1
sample_5222,22.823893,93.036804,block_45_186,1
sample_5223,22.891706,92.950081,block_45_185,1
sample_5224,22.899151,92.935677,block_45_185,1
sample_5225,22.914797,92.928406,block_45_185,1
sample_5226,22.920202,92.927345,block_45_185,1
sample_5227,22.908737,92.930191,block_45_185,1
sample_5228,22.902401,92.941025,block_45_185,1
sample_5229,22.957235,92.929703,block_45_185,1
sample_5230,22.968073,92.929916,block_45_185,1
sample_5231,22.986418,92.999901,block_45_185,1
sample_5232,23.003361,92.962914,block_46_185,1
sample_5233,23.004421,92.988426,block_46_185,1
sample_5234,23.010895,92.924156,block_46_185,1
sample_5235,23.002401,92.923904,block_46_185,1
sample_5236,23.018612,92.920555,block_46_185,1
sample_5237,23.025131,92.91922,block_46_185,1
sample_5238,23.068354,93.002747,block_46_186,1
sample_5239,23.08989,93.020531,block_46_186,1
sample_5240,23.143806,93.031219,block_46_186,1
sample_5241,23.148056,93.055832,block_46_186,1
sample_5242,23.057222,93.080002,block_46_186,1
sample_5243,22.983683,93.038437,block_45_186,1
sample_5244,23.14085,93.142487,block_46_186,1
sample_5245,23.124069,93.145889,block_46_186,1
sample_5246,23.072695,93.218956,block_46_186,1
sample_5247,23.08964,93.200974,block_46_186,1
sample_5248,23.152298,93.28066,block_46_186,1
sample_5249,23.059264,93.275647,block_46_186,1
sample_5250,23.058,93.280568,block_46_186,1
sample_5251,23.026818,93.26673,block_46_186,1
sample_5252,23.05214,93.307373,block_46_186,1
sample_5253,23.075896,93.315313,block_46_186,1
sample_5254,23.081345,93.321054,block_46_186,1
sample_5255,23.127266,93.296204,block_46_186,1
sample_5256,23.138981,93.288852,block_46_186,1
sample_5257,23.145214,93.287063,block_46_186,1
sample_5258,23.150818,93.286358,block_46_186,1
sample_5259,23.146333,93.30675,block_46_186,1
sample_5260,23.136712,93.31485,block_46_186,1
sample_5261,23.141408,93.338272,block_46_186,1
sample_5262,23.140294,93.344976,block_46_186,1
sample_5263,23.135434,93.368506,block_46_186,1
sample_5264,22.21,93.12,block_44_186,1
sample_5265,22.2,93.13,block_44_186,1
sample_5266,22.22,93.11,block_44_186,1
sample_5267,22.32,93.14,block_44_186,1
sample_5268,22.29,93.08,block_44_186,1
sample_5269,22.29,93.09,block_44_186,1
sample_5270,22.28,93.09,block_44_186,1
sample_5271,22.28,93.08,block_44_186,1
sample_5272,22.27,93.09,block_44_186,1
sample_5273,22.24,93.1,block_44_186,1
sample_5274,22.25,93.09,block_44_186,1
sample_5275,22.27,93.06,block_44_186,1
sample_5276,22.27,93.05,block_44_186,1
sample_5277,22.26,93.05,block_44_186,1
sample_5278,22.26,93.03,block_44_186,1
sample_5279,22.25,93.03,block_44_186,1
sample_5280,22.31,93.02,block_44_186,1
sample_5281,22.32,93.02,block_44_186,1
sample_5282,22.19,92.98,block_44_185,1
sample_5283,22.22,92.96,block_44_185,1
sample_5284,22.22,92.95,block_44_185,1
sample_5285,22.23,92.93,block_44_185,1
sample_5286,22.21,92.96,block_44_185,1
sample_5287,22.17,92.99,block_44_185,1
sample_5288,22.17,93.0,block_44_186,1
sample_5289,22.16,93.0,block_44_186,1
sample_5290,22.15,92.99,block_44_185,1
sample_5291,22.14,93.0,block_44_186,1
sample_5292,22.15,93.01,block_44_186,1
sample_5293,22.17,93.01,block_44_186,1
sample_5294,22.18,93.01,block_44_186,1
sample_5295,22.19,93.03,block_44_186,1
sample_5296,23.96,94.06,block_47_188,1
sample_5297,23.95,94.06,block_47_188,1
sample_5298,23.95,94.07,block_47_188,1
sample_5299,24.03,93.81,block_48_187,1
sample_5300,24.0,93.82,block_48_187,1
sample_5301,23.97,93.95,block_47_187,1
sample_5302,23.99,93.94,block_47_187,1
sample_5303,24.01,93.96,block_48_187,1
sample_5304,24.01,93.97,block_48_187,1
sample_5305,24.02,93.97,block_48_187,1
sample_5306,24.0,93.97,block_48_187,1
sample_5307,23.98,93.99,block_47_187,1
sample_5308,23.99,94.0,block_47_188,1
sample_5309,23.98,94.02,block_47_188,1
sample_5310,24.0,94.0,block_48_188,1
sample_5311,24.0,93.99,block_48_187,1
sample_5312,24.01,93.98,block_48_187,1
sample_5313,24.01,93.99,block_48_187,1
sample_5314,24.06,94.02,block_48_188,1
sample_5315,24.1,93.95,block_48_187,1
sample_5316,24.1,93.96,block_48_187,1
sample_5317,24.09,94.02,block_48_188,1
sample_5318,24.1,94.02,block_48_188,1
sample_5319,24.11,94.02,block_48_188,1
sample_5320,24.12,94.02,block_48_188,1
sample_5321,24.13,93.99,block_48_187,1
sample_5322,24.13,94.0,block_48_188,1
sample_5323,24.14,94.01,block_48_188,1
sample_5324,24.16,93.96,block_48_187,1
sample_5325,24.16,93.97,block_48_187,1
sample_5326,24.16,93.95,block_48_187,1
sample_5327,24.17,93.93,block_48_187,1
sample_5328,24.14,93.93,block_48_187,1
sample_5329,24.09,93.9,block_48_187,1
sample_5330,24.09,93.91,block_48_187,1
sample_5331,24.08,93.89,block_48_187,1
sample_5332,24.1,93.9,block_48_187,1
sample_5333,24.11,93.91,block_48_187,1
sample_5334,24.22,93.88,block_48_187,1
sample_5335,24.24,93.85,block_48_187,1
sample_5336,24.23,93.93,block_48_187,1
sample_5337,24.18,93.9,block_48_187,1
sample_5338,24.19,93.97,block_48_187,1
sample_5339,24.18,93.99,block_48_187,1
sample_5340,24.19,94.02,block_48_188,1
sample_5341,24.19,94.01,block_48_188,1
sample_5342,24.23,93.94,block_48_187,1
sample_5343,24.287361,94.022917,block_48_188,1
sample_5344,24.301528,94.017972,block_48_188,1
sample_5345,24.317619,94.003678,block_48_188,1
sample_5346,24.340028,93.977472,block_48_187,1
sample_5347,24.346028,93.954583,block_48_187,1
sample_5348,24.314333,93.931361,block_48_187,1
sample_5349,24.32,93.79,block_48_187,1
sample_5350,24.32,93.76,block_48_187,1
sample_5351,24.32,93.75,block_48_187,1
sample_5352,24.3,93.84,block_48_187,1
sample_5353,24.27,93.67,block_48_187,1
sample_5354,24.25,93.66,block_48_187,1
sample_5355,24.3,93.69,block_48_187,1
sample_5356,24.29,93.68,block_48_187,1
sample_5357,24.28,93.68,block_48_187,1
sample_5358,24.32,93.74,block_48_187,1
sample_5359,24.37,93.72,block_48_187,1
sample_5360,24.35,93.67,block_48_187,1
sample_5361,24.33,93.67,block_48_187,1
sample_5362,24.33,93.66,block_48_187,1
sample_5363,24.34,93.66,block_48_187,1
sample_5364,24.35,93.66,block_48_187,1
sample_5365,24.42,93.84,block_48_187,1
sample_5366,24.52,93.8,block_49_187,1
sample_5367,24.553572,93.711317,block_49_187,1
sample_5368,24.548053,93.709739,block_49_187,1
sample_5369,24.5465,93.671667,block_49_187,1
sample_5370,24.549256,93.667681,block_49_187,1
sample_5371,24.543806,93.676528,block_49_187,1
sample_5372,24.538817,93.676767,block_49_187,1
sample_5373,24.536556,93.670047,block_49_187,1
sample_5374,24.534017,93.680433,block_49_187,1
sample_5375,24.612372,93.670775,block_49_187,1
sample_5376,24.624944,93.691556,block_49_187,1
sample_5377,24.629861,93.695278,block_49_187,1
sample_5378,24.615083,93.696844,block_49_187,1
sample_5379,24.600231,93.695483,block_49_187,1
sample_5380,24.599333,93.689722,block_49_187,1
sample_5381,24.595972,93.721889,block_49_187,1
sample_5382,24.599858,93.725225,block_49_187,1
sample_5383,24.607528,93.713778,block_49_187,1
sample_5384,24.618889,93.705833,block_49_187,1
sample_5385,24.626833,93.709444,block_49_187,1
sample_5386,24.631861,93.721889,block_49_187,1
sample_5387,24.672569,93.6973,block_49_187,1
sample_5388,24.663889,93.679056,block_49_187,1
sample_5389,24.637806,93.69075,block_49_187,1
sample_5390,24.649492,93.679522,block_49_187,1
sample_5391,24.646197,93.671856,block_49_187,1
sample_5392,24.639361,93.659444,block_49_187,1
sample_5393,24.679639,93.669667,block_49_187,1
sample_5394,24.685056,93.669,block_49_187,1
sample_5395,24.683139,93.696258,block_49_187,1
sample_5396,24.779889,93.663889,block_49_187,1
sample_5397,24.733256,93.701856,block_49_187,1
sample_5398,24.77925,93.781,block_49_187,1
sample_5399,24.43,93.85,block_48_187,1
sample_5400,24.391583,94.085806,block_48_188,1
sample_5401,24.404167,94.156667,block_48_188,1
sample_5402,24.391361,94.154361,block_48_188,1
sample_5403,24.379417,94.154139,block_48_188,1
sample_5404,24.417667,94.176806,block_48_188,1
sample_5405,24.419611,94.182722,block_48_188,1
sample_5406,24.444067,94.169767,block_48_188,1
sample_5407,24.441683,94.179211,block_48_188,1
sample_5408,24.437169,94.18495,block_48_188,1
sample_5409,24.528778,94.156667,block_49_188,1
sample_5410,24.491669,94.163786,block_48_188,1
sample_5411,24.499014,94.154514,block_48_188,1
sample_5412,24.496792,94.141878,block_48_188,1
sample_5413,24.492333,94.143361,block_48_188,1
sample_5414,24.493294,94.179533,block_48_188,1
sample_5415,24.495,94.186181,block_48_188,1
sample_5416,24.489728,94.191686,block_48_188,1
sample_5417,24.499972,94.195769,block_48_188,1
sample_5418,24.506317,94.180147,block_49_188,1
sample_5419,24.553917,94.091167,block_49_188,1
sample_5420,24.773472,94.078972,block_49_188,1
sample_5421,24.769556,94.116778,block_49_188,1
sample_5422,24.682167,94.138111,block_49_188,1
sample_5423,24.686028,94.145444,block_49_188,1
sample_5424,24.686417,94.153333,block_49_188,1
sample_5425,24.7135,94.199417,block_49_188,1
sample_5426,24.708417,94.198278,block_49_188,1
sample_5427,24.704083,94.187361,block_49_188,1
sample_5428,24.689139,94.165472,block_49_188,1
sample_5429,24.683944,94.172778,block_49_188,1
sample_5430,24.702722,94.198722,block_49_188,1
sample_5431,24.637278,94.1725,block_49_188,1
sample_5432,24.655226,94.292756,block_49_188,1
sample_5433,24.668389,94.285472,block_49_188,1
sample_5434,24.664737,94.290345,block_49_188,1
sample_5435,24.673582,94.270534,block_49_188,1
sample_5436,24.672316,94.26374,block_49_188,1
sample_5437,24.67916,94.252632,block_49_188,1
sample_5438,24.691389,94.255917,block_49_188,1
sample_5439,24.691944,94.250333,block_49_188,1
sample_5440,24.728611,94.224861,block_49_188,1
sample_5441,24.717889,94.2235,block_49_188,1
sample_5442,24.71475,94.217917,block_49_188,1
sample_5443,24.742139,94.221333,block_49_188,1
sample_5444,24.686833,94.2605,block_49_188,1
sample_5445,24.687667,94.267306,block_49_188,1
sample_5446,24.682833,94.269306,block_49_188,1
sample_5447,24.745805,94.348327,block_49_188,1
sample_5448,24.714343,94.360864,block_49_188,1
sample_5449,24.652556,94.389194,block_49_188,1
sample_5450,24.645686,94.38249,block_49_188,1
sample_5451,24.607745,94.342873,block_49_188,1
sample_5452,24.613545,94.33124,block_49_188,1
sample_5453,24.618583,94.308778,block_49_188,1
sample_5454,24.599639,94.358694,block_49_188,1
sample_5455,24.431056,94.259028,block_48_188,1
sample_5456,24.454953,94.225406,block_48_188,1
sample_5457,24.462958,94.233667,block_48_188,1
sample_5458,24.4455,94.229722,block_48_188,1
sample_5459,24.449306,94.221778,block_48_188,1
sample_5460,24.433972,94.249278,block_48_188,1
sample_5461,24.408672,94.245139,block_48_188,1
sample_5462,24.381906,94.213136,block_48_188,1
sample_5463,24.25806,94.28722,block_48_188,1
sample_5464,24.264333,94.283806,block_48_188,1
sample_5465,24.22,94.26,block_48_188,1
sample_5466,24.22,94.24,block_48_188,1
sample_5467,24.21,94.22,block_48_188,1
sample_5468,24.325444,94.232583,block_48_188,1
sample_5469,24.313111,94.230444,block_48_188,1
sample_5470,24.303083,94.245056,block_48_188,1
sample_5471,24.309861,94.234639,block_48_188,1
sample_5472,24.291139,94.276139,block_48_188,1
sample_5473,24.284222,94.2805,block_48_188,1
sample_5474,24.354814,94.258094,block_48_188,1
sample_5475,24.34,94.22444,block_48_188,1
sample_5476,24.365611,94.1665,block_48_188,1
sample_5477,24.364861,94.174139,block_48_188,1
sample_5478,24.322917,94.151,block_48_188,1
sample_5479,24.323361,94.143556,block_48_188,1
sample_5480,24.317833,94.144667,block_48_188,1
sample_5481,24.285722,94.128222,block_48_188,1
sample_5482,24.277639,94.127278,block_48_188,1
sample_5483,24.291028,94.124056,block_48_188,1
sample_5484,24.298028,94.123583,block_48_188,1
sample_5485,24.316528,94.138083,block_48_188,1
sample_5486,24.301806,94.059917,block_48_188,1
sample_5487,24.290714,94.038094,block_48_188,1
sample_5488,24.27705,94.070089,block_48_188,1
sample_5489,24.279575,94.077164,block_48_188,1
sample_5490,24.289019,94.073331,block_48_188,1
sample_5491,24.267872,94.117978,block_48_188,1
sample_5492,24.267194,94.111889,block_48_188,1
sample_5493,24.269144,94.107397,block_48_188,1
sample_5494,24.264317,94.096472,block_48_188,1
sample_5495,24.253611,94.100258,block_48_188,1
sample_5496,24.2504,94.096483,block_48_188,1
sample_5497,24.24,94.08,block_48_188,1
sample_5498,24.250722,94.073861,block_48_188,1
sample_5499,24.25,94.08,block_48_188,1
sample_5500,24.251011,94.0873,block_48_188,1
sample_5501,24.256583,94.093111,block_48_188,1
sample_5502,24.272667,94.075083,block_48_188,1
sample_5503,24.22,94.07,block_48_188,1
sample_5504,24.18,94.07,block_48_188,1
sample_5505,24.22,94.08,block_48_188,1
sample_5506,24.22,94.09,block_48_188,1
sample_5507,24.22,94.11,block_48_188,1
sample_5508,24.19,94.11,block_48_188,1
sample_5509,24.271528,94.125667,block_48_188,1
sample_5510,24.2,94.2,block_48_188,1
sample_5511,24.19,94.19,block_48_188,1
sample_5512,24.19,94.2,block_48_188,1
sample_5513,24.09,94.15,block_48_188,1
sample_5514,24.11,94.13,block_48_188,1
sample_5515,24.12,94.13,block_48_188,1
sample_5516,24.13,94.12,block_48_188,1
sample_5517,24.13,94.13,block_48_188,1
sample_5518,24.15,94.1,block_48_188,1
sample_5519,24.13,94.11,block_48_188,1
sample_5520,24.15,94.08,block_48_188,1
sample_5521,24.13,94.06,block_48_188,1
sample_5522,24.14,94.07,block_48_188,1
sample_5523,24.13,94.07,block_48_188,1
sample_5524,24.12,94.07,block_48_188,1
sample_5525,24.1,94.07,block_48_188,1
sample_5526,24.12,94.05,block_48_188,1
sample_5527,24.1,94.03,block_48_188,1
sample_5528,24.1,94.04,block_48_188,1
sample_5529,24.09,94.04,block_48_188,1
sample_5530,24.09,94.03,block_48_188,1
sample_5531,24.08,94.03,block_48_188,1
sample_5532,24.04,94.08,block_48_188,1
sample_5533,24.05,94.07,block_48_188,1
sample_5534,24.06,94.05,block_48_188,1
sample_5535,24.06,94.04,block_48_188,1
sample_5536,24.07,94.03,block_48_188,1
sample_5537,24.06,94.03,block_48_188,1
sample_5538,23.99,94.04,block_47_188,1
sample_5539,23.98,94.03,block_47_188,1
sample_5540,23.97,94.04,block_47_188,1
sample_5541,24.683139,94.400917,block_49_188,1
sample_5542,24.777333,94.602278,block_49_189,1
sample_5543,27.497181227646493,94.36097518177537,block_54_188,0
sample_5544,23.561648608507383,92.75033970817161,block_47_185,0
sample_5545,26.839121727124375,93.12244991767024,block_53_186,0
sample_5546,28.340957184240693,93.67502469484879,block_56_187,0
sample_5547,28.034174876885288,94.8594787949219,block_56_189,0
sample_5548,28.20347544832276,93.81408567222391,block_56_187,0
sample_5549,28.448972442361907,93.42711016541357,block_56_186,0
sample_5550,26.731201776409442,91.4294224823188,block_53_182,0
sample_5551,26.82506892787411,93.72583145326969,block_53_187,0
sample_5552,23.141858952590656,91.56688115252189,block_46_183,0
sample_5553,26.132818052687313,94.43537395930483,block_52_188,0
sample_5554,28.305674593442554,95.29439916853471,block_56_190,0
sample_5555,26.166397819639947,90.4697711201156,block_52_180,0
sample_5556,29.2801956698635,96.09132920100429,block_58_192,0
sample_5557,27.08099880460197,93.04752110584268,block_54_186,0
sample_5558,28.835971579020637,96.1828745564656,block_57_192,0
sample_5559,24.16818041500961,94.00612525174046,block_48_188,0
sample_5560,27.695082080571147,93.07016288312448,block_55_186,0
sample_5561,27.817561237592244,92.98532451863467,block_55_185,0
sample_5562,28.5782862714562,95.8176559759951,block_57_191,0
sample_5563,22.550966235715876,92.56831035517617,block_45_185,0
sample_5564,25.998650274723882,94.86135204944578,block_51_189,0
sample_5565,25.22956063775023,92.86521290573455,block_50_185,0
sample_5566,24.46945027232066,93.53010195349799,block_48_187,0
sample_5567,27.440976455894862,94.32962674455703,block_54_188,0
sample_5568,25.59087255342546,90.00922461247231,block_51_180,0
sample_5569,26.020683530444483,95.0309702675632,block_52_190,0
sample_5570,26.422266809020208,94.34699800387845,block_52_188,0
sample_5571,26.418345566854153,93.82218619712177,block_52_187,0
sample_5572,25.08610935655263,93.48651951933752,block_50_186,0
sample_5573,23.71401323988043,91.7203869598378,block_47_183,0
sample_5574,28.59456772001694,96.26514027935471,block_57_192,0
sample_5575,28.236461655262534,94.6132752958213,block_56_189,0
sample_5576,26.720208487526605,90.48144867532585,block_53_180,0
sample_5577,26.742061667490486,90.46237946688288,block_53_180,0
sample_5578,27.533354903444273,93.18579595858807,block_55_186,0
sample_5579,28.242922151133726,93.47558992500407,block_56_186,0
sample_5580,27.950529517149118,96.09060427080848,block_55_192,0
sample_5581,27.828883438222963,96.31086619363948,block_55_192,0
sample_5582,24.988468162724086,93.83421819541671,block_49_187,0
sample_5583,28.061865071547018,96.28531232383526,block_56_192,0
sample_5584,27.996987055922254,96.12220186672764,block_55_192,0
sample_5585,28.528467550086283,96.07077656257515,block_57_192,0
sample_5586,25.39830458355996,90.86879415298284,block_50_181,0
sample_5587,26.77526121341797,91.75697681298458,block_53_183,0
sample_5588,26.50718728512669,92.80737676089309,block_53_185,0
sample_5589,25.99223517790522,94.76264199196154,block_51_189,0
sample_5590,27.53882059158002,94.3039079416702,block_55_188,0
sample_5591,29.04676389754939,94.36678868556369,block_58_188,0
sample_5592,24.187219046698296,93.15060980347556,block_48_186,0
sample_5593,25.16714993992274,93.45185694323942,block_50_186,0
sample_5594,26.875762740143344,92.37088898832194,block_53_184,0
sample_5595,26.710350503820045,91.15076960085213,block_53_182,0
sample_5596,28.120018330478647,95.06069849288289,block_56_190,0
sample_5597,23.76080333499546,92.46628163565677,block_47_184,0
sample_5598,25.049751683582667,93.91979457893451,block_50_187,0
sample_5599,25.65726648447932,90.29345373203732,block_51_180,0
sample_5600,27.607330022300395,95.23843417259584,block_55_190,0
sample_5601,28.67483703615932,93.75893183396057,block_57_187,0
sample_5602,27.36648210569735,92.74491474934938,block_54_185,0
sample_5603,28.212325689882753,93.14999633574179,block_56_186,0
sample_5604,25.507525719855206,90.43640055557118,block_51_180,0
sample_5605,27.720184000658456,92.90021824058303,block_55_185,0
sample_5606,26.663288121061537,90.58121600102486,block_53_181,0
sample_5607,24.997755209466057,93.1005447207368,block_49_186,0
sample_5608,28.4111634455099,95.19658901550986,block_56_190,0
sample_5609,26.050605553977178,93.67057433604768,block_52_187,0
sample_5610,24.454584532107706,94.3839337192665,block_48_188,0
sample_5611,24.894553948181755,93.30528464043287,block_49_186,0
sample_5612,27.615274659016364,95.82008828045957,block_55_191,0
sample_5613,26.84109510869905,95.34359066634242,block_53_190,0
sample_5614,26.186168822668144,90.04886668452113,block_52_180,0
sample_5615,27.215933781470746,95.20884212454867,block_54_190,0
sample_5616,28.126688924764245,97.06837526652043,block_56_194,0
sample_5617,27.33411175837596,88.71436689172477,block_54_177,0
sample_5618,27.14866956109065,93.89607851864982,block_54_187,0
sample_5619,28.36222861707485,93.64386917927834,block_56_187,0
sample_5620,25.74530200154579,91.20757304369606,block_51_182,0
sample_5621,28.35677476519679,95.72991063004655,block_56_191,0
sample_5622,25.990114089006745,92.54487653650204,block_51_185,0
sample_5623,25.43178434618456,93.7371180197669,block_50_187,0
sample_5624,27.148630979793573,94.07148725756495,block_54_188,0
sample_5625,26.31982244852599,92.44864859433953,block_52_184,0
sample_5626,25.935006676707836,91.99973583942902,block_51_183,0
sample_5627,25.95942667843424,90.57852647176271,block_51_181,0
sample_5628,28.532669985988864,93.39620366448753,block_57_186,0
sample_5629,25.467416781471876,92.1404067024785,block_50_184,0
sample_5630,26.177580937842688,90.85605381131694,block_52_181,0
sample_5631,27.709770184479076,93.69938592168386,block_55_187,0
sample_5632,25.871551266989655,92.23483596995429,block_51_184,0
sample_5633,26.619807640148327,93.73053057510423,block_53_187,0
sample_5634,27.52467872168254,96.90734788305856,block_55_193,0
sample_5635,26.41296508290868,90.73783731689166,block_52_181,0
sample_5636,27.24270544151225,92.2678944682262,block_54_184,0
sample_5637,27.887493002515157,93.87554526734368,block_55_187,0
sample_5638,25.13105614239201,93.11888635987944,block_50_186,0
sample_5639,27.592078687729135,93.35054626359947,block_55_186,0
sample_5640,27.133952733211913,94.57749663877175,block_54_189,0
sample_5641,28.25328546568698,93.40687162666735,block_56_186,0
sample_5642,26.34850515211169,93.96697636286842,block_52_187,0
sample_5643,28.08310186400859,93.17090812433476,block_56_186,0
sample_5644,25.356676905373142,90.95646127739958,block_50_181,0
sample_5645,23.325627314598407,91.40072597602575,block_46_182,0
sample_5646,25.229682322550076,94.56355027374842,block_50_189,0
sample_5647,26.527424669822935,90.24939614587991,block_53_180,0
sample_5648,23.103674044919764,93.1778866658251,block_46_186,0
sample_5649,27.34618527753761,92.78339694165341,block_54_185,0
sample_5650,26.089614584291567,91.60570852452321,block_52_183,0
sample_5651,28.582879539113218,96.12185318362873,block_57_192,0
sample_5652,25.993212390549438,91.24416505191428,block_51_182,0
sample_5653,26.094572369738163,93.10824259181153,block_52_186,0
sample_5654,26.24566207908525,90.1954869929442,block_52_180,0
sample_5655,27.794138010754367,88.41028461151464,block_55_176,0
sample_5656,27.559759151895488,94.62914208163502,block_55_189,0
sample_5657,26.944035104082463,95.71502698606982,block_53_191,0
sample_5658,22.181349046226376,92.72153681124988,block_44_185,0
sample_5659,25.897228259737467,92.29512390005787,block_51_184,0
sample_5660,28.377794157900787,96.07781653118171,block_56_192,0
sample_5661,27.36225243169467,95.13837700774302,block_54_190,0
sample_5662,27.575424387208244,92.07933183607739,block_55_184,0
sample_5663,28.518380949700898,93.82527746425171,block_57_187,0
sample_5664,28.74919161935151,94.36954232557135,block_57_188,0
sample_5665,24.52629874576742,93.52317402818836,block_49_187,0
sample_5666,26.75593413793609,91.98850402153244,block_53_183,0
sample_5667,23.41404919322758,91.61611654029305,block_46_183,0
sample_5668,25.57238126405004,90.2297335981192,block_51_180,0
sample_5669,26.246612461865617,93.40323214367926,block_52_186,0
sample_5670,23.98605088935453,93.31973275938357,block_47_186,0
sample_5671,27.11207614477849,94.99988710695406,block_54_189,0
sample_5672,26.51369398604842,91.31181698485197,block_53_182,0
sample_5673,26.738295872844777,93.83637693342486,block_53_187,0
sample_5674,27.051009885537532,94.77672674070467,block_54_189,0
sample_5675,25.250256245237367,93.44799377046299,block_50_186,0
sample_5676,28.029312552832625,95.01765789674023,block_56_190,0
sample_5677,29.245401591916917,96.08532161084894,block_58_192,0
sample_5678,27.0097900598677,93.49486486153036,block_54_186,0
sample_5679,28.150371489323483,96.83874378272782,block_56_193,0
sample_5680,26.9956952632613,94.98551714231782,block_53_189,0
sample_5681,29.124219290870844,96.04123181707598,block_58_192,0
sample_5682,26.937042409271033,94.03202199199225,block_53_188,0
sample_5683,27.56705609025837,92.47671207497855,block_55_184,0
sample_5684,27.81292949878794,92.8244368015264,block_55_185,0
sample_5685,22.728810476029224,92.73608368398672,block_45_185,0
sample_5686,27.852525169450885,96.14962053294249,block_55_192,0
sample_5687,25.86302923181944,92.30559970771822,block_51_184,0
sample_5688,25.54026252358756,91.77520219241806,block_51_183,0
sample_5689,27.114340970072966,92.60852722895572,block_54_185,0
sample_5690,26.711383104687716,93.1545504800546,block_53_186,0
sample_5691,25.932231964478067,92.26492492520944,block_51_184,0
sample_5692,27.233523580950102,96.0162517305784,block_54_192,0
sample_5693,26.846966653097923,95.22824966298455,block_53_190,0
sample_5694,25.33181736133614,90.1478395990271,block_50_180,0
sample_5695,24.47588030314733,92.26288968733,block_48_184,0
sample_5696,25.14340644758328,94.25201391276691,block_50_188,0
sample_5697,28.06944656810818,93.2298849147843,block_56_186,0
sample_5698,26.357134628820024,93.27891229152549,block_52_186,0
sample_5699,24.587345405216634,94.25420088802741,block_49_188,0
sample_5700,27.602160301911233,96.16006619936921,block_55_192,0
sample_5701,26.463116693307544,91.3054741455156,block_52_182,0
sample_5702,26.292180739762898,89.99974477331686,block_52_179,0
sample_5703,28.12004413250909,93.76758883703337,block_56_187,0
sample_5704,28.510956569676928,93.32341829075693,block_57_186,0
sample_5705,27.80395071174723,93.33537943217534,block_55_186,0
sample_5706,26.930734065342783,92.56522002597536,block_53_185,0
sample_5707,25.25953581890312,90.56776833702884,block_50_181,0
sample_5708,27.05649553617701,92.57434788162396,block_54_185,0
sample_5709,23.2352804942564,91.57394998972322,block_46_183,0
sample_5710,27.247901601708243,92.70246605762841,block_54_185,0
sample_5711,28.233491938391076,95.57828175372758,block_56_191,0
sample_5712,28.900834502218334,96.10383412795343,block_57_192,0
sample_5713,26.275769621599917,93.38995700032693,block_52_186,0
sample_5714,26.37542179110213,92.92524790420595,block_52_185,0
sample_5715,22.766602462772997,92.79354938583595,block_45_185,0
sample_5716,27.42808120312167,95.69811685433362,block_54_191,0
sample_5717,27.77364547828146,92.64470003516345,block_55_185,0
sample_5718,27.63378827187709,95.14284520631284,block_55_190,0
sample_5719,26.190137553861273,93.97180419916958,block_52_187,0
sample_5720,24.259099664607962,92.24799031878642,block_48_184,0
sample_5721,28.400229623066288,93.7810788511064,block_56_187,0
sample_5722,25.753715411738057,92.34948959391636,block_51_184,0
sample_5723,28.05460097450458,94.12727207369693,block_56_188,0
sample_5724,24.343603397891254,92.47091286266486,block_48_184,0
sample_5725,25.239605617395945,92.91383153149613,block_50_185,0
sample_5726,24.049991197469573,91.84243233412481,block_48_183,0
sample_5727,24.47159031599479,93.6201271064001,block_48_187,0
sample_5728,27.89812467988385,94.08467035551149,block_55_188,0
sample_5729,27.40037577801871,94.1717024122585,block_54_188,0
sample_5730,28.788204498443946,96.20882882336907,block_57_192,0
sample_5731,24.43355147406023,93.47775143711235,block_48_186,0
sample_5732,28.08020435699249,94.2990941599504,block_56_188,0
sample_5733,28.200088193997928,94.94448191801715,block_56_189,0
sample_5734,27.10914974610958,92.94809739350124,block_54_185,0
sample_5735,26.809788637574506,91.98001984342778,block_53_183,0
sample_5736,28.246910682422623,96.30661235563008,block_56_192,0
sample_5737,25.275910194520094,90.67832256609557,block_50_181,0
sample_5738,27.588877537525317,92.2199228525134,block_55_184,0
sample_5739,25.958484737706783,90.90899822769022,block_51_181,0
sample_5740,25.40876783615152,90.6486542874155,block_50_181,0
sample_5741,24.8022304998494,92.95812201153794,block_49_185,0
sample_5742,29.2436379643652,95.67877765206366,block_58_191,0
sample_5743,22.304752342500166,92.71886687811642,block_44_185,0
sample_5744,28.974276876099644,95.8882571035491,block_57_191,0
sample_5745,26.83970120063578,95.43897799233245,block_53_190,0
sample_5746,28.206188031961453,94.54307669261425,block_56_189,0
sample_5747,28.245719554546096,93.15875990717205,block_56_186,0
sample_5748,27.426984368469483,92.96105215533521,block_54_185,0
sample_5749,25.162215587585337,93.77921007809394,block_50_187,0
sample_5750,23.72828821492973,91.91573539496028,block_47_183,0
sample_5751,25.898051784448494,92.76888034785,block_51_185,0
sample_5752,27.470351763024876,93.90561544727117,block_54_187,0
sample_5753,27.76341044323493,94.91075765723573,block_55_189,0
sample_5754,25.431134038077488,94.536658968763,block_50_189,0
sample_5755,25.37836478859988,90.75836016904529,block_50_181,0
sample_5756,26.027033302171812,90.3811493929046,block_52_180,0
sample_5757,28.66009752929334,94.98709243188445,block_57_189,0
sample_5758,27.42581806500403,88.7419138569214,block_54_177,0
sample_5759,26.04560541981924,91.01938742521719,block_52_182,0
sample_5760,24.229368506289717,93.66464330066765,block_48_187,0
sample_5761,25.138482153911145,94.48378919938757,block_50_188,0
sample_5762,27.837970970050346,88.3271102785063,block_55_176,0
sample_5763,26.211059277103306,93.68789139123498,block_52_187,0
sample_5764,26.261805515337606,92.97692288644113,block_52_185,0
sample_5765,24.92505874923862,94.1058709250367,block_49_188,0
sample_5766,27.49112893204365,92.69101322641079,block_54_185,0
sample_5767,24.8411040882984,93.27972348114069,block_49_186,0
sample_5768,27.93209251722202,92.78230400463843,block_55_185,0
sample_5769,26.09251669784085,93.7523146086329,block_52_187,0
sample_5770,25.31980616703877,94.39302451210607,block_50_188,0
sample_5771,27.82999825917114,94.01406293604664,block_55_188,0
sample_5772,28.701436967840547,95.95177683786514,block_57_191,0
sample_5773,24.201467006427457,93.01469347982278,block_48_186,0
sample_5774,26.906369837716532,94.77394802331037,block_53_189,0
sample_5775,26.775048377065136,93.42164957588737,block_53_186,0
sample_5776,26.848587828890558,95.20941460861333,block_53_190,0
sample_5777,25.24100179939512,92.55196062300918,block_50_185,0
sample_5778,27.479918136514556,96.09130723809066,block_54_192,0
sample_5779,24.325280736663995,92.38484213018198,block_48_184,0
sample_5780,24.819538734612205,93.78454797514131,block_49_187,0
sample_5781,26.29042148799133,90.93952025610537,block_52_181,0
sample_5782,27.699722451053574,92.68369609536315,block_55_185,0
sample_5783,25.81190877815928,92.68834125893795,block_51_185,0
sample_5784,26.872376280361088,92.42351642166105,block_53_184,0
sample_5785,27.42906128153138,95.1802535831227,block_54_190,0
sample_5786,26.234140493495822,89.82975983774456,block_52_179,0
sample_5787,29.036009108860853,95.09667261955227,block_58_190,0
sample_5788,25.500455543003444,92.29569245725902,block_51_184,0
sample_5789,26.50757997026891,92.84575388218418,block_53_185,0
sample_5790,24.3925404420376,93.76284033800798,block_48_187,0
sample_5791,24.69951935497985,94.33378008924636,block_49_188,0
sample_5792,27.95533658586912,94.81804759798744,block_55_189,0
sample_5793,27.8500703348788,95.29592303661748,block_55_190,0
sample_5794,26.680591832704764,93.82551657171024,block_53_187,0
sample_5795,28.895959219218803,96.20448646377582,block_57_192,0
sample_5796,27.492363261641977,88.58544408853567,block_54_177,0
sample_5797,25.893626350640268,90.94927442813548,block_51_181,0
sample_5798,27.76712235953043,94.77669087647655,block_55_189,0
sample_5799,26.789149159995908,94.51714511428032,block_53_189,0
sample_5800,23.77354543000794,93.2460145175896,block_47_186,0
sample_5801,28.996122848258082,95.47681034642194,block_57_190,0
sample_5802,29.155027361775105,95.56338883919176,block_58_191,0
sample_5803,25.26205845017275,90.41057336945073,block_50_180,0
sample_5804,25.541002398925272,89.89943926768561,block_51_179,0
sample_5805,26.57914546155014,93.51620668656567,block_53_187,0
sample_5806,25.935915321969272,93.9966789900412,block_51_187,0
sample_5807,24.340874536105666,94.07144042816854,block_48_188,0
sample_5808,26.263413484132837,93.03043140279989,block_52_186,0
sample_5809,27.395694354642416,96.8046921696559,block_54_193,0
sample_5810,24.917158764515076,92.65660863482452,block_49_185,0
sample_5811,28.937901704012965,96.24138577842848,block_57_192,0
sample_5812,26.029083675033007,92.6427767512131,block_52_185,0
sample_5813,29.03305981323063,95.99996154263317,block_58_191,0
sample_5814,25.387749979845943,90.41828987415748,block_50_180,0
sample_5815,28.70289961060353,94.61343612996122,block_57_189,0
sample_5816,26.571153405893252,90.05980884879223,block_53_180,0
sample_5817,27.58278476234651,93.69394611203725,block_55_187,0
sample_5818,25.060426677277306,93.16280438289263,block_50_186,0
sample_5819,25.478293384282768,93.05266626431609,block_50_186,0
sample_5820,22.369361161430795,93.14790293788276,block_44_186,0
sample_5821,25.741701626303726,93.38339573774194,block_51_186,0
sample_5822,22.591156497832827,92.79752832790865,block_45_185,0
sample_5823,25.800683608332474,92.29390567169163,block_51_184,0
sample_5824,28.032556679413382,94.79883275035503,block_56_189,0
sample_5825,27.568114069521798,93.43612589155494,block_55_186,0
sample_5826,26.80869421753844,91.95140222549388,block_53_183,0
sample_5827,24.754906056895106,94.41766532855449,block_49_188,0
sample_5828,26.929623289753557,93.06942248083729,block_53_186,0
sample_5829,23.256399580431246,93.05022977214122,block_46_186,0
sample_5830,27.01859891910191,93.1177861868352,block_54_186,0
sample_5831,23.781091492628693,91.2539015088837,block_47_182,0
sample_5832,27.722006353105666,96.30731224534652,block_55_192,0
sample_5833,26.444174324507195,94.32179987350699,block_52_188,0
sample_5834,26.657547846127308,92.01568547356871,block_53_184,0
sample_5835,29.05605671472253,94.3106197326098,block_58_188,0
sample_5836,28.02389881550514,96.59856703386951,block_56_193,0
sample_5837,27.404719822876334,93.25319447696177,block_54_186,0
sample_5838,25.79740570418068,92.67440655514925,block_51_185,0
sample_5839,25.045869296397544,93.28773243816494,block_50_186,0
sample_5840,26.30148623788424,91.92523389141863,block_52_183,0
sample_5841,28.144098741661907,97.08517771215324,block_56_194,0
sample_5842,26.776877853430175,92.61159847625936,block_53_185,0
sample_5843,28.33490011218869,96.88476824528846,block_56_193,0
sample_5844,26.97843812978796,95.18478512957698,block_53_190,0
sample_5845,24.73632526441977,93.80765121724195,block_49_187,0
sample_5846,26.96733594460538,93.79528199419278,block_53_187,0
sample_5847,25.57235156752587,92.58583120962888,block_51_185,0
sample_5848,23.35868363313626,92.94868626276204,block_46_185,0
sample_5849,24.98580831504153,93.31102051501091,block_49_186,0
sample_5850,27.09871635357493,95.96995075909643,block_54_191,0
sample_5851,22.62474994957755,92.9646963450315,block_45_185,0
sample_5852,28.497688368420203,96.34301048612424,block_56_192,0
sample_5853,26.361474391042112,95.07119201656053,block_52_190,0
sample_5854,27.403643132716795,92.70745280539462,block_54_185,0
sample_5855,27.77901736259805,88.27848119408455,block_55_176,0
sample_5856,25.628586266442028,91.34462525843497,block_51_182,0
sample_5857,27.06568092147001,94.21031593063984,block_54_188,0
sample_5858,27.308746376317487,93.95866829045268,block_54_187,0
sample_5859,24.118039869852037,91.6453158581569,block_48_183,0
sample_5860,25.100377782271185,92.55177435097893,block_50_185,0
sample_5861,28.097613572022823,96.07937959074786,block_56_192,0
sample_5862,25.631655577979977,93.41326524727464,block_51_186,0
sample_5863,23.742424655532353,91.53491984184699,block_47_183,0
sample_5864,26.40092546030293,93.12891340323773,block_52_186,0
sample_5865,27.081016011788666,93.17093207577625,block_54_186,0
sample_5866,27.283589589546082,92.12147657050375,block_54_184,0
sample_5867,28.124138316833886,95.47917425836198,block_56_190,0
sample_5868,25.00947608586125,92.69345022371623,block_50_185,0
sample_5869,26.713353901367842,90.27499897610551,block_53_180,0
sample_5870,26.905838560845616,94.7232220782146,block_53_189,0
sample_5871,27.89698340047248,88.69527227447351,block_55_177,0
sample_5872,24.946118739703238,92.76215884447738,block_49_185,0
sample_5873,28.894980602035048,94.50206333944222,block_57_189,0
sample_5874,25.980485493786865,93.99889544990191,block_51_187,0
sample_5875,25.78113942799034,92.8766990083839,block_51_185,0
sample_5876,26.31193904598243,93.40721274374201,block_52_186,0
sample_5877,25.287916991437292,91.67666118556853,block_50_183,0
sample_5878,25.70353994030998,91.24269344343547,block_51_182,0
sample_5879,25.360528027716665,89.94455286635815,block_50_179,0
sample_5880,25.57023759072335,92.47592779336614,block_51_184,0
sample_5881,25.230061130875004,94.54957469592246,block_50_189,0
sample_5882,28.353768061156515,94.09091722241051,block_56_188,0
sample_5883,23.662102160326718,91.80744590103438,block_47_183,0
sample_5884,26.400744003538797,91.65505633534364,block_52_183,0
sample_5885,27.617673764739735,95.60206001313385,block_55_191,0
sample_5886,24.377485328151018,92.30097396873815,block_48_184,0
sample_5887,25.91063414917115,94.00762070526181,block_51_188,0
sample_5888,26.43697830255075,93.74629915870662,block_52_187,0
sample_5889,26.361235830695655,91.2704915919055,block_52_182,0
sample_5890,28.32593530028865,93.8032091857624,block_56_187,0
sample_5891,28.0844107323831,94.63629059289222,block_56_189,0
sample_5892,24.160580743715073,93.77615444770144,block_48_187,0
sample_5893,25.78226900810242,91.93144759838583,block_51_183,0
sample_5894,27.1700902416231,94.06544489375153,block_54_188,0
sample_5895,24.290808111422415,92.23940912501853,block_48_184,0
sample_5896,28.09564114896935,97.05999344050043,block_56_194,0
sample_5897,25.741328949953093,92.6527165699442,block_51_185,0
sample_5898,27.54313871466638,95.1996438164707,block_55_190,0
sample_5899,27.364249832588328,93.13572078238647,block_54_186,0
sample_5900,28.2085374457233,95.06264765059052,block_56_190,0
sample_5901,25.317965805511143,91.27662358212976,block_50_182,0
sample_5902,26.36822161702376,91.2959299064715,block_52_182,0
sample_5903,27.301730092152876,93.9480439307151,block_54_187,0
sample_5904,27.306600851177684,95.78772894536715,block_54_191,0
sample_5905,27.68719926484691,94.3566048047795,block_55_188,0
sample_5906,25.619886316958848,93.42779997545912,block_51_186,0
sample_5907,23.942250355864893,91.89371584003136,block_47_183,0
sample_5908,25.33513709138277,93.9561009754928,block_50_187,0
sample_5909,25.81866238786651,90.61532146580677,block_51_181,0
sample_5910,27.4687026017001,94.8707602123783,block_54_189,0
sample_5911,25.384214350765852,94.24295191581932,block_50_188,0
sample_5912,25.96162592934549,90.04760138914294,block_51_180,0
sample_5913,24.466939179297984,93.43257621845295,block_48_186,0
sample_5914,26.202680042970265,92.56217629767995,block_52_185,0
sample_5915,24.512421116199906,94.41598810527614,block_49_188,0
sample_5916,26.874868529582834,90.35365921836163,block_53_180,0
sample_5917,23.15799060161101,91.725610729163,block_46_183,0
sample_5918,28.110028604541068,97.28865614896417,block_56_194,0
sample_5919,26.84015361999933,92.13693455533061,block_53_184,0
sample_5920,27.39048340036885,93.90395236040449,block_54_187,0
sample_5921,27.61858691376444,93.54199482695823,block_55_187,0
sample_5922,26.105814401563947,93.64007395192301,block_52_187,0
sample_5923,27.147618170111368,95.97018578173562,block_54_191,0
sample_5924,25.834893371259003,92.7895121214783,block_51_185,0
sample_5925,22.756851835788943,92.69607588796299,block_45_185,0
sample_5926,26.413866237846694,92.96589310880013,block_52_185,0
sample_5927,28.442186429919282,93.34277565446584,block_56_186,0
sample_5928,24.67713471764555,94.4196552606228,block_49_188,0
sample_5929,27.69671712800645,96.97185804904434,block_55_193,0
sample_5930,27.898603992347496,92.76213968018432,block_55_185,0
sample_5931,26.67713729006038,92.70986027576652,block_53_185,0
sample_5932,22.526451370627306,93.04370927105815,block_45_186,0
sample_5933,26.581957623067282,90.60819671590487,block_53_181,0
sample_5934,25.97656531395988,91.67287612790248,block_51_183,0
sample_5935,27.209936700201734,94.8616087478565,block_54_189,0
sample_5936,25.345626001458285,93.72302460161798,block_50_187,0
sample_5937,27.280044614097548,94.59409634550434,block_54_189,0
sample_5938,27.762870207721146,88.27594876102435,block_55_176,0
sample_5939,25.359503110363647,91.38516461790448,block_50_182,0
sample_5940,25.69703604378651,93.32872960544144,block_51_186,0
sample_5941,25.48541088079081,91.60000705905355,block_50_183,0
sample_5942,28.84600228836058,94.96225878420182,block_57_189,0
sample_5943,24.733342067207744,92.71918486006008,block_49_185,0
sample_5944,28.01296894788655,97.22529032105005,block_56_194,0
sample_5945,25.434715752168334,90.65368458383648,block_50_181,0
sample_5946,23.425100766242462,93.29978336374737,block_46_186,0
sample_5947,24.20971073523743,93.85354472458579,block_48_187,0
sample_5948,25.425842848411794,93.56189478885727,block_50_187,0
sample_5949,23.670782838134045,91.25638275875042,block_47_182,0
sample_5950,28.280762452410922,96.2456669739648,block_56_192,0
sample_5951,25.926590116856094,90.23877538849614,block_51_180,0
sample_5952,26.21543753499798,92.08883905728887,block_52_184,0
sample_5953,27.986207847196162,94.5868206994225,block_55_189,0
sample_5954,23.14924985331824,92.38091805690462,block_46_184,0
sample_5955,27.114016806423916,95.76803486663272,block_54_191,0
sample_5956,28.210829722399232,97.23613203234605,block_56_194,0
sample_5957,26.799606119384613,93.4738437332922,block_53_186,0
sample_5958,26.605741771228807,90.31037692490531,block_53_180,0
sample_5959,24.142799238797842,91.87272673918396,block_48_183,0
sample_5960,25.896186842721125,93.92909125495271,block_51_187,0
sample_5961,27.99647742906057,95.47155469643758,block_55_190,0
sample_5962,24.629252034765493,93.11846737672009,block_49_186,0
sample_5963,25.718188742132437,91.65078398095143,block_51_183,0
sample_5964,27.816890938096407,88.55075756461432,block_55_177,0
sample_5965,28.103767228226385,96.62223913616215,block_56_193,0
sample_5966,28.27808911752491,95.94507648224304,block_56_191,0
sample_5967,27.22426210547078,96.90705210965815,block_54_193,0
sample_5968,26.18340929955227,93.29322357412178,block_52_186,0
sample_5969,23.562947956855986,92.948616032996,block_47_185,0
sample_5970,28.8709035208565,95.27904508890698,block_57_190,0
sample_5971,28.333254745601423,96.09029298596059,block_56_192,0
sample_5972,25.294387499143234,90.49299694129104,block_50_180,0
sample_5973,24.778215568284367,93.13262529617748,block_49_186,0
sample_5974,28.466785475561185,94.11911389326669,block_56_188,0
sample_5975,23.192799543949047,91.52930411035197,block_46_183,0
sample_5976,27.46308664806201,93.14223483095498,block_54_186,0
sample_5977,26.41463213479592,93.7682604223216,block_52_187,0
sample_5978,27.387489594775133,94.86175565330073,block_54_189,0
sample_5979,23.06728350232718,91.39179185953637,block_46_182,0
sample_5980,26.931353717674995,93.64202596332943,block_53_187,0
sample_5981,22.59264026938516,93.114784674665,block_45_186,0
sample_5982,28.76110673017757,94.71447357182538,block_57_189,0
sample_5983,27.983422559077212,94.36882792441469,block_55_188,0
sample_5984,27.877784855091065,93.8567445287348,block_55_187,0
sample_5985,25.87147127941855,91.94418204171716,block_51_183,0
sample_5986,26.368299412938548,95.12874744586213,block_52_190,0
sample_5987,24.07430569077143,93.03495472277162,block_48_186,0
sample_5988,24.8111303938656,92.56449704749151,block_49_185,0
sample_5989,26.525780007050763,94.52041577977067,block_53_189,0
sample_5990,27.567698630777436,96.65584883931795,block_55_193,0
sample_5991,24.030634564203275,92.62122060557758,block_48_185,0
sample_5992,25.067472730560908,94.06821522741986,block_50_188,0
sample_5993,28.16216770033907,94.96488110984808,block_56_189,0
sample_5994,27.67214904371955,96.15157632317212,block_55_192,0
sample_5995,28.139732182228297,92.84353520452984,block_56_185,0
sample_5996,28.369844591502662,96.26572635878264,block_56_192,0
sample_5997,23.79612598606452,92.29061747100396,block_47_184,0
sample_5998,28.877036126992483,94.62355908506835,block_57_189,0
sample_5999,24.730747387668334,93.58400977845022,block_49_187,0
sample_6000,26.360289888010442,91.28774307545976,block_52_182,0
sample_6001,27.592104622085493,94.47519505358997,block_55_188,0
sample_6002,24.066527260904188,91.63371730496526,block_48_183,0
sample_6003,29.23337382993714,96.05684516192005,block_58_192,0
sample_6004,26.820087177387265,94.37033531325513,block_53_188,0
sample_6005,23.945035202444075,91.8493676470581,block_47_183,0
sample_6006,28.827517329198024,94.08529260924523,block_57_188,0
sample_6007,26.784826365805245,91.98378392620042,block_53_183,0
sample_6008,23.815190190511856,92.38696134567383,block_47_184,0
sample_6009,26.819800112490885,93.72507098359736,block_53_187,0
sample_6010,28.73762154006576,95.57104033275519,block_57_191,0
sample_6011,27.997964457841366,93.64031303076838,block_55_187,0
sample_6012,26.92003045997658,94.3991040536414,block_53_188,0
sample_6013,27.38175230170384,94.16076536234695,block_54_188,0
sample_6014,26.24752249867999,89.7852025078667,block_52_179,0
sample_6015,28.789601441838414,94.31556367404664,block_57_188,0
sample_6016,28.28885407893264,96.23905097281585,block_56_192,0
sample_6017,28.043413405482774,95.17143125220144,block_56_190,0
sample_6018,25.00985803531599,93.35239372695047,block_50_186,0
sample_6019,27.81995294849699,92.58325995003221,block_55_185,0
sample_6020,26.714505309339714,91.79189871574074,block_53_183,0
sample_6021,26.66282065790433,90.3389373550333,block_53_180,0
sample_6022,26.432411381477817,91.17565042135458,block_52_182,0
sample_6023,27.47898230676756,93.54311264711288,block_54_187,0
sample_6024,24.78992859824987,93.14445441645191,block_49_186,0
sample_6025,27.183459422078908,93.92492659753161,block_54_187,0
sample_6026,25.672295821597505,89.95232345215318,block_51_179,0
sample_6027,28.79228833645042,95.85118235347447,block_57_191,0
sample_6028,22.584628319177025,92.8100302614678,block_45_185,0
sample_6029,23.289807594307682,91.76730863423909,block_46_183,0
sample_6030,27.97923313681202,94.09915694839928,block_55_188,0
sample_6031,25.061810646394814,93.55305284810919,block_50_187,0
sample_6032,27.99721235874273,94.37689548074253,block_55_188,0
sample_6033,23.277580260083496,91.56965732368934,block_46_183,0
sample_6034,27.101927413699194,95.88224287954286,block_54_191,0
sample_6035,27.254718141252734,94.37253185758955,block_54_188,0
sample_6036,27.73321825900332,93.42050067635977,block_55_186,0
sample_6037,25.875584131707523,94.58545373239701,block_51_189,0
sample_6038,23.789185160865376,91.25004518210054,block_47_182,0
sample_6039,28.276650961346384,93.24843582500057,block_56_186,0
sample_6040,28.351226368297606,96.00758882359303,block_56_192,0
sample_6041,25.636524504697448,90.26438307695398,block_51_180,0
sample_6042,26.604902768472506,90.8632208061743,block_53_181,0
sample_6043,25.763366826427934,89.94440173918905,block_51_179,0
sample_6044,26.157146422806118,93.8257249149646,block_52_187,0
sample_6045,25.495815976311274,94.17737174045271,block_50_188,0
sample_6046,28.264743404897132,93.53482441424028,block_56_187,0
sample_6047,27.76830331964294,92.23474321141427,block_55_184,0
sample_6048,22.923233709672807,92.68898923576455,block_45_185,0
sample_6049,29.00834293432056,95.88487144038181,block_58_191,0
sample_6050,25.57028292287304,92.77832925127571,block_51_185,0
sample_6051,25.73123690708405,91.61582880419083,block_51_183,0
sample_6052,25.036865593337907,94.58013427803299,block_50_189,0
sample_6053,27.231356759096126,96.09065093361409,block_54_192,0
sample_6054,26.707632962255204,89.88835737385824,block_53_179,0
sample_6055,26.643673677960948,90.73144725750495,block_53_181,0
sample_6056,24.524231214829214,94.32031290268239,block_49_188,0
sample_6057,25.550811410168762,93.36399902597914,block_51_186,0
sample_6058,27.58380229766206,95.90905944271897,block_55_191,0
sample_6059,28.043116322882888,92.91366187036651,block_56_185,0
sample_6060,28.279301789935303,94.4915915934217,block_56_188,0
sample_6061,27.520142849313658,96.12950996092327,block_55_192,0
sample_6062,27.54233679263374,93.27594319623363,block_55_186,0
sample_6063,27.83502918585673,96.17911006782056,block_55_192,0
sample_6064,28.2078744628591,96.56797194449315,block_56_193,0
sample_6065,27.255180923585186,94.08774442417001,block_54_188,0
sample_6066,27.63881855958498,93.13818228499167,block_55_186,0
sample_6067,25.80523608108676,91.54566333429487,block_51_183,0
sample_6068,25.15665938944558,93.23202703359613,block_50_186,0
sample_6069,26.578625938354907,94.22176798307044,block_53_188,0
sample_6070,25.628187152767943,93.38316371121634,block_51_186,0
sample_6071,25.739066663468,91.90975369144196,block_51_183,0
sample_6072,28.160031847031537,97.22265205758379,block_56_194,0
sample_6073,26.564128337662037,93.83863795766216,block_53_187,0
sample_6074,29.187615802161893,94.41598279122417,block_58_188,0
sample_6075,26.005803578363466,90.65859254622634,block_52_181,0
sample_6076,28.8261530423775,95.72782520385569,block_57_191,0
sample_6077,27.779225224406503,96.13053804369873,block_55_192,0
sample_6078,25.390111787976316,91.1181245293925,block_50_182,0
sample_6079,27.936032381016766,93.24599152998742,block_55_186,0
sample_6080,26.269713436397215,90.13986896845158,block_52_180,0
sample_6081,23.865724488332933,91.64750647426085,block_47_183,0
sample_6082,26.689651211155986,92.07043532560915,block_53_184,0
sample_6083,26.599455127720574,95.10602960893468,block_53_190,0
sample_6084,26.350620901181756,94.58829109500023,block_52_189,0
sample_6085,27.716084231755516,92.11415580500132,block_55_184,0
sample_6086,24.902860762537493,94.21079775012807,block_49_188,0
sample_6087,25.50230634799643,93.01459697981728,block_51_186,0
sample_6088,27.96088305753434,93.12981000522373,block_55_186,0
sample_6089,27.94213012896669,94.85565102018894,block_55_189,0
sample_6090,26.10678382700852,93.21765560901846,block_52_186,0
sample_6091,26.43457714464531,93.04922925641193,block_52_186,0
sample_6092,27.58705405916923,96.49333593416074,block_55_192,0
sample_6093,26.809079427056666,92.81799532874732,block_53_185,0
sample_6094,28.377108571032814,96.00304459079946,block_56_192,0
sample_6095,25.405615548040913,93.16684733098417,block_50_186,0
sample_6096,25.602647117016488,91.1099987578176,block_51_182,0
sample_6097,25.324909434433504,93.79361884443887,block_50_187,0
sample_6098,24.223133719491077,93.49119736874486,block_48_186,0
sample_6099,26.198195260078833,91.42623829537912,block_52_182,0
sample_6100,24.3041320121721,92.02608949382017,block_48_184,0
sample_6101,25.99349708179297,90.47440571557968,block_51_180,0
sample_6102,26.32236772775386,91.80826399498048,block_52_183,0
sample_6103,26.0921143887988,93.10861164483032,block_52_186,0
sample_6104,25.43172868049544,92.79787273743159,block_50_185,0
sample_6105,24.915567198137776,92.72037233486445,block_49_185,0
sample_6106,28.02970443265203,93.77193817966521,block_56_187,0
sample_6107,23.1604109954444,92.83288479685399,block_46_185,0
sample_6108,25.574625959528476,91.37267806515058,block_51_182,0
sample_6109,25.46952414047759,92.27364842807195,block_50_184,0
sample_6110,25.826638021409934,91.53749054180933,block_51_183,0
sample_6111,25.600147876323735,92.53183484330339,block_51_185,0
sample_6112,26.492003450171218,92.71726765402498,block_52_185,0
sample_6113,28.064911983234495,94.77040319342453,block_56_189,0
sample_6114,25.559526535360092,92.50085764156877,block_51_185,0
sample_6115,26.455117173241465,93.2978842019562,block_52_186,0
sample_6116,23.646584782558726,91.62334169777337,block_47_183,0
sample_6117,27.85739858477464,92.73129455650152,block_55_185,0
sample_6118,22.793124689968256,92.53306479005732,block_45_185,0
sample_6119,28.189165517755757,96.4315081567668,block_56_192,0
sample_6120,27.789015215315302,94.10277831000143,block_55_188,0
sample_6121,25.86753614542781,91.48154803233854,block_51_182,0
sample_6122,22.230130953357257,92.98027527803323,block_44_185,0
sample_6123,26.37676545467317,94.9691039974531,block_52_189,0
sample_6124,27.68769812556094,94.5490514696802,block_55_189,0
sample_6125,25.526273401234505,90.18562117185296,block_51_180,0
sample_6126,27.899610865518948,93.4330791705242,block_55_186,0
sample_6127,26.8745505181043,94.4650073257111,block_53_188,0
sample_6128,27.637786444634735,91.88434468798181,block_55_183,0
sample_6129,24.713618563481518,93.21616674920429,block_49_186,0
sample_6130,27.49194647259504,96.03698987454182,block_54_192,0
sample_6131,26.91054965335914,95.02945343375094,block_53_190,0
sample_6132,25.294121068355665,94.5735275575735,block_50_189,0
sample_6133,26.566138489447024,92.89745210627326,block_53_185,0
sample_6134,27.308204320988256,93.61624209985251,block_54_187,0
sample_6135,29.087440519626618,95.71015010362528,block_58_191,0
sample_6136,26.76621399042904,92.12633725628761,block_53_184,0
sample_6137,25.820183599801496,90.17770714448979,block_51_180,0
sample_6138,23.884417043106737,91.8270654854077,block_47_183,0
sample_6139,28.002361043549914,96.99306788610158,block_56_193,0
sample_6140,28.55845915144731,95.64358508629992,block_57_191,0
sample_6141,26.269193478681707,94.52540349783023,block_52_189,0
sample_6142,27.751750664777134,95.12024887943872,block_55_190,0
sample_6143,25.40147535513029,93.51616926120981,block_50_187,0
sample_6144,27.020104167541785,95.71810208122979,block_54_191,0
sample_6145,25.5218214510786,91.32325650643202,block_51_182,0
sample_6146,29.098097628882435,94.42120870012343,block_58_188,0
sample_6147,27.0361721490616,94.23618633621223,block_54_188,0
sample_6148,25.565419817127985,93.8342742634186,block_51_187,0
sample_6149,28.71719827626904,96.16642705487081,block_57_192,0
sample_6150,23.58790515140658,93.42065275166566,block_47_186,0
sample_6151,25.53523258225153,93.08321868856318,block_51_186,0
sample_6152,25.71881161212471,91.70093907481254,block_51_183,0
sample_6153,25.39653648435287,94.47857916116071,block_50_188,0
sample_6154,26.315662464243793,91.05910027920501,block_52_182,0
sample_6155,26.55711353234946,90.4411872294488,block_53_180,0
sample_6156,26.069081842881833,90.22910803357092,block_52_180,0
sample_6157,25.48222477201226,93.76299000550141,block_50_187,0
sample_6158,24.681023548526642,92.68843815613586,block_49_185,0
sample_6159,23.242215302613058,92.6962195654514,block_46_185,0
sample_6160,26.172252235745006,93.33764448052993,block_52_186,0
sample_6161,25.318896624884818,91.14577146203689,block_50_182,0
sample_6162,24.643311360018924,93.26729032725409,block_49_186,0
sample_6163,27.01626558511986,92.582441196461,block_54_185,0
sample_6164,27.49759885219238,96.36254502189928,block_54_192,0
sample_6165,24.464151155991892,93.93397003826287,block_48_187,0
sample_6166,26.79929662797943,90.54973215270269,block_53_181,0
sample_6167,27.431070364886274,94.22301194940121,block_54_188,0
sample_6168,29.047323763768766,94.58655112719204,block_58_189,0
sample_6169,27.713972428215328,88.78256129307246,block_55_177,0
sample_6170,24.059732128441475,93.88891843548619,block_48_187,0
sample_6171,26.00843962658135,90.56069561955576,block_52_181,0
sample_6172,26.44163991115786,93.93184671282596,block_52_187,0
sample_6173,26.73246863683635,93.30145417518011,block_53_186,0
sample_6174,25.171308380846174,90.75347256222244,block_50_181,0
sample_6175,23.898650093391492,91.96905019788471,block_47_183,0
sample_6176,28.815653466138563,95.59120444001921,block_57_191,0
sample_6177,27.546244380196754,95.60280130153096,block_55_191,0
sample_6178,26.740384592567434,93.80665649068365,block_53_187,0
sample_6179,23.968219391432342,93.8538855345902,block_47_187,0
sample_6180,23.04519607210091,92.63964780004001,block_46_185,0
sample_6181,27.79496212141518,88.67101613064114,block_55_177,0
sample_6182,28.295698588345974,95.68215680559597,block_56_191,0
sample_6183,27.761312531007743,92.16383285614344,block_55_184,0
sample_6184,27.505904495406664,88.31499674076059,block_55_176,0
sample_6185,25.51205715858854,93.60439546895716,block_51_187,0
sample_6186,27.230093864174822,95.43978269703301,block_54_190,0
sample_6187,27.650901176330557,95.57193853991392,block_55_191,0
sample_6188,25.5882962120351,92.11250003915156,block_51_184,0
sample_6189,26.748998074570885,91.56300955486583,block_53_183,0
sample_6190,28.41190259134003,95.29455573730063,block_56_190,0
sample_6191,26.90299957208663,93.06619130297801,block_53_186,0
sample_6192,24.84493038537359,92.92625582681825,block_49_185,0
sample_6193,25.681373612728557,93.18379738814262,block_51_186,0
sample_6194,26.559098241864003,91.03244037518027,block_53_182,0
sample_6195,26.90020156296576,92.94272080857547,block_53_185,0
sample_6196,27.987751612482718,88.57058176988889,block_55_177,0
sample_6197,27.28409676583916,95.74224388300757,block_54_191,0
sample_6198,25.899059365632098,90.33837247310773,block_51_180,0
sample_6199,24.62052158062267,92.31197356882672,block_49_184,0
sample_6200,25.266892491986987,91.31184630754112,block_50_182,0
sample_6201,27.70780119607322,92.04752788369251,block_55_184,0
sample_6202,27.41659439547529,93.71908568041617,block_54_187,0
sample_6203,26.17989974131256,90.01092447881098,block_52_180,0
sample_6204,27.719382469220562,96.70578107237098,block_55_193,0
sample_6205,26.42779748234077,92.86552797309909,block_52_185,0
sample_6206,28.14674341059807,94.48336032874862,block_56_188,0
sample_6207,23.997274239251404,93.20443364088202,block_47_186,0
sample_6208,24.689829986998085,93.47226363978278,block_49_186,0
sample_6209,28.875901705417956,94.90209996644926,block_57_189,0
sample_6210,27.399212003258313,95.45329942655424,block_54_190,0
sample_6211,27.140922767979234,93.41658514070096,block_54_186,0
sample_6212,26.861121792018665,93.66163536257551,block_53_187,0
sample_6213,22.21298511644308,93.0753394567235,block_44_186,0
sample_6214,25.2866833934306,93.5942425981715,block_50_187,0
sample_6215,25.735943030451462,90.08760490462329,block_51_180,0
sample_6216,24.10235102159082,91.70663059645382,block_48_183,0
sample_6217,26.150650947582907,92.58589433816073,block_52_185,0
sample_6218,26.581575965715935,94.91527688896603,block_53_189,0
sample_6219,23.417607623403743,91.51391542901335,block_46_183,0
sample_6220,27.65877674770727,96.01598296468448,block_55_192,0
sample_6221,28.502517872501762,95.70925919044197,block_57_191,0
sample_6222,25.988841480093093,89.91573271704009,block_51_179,0
sample_6223,25.876820699145636,90.43138523220063,block_51_180,0
sample_6224,27.897832558256408,93.80886889807914,block_55_187,0
sample_6225,25.923556765298912,91.13555456552929,block_51_182,0
sample_6226,26.65175537390768,90.2203247976478,block_53_180,0
sample_6227,28.070385736758066,93.88244821892818,block_56_187,0
sample_6228,28.57794728385282,96.36977960914037,block_57_192,0
sample_6229,26.11753907213572,90.63382213950513,block_52_181,0
sample_6230,26.554607789460803,93.87993124465137,block_53_187,0
sample_6231,26.020976509164782,89.94351838181349,block_52_179,0
sample_6232,22.953181603668877,93.08872597239954,block_45_186,0
sample_6233,27.98079844964711,96.10832401885264,block_55_192,0
sample_6234,28.585249724283617,94.8345476126458,block_57_189,0
sample_6235,27.717306095525807,96.27323986102061,block_55_192,0
sample_6236,27.694600876370536,93.75262701808883,block_55_187,0
sample_6237,27.129873763968643,92.48006086841535,block_54_184,0
sample_6238,25.717666864623506,93.68429054026586,block_51_187,0
sample_6239,29.390770060856397,96.15101262480287,block_58_192,0
sample_6240,25.377341463757013,90.31976810409891,block_50_180,0
sample_6241,24.27802093472738,93.74814582189849,block_48_187,0
sample_6242,27.54275569578038,93.58177453309222,block_55_187,0
sample_6243,27.880590953623436,92.89410145750324,block_55_185,0
sample_6244,25.84214015966509,91.71874524837739,block_51_183,0
sample_6245,27.487292619782032,93.24238892824606,block_54_186,0
sample_6246,25.82256279152047,93.92809639907158,block_51_187,0
sample_6247,25.110712586623354,93.76346222489259,block_50_187,0
sample_6248,22.314554667798,92.8595147125017,block_44_185,0
sample_6249,29.02760267851422,94.54347293329408,block_58_189,0
sample_6250,26.38639761220137,94.69876327827924,block_52_189,0
sample_6251,28.79443471884109,95.48697049127179,block_57_190,0
sample_6252,24.658369757595132,92.92388267702181,block_49_185,0
sample_6253,27.738778460761353,96.57517612092805,block_55_193,0
sample_6254,27.741591209943163,92.19482740100128,block_55_184,0
sample_6255,26.631458492703796,90.37924316610957,block_53_180,0
sample_6256,26.37535368660075,92.47169270414965,block_52_184,0
sample_6257,26.460775992646475,90.30030381152315,block_52_180,0
sample_6258,26.05979623283191,93.82580076537411,block_52_187,0
sample_6259,28.389102582979827,94.26976750369424,block_56_188,0
sample_6260,27.155503497413065,93.59270847126437,block_54_187,0
sample_6261,25.36056749295402,93.44228314895759,block_50_186,0
sample_6262,25.90560077387512,92.93167436698486,block_51_185,0
sample_6263,27.188304179823305,93.75330520232718,block_54_187,0
sample_6264,25.575838672391797,94.47335021559084,block_51_188,0
sample_6265,24.082623508912377,93.72313930518405,block_48_187,0
sample_6266,24.305313044588388,92.93867751811699,block_48_185,0
sample_6267,26.531483758752678,94.6607184345319,block_53_189,0
sample_6268,26.15915783737548,93.99253330972773,block_52_187,0
sample_6269,24.239071374253616,92.7628824947025,block_48_185,0
sample_6270,27.40541448536369,93.79033742416695,block_54_187,0
sample_6271,27.959133317099827,94.06913087424701,block_55_188,0
sample_6272,25.55936597571474,93.89568458445228,block_51_187,0
sample_6273,25.97272961543694,89.957667219844,block_51_179,0
sample_6274,27.10974908263286,95.51563213476653,block_54_191,0
sample_6275,26.239460472786703,91.66192297459664,block_52_183,0
sample_6276,27.611705585889062,94.62950213002789,block_55_189,0
sample_6277,25.045408715752238,92.67231168332889,block_50_185,0
sample_6278,27.865574272604302,95.31122967973147,block_55_190,0
sample_6279,28.919639435964722,94.88494602750588,block_57_189,0
sample_6280,28.14825273651837,96.81742415913774,block_56_193,0
sample_6281,27.406736805124574,92.31806305977203,block_54_184,0
sample_6282,27.32394816706,92.91004180825396,block_54_185,0
sample_6283,27.121597713572847,93.58630325939973,block_54_187,0
sample_6284,22.250662252184608,92.89343049378763,block_44_185,0
sample_6285,26.28945474151189,90.93414324525891,block_52_181,0
sample_6286,24.325538407811386,92.14648685387199,block_48_184,0
sample_6287,26.63438171634939,92.83217022241897,block_53_185,0
sample_6288,23.46998808475746,91.29299049648671,block_46_182,0
sample_6289,26.560797914721427,91.1841455897795,block_53_182,0
sample_6290,25.477590400464997,94.34966181571995,block_50_188,0
sample_6291,26.430522355241305,93.57190850464274,block_52_187,0
sample_6292,28.254925468898932,94.57403569959746,block_56_189,0
sample_6293,26.58399656640548,90.93694212081971,block_53_181,0
sample_6294,28.11255904067992,94.70124763644475,block_56_189,0
sample_6295,26.99861401729791,93.0147583316142,block_53_186,0
sample_6296,28.07766773475605,96.64507699584092,block_56_193,0
sample_6297,25.45889688088893,92.28249120501937,block_50_184,0
sample_6298,27.102032608520844,94.67602947954117,block_54_189,0
sample_6299,25.43701388818136,90.17792560835193,block_50_180,0
sample_6300,26.95537270091841,95.41451983967008,block_53_190,0
sample_6301,24.57095023719784,92.33567182682606,block_49_184,0
sample_6302,26.835830737196076,95.44885083168678,block_53_190,0
sample_6303,25.948866301055318,91.76767486297368,block_51_183,0
sample_6304,25.042158483066945,93.8362234852515,block_50_187,0
sample_6305,28.08575935717564,93.55511987099645,block_56_187,0
sample_6306,27.883683456485915,93.11855267379323,block_55_186,0
sample_6307,26.26383101015751,92.57432488109644,block_52_185,0
sample_6308,26.4004398266239,92.3513392825317,block_52_184,0
sample_6309,28.08690707186372,95.25062776138438,block_56_190,0
sample_6310,24.77972370153891,92.64637438552751,block_49_185,0
sample_6311,28.10945528340166,96.34025844379677,block_56_192,0
sample_6312,23.034044881482462,92.99380471810797,block_46_185,0
sample_6313,24.86386821775398,93.43255530002193,block_49_186,0
sample_6314,24.706093991161698,93.15952028407347,block_49_186,0
sample_6315,28.445483581310437,96.1373885862018,block_56_192,0
sample_6316,26.042902788558916,94.22738306693773,block_52_188,0
sample_6317,25.598930160703084,92.10531008813355,block_51_184,0
sample_6318,26.781046036818296,91.90904138300893,block_53_183,0
sample_6319,26.493664296495645,92.00161920680505,block_52_184,0
sample_6320,23.26646006594149,92.7885001956431,block_46_185,0
sample_6321,26.09558023089575,92.2304302127385,block_52_184,0
sample_6322,26.49475675565353,93.43262190731373,block_52_186,0
sample_6323,25.713138917433493,91.86187544844826,block_51_183,0
sample_6324,26.050863578768656,91.44951823737131,block_52_182,0
sample_6325,25.559650106051613,94.4906742897078,block_51_188,0
sample_6326,27.81680621267821,92.4073668172056,block_55_184,0
sample_6327,25.79623963896944,92.41078448590096,block_51_184,0
sample_6328,27.47699056058754,91.95755140719858,block_54_183,0
sample_6329,28.913770322069805,95.04459762616654,block_57_190,0
sample_6330,27.424985027061133,93.29883896893386,block_54_186,0
sample_6331,26.644809241648506,90.696067151105,block_53_181,0
sample_6332,22.527077267794624,92.7526034274884,block_45_185,0
sample_6333,24.522575467920866,94.03725431476025,block_49_188,0
sample_6334,23.17376301531876,91.7482011458023,block_46_183,0
sample_6335,27.618451683302894,93.00569582429839,block_55_186,0
sample_6336,28.87711932477132,96.06854332806432,block_57_192,0
sample_6337,27.59309092937154,94.90254648414079,block_55_189,0
sample_6338,26.374304612396504,89.83230143552684,block_52_179,0
sample_6339,23.267366558170696,93.14755802079613,block_46_186,0
sample_6340,28.70961239071505,94.53914415636713,block_57_189,0
sample_6341,23.825351615538608,92.38938242650399,block_47_184,0
sample_6342,25.248368729110272,92.62218479220992,block_50_185,0
sample_6343,28.835830093592563,94.72476298685793,block_57_189,0
sample_6344,26.24221865482139,90.35560569246135,block_52_180,0
sample_6345,28.98999229883813,94.247294863094,block_57_188,0
sample_6346,25.629163849606062,92.09894207415566,block_51_184,0
sample_6347,28.314773567997157,95.34080814745569,block_56_190,0
sample_6348,27.868900958692713,93.07720993997873,block_55_186,0
sample_6349,24.627779282138807,94.40925591473717,block_49_188,0
sample_6350,24.944672468449767,93.9433617500361,block_49_187,0
sample_6351,27.725461481539053,94.08925017497937,block_55_188,0
sample_6352,26.692689636611966,91.37705454210291,block_53_182,0
sample_6353,26.406385256443073,92.59878597449075,block_52_185,0
sample_6354,22.378743994420898,93.08118924385333,block_44_186,0
sample_6355,24.238754685205215,93.01903643958693,block_48_186,0
sample_6356,28.033988164136257,94.27277433214579,block_56_188,0
sample_6357,25.383614772146064,94.3739315403989,block_50_188,0
sample_6358,26.86911960352122,92.42946457659812,block_53_184,0
sample_6359,28.067559826022453,97.23261187625324,block_56_194,0
sample_6360,27.92757269159378,95.18374209425237,block_55_190,0
sample_6361,26.40744792311044,91.15373504008566,block_52_182,0
sample_6362,26.76267534836544,92.91701652283922,block_53_185,0
sample_6363,23.268003549059557,92.6989437680935,block_46_185,0
sample_6364,27.684574618187128,93.07339456804755,block_55_186,0
sample_6365,28.019167926643824,95.1290353958278,block_56_190,0
sample_6366,27.382663412247886,93.57144262529732,block_54_187,0
sample_6367,23.57703696309645,92.42730844244262,block_47_184,0
sample_6368,25.35793063158737,91.64090485655338,block_50_183,0
sample_6369,26.748794025488024,93.74836405003394,block_53_187,0
sample_6370,27.44813493530183,94.9200812757196,block_54_189,0
sample_6371,23.727887343104893,93.24977748452827,block_47_186,0
sample_6372,28.420208045355185,95.02449494813685,block_56_190,0
sample_6373,27.76594605932788,96.21747095740936,block_55_192,0
sample_6374,24.71519550058069,92.36438040149719,block_49_184,0
sample_6375,27.938038524793928,95.4043033349205,block_55_190,0
sample_6376,29.084448946386807,94.34173788593345,block_58_188,0
sample_6377,24.678490527992558,93.81985443371698,block_49_187,0
sample_6378,22.763038359080937,92.49783857115636,block_45_184,0
sample_6379,25.595324479125594,92.95081643162565,block_51_185,0
sample_6380,27.055143018609883,93.00884137343498,block_54_186,0
sample_6381,24.121209083758558,93.83694191769192,block_48_187,0
sample_6382,27.97926939068086,96.88643402990921,block_55_193,0
sample_6383,28.04684866244675,96.8442333378004,block_56_193,0
sample_6384,25.857226059108942,93.89639625410206,block_51_187,0
sample_6385,26.799507437293737,91.869902257918,block_53_183,0
sample_6386,24.505222837506082,94.07288152870647,block_49_188,0
sample_6387,24.37992874454504,93.57755819752097,block_48_187,0
sample_6388,27.19616321347105,95.9139339816243,block_54_191,0
sample_6389,25.283947907990616,90.85837397971873,block_50_181,0
sample_6390,27.75009800214994,88.44479800309524,block_55_176,0
sample_6391,24.583718804726775,92.2857094495625,block_49_184,0
sample_6392,29.296366278325998,95.88971776259129,block_58_191,0
sample_6393,27.16573044416163,94.2637460803084,block_54_188,0
sample_6394,25.501721119950925,90.72437551702777,block_51_181,0
sample_6395,25.260002060040843,94.47798162591283,block_50_188,0
sample_6396,27.46046796173049,96.46164000911088,block_54_192,0
sample_6397,26.773976161205304,93.48425555041788,block_53_186,0
sample_6398,25.991933435617614,92.18730597022471,block_51_184,0
sample_6399,27.43168551286546,92.17567140437932,block_54_184,0
sample_6400,23.479156809334132,92.46136342205699,block_46_184,0
sample_6401,25.050306505927345,93.22465014266913,block_50_186,0
sample_6402,27.29787725147727,95.09929122924655,block_54_190,0
sample_6403,26.15053603070159,92.35644724153347,block_52_184,0
sample_6404,25.070391468429783,92.62373313102019,block_50_185,0
sample_6405,27.566298359255285,93.46201823887652,block_55_186,0
sample_6406,26.67276996085746,92.47478270499433,block_53_184,0
sample_6407,25.795196607488954,93.40747865412328,block_51_186,0
sample_6408,27.619976649211594,93.11089595133443,block_55_186,0
sample_6409,28.530567821884148,95.77212676810437,block_57_191,0
sample_6410,27.109372267906018,94.47045843457963,block_54_188,0
sample_6411,25.838097671708276,91.50633343399163,block_51_183,0
sample_6412,25.89496146760978,93.00169914437788,block_51_186,0
sample_6413,26.08845749599645,95.10928339022588,block_52_190,0
sample_6414,28.109494144907057,96.36342802258781,block_56_192,0
sample_6415,27.858625895150666,88.73071179670677,block_55_177,0
sample_6416,27.78766154110683,95.1189399231503,block_55_190,0
sample_6417,27.92721938054558,92.82670440953864,block_55_185,0
sample_6418,26.97365681885235,95.09277255167912,block_53_190,0
sample_6419,27.846018187260857,96.64892186564836,block_55_193,0
sample_6420,25.704821556315544,94.84840844096088,block_51_189,0
sample_6421,23.526516936686832,92.73943555505716,block_47_185,0
sample_6422,26.379292340628474,92.13285879441456,block_52_184,0
sample_6423,27.255954955450157,93.2370419546074,block_54_186,0
sample_6424,26.462960264048917,90.932864961462,block_52_181,0
sample_6425,26.109760772402172,90.7315396551687,block_52_181,0
sample_6426,25.229243463070944,94.19035367488321,block_50_188,0
sample_6427,24.94474458755763,93.55123798392091,block_49_187,0
sample_6428,27.32255293593845,93.47003506556385,block_54_186,0
sample_6429,26.793116953734387,91.76221397181835,block_53_183,0
sample_6430,24.973771353849592,92.55460887705756,block_49_185,0
sample_6431,27.612234073516813,95.21517782082083,block_55_190,0
sample_6432,26.931908573091274,92.60835338641012,block_53_185,0
sample_6433,24.760157878424426,92.32076864494549,block_49_184,0
sample_6434,27.26604994868857,92.6199083212644,block_54_185,0
sample_6435,27.03018680906451,94.20473873917437,block_54_188,0
sample_6436,27.108843670035764,93.37877619427661,block_54_186,0
sample_6437,25.75080637055339,91.67901730444935,block_51_183,0
sample_6438,26.588741540471517,91.31597944054623,block_53_182,0
sample_6439,27.53963421909622,88.25285852099078,block_55_176,0
sample_6440,26.825429469138058,93.56979766784946,block_53_187,0
sample_6441,24.45335271488993,92.72602411231173,block_48_185,0
sample_6442,26.572691839012197,91.41534247035251,block_53_182,0
sample_6443,25.213532605270785,92.67134608755391,block_50_185,0
sample_6444,28.339739115560167,95.39920632174626,block_56_190,0
sample_6445,28.286891714204405,93.03683982053663,block_56_186,0
sample_6446,25.51203959022466,89.97154809135776,block_51_179,0
sample_6447,27.94695329504183,94.12444604741891,block_55_188,0
sample_6448,23.420585089540392,91.78162898392893,block_46_183,0
sample_6449,26.64972545740609,92.26034889007111,block_53_184,0
sample_6450,28.456594531369923,93.42232697526003,block_56_186,0
sample_6451,27.54078088350283,92.39257594584375,block_55_184,0
sample_6452,26.66336438398883,92.90933410589466,block_53_185,0
sample_6453,24.182095128412,92.09265457135771,block_48_184,0
sample_6454,26.80992416754693,90.4105983678731,block_53_180,0
sample_6455,26.46936524953385,91.81513982893335,block_52_183,0
sample_6456,25.427613726920676,93.26235509900864,block_50_186,0
sample_6457,25.214610123689063,94.08106728131446,block_50_188,0
sample_6458,29.06803227948069,94.8078038597245,block_58_189,0
sample_6459,27.482051093890433,96.76959320555657,block_54_193,0
sample_6460,26.34087927641717,91.66553628724003,block_52_183,0
sample_6461,25.240013136741922,90.39047565245076,block_50_180,0
sample_6462,26.380055177398273,92.6093706534402,block_52_185,0
sample_6463,24.305323592928517,91.98354437547646,block_48_183,0
sample_6464,28.295194545535875,94.22490028373933,block_56_188,0
sample_6465,29.05044690084092,94.492415079654,block_58_188,0
sample_6466,26.100732065168362,90.90712391589672,block_52_181,0
sample_6467,28.488842307005093,96.0618831080093,block_56_192,0
sample_6468,28.583951081134998,95.2073644657257,block_57_190,0
sample_6469,28.484978871112453,95.73805913572679,block_56_191,0
sample_6470,27.352133736088735,96.24155553604912,block_54_192,0
sample_6471,28.13383395942305,95.74936813792011,block_56_191,0
sample_6472,27.208464625353905,92.75954443085084,block_54_185,0
sample_6473,24.574108234037578,93.65988985489888,block_49_187,0
sample_6474,28.08205316784032,94.93518389367776,block_56_189,0
sample_6475,26.675051676647076,90.94898494491434,block_53_181,0
sample_6476,28.212722499175165,95.17372941093798,block_56_190,0
sample_6477,28.336899266500193,94.44608175647984,block_56_188,0
sample_6478,28.18344143099793,95.51556947863769,block_56_191,0
sample_6479,28.40816673018191,93.64077819307391,block_56_187,0
sample_6480,24.7092468204354,94.43211060974014,block_49_188,0
sample_6481,27.16697904036504,94.45641302313541,block_54_188,0
sample_6482,27.321353212852518,94.65945976658863,block_54_189,0
sample_6483,26.60939986478631,90.84356914303247,block_53_181,0
sample_6484,26.31170051517508,90.44674153027493,block_52_180,0
sample_6485,24.311612139626906,92.98598372839048,block_48_185,0
sample_6486,28.52476464955228,95.84715795547818,block_57_191,0
sample_6487,27.583457594666633,96.70662819924064,block_55_193,0
sample_6488,26.896388030339452,95.50326972258019,block_53_191,0
sample_6489,25.587516309909326,92.6340923701034,block_51_185,0
sample_6490,28.328371467219338,96.14866542362947,block_56_192,0
sample_6491,26.351148253785155,93.4853454752359,block_52_186,0
sample_6492,26.912498855940242,92.26812184234376,block_53_184,0
sample_6493,26.225604112318408,89.98684849377588,block_52_179,0
sample_6494,27.619445103806903,94.14820440895011,block_55_188,0
sample_6495,25.52094161838623,93.29273652317526,block_51_186,0
sample_6496,28.063557133068098,93.77035716438104,block_56_187,0
sample_6497,25.422789054669025,90.10776399588242,block_50_180,0
sample_6498,25.664449128563092,93.91786006453573,block_51_187,0
sample_6499,25.887551157460905,90.73260843009696,block_51_181,0
sample_6500,26.220434398781272,90.38177511201279,block_52_180,0
sample_6501,23.284781822607773,91.69379897285575,block_46_183,0
sample_6502,24.162121119990886,93.51975884889431,block_48_187,0
sample_6503,25.35798592981616,94.30044274501138,block_50_188,0
sample_6504,26.640958995666644,90.49169926351713,block_53_180,0
sample_6505,29.247069163453958,96.19064129154427,block_58_192,0
sample_6506,27.577422826473526,93.67809700993885,block_55_187,0
sample_6507,25.526111041733913,94.50297856187717,block_51_189,0
sample_6508,26.474344544983854,92.57519144301355,block_52_185,0
sample_6509,24.64153875149066,94.33374954352924,block_49_188,0
sample_6510,26.82953648495057,94.10755436474632,block_53_188,0
sample_6511,25.211992400883744,93.88495602061585,block_50_187,0
sample_6512,24.186975808813276,92.35620022112695,block_48_184,0
sample_6513,27.239745603382744,97.0603485849458,block_54_194,0
sample_6514,26.347719647318016,89.89258114823264,block_52_179,0
sample_6515,29.34410072832713,95.97699285342999,block_58_191,0
sample_6516,27.50179518161584,93.60089177543028,block_55_187,0
sample_6517,26.11271439189166,90.73328060021969,block_52_181,0
sample_6518,25.60497349975683,92.56934902985054,block_51_185,0
sample_6519,26.391898494266478,93.7480557560298,block_52_187,0
sample_6520,27.057876170266837,95.67687882748069,block_54_191,0
sample_6521,25.608051366824537,94.7143290904956,block_51_189,0
sample_6522,25.91514694798402,91.96684274687016,block_51_183,0
sample_6523,25.49736858374439,92.65101472328118,block_50_185,0
sample_6524,24.47756278965764,93.65974124835779,block_48_187,0
sample_6525,28.302750222649525,94.17540648284252,block_56_188,0
sample_6526,27.30652741318063,97.02215166180204,block_54_194,0
sample_6527,28.231413668044635,94.32720856020974,block_56_188,0
sample_6528,27.482843204870388,95.48214303880822,block_54_190,0
sample_6529,27.97813844814268,95.93859406950357,block_55_191,0
sample_6530,26.626002076080333,90.65509782353459,block_53_181,0
sample_6531,27.594332693927424,94.2703306521413,block_55_188,0
sample_6532,27.14503042578762,92.84464196175577,block_54_185,0
sample_6533,26.988092765148572,94.64020622278726,block_53_189,0
sample_6534,29.100114553974546,95.74193614339266,block_58_191,0
sample_6535,24.120134706661414,92.1502683547323,block_48_184,0
sample_6536,25.744814287034956,94.88598780470068,block_51_189,0
sample_6537,27.626654499958022,91.96418876796832,block_55_183,0
sample_6538,27.669862126424256,94.20565601938723,block_55_188,0
sample_6539,27.321608329362704,94.20739933872704,block_54_188,0
sample_6540,25.850315560342555,90.77980959371827,block_51_181,0
sample_6541,24.955221417039255,94.40018417974882,block_49_188,0
sample_6542,26.107439254514517,90.86063641594782,block_52_181,0
sample_6543,27.54450101542535,96.54677002009063,block_55_193,0
sample_6544,27.222242485507795,92.19417707661141,block_54_184,0
sample_6545,23.459015142512367,93.11759773544208,block_46_186,0
sample_6546,27.891396000223047,94.12914862153048,block_55_188,0
sample_6547,27.410749985750705,94.95649088971936,block_54_189,0
sample_6548,26.093572470345485,92.90055713208514,block_52_185,0
sample_6549,26.403027373299338,90.26859392391854,block_52_180,0
sample_6550,27.78359918229252,94.8291869161562,block_55_189,0
sample_6551,26.66512044561651,91.332049451499,block_53_182,0
sample_6552,27.500126087960762,92.25958330919158,block_55_184,0
sample_6553,25.952993789450584,93.59815979747532,block_51_187,0
sample_6554,27.864398397465067,94.71963200110196,block_55_189,0
sample_6555,27.010496895490462,94.71489920131906,block_54_189,0
sample_6556,25.849466520585818,90.32775331429491,block_51_180,0
sample_6557,24.39163691941674,93.47426903106287,block_48_186,0
sample_6558,25.51952334368498,92.19394241820189,block_51_184,0
sample_6559,24.706636043964703,92.9468026696584,block_49_185,0
sample_6560,26.37061988002181,92.87808299452776,block_52_185,0
sample_6561,25.69108752337921,91.98016863291868,block_51_183,0
sample_6562,23.516083296099946,92.44954228033505,block_47_184,0
sample_6563,27.573371925890306,96.87425387393573,block_55_193,0
sample_6564,26.472161624413843,91.841026675978,block_52_183,0
sample_6565,24.204776628570688,92.56770008104289,block_48_185,0
sample_6566,28.69632225572501,96.35713773865055,block_57_192,0
sample_6567,25.073571172780845,93.38675546281932,block_50_186,0
sample_6568,27.37225456488128,93.69367127603599,block_54_187,0
sample_6569,27.690829359388122,92.74478029595858,block_55_185,0
sample_6570,25.403114850735356,92.22933627867606,block_50_184,0
sample_6571,23.66944935352994,91.71673301448361,block_47_183,0
sample_6572,28.66432805484184,94.91758026784157,block_57_189,0
sample_6573,27.274785558793774,93.37675106021037,block_54_186,0
sample_6574,27.950806738913975,94.64954918103794,block_55_189,0
sample_6575,26.15108145659533,89.80881129338282,block_52_179,0
sample_6576,26.602150816604052,93.4224424818276,block_53_186,0
sample_6577,23.339408633889594,92.47285550627713,block_46_184,0
sample_6578,28.03259978335301,93.70443531879822,block_56_187,0
sample_6579,25.22133239039675,91.90040238072079,block_50_183,0
sample_6580,26.57001325864,91.05773254413683,block_53_182,0
sample_6581,27.616216416189335,93.50867332237226,block_55_187,0
sample_6582,24.99378112329157,92.5512121936062,block_49_185,0
sample_6583,23.772002328922113,93.2142500305517,block_47_186,0
sample_6584,25.985270786582348,91.98327309218578,block_51_183,0
sample_6585,26.70477274966934,93.50049616472745,block_53_187,0
sample_6586,27.51779038652091,93.29296683264815,block_55_186,0
sample_6587,26.129241019420633,90.62690800469984,block_52_181,0
sample_6588,25.340657416544108,90.3117258789048,block_50_180,0
sample_6589,25.394474995794475,93.63542847251519,block_50_187,0
sample_6590,28.704038146833504,94.61101694551394,block_57_189,0
sample_6591,27.69473583538243,93.05843566479385,block_55_186,0
sample_6592,27.88351978557612,94.10151439548959,block_55_188,0
sample_6593,28.223837371185645,94.31316293466584,block_56_188,0
sample_6594,28.077137479636527,95.77818824985864,block_56_191,0
sample_6595,27.736540417151225,94.5520832631564,block_55_189,0
sample_6596,26.56216458642332,90.84987820535225,block_53_181,0
sample_6597,25.652945904072027,91.41219228018733,block_51_182,0
sample_6598,26.225176958758198,92.6437064215726,block_52_185,0
sample_6599,26.199373563442634,94.41440585306243,block_52_188,0
sample_6600,23.632535331663664,92.91695161947347,block_47_185,0
sample_6601,27.16669219695614,93.00965026301066,block_54_186,0
sample_6602,23.822200149097817,93.26509018615751,block_47_186,0
sample_6603,25.44605912988162,91.39783532516819,block_50_182,0
sample_6604,27.66856503136703,96.3077429516574,block_55_192,0
sample_6605,26.403233856401435,93.88719281844476,block_52_187,0
sample_6606,26.652650557406744,93.44198401103444,block_53_186,0
sample_6607,25.258579865220153,90.83382809565174,block_50_181,0
sample_6608,27.049489876806764,93.25702568509213,block_54_186,0
sample_6609,28.5875300728798,93.82076721006642,block_57_187,0
sample_6610,27.85026144532403,92.26832157568485,block_55_184,0
sample_6611,26.74396439096052,90.40908936068921,block_53_180,0
sample_6612,25.27914478341503,90.28563329200539,block_50_180,0
sample_6613,27.95739443849726,88.56861711889654,block_55_177,0
sample_6614,24.268668121415146,92.09697240459458,block_48_184,0
sample_6615,26.35694333462673,94.3760235187355,block_52_188,0
sample_6616,28.247329466430987,96.07180073196672,block_56_192,0
sample_6617,26.975737056251692,94.53094682174404,block_53_189,0
sample_6618,24.41670530196477,93.43706103951716,block_48_186,0
sample_6619,28.628904944592648,94.75706473468449,block_57_189,0
sample_6620,24.482612946936932,93.2123465784793,block_48_186,0
sample_6621,28.30589879743452,96.56010013186327,block_56_193,0
sample_6622,28.052107054217622,94.21254192300724,block_56_188,0
sample_6623,27.946650592450478,96.2048040240162,block_55_192,0
sample_6624,26.802543888305394,92.78609006194846,block_53_185,0
sample_6625,25.68926709848331,92.36411240907451,block_51_184,0
sample_6626,27.17827352041794,94.72710880327276,block_54_189,0
sample_6627,25.66041939258994,90.52235330986348,block_51_181,0
sample_6628,25.278240397148114,91.30480454537026,block_50_182,0
sample_6629,26.33811290795122,92.37337924402404,block_52_184,0
sample_6630,26.620556230518535,92.00536202967778,block_53_184,0
sample_6631,26.791773433938687,95.38720898180004,block_53_190,0
sample_6632,28.09829232573859,94.42526970019351,block_56_188,0
sample_6633,27.61811351063109,94.95431745577888,block_55_189,0
sample_6634,24.98376447741796,93.45156553628577,block_49_186,0
sample_6635,26.880344656783116,92.436837541673,block_53_184,0
sample_6636,23.034536687862442,91.73654967948227,block_46_183,0
sample_6637,25.505730713727296,92.84875829456624,block_51_185,0
sample_6638,27.873407326637775,95.12164021287964,block_55_190,0
sample_6639,25.319786710160784,93.24940008284881,block_50_186,0
sample_6640,25.0855196001788,94.44617037530755,block_50_188,0
sample_6641,25.98579044846626,91.06514743653966,block_51_182,0
sample_6642,26.686778733681948,93.66822618834131,block_53_187,0
sample_6643,24.868834713728653,93.02421145910381,block_49_186,0
sample_6644,26.228314090600087,92.24443206941062,block_52_184,0
sample_6645,22.33664417268155,92.87419779378058,block_44_185,0
sample_6646,22.741654006998584,93.04265838066551,block_45_186,0
sample_6647,29.158735418820864,96.13757524297318,block_58_192,0
sample_6648,26.278608917422922,94.93053268236194,block_52_189,0
sample_6649,25.36793034252183,94.58297547340997,block_50_189,0
sample_6650,23.98069970538783,93.90398211072932,block_47_187,0
sample_6651,27.20513434351747,94.79064825833593,block_54_189,0
sample_6652,23.551137004095295,92.63878322590898,block_47_185,0
sample_6653,24.37769983348794,92.23879824392117,block_48_184,0
sample_6654,23.82102629822513,92.75700697466411,block_47_185,0
sample_6655,27.178091427197515,95.04751972661836,block_54_190,0
sample_6656,27.589937811555462,92.55673683089582,block_55_185,0
sample_6657,22.41860250105984,93.15522827935229,block_44_186,0
sample_6658,24.135499368187414,93.025746030879,block_48_186,0
sample_6659,27.703276757040623,94.36740153259466,block_55_188,0
sample_6660,27.195241963587296,95.86311072682612,block_54_191,0
sample_6661,28.067489877148315,94.02551457902696,block_56_188,0
sample_6662,27.344719292344948,96.4318928730954,block_54_192,0
sample_6663,27.770313683660373,95.21087384146703,block_55_190,0
sample_6664,28.605374037729085,95.4910871524559,block_57_190,0
sample_6665,26.171611290898745,89.78174683803267,block_52_179,0
sample_6666,23.474106796837507,93.09200494225026,block_46_186,0
sample_6667,23.524727898871365,91.35181746363385,block_47_182,0
sample_6668,23.21952383901148,91.78011120369682,block_46_183,0
sample_6669,28.09464517620413,94.10948295790514,block_56_188,0
sample_6670,22.673783283049136,93.04010638473811,block_45_186,0
sample_6671,27.191996781178545,94.3722649104208,block_54_188,0
sample_6672,24.423553759846953,93.97232244581083,block_48_187,0
sample_6673,24.446799657748123,93.7202132282687,block_48_187,0
sample_6674,26.34628054955399,91.59429115655755,block_52_183,0
sample_6675,26.768498856110764,90.18479948738329,block_53_180,0
sample_6676,27.50814095777708,95.11810998983182,block_55_190,0
sample_6677,24.013760969141824,94.04985947309082,block_48_188,0
sample_6678,27.67975350544614,92.89620488019831,block_55_185,0
sample_6679,28.79040363858904,94.25105657943142,block_57_188,0
sample_6680,27.368216869909872,93.71579405816968,block_54_187,0
sample_6681,28.217278677551235,96.75903928817145,block_56_193,0
sample_6682,24.068681964135212,92.21374920827614,block_48_184,0
sample_6683,26.73058866806811,90.55549137671888,block_53_181,0
sample_6684,27.8377958331771,88.75215013578179,block_55_177,0
sample_6685,25.740223412449627,94.90832418258672,block_51_189,0
sample_6686,27.678465929513248,95.70427579406888,block_55_191,0
sample_6687,27.93104536878471,88.18622412504357,block_55_176,0
sample_6688,27.667323250242124,96.66240549104047,block_55_193,0
sample_6689,25.42374938372105,92.26386919515075,block_50_184,0
sample_6690,24.751116325499712,93.69663835257245,block_49_187,0
sample_6691,24.735901222517224,92.60178047488199,block_49_185,0
sample_6692,26.771970286258814,93.53010465107563,block_53_187,0
sample_6693,26.198625299587505,89.8257450831811,block_52_179,0
sample_6694,25.215864384725215,90.39942911900536,block_50_180,0
sample_6695,28.839453563928515,94.78910575864197,block_57_189,0
sample_6696,25.77302356205416,92.59304532534487,block_51_185,0
sample_6697,27.132519403086395,94.54668087320346,block_54_189,0
sample_6698,26.69524062402433,94.3584006284595,block_53_188,0
sample_6699,27.200782810592166,94.06613524846817,block_54_188,0
sample_6700,26.73496988975889,95.30089647991076,block_53_190,0
sample_6701,27.590348550620632,96.742158539846,block_55_193,0
sample_6702,27.192006975230434,92.93464269428192,block_54_185,0
sample_6703,26.874361057515337,94.89059701748883,block_53_189,0
sample_6704,23.196820346568895,91.52172305399299,block_46_183,0
sample_6705,25.006822256368036,93.89227136807092,block_50_187,0
sample_6706,24.500354574810462,93.50507616107862,block_49_187,0
sample_6707,25.532018101867116,94.32436316720408,block_51_188,0
sample_6708,22.63599806729048,92.90994471641477,block_45_185,0
sample_6709,29.0515319551915,94.251735882056,block_58_188,0
sample_6710,27.207142849666948,94.81706976035952,block_54_189,0
sample_6711,26.599472886435727,94.19343538862928,block_53_188,0
sample_6712,29.177358284285116,95.63861904910598,block_58_191,0
sample_6713,24.373991515876824,92.17647789713331,block_48_184,0
sample_6714,26.511398924011548,91.76155279389414,block_53_183,0
sample_6715,28.413960001738353,96.50890596318457,block_56_193,0
sample_6716,25.852413659240142,93.37579067481833,block_51_186,0
sample_6717,27.62471915763613,94.20160396232563,block_55_188,0
sample_6718,28.960151929269777,96.48489607725148,block_57_192,0
sample_6719,23.857976924338104,92.47724178838831,block_47_184,0
sample_6720,22.93174888650175,93.02470704730864,block_45_186,0
sample_6721,28.981527659128517,95.20357143494611,block_57_190,0
sample_6722,26.465163595165826,94.05347348173203,block_52_188,0
sample_6723,26.779976740230786,93.28185948195109,block_53_186,0
sample_6724,28.406671688861497,95.59940633024019,block_56_191,0
sample_6725,27.52841726318541,96.80978011614584,block_55_193,0
sample_6726,27.95389630019617,92.88566299408065,block_55_185,0
sample_6727,26.472294054105113,90.08813063801756,block_52_180,0
sample_6728,24.904374117179458,93.05995366731437,block_49_186,0
sample_6729,29.065963305949115,95.86983655287102,block_58_191,0
sample_6730,25.698728254197945,92.28437458713202,block_51_184,0
sample_6731,27.24254775241772,93.62947489775203,block_54_187,0
sample_6732,27.269569235758382,92.49585782089922,block_54_184,0
sample_6733,27.468201579911188,95.61793533053752,block_54_191,0
sample_6734,25.605035352172,91.68299392023353,block_51_183,0
sample_6735,26.06436611251064,91.17165538795972,block_52_182,0
sample_6736,27.658627806412852,91.6759930899377,block_55_183,0
sample_6737,25.911617701674512,90.66057477782833,block_51_181,0
sample_6738,27.488423613826996,88.08584563735815,block_54_176,0
sample_6739,27.41727708955611,93.41141171126299,block_54_186,0
sample_6740,26.840743316505044,93.57788846848847,block_53_187,0
sample_6741,23.730501200366767,92.59308340136172,block_47_185,0
sample_6742,27.157640858984337,95.47605697143761,block_54_190,0
sample_6743,26.90474327117983,95.31066962449651,block_53_190,0
sample_6744,28.473207999902094,94.112922802506,block_56_188,0
sample_6745,23.99164190594654,94.14003745454633,block_47_188,0
sample_6746,22.528041128274737,92.59865334502793,block_45_185,0
sample_6747,26.98282079476443,92.79163587923638,block_53_185,0
sample_6748,26.25199229750177,90.57301318586634,block_52_181,0
sample_6749,27.564730640639397,95.46683091501194,block_55_190,0
sample_6750,23.27633411376249,92.55139988660491,block_46_185,0
sample_6751,26.7989345322609,92.07637089941365,block_53_184,0
sample_6752,26.126057244932035,93.04231782380239,block_52_186,0
sample_6753,25.843648481088085,93.49638247092388,block_51_186,0
sample_6754,27.324493344300166,95.4266363093703,block_54_190,0
sample_6755,23.26752542883502,93.21438462439171,block_46_186,0
sample_6756,24.663053269264836,93.11761521259747,block_49_186,0
sample_6757,27.849293862505377,94.19608123466791,block_55_188,0
sample_6758,25.281394185594458,93.4244718105358,block_50_186,0
sample_6759,27.18277135773237,92.91306284339251,block_54_185,0
sample_6760,25.99039209992056,89.97249135275591,block_51_179,0
sample_6761,23.541903752815365,91.37521252488732,block_47_182,0
sample_6762,23.831763389271458,91.99822762189712,block_47_183,0
sample_6763,27.178316818838223,93.03750060435661,block_54_186,0
sample_6764,23.3639683949186,91.49813723935362,block_46_182,0
sample_6765,26.895617202841194,95.71277715718313,block_53_191,0
sample_6766,26.49757966135984,91.9450528422202,block_52_183,0
sample_6767,26.76534891632351,91.4105031560876,block_53_182,0
sample_6768,25.6211013609626,92.97222511678683,block_51_185,0
sample_6769,26.09172096297152,93.71018927642123,block_52_187,0
sample_6770,29.306198835470866,94.65052270672295,block_58_189,0
sample_6771,25.7169422669696,90.59273595925117,block_51_181,0
sample_6772,28.598546596027692,95.65181855522381,block_57_191,0
sample_6773,26.11161428887305,92.63279501198576,block_52_185,0
sample_6774,25.122275539826237,92.78161420498006,block_50_185,0
sample_6775,27.454059984064514,92.50876590668685,block_54_185,0
sample_6776,28.649412057148748,94.56009035685734,block_57_189,0
sample_6777,24.98158303279908,93.79309410592712,block_49_187,0
sample_6778,28.822736682881565,95.01162225059069,block_57_190,0
sample_6779,27.327616554720993,94.60436210947226,block_54_189,0
sample_6780,28.15756179089603,96.27511982085146,block_56_192,0
sample_6781,25.91364677845682,93.72641991971543,block_51_187,0
sample_6782,25.87872476033024,90.11564463260214,block_51_180,0
sample_6783,27.508995488263224,93.34711427912147,block_55_186,0
sample_6784,25.419233053795647,93.80683770011743,block_50_187,0
sample_6785,25.610825103796834,91.34399420064223,block_51_182,0
sample_6786,26.57802988811351,91.08838693204892,block_53_182,0
sample_6787,22.841204128709652,92.58167425442456,block_45_185,0
sample_6788,23.618323769996387,91.71637296466909,block_47_183,0
sample_6789,24.174565639869623,92.02640981664224,block_48_184,0
sample_6790,27.553822300711442,96.4693794168316,block_55_192,0
sample_6791,23.920077113083163,91.95829603371946,block_47_183,0
sample_6792,27.709384592850245,96.2886053901824,block_55_192,0
sample_6793,27.504479825951304,92.08268804038923,block_55_184,0
sample_6794,24.09994638074113,92.56773489249184,block_48_185,0
sample_6795,23.05896750943578,92.80565445390707,block_46_185,0
sample_6796,28.055638760203816,94.59076256801407,block_56_189,0
sample_6797,26.722026657538997,90.15621140697849,block_53_180,0
sample_6798,25.139902625487938,93.79479316679127,block_50_187,0
sample_6799,26.71315581089962,90.17541989896213,block_53_180,0
sample_6800,23.511029387775128,92.43734674329681,block_47_184,0
sample_6801,25.919351683525925,91.49296747922578,block_51_182,0
sample_6802,28.832543920865017,94.15093849959706,block_57_188,0
sample_6803,26.054000573638668,91.22324090625256,block_52_182,0
sample_6804,26.08376718318599,90.37373977140274,block_52_180,0
sample_6805,28.565772603236876,96.02231996620617,block_57_192,0
sample_6806,27.351676646563856,96.56198228820847,block_54_193,0
sample_6807,27.937366889348645,94.52175134113278,block_55_189,0
sample_6808,27.529435495961117,91.73644198367926,block_55_183,0
sample_6809,27.60553121470299,91.61101394658898,block_55_183,0
sample_6810,27.278930561813723,92.93568810249154,block_54_185,0
sample_6811,27.282735753362708,93.19021865665594,block_54_186,0
sample_6812,27.90872201913261,94.0386833683567,block_55_188,0
sample_6813,27.261509051310245,93.16318568052321,block_54_186,0
sample_6814,26.547263457188045,91.05157032058727,block_53_182,0
sample_6815,27.567850396258212,91.59062118894732,block_55_183,0
sample_6816,26.72072211349753,93.17825135393363,block_53_186,0
sample_6817,28.038770503718272,95.07723835794148,block_56_190,0
sample_6818,28.040744722557015,93.67095905495779,block_56_187,0
sample_6819,28.181873086862232,95.17639010702716,block_56_190,0
sample_6820,25.551233272057065,93.2908016040062,block_51_186,0
sample_6821,28.620101742691315,95.73417777922137,block_57_191,0
sample_6822,23.25331510348302,92.98651802202713,block_46_185,0
sample_6823,26.45704728497846,94.38667313007488,block_52_188,0
sample_6824,28.86338110114862,94.22027812354011,block_57_188,0
sample_6825,28.989901939161474,95.620762499613,block_57_191,0
sample_6826,27.305930784866177,88.71787323069012,block_54_177,0
sample_6827,27.38221032363225,95.38413328362695,block_54_190,0
sample_6828,25.12112373156691,94.5181558455883,block_50_189,0
sample_6829,25.081813199631707,92.67276156741548,block_50_185,0
sample_6830,25.95665691602059,93.0052596646577,block_51_186,0
sample_6831,26.315325923512873,91.96530315394172,block_52_183,0
sample_6832,27.586954597137407,94.6090771453094,block_55_189,0
sample_6833,28.487471064312132,95.6986982532582,block_56_191,0
sample_6834,24.7248001576292,94.59317657646903,block_49_189,0
sample_6835,28.264522678508122,96.18248358582578,block_56_192,0
sample_6836,27.55104033250253,95.03220696865046,block_55_190,0
sample_6837,27.838616500056077,94.53532202932365,block_55_189,0
sample_6838,27.608610261374782,92.73097697427332,block_55_185,0
sample_6839,26.6047325791834,90.05772028183591,block_53_180,0
sample_6840,28.00537838059093,94.07848363956575,block_56_188,0
sample_6841,26.09285446653602,94.00085623364522,block_52_188,0
sample_6842,27.6140012574857,94.82146837372237,block_55_189,0
sample_6843,26.362533870712866,91.59185027840256,block_52_183,0
sample_6844,28.621455717376758,95.59027471844645,block_57_191,0
sample_6845,26.87207313977596,95.22696172263036,block_53_190,0
sample_6846,25.823886060277516,94.84997401328494,block_51_189,0
sample_6847,28.669167475528976,95.27724500759699,block_57_190,0
sample_6848,27.838985931895856,88.81937622941864,block_55_177,0
sample_6849,24.028891649704338,91.41528569848585,block_48_182,0
sample_6850,25.496783249351953,90.40664725283962,block_50_180,0
sample_6851,28.562599806186146,94.1127455807262,block_57_188,0
sample_6852,28.413207288902957,96.62111709414049,block_56_193,0
sample_6853,28.320750891768952,96.94922261199554,block_56_193,0
sample_6854,24.739991526562928,94.41268843027969,block_49_188,0
sample_6855,25.745162467812754,90.47057786768407,block_51_180,0
sample_6856,28.554077070455893,94.41602251232528,block_57_188,0
sample_6857,26.616664301071168,94.05234778178,block_53_188,0
sample_6858,23.102364110447585,91.7532359512597,block_46_183,0
sample_6859,27.237410372747213,92.47646300550304,block_54_184,0
sample_6860,23.083632493085084,92.4176949245321,block_46_184,0
sample_6861,26.765644502806463,91.00975422070282,block_53_182,0
sample_6862,25.51379557601994,94.47500663674072,block_51_188,0
sample_6863,27.85135004216971,93.61300920297552,block_55_187,0
sample_6864,26.58549404367127,91.043086202757,block_53_182,0
sample_6865,27.545556240318607,94.92516128786944,block_55_189,0
sample_6866,25.093338427640425,93.133210540408,block_50_186,0
sample_6867,23.162367813044558,91.54903177195557,block_46_183,0
sample_6868,25.365580886206093,91.85763602186928,block_50_183,0
sample_6869,24.576805277870687,93.0991899520381,block_49_186,0
sample_6870,26.421177757056014,93.10197106076208,block_52_186,0
sample_6871,27.13298498667882,92.11244051427103,block_54_184,0
sample_6872,24.05268755656409,93.83153900218215,block_48_187,0
sample_6873,28.931030536329068,96.05577431122002,block_57_192,0
sample_6874,26.58357882415485,91.86602884363046,block_53_183,0
sample_6875,25.275185509216392,93.46359567027676,block_50_186,0
sample_6876,25.3551870867019,91.5821504121744,block_50_183,0
sample_6877,23.38625781020674,92.41399787914145,block_46_184,0
sample_6878,27.532763232351428,88.0714882689148,block_55_176,0
sample_6879,28.106973287046856,95.70832326835176,block_56_191,0
sample_6880,26.45958712408527,91.14984541834788,block_52_182,0
sample_6881,28.196979236543292,95.53251747459352,block_56_191,0
sample_6882,25.831305792958823,92.11157491781647,block_51_184,0
sample_6883,25.732353553918248,93.93554604368789,block_51_187,0
sample_6884,27.86053783431122,95.92448883030129,block_55_191,0
sample_6885,26.66761970048142,90.44616315417719,block_53_180,0
sample_6886,25.224399895129274,93.91160478620458,block_50_187,0
sample_6887,25.348167589470147,93.93611684672045,block_50_187,0
sample_6888,25.969170874263877,90.30539152642592,block_51_180,0
sample_6889,27.828220040604027,95.3888530712888,block_55_190,0
sample_6890,27.75497604891394,94.19702233736544,block_55_188,0
sample_6891,26.66852886807822,94.00083375615701,block_53_188,0
sample_6892,25.38937069957489,93.6014077540728,block_50_187,0
sample_6893,25.656262388968017,91.39713478818209,block_51_182,0
sample_6894,28.80309823920337,95.60036111857276,block_57_191,0
sample_6895,27.536895900474548,96.70988188492493,block_55_193,0
sample_6896,27.430853632510996,96.83457217357945,block_54_193,0
sample_6897,23.933688045143075,92.5268037980261,block_47_185,0
sample_6898,26.091378067095775,90.76661624752143,block_52_181,0
sample_6899,27.56347786596782,92.66053603067236,block_55_185,0
sample_6900,25.796189755143427,91.75945622526163,block_51_183,0
sample_6901,24.036229006277186,91.69256369149096,block_48_183,0
sample_6902,27.577802452927244,95.66938667592584,block_55_191,0
sample_6903,26.634123313556977,93.70857911110394,block_53_187,0
sample_6904,24.742099699556825,93.94736559466878,block_49_187,0
sample_6905,26.36020624573933,90.75865133461723,block_52_181,0
sample_6906,28.182816781603663,94.06392092357244,block_56_188,0
sample_6907,24.39940735716127,92.37454029570677,block_48_184,0
sample_6908,27.943819600670526,96.44819335480705,block_55_192,0
sample_6909,26.16846843438884,91.6245543022899,block_52_183,0
sample_6910,26.47369452426233,92.95626619789121,block_52_185,0
sample_6911,26.28074501575263,90.67934699332461,block_52_181,0
sample_6912,27.62806132307847,91.76323682032385,block_55_183,0
sample_6913,26.129021530502005,90.94384181530695,block_52_181,0
sample_6914,26.55363691715712,91.69727842215725,block_53_183,0
sample_6915,27.193072735355408,92.27306836722317,block_54_184,0
sample_6916,28.349909577312605,97.09123376129892,block_56_194,0
sample_6917,27.125751730086844,92.09541514610952,block_54_184,0
sample_6918,28.999238705863306,96.15933980117303,block_57_192,0
sample_6919,27.62306468516134,96.34530507766787,block_55_192,0
sample_6920,25.90967585316284,93.43211638996387,block_51_186,0
sample_6921,26.912053910778614,94.91152182106016,block_53_189,0
sample_6922,26.387975557060383,92.95985959791331,block_52_185,0
sample_6923,28.42428714023179,95.14858680872013,block_56_190,0
sample_6924,24.26987326580803,92.26780647456438,block_48_184,0
sample_6925,23.07039183112482,92.74240724737352,block_46_185,0
sample_6926,28.55909139524786,95.0032443362167,block_57_190,0
sample_6927,26.930329829713173,92.2548246108621,block_53_184,0
sample_6928,26.82952528675773,94.88081512990138,block_53_189,0
sample_6929,24.960459984410573,93.58406215305405,block_49_187,0
sample_6930,25.924676926557762,92.63999253567319,block_51_185,0
sample_6931,25.195096597297507,94.40290893367523,block_50_188,0
sample_6932,22.616243507017188,92.73045743356016,block_45_185,0
sample_6933,27.22358132547214,92.48152829369495,block_54_184,0
sample_6934,26.332007321772345,92.59008900529336,block_52_185,0
sample_6935,28.123840935022905,93.33230726266231,block_56_186,0
sample_6936,25.597349184206724,91.42431971961452,block_51_182,0
sample_6937,27.786399846121082,96.05538790920527,block_55_192,0
sample_6938,27.43443812476458,88.19483641229766,block_54_176,0
sample_6939,29.33764452575463,96.04889592729809,block_58_192,0
sample_6940,25.68352495904919,90.2970573665894,block_51_180,0
sample_6941,28.5662946728198,94.3807343417571,block_57_188,0
sample_6942,25.852590770527353,91.22677976519773,block_51_182,0
sample_6943,26.553992466140578,92.07452045735813,block_53_184,0
sample_6944,27.11000291942206,92.38338424116877,block_54_184,0
sample_6945,26.640843014731036,94.24461101836341,block_53_188,0
sample_6946,24.22424340574954,92.04503458821179,block_48_184,0
sample_6947,23.81089431827264,91.29205141410223,block_47_182,0
sample_6948,26.95647759202707,95.22752255552294,block_53_190,0
sample_6949,25.496151035206797,91.33354303641653,block_50_182,0
sample_6950,28.068989073906852,93.98821969800193,block_56_187,0
sample_6951,26.185697848440732,94.38187818403367,block_52_188,0
sample_6952,24.3508472570277,93.43477372160746,block_48_186,0
sample_6953,26.20665468458907,93.90619697671274,block_52_187,0
sample_6954,26.048313136351318,91.5340798717336,block_52_183,0
sample_6955,26.575584984511515,90.84246586109953,block_53_181,0
sample_6956,22.867288940539673,93.10673378452046,block_45_186,0
sample_6957,26.19836696290463,90.75742595570712,block_52_181,0
sample_6958,27.640547317436454,91.69099763023702,block_55_183,0
sample_6959,28.036855800440655,96.22416220209955,block_56_192,0
sample_6960,25.559156042698817,91.11429140660579,block_51_182,0
sample_6961,27.025538795309057,94.9500161702882,block_54_189,0
sample_6962,25.66431535956756,90.10130968550959,block_51_180,0
sample_6963,25.585659095196768,94.46508215134277,block_51_188,0
sample_6964,28.297078106125703,93.13916092698688,block_56_186,0
sample_6965,28.14481708598864,94.40441220199928,block_56_188,0
sample_6966,28.430785547211848,93.80129007069802,block_56_187,0
sample_6967,25.185888110931757,93.9802533492713,block_50_187,0
sample_6968,27.536651874461604,93.13880164089278,block_55_186,0
sample_6969,25.51880383231897,90.72634017408505,block_51_181,0
sample_6970,25.373825327403555,93.30356539085982,block_50_186,0
sample_6971,25.724362722053595,91.27904036852699,block_51_182,0
sample_6972,25.485317577454428,94.19433501582981,block_50_188,0
sample_6973,27.79302478885411,92.93907872912828,block_55_185,0
sample_6974,26.59281018307161,91.79547421064346,block_53_183,0
sample_6975,28.682793668799356,95.10465041659181,block_57_190,0
sample_6976,27.701474818921447,93.7014130304319,block_55_187,0
sample_6977,28.289163099407343,96.68137794760042,block_56_193,0
sample_6978,26.260725428381253,89.87750362783483,block_52_179,0
sample_6979,26.3240203930754,93.91368723379392,block_52_187,0
sample_6980,28.056067239256766,96.39693550802187,block_56_192,0
sample_6981,28.823512601367792,94.03698434654365,block_57_188,0
sample_6982,26.234812527072247,92.45308897873754,block_52_184,0
sample_6983,24.57600599757796,93.81370131863433,block_49_187,0
sample_6984,22.95859357380996,93.14262106774424,block_45_186,0
sample_6985,27.47743228752188,96.68723806529523,block_54_193,0
sample_6986,27.243490311101276,95.19639769487368,block_54_190,0
sample_6987,26.842560960814048,92.05624629325696,block_53_184,0
sample_6988,28.06636008837018,93.02134709445019,block_56_186,0
sample_6989,28.438237983609376,94.41024743337776,block_56_188,0
sample_6990,27.508219132851963,93.19346202412568,block_55_186,0
sample_6991,26.373492801758477,90.13498333009196,block_52_180,0
sample_6992,27.580815238651073,96.35035217994981,block_55_192,0
sample_6993,27.92817440089027,93.33965694926925,block_55_186,0
sample_6994,27.37068405374445,95.63864578407039,block_54_191,0
sample_6995,24.557472728031588,94.15896414794022,block_49_188,0
sample_6996,26.50654122399853,92.4997928349769,block_53_184,0
sample_6997,25.661462314128425,94.91105510179842,block_51_189,0
sample_6998,25.904015827079387,90.51483134327287,block_51_181,0
sample_6999,27.203064824005853,92.73238678411509,block_54_185,0
sample_7000,27.261812731804564,93.84559473671283,block_54_187,0
sample_7001,23.50184920231167,91.50046585957826,block_47_183,0
sample_7002,26.839301456569572,92.26537206291127,block_53_184,0
sample_7003,22.768213624967643,92.68973040924561,block_45_185,0
sample_7004,26.534082714601723,92.65636048746985,block_53_185,0
sample_7005,26.015773667385965,91.26936266131628,block_52_182,0
sample_7006,28.796616828406222,95.61629065484698,block_57_191,0
sample_7007,26.391285562856012,95.11817083550278,block_52_190,0
sample_7008,27.442118619807847,94.91289618963425,block_54_189,0
sample_7009,26.25177940328474,93.3420487107986,block_52_186,0
sample_7010,26.57815909448602,91.39993174915183,block_53_182,0
sample_7011,28.057972176848992,93.71519225326172,block_56_187,0
sample_7012,24.00098710073185,93.73708810645051,block_48_187,0
sample_7013,28.440334109562244,93.45097272532392,block_56_186,0
sample_7014,26.464399175224422,91.28745871503753,block_52_182,0
sample_7015,25.783869932507137,90.22759988544877,block_51_180,0
sample_7016,25.00184539273516,94.12859519662207,block_50_188,0
sample_7017,25.762185257333147,93.4659730874054,block_51_186,0
sample_7018,26.265738278556356,93.15339048429685,block_52_186,0
sample_7019,25.885805338282537,92.14556369169973,block_51_184,0
sample_7020,24.650933678111205,92.28471903323586,block_49_184,0
sample_7021,24.575083031203405,92.75304836272129,block_49_185,0
sample_7022,28.85122989083422,94.1413013171483,block_57_188,0
sample_7023,26.49966123514368,92.22029940181419,block_52_184,0
sample_7024,25.083261747257417,93.35181719050942,block_50_186,0
sample_7025,26.707986222944804,95.26286277221277,block_53_190,0
sample_7026,28.739030758793348,96.23821355155297,block_57_192,0
sample_7027,28.968951257846786,94.98282752893385,block_57_189,0
sample_7028,24.95761305165781,93.23524334035433,block_49_186,0
sample_7029,28.720440038053976,96.44452658567147,block_57_192,0
sample_7030,26.395232816238376,93.79631818244647,block_52_187,0
sample_7031,25.311604599067003,91.84342241532967,block_50_183,0
sample_7032,24.098612676249566,92.48479684577188,block_48_184,0
sample_7033,27.721263421182645,96.61361336491255,block_55_193,0
sample_7034,24.711041706217035,94.10440474497643,block_49_188,0
sample_7035,25.765870653772744,93.52796024997097,block_51_187,0
sample_7036,23.501173237503217,92.87986872356839,block_47_185,0
sample_7037,26.271047454214365,93.78548847403417,block_52_187,0
sample_7038,28.926320479517628,94.26447595372133,block_57_188,0
sample_7039,28.274803968266443,95.0957285433055,block_56_190,0
sample_7040,26.240855235169974,94.88164053396397,block_52_189,0
sample_7041,25.277478480007396,92.06329991546723,block_50_184,0
sample_7042,25.753657312307972,90.59541548090102,block_51_181,0
sample_7043,26.692741960212327,92.82073466269348,block_53_185,0
sample_7044,27.805546338581088,94.64401213427345,block_55_189,0
sample_7045,28.29487590970169,94.21462601478227,block_56_188,0
sample_7046,29.06803399975294,94.32946773200763,block_58_188,0
sample_7047,28.085403274163582,94.8954704394134,block_56_189,0
sample_7048,28.41439165098187,95.04479217837287,block_56_190,0
sample_7049,26.13880242590048,89.96034153307907,block_52_179,0
sample_7050,23.899360986513454,91.57472816058731,block_47_183,0
sample_7051,26.33763206440091,93.99451749382776,block_52_187,0
sample_7052,25.431993085652575,90.99771597243668,block_50_181,0
sample_7053,27.256622887948453,95.27260874429652,block_54_190,0
sample_7054,25.01456772746113,93.38155354880428,block_50_186,0
sample_7055,26.561110182417263,91.09903125922847,block_53_182,0
sample_7056,27.3889382791556,95.54268105152524,block_54_191,0
sample_7057,28.832937090698813,95.20831527561339,block_57_190,0
sample_7058,26.101995847242566,94.15635687904525,block_52_188,0
sample_7059,25.841732388731252,91.40371886516692,block_51_182,0
sample_7060,27.85880744808697,94.15959401255145,block_55_188,0
sample_7061,27.69413354074996,91.90457222155817,block_55_183,0
sample_7062,27.492637825535894,95.45062805769268,block_54_190,0
sample_7063,23.90845165972705,94.16687666189888,block_47_188,0
sample_7064,25.482642683848837,90.73764334647078,block_50_181,0
sample_7065,26.16357156721532,92.54348547960502,block_52_185,0
sample_7066,25.6774651671159,91.70026470976845,block_51_183,0
sample_7067,23.664078162594496,91.47632328928992,block_47_182,0
sample_7068,26.179964834660353,94.04249451100627,block_52_188,0
sample_7069,25.49871139807912,94.79650468895369,block_50_189,0
sample_7070,26.206457961949855,90.18483972664156,block_52_180,0
sample_7071,27.638288270490705,95.470140433267,block_55_190,0
sample_7072,26.046474389721432,90.94235205366513,block_52_181,0
sample_7073,27.287398106387048,92.83565248709313,block_54_185,0
sample_7074,26.05784637911558,91.75441318815224,block_52_183,0
sample_7075,24.155307776433474,92.09350638359783,block_48_184,0
sample_7076,27.042792013737692,92.91131296627543,block_54_185,0
sample_7077,26.57476370305227,91.49333904012902,block_53_182,0
sample_7078,25.876709428475657,89.9219413082782,block_51_179,0
sample_7079,26.566398638748858,94.71606312013999,block_53_189,0
sample_7080,25.847286359923594,90.36165001122531,block_51_180,0
sample_7081,28.945804912413717,94.76922441843267,block_57_189,0
sample_7082,25.986759357789985,91.11173022605715,block_51_182,0
sample_7083,26.149586277554988,90.12467739762813,block_52_180,0
sample_7084,28.497508004597268,93.49400281947581,block_56_186,0
sample_7085,27.956322055828686,93.5207803805277,block_55_187,0
sample_7086,27.767037988348616,93.56639776293105,block_55_187,0
sample_7087,28.522158037727642,94.28387098719746,block_57_188,0
sample_7088,26.157103027318975,91.54670978542302,block_52_183,0
sample_7089,24.8300269258578,92.46009321463795,block_49_184,0
sample_7090,24.26938992719155,92.90666562303555,block_48_185,0
sample_7091,28.300653279018665,96.98038515866915,block_56_193,0
sample_7092,29.085723489646995,95.8358863786662,block_58_191,0
sample_7093,27.3062423518741,95.89483537457949,block_54_191,0
sample_7094,26.15969257769373,92.60687894324911,block_52_185,0
sample_7095,27.89613442349506,94.4424553001691,block_55_188,0
sample_7096,26.140078643248916,92.09288570530464,block_52_184,0
sample_7097,24.67922253385804,92.38111327771098,block_49_184,0
sample_7098,26.992297141474005,94.84782012988875,block_53_189,0
sample_7099,23.52472770131382,93.26206381348649,block_47_186,0
sample_7100,27.581976562480122,88.1003207641904,block_55_176,0
sample_7101,25.25981231289755,92.94442439103092,block_50_185,0
sample_7102,23.989630777215382,92.50010776627038,block_47_185,0
sample_7103,29.280669277523273,95.73926166211076,block_58_191,0
sample_7104,27.440073704916486,88.78930578248428,block_54_177,0
sample_7105,25.26983141853112,90.58993927925954,block_50_181,0
sample_7106,24.49503892618058,93.34082869782591,block_48_186,0
sample_7107,27.191820605503942,93.32217931259099,block_54_186,0
sample_7108,28.263543250968816,94.0377834801449,block_56_188,0
sample_7109,25.62313102110597,93.43974394364628,block_51_186,0
sample_7110,24.55132989488554,94.03316356179567,block_49_188,0
sample_7111,25.317515900017323,93.93164822800588,block_50_187,0
sample_7112,25.988410758392554,89.98023029224055,block_51_179,0
sample_7113,28.06290325211983,95.48495116765557,block_56_190,0
sample_7114,26.359837785770978,91.49945782795126,block_52_182,0
sample_7115,24.77211719306645,93.53087334835517,block_49_187,0
sample_7116,24.443814833154573,94.09008434629449,block_48_188,0
sample_7117,24.22769478586962,92.38830758437301,block_48_184,0
sample_7118,26.2773355281218,92.0887036835475,block_52_184,0
sample_7119,23.81956824882053,91.5082189161245,block_47_183,0
sample_7120,24.46787478079973,94.37842491247386,block_48_188,0
sample_7121,28.568488620077844,95.17382611622432,block_57_190,0
sample_7122,22.11701929901985,92.81472089263809,block_44_185,0
sample_7123,28.909887342784025,96.33399531401993,block_57_192,0
sample_7124,27.72025565113949,95.53400246540728,block_55_191,0
sample_7125,25.527815079770285,91.24029151453962,block_51_182,0
sample_7126,25.478085277815914,94.4557925217155,block_50_188,0
sample_7127,27.26730316463738,95.17272802903747,block_54_190,0
sample_7128,27.776779339358583,96.44140012906514,block_55_192,0
sample_7129,28.130412178695924,94.86549781116268,block_56_189,0
sample_7130,22.444591649146307,92.5901076905194,block_44_185,0
sample_7131,27.527261297208927,93.51243218073864,block_55_187,0
sample_7132,26.54030557985375,95.06583392428531,block_53_190,0
sample_7133,28.850853605473407,94.06842632414916,block_57_188,0
sample_7134,27.08578230091817,95.84178545326328,block_54_191,0
sample_7135,28.454745247021307,95.55337241429841,block_56_191,0
sample_7136,26.26758479366433,91.60950868316894,block_52_183,0
sample_7137,25.32205155354491,91.50455796525951,block_50_183,0
sample_7138,25.966183660816057,91.4297007996568,block_51_182,0
sample_7139,25.941008378364458,91.60463513866779,block_51_183,0
sample_7140,26.385162937339825,89.8575626644494,block_52_179,0
sample_7141,28.0775468309995,94.83971040545947,block_56_189,0
sample_7142,25.621122729017625,91.4507787367008,block_51_182,0
sample_7143,28.657661105356325,94.45204380207797,block_57_188,0
sample_7144,24.367207380104016,93.97823737960147,block_48_187,0
sample_7145,26.42791968322391,91.35809813201354,block_52_182,0
sample_7146,26.710192174838646,92.05234513723505,block_53_184,0
sample_7147,27.468427108494126,92.92145222685666,block_54_185,0
sample_7148,28.94854818909788,95.04310979275904,block_57_190,0
sample_7149,24.744196539799525,92.44543296264833,block_49_184,0
sample_7150,27.681464745921154,92.10728896098581,block_55_184,0
sample_7151,27.576210424567467,95.31610435654005,block_55_190,0
sample_7152,28.185009821511027,93.52639314647905,block_56_187,0
sample_7153,26.724272237150025,91.09026894189198,block_53_182,0
sample_7154,26.166075595360983,91.24581240848501,block_52_182,0
sample_7155,26.128940102866256,92.61311464088406,block_52_185,0
sample_7156,27.48190140604685,91.77049518801765,block_54_183,0
sample_7157,24.31509073538717,93.03489425782546,block_48_186,0
sample_7158,25.660732428371116,92.3607910550465,block_51_184,0
sample_7159,24.091899356434972,93.00705763549166,block_48_186,0
sample_7160,24.43881684689451,92.36180197274828,block_48_184,0
sample_7161,26.73676825032168,93.81743409117618,block_53_187,0
sample_7162,27.464324759741814,96.88759678166089,block_54_193,0
sample_7163,26.22672671939256,92.43598731333772,block_52_184,0
sample_7164,27.546536849217144,96.3050173165267,block_55_192,0
sample_7165,26.871281940929435,93.18933917884941,block_53_186,0
sample_7166,28.46213087042451,95.9929047285329,block_56_191,0
sample_7167,25.404964866413668,90.30344152619324,block_50_180,0
sample_7168,27.955327032091258,97.1443697015734,block_55_194,0
sample_7169,26.490451648591858,91.1138368069947,block_52_182,0
sample_7170,26.817878981813692,93.02120563029337,block_53_186,0
sample_7171,27.34634714609506,92.808661177122,block_54_185,0
sample_7172,26.837186516406746,92.02873225511448,block_53_184,0
sample_7173,25.635984672002635,90.30044737544371,block_51_180,0
sample_7174,27.216668709816076,93.3413731842325,block_54_186,0
sample_7175,23.579763700733306,91.48600051475518,block_47_182,0
sample_7176,26.717598807186143,92.46767751949237,block_53_184,0
sample_7177,25.242953883982583,90.7718683947008,block_50_181,0
sample_7178,27.552372063096684,94.53377565449775,block_55_189,0
sample_7179,24.820122724440125,93.98556590335392,block_49_187,0
sample_7180,24.202469911631653,93.4918068775045,block_48_186,0
sample_7181,24.984419205971097,93.81352391883759,block_49_187,0
sample_7182,23.185318665340134,92.93722658702205,block_46_185,0
sample_7183,27.812909134764894,95.41917791608095,block_55_190,0
sample_7184,28.327669103619556,95.36102191958012,block_56_190,0
sample_7185,25.883299333049532,90.14669041014427,block_51_180,0
sample_7186,26.104962054704032,93.02668640433322,block_52_186,0
sample_7187,27.533559945871986,96.20258676817123,block_55_192,0
sample_7188,26.206936424779972,90.33093629553994,block_52_180,0
sample_7189,27.141712691755103,94.1175878275984,block_54_188,0
sample_7190,26.52944658413381,93.18857115364284,block_53_186,0
sample_7191,26.35114817163923,93.46394211267273,block_52_186,0
sample_7192,25.428461825451656,93.04717626040744,block_50_186,0
sample_7193,23.400211438231594,93.09826703623037,block_46_186,0
sample_7194,26.226902446694513,93.46810732811468,block_52_186,0
sample_7195,28.637532873184067,95.30752112299723,block_57_190,0
sample_7196,26.569540942774168,92.28879171257492,block_53_184,0
sample_7197,26.470291513634088,92.63048831174228,block_52_185,0
sample_7198,23.24164225829884,92.76855403142295,block_46_185,0
sample_7199,26.165608813041995,90.90275776448595,block_52_181,0
sample_7200,25.268307332713015,93.99609996868233,block_50_187,0
sample_7201,27.818817630605466,95.17081489249279,block_55_190,0
sample_7202,23.520445009579674,92.71672890089906,block_47_185,0
sample_7203,24.332120542412966,92.98575548556173,block_48_185,0
sample_7204,26.53240282832249,93.36747920897409,block_53_186,0
sample_7205,27.72462010541129,95.38662459861268,block_55_190,0
sample_7206,28.37791536152637,93.73515835723545,block_56_187,0
sample_7207,27.894489606980304,95.32969617567065,block_55_190,0
sample_7208,27.563625910853105,92.22725402932882,block_55_184,0
sample_7209,24.373671080869833,92.50901736505364,block_48_185,0
sample_7210,27.381606242853,92.4167945351394,block_54_184,0
sample_7211,26.91157859090327,94.46532907948999,block_53_188,0
sample_7212,24.029083856200142,93.70302552364376,block_48_187,0
sample_7213,26.761177863213856,90.5948344726579,block_53_181,0
sample_7214,23.88146540396456,92.99165830822821,block_47_185,0
sample_7215,27.87284539427094,94.6871852855917,block_55_189,0
sample_7216,25.459280631917604,92.33155468854842,block_50_184,0
sample_7217,24.430891945304626,94.37008674093727,block_48_188,0
sample_7218,27.58214212870879,88.21750009595259,block_55_176,0
sample_7219,24.911940656051726,92.57176079081083,block_49_185,0
sample_7220,22.265036230688732,92.96693538849571,block_44_185,0
sample_7221,22.143838534462382,92.73958865409315,block_44_185,0
sample_7222,27.96691466037729,95.42729253370172,block_55_190,0
sample_7223,25.639271975667125,93.4032654131746,block_51_186,0
sample_7224,26.721241215691208,94.90367779515829,block_53_189,0
sample_7225,27.832470399541748,92.99856690978486,block_55_185,0
sample_7226,27.969291424025613,95.95521381202316,block_55_191,0
sample_7227,27.614495853747687,95.21088368020327,block_55_190,0
sample_7228,27.51591807869643,94.11417076070634,block_55_188,0
sample_7229,24.48255386539368,92.96051129655883,block_48_185,0
sample_7230,27.163654866962773,95.70996015158248,block_54_191,0
sample_7231,25.378925235327007,94.25477757813869,block_50_188,0
sample_7232,27.82392045384391,93.07671675887767,block_55_186,0
sample_7233,25.295774141944616,91.75227508893009,block_50_183,0
sample_7234,23.462805234338912,91.57674594929846,block_46_183,0
sample_7235,25.617224040842647,93.68557505286388,block_51_187,0
sample_7236,29.08756155636803,95.86342556635941,block_58_191,0
sample_7237,27.998090073426624,96.14364357258813,block_55_192,0
sample_7238,29.373602783341585,96.04772000940552,block_58_192,0
sample_7239,26.484860325989356,93.98643922959852,block_52_187,0
sample_7240,24.266874706890064,92.41317762028993,block_48_184,0
sample_7241,26.563432749212403,94.7333637498777,block_53_189,0
sample_7242,26.979508361890638,92.88721910162941,block_53_185,0
sample_7243,25.10735923683835,94.21529718611447,block_50_188,0
sample_7244,24.351246074505262,93.3776152872987,block_48_186,0
sample_7245,26.286731257162927,92.24977867105133,block_52_184,0
sample_7246,24.677209058713245,94.0375513183988,block_49_188,0
sample_7247,23.626150424857943,92.29987432213673,block_47_184,0
sample_7248,24.23343108176807,92.09994261116539,block_48_184,0
sample_7249,24.589917379575724,93.648801214482,block_49_187,0
sample_7250,23.810102231676815,93.22411935836323,block_47_186,0
sample_7251,27.7109062715465,95.58568979783861,block_55_191,0
sample_7252,27.8759776563329,94.07319547190285,block_55_188,0
sample_7253,27.521377885737017,96.87680639415818,block_55_193,0
sample_7254,27.009009323221253,95.1494951954351,block_54_190,0
sample_7255,26.67694759181286,92.42842772440987,block_53_184,0
sample_7256,25.445595202125013,93.49879859822606,block_50_186,0
sample_7257,28.55944165136055,94.49950707655965,block_57_188,0
sample_7258,26.45275706182902,91.4079641838979,block_52_182,0
sample_7259,28.507145786730476,94.25015974081009,block_57_188,0
sample_7260,28.258989290387575,97.05449753899342,block_56_194,0
sample_7261,25.1047232957971,93.99776312998523,block_50_187,0
sample_7262,23.8126981173904,92.77354138561337,block_47_185,0
sample_7263,23.74485606589883,92.65277517647333,block_47_185,0
sample_7264,26.392241734986225,94.25690778119929,block_52_188,0
sample_7265,27.284821073023608,93.27030514704006,block_54_186,0
sample_7266,24.64132629043555,94.32252830466233,block_49_188,0
sample_7267,28.376971053344356,93.38944227185895,block_56_186,0
sample_7268,28.080021102128,93.90431248245561,block_56_187,0
sample_7269,27.80999386669442,94.28924263668034,block_55_188,0
sample_7270,27.994403870520344,94.85313925513817,block_55_189,0
sample_7271,26.05931064283088,91.02568281712104,block_52_182,0
sample_7272,28.09756783923239,95.9403665505235,block_56_191,0
sample_7273,26.58466072448033,94.95467766648876,block_53_189,0
sample_7274,27.386749070043017,94.01084633482257,block_54_188,0
sample_7275,24.278225022000655,92.67361131467719,block_48_185,0
sample_7276,23.315060306712162,91.59734601155074,block_46_183,0
sample_7277,28.70792975386322,95.09484595579389,block_57_190,0
sample_7278,28.80711047833045,94.58214602945516,block_57_189,0
sample_7279,26.15968820937833,95.11364343064473,block_52_190,0
sample_7280,25.99073312991933,91.74092958430668,block_51_183,0
sample_7281,29.166169685093656,95.65698700725113,block_58_191,0
sample_7282,22.209873600817225,93.15107983393305,block_44_186,0
sample_7283,25.05039639046825,93.18152584720181,block_50_186,0
sample_7284,28.344076293268373,93.4604187634319,block_56_186,0
sample_7285,25.75664914089061,92.47193447226572,block_51_184,0
sample_7286,26.491096056487155,94.7689987188162,block_52_189,0
sample_7287,27.353490472855405,94.06268003716346,block_54_188,0
sample_7288,25.678210393280374,92.10013195282059,block_51_184,0
sample_7289,26.15568634426861,93.25456279004074,block_52_186,0
sample_7290,27.36340283526694,93.35568408793893,block_54_186,0
sample_7291,29.099868565899282,94.84094871326703,block_58_189,0
sample_7292,27.323452631703113,92.61361227370651,block_54_185,0
sample_7293,25.336049097438693,93.06091958547933,block_50_186,0
sample_7294,26.001055862377264,94.40442425844522,block_52_188,0
sample_7295,26.532917705197477,94.69386891046155,block_53_189,0
sample_7296,25.92626704234039,94.86557522055021,block_51_189,0
sample_7297,26.835493304275563,92.65276547707224,block_53_185,0
sample_7298,24.997563821806082,94.54630152031356,block_49_189,0
sample_7299,23.331385410091354,91.80027611993961,block_46_183,0
sample_7300,28.90054732599272,95.62252920962761,block_57_191,0
sample_7301,28.81347727934581,94.6517918876808,block_57_189,0
sample_7302,25.8508128992561,94.23701843883961,block_51_188,0
sample_7303,24.336203284041503,92.95697238960989,block_48_185,0
sample_7304,26.27065962356899,93.00010141211543,block_52_186,0
sample_7305,24.89580535704358,93.13598253463257,block_49_186,0
sample_7306,25.30407473297992,89.86159024800223,block_50_179,0
sample_7307,26.165522742861466,93.73083441894354,block_52_187,0
sample_7308,27.75762986676897,95.24592171929847,block_55_190,0
sample_7309,27.211652568123327,92.95897122035785,block_54_185,0
sample_7310,24.234110712855333,93.52221667490753,block_48_187,0
sample_7311,28.1729963421796,96.21282891838072,block_56_192,0
sample_7312,27.512904660877947,92.92545372234788,block_55_185,0
sample_7313,23.255004893738526,91.48574489357064,block_46_182,0
sample_7314,28.68190618517928,94.69665944286376,block_57_189,0
sample_7315,28.217910692942926,97.25337847072142,block_56_194,0
sample_7316,26.659047126427428,89.92583704023484,block_53_179,0
sample_7317,28.577975950877043,94.9243555425787,block_57_189,0
sample_7318,26.460985163444768,93.88944871358363,block_52_187,0
sample_7319,24.90556040046867,94.54241660394513,block_49_189,0
sample_7320,25.313374350812662,94.2318524858452,block_50_188,0
sample_7321,25.975576649434387,90.67622536153925,block_51_181,0
sample_7322,26.11609990025351,92.68089181994952,block_52_185,0
sample_7323,26.576438284060764,92.11822047785265,block_53_184,0
sample_7324,26.900892846889615,92.12539296923512,block_53_184,0
sample_7325,23.767898522113384,92.96843206215934,block_47_185,0
sample_7326,25.960480622445864,93.81471051702303,block_51_187,0
sample_7327,24.797221759155384,93.28948957137112,block_49_186,0
sample_7328,28.084166098722868,95.22573707200121,block_56_190,0
sample_7329,26.67497810622665,93.29820432758686,block_53_186,0
sample_7330,26.581973094786928,92.2269093569835,block_53_184,0
sample_7331,27.58532749568138,94.41908302315538,block_55_188,0
sample_7332,26.555824612828502,91.2443747834357,block_53_182,0
sample_7333,25.977055542795185,91.3852703832395,block_51_182,0
sample_7334,26.015388796275822,90.13366474272608,block_52_180,0
sample_7335,27.474214612227453,92.17259315067766,block_54_184,0
sample_7336,26.910877433116404,93.81743676227406,block_53_187,0
sample_7337,27.706222006826067,91.83715604486522,block_55_183,0
sample_7338,28.22994800257362,95.28103001698139,block_56_190,0
sample_7339,23.550553853559432,93.18591489169964,block_47_186,0
sample_7340,23.091067035595707,91.61233070946446,block_46_183,0
sample_7341,24.833377101363137,94.2697392509878,block_49_188,0
sample_7342,26.553669220451038,94.91198564994339,block_53_189,0
sample_7343,28.556965937229187,94.35618043923682,block_57_188,0
sample_7344,27.88091314805097,88.8060505494608,block_55_177,0
sample_7345,25.510663725238427,94.61387023811824,block_51_189,0
sample_7346,25.945519370717996,93.81191559024894,block_51_187,0
sample_7347,27.911353293799976,94.28769634405553,block_55_188,0
sample_7348,27.306702178903983,96.91836068029573,block_54_193,0
sample_7349,24.230434507129054,92.21995204064136,block_48_184,0
sample_7350,27.599981936534753,95.14179159829705,block_55_190,0
sample_7351,27.48327361911356,88.1805942926219,block_54_176,0
sample_7352,27.00646977464971,94.55044726227473,block_54_189,0
sample_7353,28.387562623260642,95.37073132984663,block_56_190,0
sample_7354,29.066087542708345,94.75970080538785,block_58_189,0
sample_7355,26.098108135656013,92.59500594323447,block_52_185,0
sample_7356,28.061738626486033,95.57853054824021,block_56_191,0
sample_7357,27.991073630756024,95.32144077138184,block_55_190,0
sample_7358,28.51321292599832,93.80413028494715,block_57_187,0
sample_7359,28.537850911280845,95.38963734843149,block_57_190,0
sample_7360,27.57008701743089,88.7628626357347,block_55_177,0
sample_7361,25.92293445664684,92.4748146301879,block_51_184,0
sample_7362,22.993585064069496,93.09478529251427,block_45_186,0
sample_7363,26.72825662757387,93.56769710920128,block_53_187,0
sample_7364,26.471810131768457,92.76255186365242,block_52_185,0
sample_7365,24.069062912901956,92.00931908904708,block_48_184,0
sample_7366,28.16596113607413,94.9131656502429,block_56_189,0
sample_7367,25.93218642214739,94.1555163724067,block_51_188,0
sample_7368,27.47014776810311,93.8265466518932,block_54_187,0
sample_7369,27.076214195801704,94.3750381769045,block_54_188,0
sample_7370,27.540664116765086,92.51621879102414,block_55_185,0
sample_7371,25.433580603359694,92.33941805697275,block_50_184,0
sample_7372,28.918189755465928,95.95692709598693,block_57_191,0
sample_7373,27.914450810941133,94.22065747313503,block_55_188,0
sample_7374,23.630818610218093,92.5734268509161,block_47_185,0
sample_7375,27.40034195328832,92.06884868063041,block_54_184,0
sample_7376,24.35694700305002,92.4809823581091,block_48_184,0
sample_7377,29.06936870929718,95.55404723461119,block_58_191,0
sample_7378,26.691488668029386,94.43014114062275,block_53_188,0
sample_7379,27.408151302020965,95.58696827495126,block_54_191,0
sample_7380,26.117967684490647,93.42586609767295,block_52_186,0
sample_7381,25.613268192716426,92.4156738934758,block_51_184,0
sample_7382,25.631147628400015,93.66443789947068,block_51_187,0
sample_7383,23.921655628894516,92.22515829400733,block_47_184,0
sample_7384,27.80849245688454,95.43804684458293,block_55_190,0
sample_7385,27.473991376610684,94.91365188149254,block_54_189,0
sample_7386,26.852425742852024,95.16631211609676,block_53_190,0
sample_7387,26.65676301496735,93.21948500629959,block_53_186,0
sample_7388,26.099570930197622,91.46692674854754,block_52_182,0
sample_7389,26.19868835620086,93.34417850799997,block_52_186,0
sample_7390,27.606465266114334,92.62908359442102,block_55_185,0
sample_7391,26.0428464954521,92.93198582912771,block_52_185,0
sample_7392,26.77782218159689,91.72230758167143,block_53_183,0
sample_7393,26.800165206154933,93.24223503491072,block_53_186,0
sample_7394,25.70443744680202,91.03573239030493,block_51_182,0
sample_7395,27.645319384492282,94.30047222614738,block_55_188,0
sample_7396,27.198148062479007,93.17029216467469,block_54_186,0
sample_7397,26.32003244087485,91.46031136502323,block_52_182,0
sample_7398,23.517115315475646,93.04056184045292,block_47_186,0
sample_7399,28.855525037425505,94.99598659764412,block_57_189,0
sample_7400,26.48559571619916,94.12324100669738,block_52_188,0
sample_7401,25.78971882054304,91.81349371316394,block_51_183,0
sample_7402,28.015232202493735,94.98244603403647,block_56_189,0
sample_7403,28.23026570709123,94.33753952991083,block_56_188,0
sample_7404,28.63855636796923,95.68788675108317,block_57_191,0
sample_7405,26.658494014639828,93.3283579779263,block_53_186,0
sample_7406,25.7843553139342,90.91307471481105,block_51_181,0
sample_7407,24.437883305313292,92.69617150798346,block_48_185,0
sample_7408,27.371559984632917,94.76771118549387,block_54_189,0
sample_7409,25.379920937718033,91.67309127790513,block_50_183,0
sample_7410,27.629325679361486,96.65569813863794,block_55_193,0
sample_7411,25.549334361123343,93.60935952128634,block_51_187,0
sample_7412,27.94202413484109,94.27002854540329,block_55_188,0
sample_7413,24.027837973631183,94.14408414371691,block_48_188,0
sample_7414,27.408548627678314,92.2792990280393,block_54_184,0
sample_7415,28.6369440436833,94.5322346243261,block_57_189,0
sample_7416,28.560456279920444,94.67307640050907,block_57_189,0
sample_7417,27.14153152260719,95.61732691689072,block_54_191,0
sample_7418,28.137427931955543,93.11915298060038,block_56_186,0
sample_7419,27.419109381644297,93.0832099420543,block_54_186,0
sample_7420,24.337405410315704,94.00955333605263,block_48_188,0
sample_7421,24.99321250708488,93.45399083924833,block_49_186,0
sample_7422,25.325842458964473,93.0685908608207,block_50_186,0
sample_7423,24.496539080929786,93.94735600069853,block_48_187,0
sample_7424,27.560433587518723,96.00031986466135,block_55_192,0
sample_7425,27.921311276884207,95.75204373982713,block_55_191,0
sample_7426,26.03437519907233,92.88394715618986,block_52_185,0
sample_7427,26.27353089474669,90.39434133458398,block_52_180,0
sample_7428,27.52180560621281,94.4297004839158,block_55_188,0
sample_7429,23.564942809830214,91.30066296494282,block_47_182,0
sample_7430,25.15678149093955,93.54309348645675,block_50_187,0
sample_7431,27.13329267846158,93.83017820923013,block_54_187,0
sample_7432,27.404517626112614,94.72671980361797,block_54_189,0
sample_7433,27.83434528570318,96.79405892907954,block_55_193,0
sample_7434,25.277667785623347,92.71948254632646,block_50_185,0
sample_7435,26.351024071084566,94.56323567671569,block_52_189,0
sample_7436,27.795624873477472,95.58394498189087,block_55_191,0
sample_7437,28.78111572073698,95.2611490871099,block_57_190,0
sample_7438,25.279464746594282,94.5873322465389,block_50_189,0
sample_7439,25.891331675815877,94.5218336452686,block_51_189,0
sample_7440,25.49980082403779,90.62168073729528,block_50_181,0
sample_7441,26.135339848217093,91.9691991942318,block_52_183,0
sample_7442,28.790283425538206,96.230009996092,block_57_192,0
sample_7443,26.235196744051645,94.24762492662117,block_52_188,0
sample_7444,26.15346602128553,90.18313395308707,block_52_180,0
sample_7445,27.231201655934708,88.10522003691995,block_54_176,0
sample_7446,28.897560601323384,96.0895054453288,block_57_192,0
sample_7447,25.508172598741155,92.50010292092526,block_51_185,0
sample_7448,26.71381387982835,93.08918660783553,block_53_186,0
sample_7449,26.202796310573582,90.3224375195298,block_52_180,0
sample_7450,27.62594447987277,95.89384690732406,block_55_191,0
sample_7451,27.83280319719895,88.26005322344969,block_55_176,0
sample_7452,24.86989933117252,93.70050321416484,block_49_187,0
sample_7453,28.488709238975346,95.03691996135245,block_56_190,0
sample_7454,26.809911297457077,95.10104356685459,block_53_190,0
sample_7455,26.77464092302031,91.4734986052473,block_53_182,0
sample_7456,28.031766524156627,96.62084120072377,block_56_193,0
sample_7457,24.206576352984204,93.03173496343032,block_48_186,0
sample_7458,27.132232839470092,94.5353458796871,block_54_189,0
sample_7459,26.923667076022937,93.39548824198778,block_53_186,0
sample_7460,25.6215340779105,91.21865423029473,block_51_182,0
sample_7461,25.802736119416362,90.94268535012087,block_51_181,0
sample_7462,28.784162235734232,96.52784573175386,block_57_193,0
sample_7463,26.201713426810695,91.2760242263973,block_52_182,0
sample_7464,23.905717132560756,91.98417225699899,block_47_183,0
sample_7465,26.9092445778212,95.22215210022559,block_53_190,0
sample_7466,26.025096978262546,91.01873939426218,block_52_182,0
sample_7467,27.965032868954893,93.46844084329203,block_55_186,0
sample_7468,28.558707095795157,94.00279637815099,block_57_188,0
sample_7469,26.82082774454943,92.67138346824785,block_53_185,0
sample_7470,23.95762775158046,93.34098022815097,block_47_186,0
sample_7471,26.50547655334757,90.37383552618053,block_53_180,0
sample_7472,29.245504147275323,95.64327656311113,block_58_191,0
sample_7473,26.42406548575611,92.47786065570577,block_52_184,0
sample_7474,23.276395932839556,91.39654837060846,block_46_182,0
sample_7475,27.98987838891032,88.51232016075943,block_55_177,0
sample_7476,26.068529317287297,90.52309432326085,block_52_181,0
sample_7477,27.85741684979773,96.70202941286875,block_55_193,0
sample_7478,26.64513617358168,90.60543376111514,block_53_181,0
sample_7479,26.599170450775517,93.36380074222558,block_53_186,0
sample_7480,23.92719190308207,93.19458846541781,block_47_186,0
sample_7481,26.108197892005087,90.97714726601617,block_52_181,0
sample_7482,24.24455619236431,93.4485931686492,block_48_186,0
sample_7483,26.457844141549472,91.63501095767285,block_52_183,0
sample_7484,24.822013956788602,93.7814974640051,block_49_187,0
sample_7485,24.789236019365504,93.08788744353895,block_49_186,0
sample_7486,25.881908889125246,91.02755215313084,block_51_182,0
sample_7487,25.692644347678502,93.7869956422319,block_51_187,0
sample_7488,28.27046404302597,93.70160699882668,block_56_187,0
sample_7489,24.734504001575107,94.61249004250136,block_49_189,0
sample_7490,26.467246964281365,94.56993114816262,block_52_189,0
sample_7491,26.463310833802463,92.41530243031798,block_52_184,0
sample_7492,24.795379088489376,92.61500023678798,block_49_185,0
sample_7493,27.40375651556618,96.54636753191721,block_54_193,0
sample_7494,23.637031954864593,91.4459906829076,block_47_182,0
sample_7495,26.80206800349422,93.63158907287422,block_53_187,0
sample_7496,28.057080366368687,95.95148394660023,block_56_191,0
sample_7497,25.343566318844427,90.75563641586423,block_50_181,0
sample_7498,24.2681474362789,92.89277491292151,block_48_185,0
sample_7499,27.860398452176838,96.96608550807824,block_55_193,0
sample_7500,27.315220884871188,88.63339176822201,block_54_177,0
sample_7501,27.724257192535433,92.82451154474225,block_55_185,0
sample_7502,28.240527391364054,93.39432632894577,block_56_186,0
sample_7503,26.015164046879004,91.79664554115125,block_52_183,0
sample_7504,26.501930421507254,94.7525450428851,block_53_189,0
sample_7505,27.595009090598744,95.06533386084021,block_55_190,0
sample_7506,25.87837516307989,91.83217594898356,block_51_183,0
sample_7507,25.723959366382985,92.69743096818517,block_51_185,0
sample_7508,26.45846645206087,91.454511892157,block_52_182,0
sample_7509,24.168160555348358,93.68132008686031,block_48_187,0
sample_7510,25.21008528687468,94.00146454910387,block_50_188,0
sample_7511,27.907984696079396,95.0427179330181,block_55_190,0
sample_7512,25.599496333556008,92.38368105367697,block_51_184,0
sample_7513,25.42107471966108,91.90852025613496,block_50_183,0
sample_7514,25.434679571623946,91.63363437159536,block_50_183,0
sample_7515,26.446597142771093,91.33487921296273,block_52_182,0
sample_7516,28.99822656108675,96.1651129496354,block_57_192,0
sample_7517,23.562072861143395,92.8982556990527,block_47_185,0
sample_7518,26.625472304833973,90.67831539555561,block_53_181,0
sample_7519,22.286964259216948,92.85977669287354,block_44_185,0
sample_7520,27.437849751799728,93.32369541045955,block_54_186,0
sample_7521,26.920683588299607,92.1346977194818,block_53_184,0
sample_7522,23.37815018877131,93.35137186065647,block_46_186,0
sample_7523,29.343881815881165,95.99558201289108,block_58_191,0
sample_7524,26.953555396807577,92.95106606083084,block_53_185,0
sample_7525,26.38232482338225,94.41645345704457,block_52_188,0
sample_7526,28.02703609848963,95.31598345509133,block_56_190,0
sample_7527,28.16292435768684,93.21713237987517,block_56_186,0
sample_7528,26.020790462526765,91.41213333665478,block_52_182,0
sample_7529,27.543179123393188,91.94134038482446,block_55_183,0
sample_7530,23.134585612529825,92.52303251114354,block_46_185,0
sample_7531,23.070749163240894,92.44783691314288,block_46_184,0
sample_7532,24.077153693501597,93.73938360633386,block_48_187,0
sample_7533,26.00681543988678,92.63089565655488,block_52_185,0
sample_7534,28.041548544914384,94.09091575464416,block_56_188,0
sample_7535,27.111028940807543,95.77151934042465,block_54_191,0
sample_7536,24.61510381297799,93.37677420394637,block_49_186,0
sample_7537,26.577306645811042,92.94522243644165,block_53_185,0
sample_7538,26.509275267279286,94.47690106084013,block_53_188,0
sample_7539,26.95406517712272,94.53214245172596,block_53_189,0
sample_7540,25.767456680004525,90.7603407334,block_51_181,0
sample_7541,27.12671613418775,93.44514086730024,block_54_186,0
sample_7542,27.361667648405845,92.09214744458257,block_54_184,0
sample_7543,23.494266274619708,92.44834583824954,block_46_184,0
sample_7544,24.920921229990633,94.66593226424008,block_49_189,0
sample_7545,27.218899877355323,88.0699238119292,block_54_176,0
sample_7546,27.852370769141324,96.97032197978828,block_55_193,0
sample_7547,25.06008785894844,92.57680552028043,block_50_185,0
sample_7548,26.905858872227988,94.92352736140857,block_53_189,0
sample_7549,25.737856662855965,92.99016953462726,block_51_185,0
sample_7550,26.554724778547843,93.75491035467843,block_53_187,0
sample_7551,27.365214777673863,93.14295790141685,block_54_186,0
sample_7552,25.994821119126712,95.10427162863688,block_51_190,0
sample_7553,24.99575587271775,93.89420168900345,block_49_187,0
sample_7554,26.390791854962977,92.22315057879824,block_52_184,0
sample_7555,24.182147055681796,94.12931414403282,block_48_188,0
sample_7556,23.916780942921086,92.98898249234763,block_47_185,0
sample_7557,28.089627552301835,93.13753173973575,block_56_186,0
sample_7558,25.067338440747633,92.71646728787073,block_50_185,0
sample_7559,26.7641493677255,90.87831876149527,block_53_181,0
sample_7560,24.397264121077946,93.12359459375861,block_48_186,0
sample_7561,26.021628514348244,93.1575982779772,block_52_186,0
sample_7562,28.536480815134574,96.01848469085073,block_57_192,0
sample_7563,27.81785301457777,95.46760930068352,block_55_190,0
sample_7564,29.08154945598615,94.81796328553065,block_58_189,0
sample_7565,22.687127340847926,92.81674566040266,block_45_185,0
sample_7566,27.778321689786715,95.02870282646369,block_55_190,0
sample_7567,27.758376525936157,91.6403906526328,block_55_183,0
sample_7568,26.830247868406136,91.90601661389684,block_53_183,0
sample_7569,28.265145287338846,97.11408705981523,block_56_194,0
sample_7570,28.306970121930746,93.58969582239415,block_56_187,0
sample_7571,22.931854295716185,92.64684683832303,block_45_185,0
sample_7572,24.489345321879707,93.87449755237844,block_48_187,0
sample_7573,22.465419106267277,92.99104588642405,block_44_185,0
sample_7574,26.081583748286878,93.08827951239012,block_52_186,0
sample_7575,28.430319608788487,95.62882475778797,block_56_191,0
sample_7576,26.07191740503602,93.42720167920608,block_52_186,0
sample_7577,26.09798726886539,90.79693296063017,block_52_181,0
sample_7578,28.704476176706986,95.07163815013618,block_57_190,0
sample_7579,25.093300794858877,94.18423661390473,block_50_188,0
sample_7580,24.64457431350286,93.09446547780018,block_49_186,0
sample_7581,26.828491751686034,93.34874311526534,block_53_186,0
sample_7582,28.48686067156077,93.92988544430683,block_56_187,0
sample_7583,29.175415833656004,96.11995778691033,block_58_192,0
sample_7584,23.36278563045109,92.96114277207434,block_46_185,0
sample_7585,27.45751888266738,94.4302407854077,block_54_188,0
sample_7586,26.85408277509777,94.74202314496993,block_53_189,0
sample_7587,27.870540861313458,96.1667307352,block_55_192,0
sample_7588,26.912353729779877,94.39495656330591,block_53_188,0
sample_7589,28.42166325744551,94.22565340609867,block_56_188,0
sample_7590,25.22462622502367,90.36984587780192,block_50_180,0
sample_7591,27.83858746555387,95.83668637842065,block_55_191,0
sample_7592,27.58726479922594,92.92825075922374,block_55_185,0
sample_7593,28.279956561505404,97.05697686129506,block_56_194,0
sample_7594,23.949260148551186,92.5152927016714,block_47_185,0
sample_7595,27.835659380120035,94.06507136350486,block_55_188,0
sample_7596,26.09327384437399,94.03375188841952,block_52_188,0
sample_7597,25.825252000062957,90.91604146820447,block_51_181,0
sample_7598,28.978424357066174,96.04499147808392,block_57_192,0
sample_7599,27.141247116398944,93.20640044022669,block_54_186,0
sample_7600,26.355061905949913,93.91116220636938,block_52_187,0
sample_7601,26.1956391206873,91.35474254863892,block_52_182,0
sample_7602,24.787403508917198,93.87142071161364,block_49_187,0
sample_7603,27.667841609067246,93.00536827545042,block_55_186,0
sample_7604,23.457691070063632,91.87618282458796,block_46_183,0
sample_7605,28.6624918953982,96.39516572628465,block_57_192,0
sample_7606,27.572774791577555,96.81975411588373,block_55_193,0
sample_7607,23.733195992825152,92.47451718059607,block_47_184,0
sample_7608,27.655680636231626,94.84944716438467,block_55_189,0
sample_7609,25.728123453482105,90.15569474170523,block_51_180,0
sample_7610,27.625288148506762,93.22909650014212,block_55_186,0
sample_7611,25.315949294826027,93.8152744014892,block_50_187,0
sample_7612,27.65007935977924,95.15427049112455,block_55_190,0
sample_7613,27.128170177942785,95.8360248824274,block_54_191,0
sample_7614,23.108923420312614,91.55400973760824,block_46_183,0
sample_7615,27.324097296252774,94.7089896918608,block_54_189,0
sample_7616,24.40837460709028,92.25871849864373,block_48_184,0
sample_7617,28.198694103798672,93.58613417006113,block_56_187,0
sample_7618,28.93921966235302,95.50403985571124,block_57_191,0
sample_7619,28.414536065310635,93.26460957456845,block_56_186,0
sample_7620,24.89901359163918,94.10675962610712,block_49_188,0
sample_7621,27.314612209840515,95.67702087812908,block_54_191,0
sample_7622,28.55607303799453,95.51006321004343,block_57_191,0
sample_7623,22.535115907916804,92.93571319470648,block_45_185,0
sample_7624,27.904213819472936,94.56848988518674,block_55_189,0
sample_7625,25.261842111817803,91.96795064789539,block_50_183,0
sample_7626,27.67706091736259,92.33245252927814,block_55_184,0
sample_7627,28.040588248085214,93.50690106423195,block_56_187,0
sample_7628,27.85573758480427,93.06689458703211,block_55_186,0
sample_7629,27.588385255349365,93.6857852760174,block_55_187,0
sample_7630,24.27761459708767,94.31847846271457,block_48_188,0
sample_7631,27.939640695962076,92.73778886697222,block_55_185,0
sample_7632,23.110485835718418,93.13028719305991,block_46_186,0
sample_7633,26.004101491149626,90.69952774358323,block_52_181,0
sample_7634,24.09622667886881,93.84355665601875,block_48_187,0
sample_7635,23.766657585442122,91.24631032932311,block_47_182,0
sample_7636,25.820769355376086,92.98233107931622,block_51_185,0
sample_7637,24.979393443991846,93.29221416529758,block_49_186,0
sample_7638,23.480165513060708,91.85572456165973,block_46_183,0
sample_7639,28.405794699996612,93.2476663151698,block_56_186,0
sample_7640,26.654395907915873,90.43141929838232,block_53_180,0
sample_7641,26.6049676057105,90.77442045676933,block_53_181,0
sample_7642,23.198620626070337,93.37135202783905,block_46_186,0
sample_7643,26.988163351036906,94.86718667663983,block_53_189,0
sample_7644,23.744643287984953,91.94611730658194,block_47_183,0
sample_7645,27.4117369564049,92.96621783115236,block_54_185,0
sample_7646,27.81504079039439,88.77238180445488,block_55_177,0
sample_7647,28.538175862356418,95.72714702388444,block_57_191,0
sample_7648,27.60222654968391,95.12198526510412,block_55_190,0
sample_7649,27.767480415974443,94.8693326892277,block_55_189,0
sample_7650,24.69962563391752,93.22724903490855,block_49_186,0
sample_7651,27.884035421466223,93.11715240966011,block_55_186,0
sample_7652,26.50906936686103,89.86701750208665,block_53_179,0
sample_7653,26.409214543512327,93.930211800192,block_52_187,0
sample_7654,28.396582837880825,94.79959165843056,block_56_189,0
sample_7655,26.550251270728463,92.74593257955212,block_53_185,0
sample_7656,25.70519465896246,91.82765646369596,block_51_183,0
sample_7657,23.75733235502105,91.54653655691601,block_47_183,0
sample_7658,25.48927488952826,94.60668287184168,block_50_189,0
sample_7659,23.52413341535171,91.4583055565624,block_47_182,0
sample_7660,24.079954895580606,93.06875568439878,block_48_186,0
sample_7661,23.6164150607456,91.73182006613129,block_47_183,0
sample_7662,26.35783383740955,95.11129916437842,block_52_190,0
sample_7663,27.39445078669752,96.85104129781206,block_54_193,0
sample_7664,26.509919334761282,92.75501433305513,block_53_185,0
sample_7665,24.134007711622107,92.88499428659222,block_48_185,0
sample_7666,28.204831361680874,93.92649280130706,block_56_187,0
sample_7667,25.64205402665214,91.71766757391016,block_51_183,0
sample_7668,23.444184782699107,91.67154355004136,block_46_183,0
sample_7669,26.24751543720573,92.56262955582109,block_52_185,0
sample_7670,27.93296641119834,97.26038084481539,block_55_194,0
sample_7671,28.836704493926394,94.92458630801003,block_57_189,0
sample_7672,25.917420481423765,91.83009812856864,block_51_183,0
sample_7673,28.14915216238002,92.76955504016193,block_56_185,0
sample_7674,24.96169850637959,93.6197934332335,block_49_187,0
sample_7675,25.097608195441786,93.87014868396166,block_50_187,0
sample_7676,28.041332447950516,96.17405192059931,block_56_192,0
sample_7677,26.777294827963534,95.13924965741427,block_53_190,0
sample_7678,27.56974448521556,94.35354098361601,block_55_188,0
sample_7679,27.684241439829705,96.02950032419191,block_55_192,0
sample_7680,26.302524823838105,93.98570385387683,block_52_187,0
sample_7681,26.196583023536014,90.76743051856734,block_52_181,0
sample_7682,27.769476215566186,96.34098105065657,block_55_192,0
sample_7683,28.27781645901908,95.58652769105164,block_56_191,0
sample_7684,25.37457937452805,91.9264143864812,block_50_183,0
sample_7685,28.676216949760573,94.03419797982797,block_57_188,0
sample_7686,28.799736103040672,94.11178212533326,block_57_188,0
sample_7687,26.895169770849492,93.27484093394813,block_53_186,0
sample_7688,28.014847991259284,95.37031487959682,block_56_190,0
sample_7689,26.084666020471584,93.38538480368244,block_52_186,0
sample_7690,24.5198524198877,93.92531662944228,block_49_187,0
sample_7691,28.605380269195535,95.20501544467132,block_57_190,0
sample_7692,27.775900867295597,95.98777726430367,block_55_191,0
sample_7693,28.39524061250576,95.82578164053479,block_56_191,0
sample_7694,25.805629412086947,93.64368894899134,block_51_187,0
sample_7695,28.15906012779581,95.7392529653894,block_56_191,0
sample_7696,27.506750652511307,88.51064122959589,block_55_177,0
sample_7697,26.326714521762877,92.16714801218724,block_52_184,0
sample_7698,27.328796806680224,92.22083581032675,block_54_184,0
sample_7699,28.458923902575002,94.31109819726848,block_56_188,0
sample_7700,26.431971274634208,91.23877454089335,block_52_182,0
sample_7701,28.530607412307823,94.81488877146441,block_57_189,0
sample_7702,28.177645817424796,96.67459166656471,block_56_193,0
sample_7703,28.798048174742412,94.37350735184232,block_57_188,0
sample_7704,25.454730592427293,93.13346020274085,block_50_186,0
sample_7705,24.233946693025153,93.57001722650477,block_48_187,0
sample_7706,25.176814056135544,90.6767498668457,block_50_181,0
sample_7707,27.083570422984337,95.8208039503931,block_54_191,0
sample_7708,24.92753279190529,93.0213091002245,block_49_186,0
sample_7709,28.95039802400378,96.50740225727952,block_57_193,0
sample_7710,27.530965089880823,92.69678808057604,block_55_185,0
sample_7711,23.369728997233118,92.88259020706641,block_46_185,0
sample_7712,26.050550545640625,94.90475093126018,block_52_189,0
sample_7713,25.63392445118277,94.87354816388878,block_51_189,0
sample_7714,26.50935506320205,90.19832643362923,block_53_180,0
sample_7715,28.56248727495886,95.97191507401931,block_57_191,0
sample_7716,27.870618412952325,93.53294896423239,block_55_187,0
sample_7717,25.34716028895409,94.58104853312847,block_50_189,0
sample_7718,23.69321937592607,91.80779607051467,block_47_183,0
sample_7719,29.02164659498071,94.45542643733428,block_58_188,0
sample_7720,26.23669881712239,91.07748992396854,block_52_182,0
sample_7721,23.94073285600294,92.04163410559526,block_47_184,0
sample_7722,26.5281056204298,90.71475844505045,block_53_181,0
sample_7723,27.445239604610748,94.22574764574007,block_54_188,0
sample_7724,26.44649394040784,94.49922044841387,block_52_188,0
sample_7725,25.75594537082984,90.74355554502222,block_51_181,0
sample_7726,25.334163805530224,93.12950844742974,block_50_186,0
sample_7727,28.83818224871215,94.53563541289739,block_57_189,0
sample_7728,25.25468223912015,91.35521597625542,block_50_182,0
sample_7729,26.578429825866586,90.58406041693847,block_53_181,0
sample_7730,27.829884247427717,97.05712220051757,block_55_194,0
sample_7731,25.944699538817858,91.61405936699049,block_51_183,0
sample_7732,26.283712484618775,92.64272731352898,block_52_185,0
sample_7733,27.598210047857222,95.43096330945994,block_55_190,0
sample_7734,25.9442690701688,94.40668969101635,block_51_188,0
sample_7735,27.085774322983035,95.44860920483119,block_54_190,0
sample_7736,24.7019749700593,94.53771529891846,block_49_189,0
sample_7737,28.610955502295663,94.2375590593393,block_57_188,0
sample_7738,28.49518515421983,95.1023311938945,block_56_190,0
sample_7739,24.42226467736553,92.2923732262136,block_48_184,0
sample_7740,23.28742590472217,92.92169782888763,block_46_185,0
sample_7741,25.40121220433206,91.70422985437071,block_50_183,0
sample_7742,27.094794473413703,94.94998891662732,block_54_189,0
sample_7743,28.335247683870186,95.42162987648713,block_56_190,0
sample_7744,27.68738637989721,94.79075590893763,block_55_189,0
sample_7745,26.52032555297604,94.45251226930684,block_53_188,0
sample_7746,25.60703968908507,94.39296881780524,block_51_188,0
sample_7747,25.793557505793103,93.42346705273086,block_51_186,0
sample_7748,22.256362750481987,92.90250037037157,block_44_185,0
sample_7749,27.255614475425148,93.47058341815001,block_54_186,0
sample_7750,25.347943157085567,91.07161760910924,block_50_182,0
sample_7751,28.634351530894293,95.6848648692902,block_57_191,0
sample_7752,25.886388319284258,90.23859906575646,block_51_180,0
sample_7753,27.198156977954262,94.04713320391176,block_54_188,0
sample_7754,27.92265241937519,88.33080658538294,block_55_176,0
sample_7755,24.589332259801537,92.2923499613968,block_49_184,0
sample_7756,25.53290503957213,90.55381105090137,block_51_181,0
sample_7757,28.049143929317488,95.60828238198962,block_56_191,0
sample_7758,25.318325499413557,92.15669400414569,block_50_184,0
sample_7759,26.986792168953006,93.08868492798821,block_53_186,0
sample_7760,24.48047514237424,93.53021946375421,block_48_187,0
sample_7761,28.367699855920357,96.2954059479414,block_56_192,0
sample_7762,28.568025182755385,96.30099022177816,block_57_192,0
sample_7763,28.185779271122627,95.51353376108557,block_56_191,0
sample_7764,26.710839048290175,93.22213287754847,block_53_186,0
sample_7765,26.743645894490854,92.14599997074896,block_53_184,0
sample_7766,24.683835214594904,92.84395178896953,block_49_185,0
sample_7767,23.154449464594617,92.4336109906274,block_46_184,0
sample_7768,24.660224234100532,93.90070457232687,block_49_187,0
sample_7769,25.577133469515044,91.56175027679426,block_51_183,0
sample_7770,24.37330021472713,93.81494824326188,block_48_187,0
sample_7771,26.990360155988114,92.26358885016055,block_53_184,0
sample_7772,28.936041834131515,94.1607232069672,block_57_188,0
sample_7773,26.208247075328792,93.77920649657045,block_52_187,0
sample_7774,27.53155877538581,96.2866518751473,block_55_192,0
sample_7775,29.160598996029467,94.8883682088162,block_58_189,0
sample_7776,27.975462511814055,94.17812276502218,block_55_188,0
sample_7777,26.34734319875209,94.0193606082355,block_52_188,0
sample_7778,26.86522946926997,94.60322035150993,block_53_189,0
sample_7779,26.12517543987699,90.89577730527309,block_52_181,0
sample_7780,25.07585300302796,92.59757032255075,block_50_185,0
sample_7781,26.799009319536452,94.92888038151267,block_53_189,0
sample_7782,28.061802319015474,95.2843510022931,block_56_190,0
sample_7783,26.54521758435466,94.81527988385336,block_53_189,0
sample_7784,28.169004726740518,96.08977382833733,block_56_192,0
sample_7785,25.90520052403988,92.67838857886484,block_51_185,0
sample_7786,22.755099478574117,92.60907847772863,block_45_185,0
sample_7787,27.908451675760976,96.11199471138666,block_55_192,0
sample_7788,26.111996138960013,93.701851675077,block_52_187,0
sample_7789,25.84154237379358,92.75560471205456,block_51_185,0
sample_7790,26.223801944640364,91.28354146201771,block_52_182,0
sample_7791,26.744446209564213,91.70685021198128,block_53_183,0
sample_7792,28.091512730361973,96.0387448882009,block_56_192,0
sample_7793,27.822075902254504,94.85980834553524,block_55_189,0
sample_7794,26.360284293402096,91.27352695049106,block_52_182,0
sample_7795,25.47273424437734,89.97792078149074,block_50_179,0
sample_7796,27.223055190569657,92.32724071782118,block_54_184,0
sample_7797,25.445801390113047,94.20571843618579,block_50_188,0
sample_7798,27.675635121211712,96.76458266777944,block_55_193,0
sample_7799,27.445575103365467,88.34801643460955,block_54_176,0
sample_7800,26.246317212749858,92.05561638753612,block_52_184,0
sample_7801,24.463580199955807,93.0397955129001,block_48_186,0
sample_7802,26.91856286048268,92.28022656229057,block_53_184,0
sample_7803,28.56423111151973,95.62583666617999,block_57_191,0
sample_7804,27.902761195925905,94.42059214048808,block_55_188,0
sample_7805,26.39464922153778,94.5858815249846,block_52_189,0
sample_7806,27.383963958112645,95.89267298456409,block_54_191,0
sample_7807,27.178660440700405,92.66764577732117,block_54_185,0
sample_7808,23.99351071305386,91.98430394225261,block_47_183,0
sample_7809,28.64957746896226,95.31809798380735,block_57_190,0
sample_7810,23.654131637790915,92.6516566441398,block_47_185,0
sample_7811,24.03863076296418,94.1108861407968,block_48_188,0
sample_7812,28.191034059802163,94.4338177229338,block_56_188,0
sample_7813,24.982104030773616,92.66603809524794,block_49_185,0
sample_7814,28.84796981990289,94.01448362949381,block_57_188,0
sample_7815,25.265373239553973,94.36444362041932,block_50_188,0
sample_7816,27.745592243229396,95.49423510257785,block_55_190,0
sample_7817,27.923227402087694,93.20612749875038,block_55_186,0
sample_7818,23.13024511352867,92.85303118974463,block_46_185,0
sample_7819,26.03723201230005,92.85840809580554,block_52_185,0
sample_7820,28.07375487032085,94.29982803793767,block_56_188,0
sample_7821,29.303928874467793,94.6204554540779,block_58_189,0
sample_7822,25.42226054550488,89.83756607009927,block_50_179,0
sample_7823,25.940856857087272,92.96434986261906,block_51_185,0
sample_7824,25.16408535935594,90.38535015183714,block_50_180,0
sample_7825,23.422778673566253,91.7842506145827,block_46_183,0
sample_7826,28.151649398766324,96.64288840460897,block_56_193,0
sample_7827,25.240019394509243,90.38967864722244,block_50_180,0
sample_7828,26.347118625692772,92.93138960496448,block_52_185,0
sample_7829,28.21326708384221,94.57508618999456,block_56_189,0
sample_7830,24.410521280497058,93.53955341156106,block_48_187,0
sample_7831,27.63872996952657,95.47397190701147,block_55_190,0
sample_7832,26.878784272048442,93.50430724187157,block_53_187,0
sample_7833,27.6553829619251,96.06445097662933,block_55_192,0
sample_7834,26.696166772342693,90.53382882920792,block_53_181,0
sample_7835,27.861878461451205,88.39759110064733,block_55_176,0
sample_7836,26.540243859792156,92.71725870040238,block_53_185,0
sample_7837,28.208995250942507,95.72408963345673,block_56_191,0
sample_7838,26.75550012662987,94.09145299056259,block_53_188,0
sample_7839,24.123881736216106,91.86233978223736,block_48_183,0
sample_7840,26.422922192493115,93.47892102259061,block_52_186,0
sample_7841,29.07222758976087,95.51234685321651,block_58_191,0
sample_7842,27.607035108473838,93.3726871745421,block_55_186,0
sample_7843,27.828299641935665,92.21665448447932,block_55_184,0
sample_7844,27.455271163252966,93.05251706789662,block_54_186,0
sample_7845,28.096423383315273,96.00316549438035,block_56_192,0
sample_7846,25.246687318318674,92.76437108601417,block_50_185,0
sample_7847,25.50473803604771,92.44878741253831,block_51_184,0
sample_7848,28.6715236052692,94.3388003504361,block_57_188,0
sample_7849,26.45925300341199,91.98066046134439,block_52_183,0
sample_7850,29.06885322923039,94.3005959461929,block_58_188,0
sample_7851,28.344286084370548,94.24708421358953,block_56_188,0
sample_7852,28.73686110223863,94.03787202635593,block_57_188,0
sample_7853,28.692597360495085,94.49474618435046,block_57_188,0
sample_7854,26.1422259159639,91.13308499153655,block_52_182,0
sample_7855,28.428349233542143,94.19113288893006,block_56_188,0
sample_7856,28.939325928720883,94.59890369335375,block_57_189,0
sample_7857,24.05110389252497,93.73235313696681,block_48_187,0
sample_7858,27.67637405878306,95.75988616589436,block_55_191,0
sample_7859,24.990395278421424,93.10062477692286,block_49_186,0
sample_7860,22.850438499470123,92.7238087616564,block_45_185,0
sample_7861,23.587219628847972,93.02544751585444,block_47_186,0
sample_7862,25.948546159973944,92.71700259404443,block_51_185,0
sample_7863,27.62200410669141,92.18463859452501,block_55_184,0
sample_7864,26.275701878353498,91.99419568633523,block_52_183,0
sample_7865,28.20569152875536,93.51308062987746,block_56_187,0
sample_7866,27.650833376914857,94.81284602086157,block_55_189,0
sample_7867,23.834295216510096,93.22916148009755,block_47_186,0
sample_7868,27.58116570485037,95.26055876797736,block_55_190,0
sample_7869,25.99062511292534,95.07827671422243,block_51_190,0
sample_7870,26.691700597985943,93.13902115587736,block_53_186,0
sample_7871,29.168838403354613,94.85716619213525,block_58_189,0
sample_7872,27.883304179617788,95.89350553355077,block_55_191,0
sample_7873,26.048954138223877,93.79480076308384,block_52_187,0
sample_7874,24.908289507726153,93.81432390932582,block_49_187,0
sample_7875,24.283023101890105,94.20312207537461,block_48_188,0
sample_7876,27.39010007495598,94.38751661999126,block_54_188,0
sample_7877,28.227182559144865,93.05548420753658,block_56_186,0
sample_7878,27.76182218357786,95.59053670102304,block_55_191,0
sample_7879,25.022000913445414,94.66795228188943,block_50_189,0
sample_7880,23.87528058953709,91.50045072313578,block_47_183,0
sample_7881,22.932739268766504,92.98531681843089,block_45_185,0
sample_7882,27.869930211179145,94.9612646452986,block_55_189,0
sample_7883,26.1313180376721,92.08813532482532,block_52_184,0
sample_7884,24.261639827430855,91.9817524055591,block_48_183,0
sample_7885,28.55673090888246,95.36282360575778,block_57_190,0
sample_7886,25.082378185968516,94.58562515615218,block_50_189,0
sample_7887,24.438415823785537,93.71745736347154,block_48_187,0
sample_7888,27.18042340489147,94.34751497506842,block_54_188,0
sample_7889,27.174017186392064,92.45511523127402,block_54_184,0
sample_7890,26.560875783202984,91.66734903053074,block_53_183,0
sample_7891,25.95390764814841,92.8604533091972,block_51_185,0
sample_7892,25.82365486221788,91.72316101881329,block_51_183,0
sample_7893,28.071116325482055,88.71571308213757,block_56_177,0
sample_7894,27.45139614375605,96.64350445231398,block_54_193,0
sample_7895,22.306381246071837,92.97036174656114,block_44_185,0
sample_7896,25.538285736742186,90.14297388674905,block_51_180,0
sample_7897,24.527466154790673,93.53417669875373,block_49_187,0
sample_7898,22.26551202464962,93.20861173490682,block_44_186,0
sample_7899,25.80682638085407,90.91177171321524,block_51_181,0
sample_7900,27.60895697599248,92.732549281779,block_55_185,0
sample_7901,25.16220314453491,90.87172897708804,block_50_181,0
sample_7902,26.572302289431242,94.92290243410423,block_53_189,0
sample_7903,27.7790077405117,95.18307837947482,block_55_190,0
sample_7904,26.775519033944146,94.97725803378047,block_53_189,0
sample_7905,27.328047499774982,94.15751508998333,block_54_188,0
sample_7906,26.511227991869227,91.63803379420767,block_53_183,0
sample_7907,24.400029970945134,93.97221146991106,block_48_187,0
sample_7908,27.365818221452994,92.7285883918374,block_54_185,0
sample_7909,28.419572399544172,96.1142943708602,block_56_192,0
sample_7910,27.887578326621693,94.95887925458005,block_55_189,0
sample_7911,23.888560992407392,92.01847628133581,block_47_184,0
sample_7912,25.966609641018973,91.39933857821882,block_51_182,0
sample_7913,27.11542711367401,95.10312658069488,block_54_190,0
sample_7914,25.717778112701637,94.2140624687172,block_51_188,0
sample_7915,28.543414328212936,94.91220673492825,block_57_189,0
sample_7916,28.009678905665513,93.33824626241051,block_56_186,0
sample_7917,25.134445672557554,93.51146292507889,block_50_187,0
sample_7918,28.639108578927367,94.4916392045408,block_57_188,0
sample_7919,24.290215799640347,93.44048662341334,block_48_186,0
sample_7920,23.98423046158304,92.2244929075362,block_47_184,0
sample_7921,27.439635359476263,93.6232432281986,block_54_187,0
sample_7922,27.58251234086344,91.58458201496633,block_55_183,0
sample_7923,28.7746450807779,95.8174305843817,block_57_191,0
sample_7924,26.830100865069923,93.56849321295013,block_53_187,0
sample_7925,26.912435440553445,92.69971026541879,block_53_185,0
sample_7926,27.003195048835508,93.24621906462143,block_54_186,0
sample_7927,25.56766763106259,91.95871752769173,block_51_183,0
sample_7928,27.608171059376755,96.04841676781413,block_55_192,0
sample_7929,27.9048016871676,88.3277705642157,block_55_176,0
sample_7930,26.371279827370042,92.11282782435758,block_52_184,0
sample_7931,27.136640226469833,92.09756959131954,block_54_184,0
sample_7932,28.038997714201802,93.09154613498562,block_56_186,0
sample_7933,27.770437025289716,92.41267750706078,block_55_184,0
sample_7934,27.774842401362235,95.14596259765092,block_55_190,0
sample_7935,25.960648327430178,93.33419968267721,block_51_186,0
sample_7936,25.912454072974672,93.07539477552787,block_51_186,0
sample_7937,26.14102849827109,92.88836672930745,block_52_185,0
sample_7938,26.770374242128746,95.34693924766059,block_53_190,0
sample_7939,28.35445296855108,93.93196155508295,block_56_187,0
sample_7940,25.403489908167515,91.15477537809811,block_50_182,0
sample_7941,25.400336898107824,92.2950306321189,block_50_184,0
sample_7942,27.266104190689425,94.30706356786759,block_54_188,0
sample_7943,28.244371185465575,93.18340266763973,block_56_186,0
sample_7944,24.030514704424554,93.72038571164042,block_48_187,0
sample_7945,24.440432440436805,93.52376784309605,block_48_187,0
sample_7946,24.13172842289245,92.56940171893184,block_48_185,0
sample_7947,28.211834478381743,94.67688221782828,block_56_189,0
sample_7948,28.932589847977184,96.44567838919468,block_57_192,0
sample_7949,25.39112199324925,89.98595792037577,block_50_179,0
sample_7950,23.138458003018215,93.26390607762076,block_46_186,0
sample_7951,29.084430996584494,95.67817459894029,block_58_191,0
sample_7952,28.92388946322623,95.47150824562335,block_57_190,0
sample_7953,24.73587634300796,92.52582105114732,block_49_185,0
sample_7954,28.588850748028673,94.99236084378985,block_57_189,0
sample_7955,27.93398270121571,88.50045704927791,block_55_177,0
sample_7956,26.228290261587862,89.87632996300006,block_52_179,0
sample_7957,25.16942855202949,90.95075495836558,block_50_181,0
sample_7958,26.16948527549551,91.07595076390946,block_52_182,0
sample_7959,25.45927163914109,93.57512193635203,block_50_187,0
sample_7960,27.72153241692714,91.88614426897112,block_55_183,0
sample_7961,27.927039658123423,92.83790177182509,block_55_185,0
sample_7962,22.973505147012112,92.45686828121941,block_45_184,0
sample_7963,28.01627846332263,95.62280582831164,block_56_191,0
sample_7964,27.412681730674137,88.66479841719496,block_54_177,0
sample_7965,24.573642065283597,93.27791520388041,block_49_186,0
sample_7966,26.541881426162576,90.08472296323822,block_53_180,0
sample_7967,23.292136723714155,92.40175742796494,block_46_184,0
sample_7968,27.855903828211694,94.84669710683424,block_55_189,0
sample_7969,25.227663003994934,92.92576838568631,block_50_185,0
sample_7970,25.927541581240398,91.81293676721465,block_51_183,0
sample_7971,27.963231558344727,93.92784658304635,block_55_187,0
sample_7972,24.43834297361489,92.18785113597856,block_48_184,0
sample_7973,25.276934604684197,90.60098205673744,block_50_181,0
sample_7974,26.611047179626546,91.31292864793971,block_53_182,0
sample_7975,28.16735481376925,93.58422622918886,block_56_187,0
sample_7976,26.01040036023089,91.13308108211864,block_52_182,0
sample_7977,25.649722257107307,94.5784694247622,block_51_189,0
sample_7978,27.452711014519842,94.26117467214958,block_54_188,0
sample_7979,29.062464038904068,94.4105853338332,block_58_188,0
sample_7980,28.98447324363272,94.56714641631149,block_57_189,0
sample_7981,26.875540340069897,94.45209991581056,block_53_188,0
sample_7982,25.424086485219743,93.17699861873288,block_50_186,0
sample_7983,28.973702492485778,94.6579917057286,block_57_189,0
sample_7984,26.383142658493984,91.44188028315295,block_52_182,0
sample_7985,25.749265368640177,94.5680591206227,block_51_189,0
sample_7986,26.024984111481743,93.8924933594931,block_52_187,0
sample_7987,24.74087863872787,93.33057274073657,block_49_186,0
sample_7988,26.289828646921862,94.05477800950916,block_52_188,0
sample_7989,28.846454501950237,95.7479293565935,block_57_191,0
sample_7990,27.350179062323015,92.48850610308364,block_54_184,0
sample_7991,23.736432924646742,92.50243063948278,block_47_185,0
sample_7992,27.34658898683043,96.99031654035566,block_54_193,0
sample_7993,26.932813923606464,93.36059438566726,block_53_186,0
sample_7994,24.09621783443802,93.46189975417822,block_48_186,0
sample_7995,25.629901494714762,91.54358333149828,block_51_183,0
sample_7996,22.70383576967773,93.05004577930904,block_45_186,0
sample_7997,27.502938666825422,88.30031397320617,block_55_176,0
sample_7998,27.708721247978296,93.08553031552127,block_55_186,0
sample_7999,28.414794977743266,96.09061527661264,block_56_192,0
sample_8000,26.411334883124393,91.98087867446124,block_52_183,0
sample_8001,27.959780249479284,96.31659634206906,block_55_192,0
sample_8002,25.410772465714107,92.3556525957981,block_50_184,0
sample_8003,27.87114023079087,92.90918733764289,block_55_185,0
sample_8004,27.11660545156836,93.31610788023438,block_54_186,0
sample_8005,25.723809967321394,89.98749839986851,block_51_179,0
sample_8006,27.1460321172578,92.42218468915155,block_54_184,0
sample_8007,26.489441526840693,90.02990392618914,block_52_180,0
sample_8008,26.06091562391132,91.52911448569127,block_52_183,0
sample_8009,22.31020497791473,93.18127849704969,block_44_186,0
sample_8010,24.008424738932096,92.58038209886543,block_48_185,0
sample_8011,29.021995096127654,94.54125838431058,block_58_189,0
sample_8012,27.348740349230845,92.68145400566047,block_54_185,0
sample_8013,27.355677731887408,88.3894310343713,block_54_176,0
sample_8014,22.62924891296327,93.05032928070354,block_45_186,0
sample_8015,26.446433656524174,91.90767939103232,block_52_183,0
sample_8016,28.61429899169844,94.44640458968158,block_57_188,0
sample_8017,27.541452286858924,92.4149587199558,block_55_184,0
sample_8018,24.773712824102024,93.7163135229367,block_49_187,0
sample_8019,27.59296379137023,92.99032773264345,block_55_185,0
sample_8020,27.538242784985997,95.71907283807928,block_55_191,0
sample_8021,22.80071736269054,92.5763700495029,block_45_185,0
sample_8022,25.708262807314586,91.44878940444522,block_51_182,0
sample_8023,26.13456835094441,91.46459938814556,block_52_182,0
sample_8024,27.623886208722727,96.3746925293017,block_55_192,0
sample_8025,25.79230191492872,91.70093406739292,block_51_183,0
sample_8026,25.251412058892647,92.05596068263242,block_50_184,0
sample_8027,23.60786994631143,91.91822327547986,block_47_183,0
sample_8028,26.874549801770748,94.53700759420751,block_53_189,0
sample_8029,25.956887164604936,92.6341277265694,block_51_185,0
sample_8030,26.59451430995356,94.9551097724891,block_53_189,0
sample_8031,26.465967010995683,94.41736385505277,block_52_188,0
sample_8032,25.940378515366177,90.11418075641924,block_51_180,0
sample_8033,28.095797582447396,95.60381803573317,block_56_191,0
sample_8034,28.24184911832524,95.97439118834984,block_56_191,0
sample_8035,25.920415197284985,91.81327722119615,block_51_183,0
sample_8036,24.71044149818353,92.38890213159176,block_49_184,0
sample_8037,27.431007973604444,96.61169347378905,block_54_193,0
sample_8038,26.184237688266187,90.52449211697405,block_52_181,0
sample_8039,24.41427129842417,92.2631952522169,block_48_184,0
sample_8040,27.767873996234197,96.473985150547,block_55_192,0
sample_8041,24.717463078266487,92.43856849161241,block_49_184,0
sample_8042,26.429178558913804,91.03710714424668,block_52_182,0
sample_8043,26.334761204459824,90.3294363144845,block_52_180,0
sample_8044,27.359796853012654,88.52486347002066,block_54_177,0
sample_8045,26.205941470981642,90.06810074585069,block_52_180,0
sample_8046,29.203984213595827,94.39829442720465,block_58_188,0
sample_8047,29.045114776747745,95.72634539566128,block_58_191,0
sample_8048,23.088779950062005,91.40983220984837,block_46_182,0
sample_8049,28.784411053670148,95.49659849651273,block_57_190,0
sample_8050,26.843700048075846,94.37989853532405,block_53_188,0
sample_8051,22.0923945609883,92.972945575883,block_44_185,0
sample_8052,27.95440802719386,96.22793355714184,block_55_192,0
sample_8053,25.279792752245612,92.2578836742143,block_50_184,0
sample_8054,26.28751584640002,91.76286700524766,block_52_183,0
sample_8055,28.823803216746338,94.06963167620972,block_57_188,0
sample_8056,27.22202130790081,95.66373627359798,block_54_191,0
sample_8057,28.083902628264543,96.76483285462777,block_56_193,0
sample_8058,24.692906076264943,94.10132529050077,block_49_188,0
sample_8059,27.699285097604765,92.97341400070158,block_55_185,0
sample_8060,26.630501233254076,91.3000056092915,block_53_182,0
sample_8061,27.419533050036982,96.04588484134982,block_54_192,0
sample_8062,26.763518396530372,95.24606355024879,block_53_190,0
sample_8063,25.264473966687767,94.57351884983419,block_50_189,0
sample_8064,23.344791245397353,92.90879717224735,block_46_185,0
sample_8065,24.663288367403798,92.4526053271978,block_49_184,0
sample_8066,28.220134553966318,95.34947178161119,block_56_190,0
sample_8067,25.143843235537542,92.76839350082037,block_50_185,0
sample_8068,27.823065327549596,92.49767787220225,block_55_184,0
sample_8069,29.426960434725004,96.06580476434029,block_58_192,0
sample_8070,26.202158775721124,94.7431361277957,block_52_189,0
sample_8071,26.95403079636525,94.4420839379322,block_53_188,0
sample_8072,28.71787516794563,95.42934444537283,block_57_190,0
sample_8073,25.939952066698716,90.55262661375184,block_51_181,0
sample_8074,25.590307905408874,90.9633998986608,block_51_181,0
sample_8075,27.768493590707983,94.14009089976427,block_55_188,0
sample_8076,27.451781538904093,95.43308908399756,block_54_190,0
sample_8077,29.019554522329493,94.20106940740759,block_58_188,0
sample_8078,26.402430536480402,89.98828763332058,block_52_179,0
sample_8079,24.966855897880762,93.00061484519674,block_49_186,0
sample_8080,26.81922372467566,91.81624434397784,block_53_183,0
sample_8081,26.20459967298189,92.91826651737783,block_52_185,0
sample_8082,25.628176173480544,92.5484036458615,block_51_185,0
sample_8083,26.855460796948268,94.34453078797178,block_53_188,0
sample_8084,27.18544183659177,97.06004645515925,block_54_194,0
sample_8085,25.96421520653698,92.46645063384052,block_51_184,0
sample_8086,26.039694347938223,91.3127186226098,block_52_182,0
sample_8087,28.289016533227702,96.79811221029793,block_56_193,0
sample_8088,29.049355101550635,94.43841526637718,block_58_188,0
sample_8089,28.74083009779757,94.56386572803488,block_57_189,0
sample_8090,29.1489782176536,94.31786681574407,block_58_188,0
sample_8091,27.870846602279393,93.98718141874514,block_55_187,0
sample_8092,27.786927624443184,92.57112556987263,block_55_185,0
sample_8093,26.17910672176359,92.2872911894,block_52_184,0
sample_8094,24.946944083741705,93.3805210561273,block_49_186,0
sample_8095,26.19435192676147,93.79471178466702,block_52_187,0
sample_8096,26.411089852014424,94.7587489357203,block_52_189,0
sample_8097,28.385272806782297,93.77236627881095,block_56_187,0
sample_8098,26.15289246132798,93.35721769017306,block_52_186,0
sample_8099,25.203146444893658,90.80624878809095,block_50_181,0
sample_8100,26.377070798418448,95.07802606158057,block_52_190,0
sample_8101,25.32676705246177,90.12830055806225,block_50_180,0
sample_8102,28.594973218808008,96.24449019620738,block_57_192,0
sample_8103,23.90483709969028,92.94275065314221,block_47_185,0
sample_8104,27.037764420803363,94.1793970493698,block_54_188,0
sample_8105,25.09297464024356,93.69112426784434,block_50_187,0
sample_8106,22.775090820634375,92.5001296427833,block_45_185,0
sample_8107,24.01384625961487,92.06867067943224,block_48_184,0
sample_8108,26.32586211982445,93.90324177569809,block_52_187,0
sample_8109,28.28082993613396,97.06011820451751,block_56_194,0
sample_8110,26.120867001588607,92.04429470692584,block_52_184,0
sample_8111,28.02684966176374,96.67336003625724,block_56_193,0
sample_8112,23.884295104177323,91.38866439457219,block_47_182,0
sample_8113,26.019502146434398,91.48727414348531,block_52_182,0
sample_8114,26.303786304289158,92.74168613679443,block_52_185,0
sample_8115,27.167912905875284,95.52936473925045,block_54_191,0
sample_8116,26.84855080235618,94.68110284398315,block_53_189,0
sample_8117,26.936247728685437,92.58057815967985,block_53_185,0
sample_8118,27.93393804441728,95.84632271860659,block_55_191,0
sample_8119,28.09450719840111,93.72931833026267,block_56_187,0
sample_8120,24.03051500624526,91.67392839327754,block_48_183,0
sample_8121,27.446728636535024,95.08658196530824,block_54_190,0
sample_8122,26.6394244732587,90.19746732628049,block_53_180,0
sample_8123,23.82765555607539,92.40339265424869,block_47_184,0
sample_8124,22.979157837457084,92.49684833087714,block_45_184,0
sample_8125,26.5357047754529,95.05849535800523,block_53_190,0
sample_8126,27.748826807463132,95.67100849884585,block_55_191,0
sample_8127,27.922268565012185,88.43866709764544,block_55_176,0
sample_8128,26.005396594476988,92.3094550493371,block_52_184,0
sample_8129,29.093764911508273,95.5158162345466,block_58_191,0
sample_8130,28.05219563569599,95.49333474184853,block_56_190,0
sample_8131,27.388813784295785,96.61314314763591,block_54_193,0
sample_8132,26.78066766287441,94.49524791430538,block_53_188,0
sample_8133,24.634181765188444,93.09126549614568,block_49_186,0
sample_8134,26.679809534008566,91.19109695668831,block_53_182,0
sample_8135,28.000249827384717,93.4983728256095,block_56_186,0
sample_8136,23.835890699572275,92.76705241808479,block_47_185,0
sample_8137,27.520181726816965,96.90325056259044,block_55_193,0
sample_8138,25.589555173316512,93.89568988802797,block_51_187,0
sample_8139,22.258311701611547,92.99060901183012,block_44_185,0
sample_8140,27.54487934014089,88.46996822278447,block_55_176,0
sample_8141,27.17125325705117,95.50061483171007,block_54_191,0
sample_8142,24.579165512227448,93.5249153668677,block_49_187,0
sample_8143,26.607640331172227,90.36710004603701,block_53_180,0
sample_8144,24.597693307357588,93.6228696435123,block_49_187,0
sample_8145,27.487661745635393,96.43555892545425,block_54_192,0
sample_8146,29.084633002783054,95.03531995559153,block_58_190,0
sample_8147,23.79827738459685,93.24102933460023,block_47_186,0
sample_8148,27.061366749076697,94.43993260132181,block_54_188,0
sample_8149,28.806664373608456,94.95635634152474,block_57_189,0
sample_8150,24.137650086697327,92.16249501292234,block_48_184,0
sample_8151,25.71674547187012,92.87451039620862,block_51_185,0
sample_8152,25.76516674871798,93.45303972416384,block_51_186,0
sample_8153,28.43737865123042,93.770186872939,block_56_187,0
sample_8154,24.769176013926117,92.77037629807691,block_49_185,0
sample_8155,24.55514260338562,93.75352789462532,block_49_187,0
sample_8156,27.082219602214412,92.6702508465898,block_54_185,0
sample_8157,24.919183236705166,93.96581187236731,block_49_187,0
sample_8158,26.442768225313834,90.97540461937099,block_52_181,0
sample_8159,26.871310704972814,93.3834234149471,block_53_186,0
sample_8160,27.656626375412852,94.5906353731954,block_55_189,0
sample_8161,28.182677867490163,94.79356673351373,block_56_189,0
sample_8162,26.875729740345136,95.14666131736736,block_53_190,0
sample_8163,28.19915124262875,95.35184309271673,block_56_190,0
sample_8164,24.383046302141945,93.22895697839556,block_48_186,0
sample_8165,25.683492932923553,93.99984090126696,block_51_187,0
sample_8166,27.59190091462449,95.28566544507702,block_55_190,0
sample_8167,27.33292851946675,92.09951590300676,block_54_184,0
sample_8168,26.549180191176465,92.9998368668512,block_53_185,0
sample_8169,27.468815816123346,96.81401252153628,block_54_193,0
sample_8170,28.450229636729773,96.13890633025778,block_56_192,0
sample_8171,24.987509659452506,93.72845742988719,block_49_187,0
sample_8172,29.0154710851236,95.0311599829507,block_58_190,0
sample_8173,27.815485932608095,95.21267987450786,block_55_190,0
sample_8174,28.152025648028804,95.1090932182952,block_56_190,0
sample_8175,28.995074125043292,96.06326895456837,block_57_192,0
sample_8176,28.660468974499025,96.2909328415808,block_57_192,0
sample_8177,28.839187262699543,95.05039982032199,block_57_190,0
sample_8178,25.357056063384835,90.32962230354624,block_50_180,0
sample_8179,22.65353507038209,93.08130404637753,block_45_186,0
sample_8180,27.502515728478567,94.84623532777802,block_55_189,0
sample_8181,27.28267775124316,95.18398614615994,block_54_190,0
sample_8182,24.830884864343602,94.11604061729028,block_49_188,0
sample_8183,24.713778938904145,93.47081102855692,block_49_186,0
sample_8184,27.754466418701845,93.83899716137272,block_55_187,0
sample_8185,28.384538853560624,94.04656412691868,block_56_188,0
sample_8186,26.011735153683432,90.80974064237974,block_52_181,0
sample_8187,28.511069830429957,93.40261376795672,block_57_186,0
sample_8188,26.477814180206494,94.30892725952313,block_52_188,0
sample_8189,25.276966133789145,90.79989831696442,block_50_181,0
sample_8190,25.227832951866958,93.81611736659526,block_50_187,0
sample_8191,25.581677232415316,93.28689713505032,block_51_186,0
sample_8192,26.104668050572545,93.59571655615026,block_52_187,0
sample_8193,23.837316765260248,91.30826734039552,block_47_182,0
sample_8194,26.595332688574658,93.36719861978092,block_53_186,0
sample_8195,27.995068215064105,95.96161095232762,block_55_191,0
sample_8196,24.09621197563117,92.30835412352147,block_48_184,0
sample_8197,25.956151856574813,90.49307832811883,block_51_180,0
sample_8198,28.027146901176785,96.23287983010098,block_56_192,0
sample_8199,28.251276433065428,97.27390060048663,block_56_194,0
sample_8200,25.385975053139344,91.72905162544562,block_50_183,0
sample_8201,24.10307268650729,93.65719553289026,block_48_187,0
sample_8202,23.26147535187194,93.02562809761986,block_46_186,0
sample_8203,23.820236282982872,92.88878450528624,block_47_185,0
sample_8204,28.567174667873548,93.3874633284071,block_57_186,0
sample_8205,26.967355416659316,93.08405676916252,block_53_186,0
sample_8206,27.373549256971984,95.14185953424094,block_54_190,0
sample_8207,28.50773456332842,93.6065380777819,block_57_187,0
sample_8208,24.12515720082741,93.24480661343006,block_48_186,0
sample_8209,25.230889390695722,93.08880567141388,block_50_186,0
sample_8210,25.72016745049426,92.51061228060288,block_51_185,0
sample_8211,27.37970164219456,88.18335336405113,block_54_176,0
sample_8212,25.04978497828707,94.04174712713265,block_50_188,0
sample_8213,27.600913759699026,92.02063185498264,block_55_184,0
sample_8214,26.545741919725458,92.1001668170026,block_53_184,0
sample_8215,25.530419631605188,90.96500796202515,block_51_181,0
sample_8216,26.52831192955486,91.11878105564097,block_53_182,0
sample_8217,26.91528952301445,92.13202215921436,block_53_184,0
sample_8218,22.12343666229777,92.6896970353175,block_44_185,0
sample_8219,26.01299728895098,94.43650240289713,block_52_188,0
sample_8220,24.37517030559463,93.6145046017667,block_48_187,0
sample_8221,26.465945259643775,91.06682132486098,block_52_182,0
sample_8222,27.53176963547945,91.70723261982667,block_55_183,0
sample_8223,27.350196748386388,92.43963339795313,block_54_184,0
sample_8224,26.71313570865482,92.35515566654311,block_53_184,0
sample_8225,25.974144977951713,93.1284313878131,block_51_186,0
sample_8226,23.772493877208902,91.25714747029126,block_47_182,0
sample_8227,26.34186510355256,90.86957409233544,block_52_181,0
sample_8228,25.30660010763422,90.88820934393185,block_50_181,0
sample_8229,26.753577161078617,91.35224688247105,block_53_182,0
sample_8230,25.919825410557394,94.98748907163623,block_51_189,0
sample_8231,28.02391016966004,93.36811504601647,block_56_186,0
sample_8232,24.433612297165368,92.5903056695992,block_48_185,0
sample_8233,25.96079851262396,90.08910805907261,block_51_180,0
sample_8234,27.439932934350065,92.53673066671475,block_54_185,0
sample_8235,28.023905232252865,92.81146402560192,block_56_185,0
sample_8236,25.535582931553837,90.74985121655936,block_51_181,0
sample_8237,27.48767706783004,92.1613149760491,block_54_184,0
sample_8238,28.048948489285465,93.53519313754245,block_56_187,0
sample_8239,23.49524111586517,91.7229055053263,block_46_183,0
sample_8240,26.366221864484018,93.41056254219528,block_52_186,0
sample_8241,28.653806952075186,93.91358686135969,block_57_187,0
sample_8242,24.495058381558977,93.73015901090871,block_48_187,0
sample_8243,25.945221451866537,93.20857370494808,block_51_186,0
sample_8244,25.545648262887077,93.42793075859132,block_51_186,0
sample_8245,25.937817034758616,90.19915390779828,block_51_180,0
sample_8246,28.976540243600024,94.66338027566357,block_57_189,0
sample_8247,27.608227580321127,96.46887367732899,block_55_192,0
sample_8248,26.991938780803594,94.80745316522956,block_53_189,0
sample_8249,26.329575833807976,92.11757996383717,block_52_184,0
sample_8250,28.161527638815272,96.36442963487369,block_56_192,0
sample_8251,24.548824037106158,92.88705330035339,block_49_185,0
sample_8252,29.085403725051705,94.97383420649858,block_58_189,0
sample_8253,28.32753545937777,95.8827614463523,block_56_191,0
sample_8254,24.39406311887992,93.45763528327448,block_48_186,0
sample_8255,28.933348084228925,95.62232073194896,block_57_191,0
sample_8256,27.903297469173793,95.47116732376865,block_55_190,0
sample_8257,23.466441181551296,92.66559359393392,block_46_185,0
sample_8258,24.8732614358032,92.91967861641366,block_49_185,0
sample_8259,27.941443826933824,94.17289700373297,block_55_188,0
sample_8260,28.485144151316128,95.9308743802404,block_56_191,0
sample_8261,26.285900669970772,91.48182134156566,block_52_182,0
sample_8262,24.279415387349594,92.74317010388921,block_48_185,0
sample_8263,27.606520642020353,95.09271516640467,block_55_190,0
sample_8264,27.742896735330092,94.28799799526571,block_55_188,0
sample_8265,27.39865278633012,88.39726783927752,block_54_176,0
sample_8266,22.348938143585933,92.99251662853395,block_44_185,0
sample_8267,28.18027353335982,95.49745031259958,block_56_190,0
sample_8268,28.402447964380624,94.74148128149182,block_56_189,0
sample_8269,27.198415974099696,95.39796728633895,block_54_190,0
sample_8270,25.67103905948159,91.56367769480306,block_51_183,0
sample_8271,25.773393206870153,93.63608821160247,block_51_187,0
sample_8272,26.21945952076189,89.96446645647556,block_52_179,0
sample_8273,27.25279025773756,93.8903344969326,block_54_187,0
sample_8274,29.321948654276845,95.91060907786593,block_58_191,0
sample_8275,25.16953373168887,91.44714968017466,block_50_182,0
sample_8276,28.441883746775524,95.71186675675506,block_56_191,0
sample_8277,23.719506788584233,92.58102807656034,block_47_185,0
sample_8278,24.105347611534256,91.6931414037293,block_48_183,0
sample_8279,26.039737279103772,91.96514756805915,block_52_183,0
sample_8280,24.141888020529432,92.89965610781867,block_48_185,0
sample_8281,26.986519028675893,93.14051161267975,block_53_186,0
sample_8282,27.040884790245222,92.26090381213245,block_54_184,0
sample_8283,25.919400955273446,93.44270916552259,block_51_186,0
sample_8284,25.664258014084417,90.44520064692662,block_51_180,0
sample_8285,27.646903125496827,96.62396165279442,block_55_193,0
sample_8286,28.43802967527339,93.89094405973543,block_56_187,0
sample_8287,23.22012304749945,92.75316934618252,block_46_185,0
sample_8288,26.56386229298652,92.27084062839636,block_53_184,0
sample_8289,27.27253016384083,95.81288663309415,block_54_191,0
sample_8290,27.728586188687007,93.05379320112613,block_55_186,0
sample_8291,25.63129585189352,92.26301987394163,block_51_184,0
sample_8292,27.895154982827627,95.12105422025343,block_55_190,0
sample_8293,28.277492287188494,95.71515274306608,block_56_191,0
sample_8294,27.795013441729612,95.1972661360547,block_55_190,0
sample_8295,25.649974268392867,93.15474109960346,block_51_186,0
sample_8296,23.67867682896415,91.80420799754015,block_47_183,0
sample_8297,27.68345512456605,92.22536697336206,block_55_184,0
sample_8298,27.35269695568128,93.68740281400898,block_54_187,0
sample_8299,28.17687539488493,96.2094679857778,block_56_192,0
sample_8300,24.606356065136175,92.34115772440386,block_49_184,0
sample_8301,27.145073722005517,94.48099024266536,block_54_188,0
sample_8302,28.285434071618102,94.04651754131663,block_56_188,0
sample_8303,27.60496167321178,93.11346972845428,block_55_186,0
sample_8304,25.438682301446985,93.52138808417159,block_50_187,0
sample_8305,27.48887818933248,92.46189276143625,block_54_184,0
sample_8306,28.478181158699794,93.39876080769758,block_56_186,0
sample_8307,28.664561644745014,94.06945006348506,block_57_188,0
sample_8308,23.52628541372846,91.94063054276243,block_47_183,0
sample_8309,26.24143342330285,89.84798243676975,block_52_179,0
sample_8310,25.406601015053898,93.7841578106426,block_50_187,0
sample_8311,22.213549006347783,92.78757124872932,block_44_185,0
sample_8312,28.622956199752807,94.1578081776542,block_57_188,0
sample_8313,27.778402248940548,94.98872621678278,block_55_189,0
sample_8314,28.038847407291502,97.06548257502158,block_56_194,0
sample_8315,28.170399464029295,95.14001694496292,block_56_190,0
sample_8316,27.467519707570627,96.80328064892142,block_54_193,0
sample_8317,27.451232777009412,93.48340579236309,block_54_186,0
sample_8318,26.775801247014666,91.31934909499122,block_53_182,0
sample_8319,27.37352072771381,88.2266005614609,block_54_176,0
sample_8320,29.104941345912163,95.77531568188364,block_58_191,0
sample_8321,24.629086244411994,93.07646904362069,block_49_186,0
sample_8322,26.007743766117102,91.803272093368,block_52_183,0
sample_8323,26.510542327893795,93.0370898941012,block_53_186,0
sample_8324,25.043541478665727,92.50231326391119,block_50_185,0
sample_8325,25.70151914949673,90.53080222854345,block_51_181,0
sample_8326,27.593930895279954,92.12022678938601,block_55_184,0
sample_8327,27.70709383801414,96.77292568195217,block_55_193,0
sample_8328,27.740865507665106,96.85844395876052,block_55_193,0
sample_8329,25.77494747431242,90.54193878636544,block_51_181,0
sample_8330,27.329560834938217,88.09144642934815,block_54_176,0
sample_8331,27.550450395972142,92.62167897560747,block_55_185,0
sample_8332,22.038120166725907,92.87857321458229,block_44_185,0
sample_8333,27.622561133164965,93.90109059982986,block_55_187,0
sample_8334,27.540450643902165,93.47053932643375,block_55_186,0
sample_8335,27.423343240430327,94.95611877988124,block_54_189,0
sample_8336,26.59509697213727,91.64912307175786,block_53_183,0
sample_8337,26.017505356991222,94.89071943287762,block_52_189,0
sample_8338,25.548219677804482,90.42532428243737,block_51_180,0
sample_8339,28.90233111482197,95.66979508926632,block_57_191,0
sample_8340,28.246248092180643,96.95906722537646,block_56_193,0
sample_8341,26.932361291284714,93.21978206090749,block_53_186,0
sample_8342,26.514792657933768,90.3535988618717,block_53_180,0
sample_8343,26.323235457899703,94.61810416854456,block_52_189,0
sample_8344,28.59738277863051,94.7775666933559,block_57_189,0
sample_8345,28.056861170072267,94.63959570406314,block_56_189,0
sample_8346,26.85989878245399,92.8253859117578,block_53_185,0
sample_8347,25.9346762168001,92.70749287560642,block_51_185,0
sample_8348,27.764080422044575,96.9339269959271,block_55_193,0
sample_8349,26.092619560131936,91.12094626283287,block_52_182,0
sample_8350,26.072035590433217,94.45421518486384,block_52_188,0
sample_8351,27.875893539188464,97.16079664883928,block_55_194,0
sample_8352,26.16783776165174,92.91029295733011,block_52_185,0
sample_8353,27.397887759508475,95.00899353272713,block_54_190,0
sample_8354,25.945872186396336,91.51805584511435,block_51_183,0
sample_8355,25.682964530507153,92.03620228239242,block_51_184,0
sample_8356,28.093215154606618,96.37733158369977,block_56_192,0
sample_8357,28.842192669205428,95.08684238069027,block_57_190,0
sample_8358,26.62749814294022,91.12922516334072,block_53_182,0
sample_8359,27.550764835394745,93.88366233438651,block_55_187,0
sample_8360,23.685076187982332,93.24834212239358,block_47_186,0
sample_8361,25.10610368722203,92.61698893302848,block_50_185,0
sample_8362,29.045529538509715,95.11450560506161,block_58_190,0
sample_8363,26.63894438319082,92.44906684004192,block_53_184,0
sample_8364,28.207006912022447,94.22647974864134,block_56_188,0
sample_8365,26.29417632860452,94.00765228384971,block_52_188,0
sample_8366,25.777975174077906,92.70562633810101,block_51_185,0
sample_8367,28.467117560403434,95.62993324375945,block_56_191,0
sample_8368,28.119538502904433,95.20430037798742,block_56_190,0
sample_8369,26.083277402895238,92.99324631526669,block_52_185,0
sample_8370,27.896058152504278,92.70416226848704,block_55_185,0
sample_8371,28.46640059516166,95.57914058626025,block_56_191,0
sample_8372,27.402518967481505,92.96540983809592,block_54_185,0
sample_8373,27.447853977070274,96.19957352242784,block_54_192,0
sample_8374,27.581292885181686,93.54312366495114,block_55_187,0
sample_8375,27.68025309969843,96.83512343864828,block_55_193,0
sample_8376,27.609544497197454,88.47872826147474,block_55_176,0
sample_8377,27.03756742619675,95.86893717326389,block_54_191,0
sample_8378,22.945773839379555,92.39903085699824,block_45_184,0
sample_8379,27.6794412227527,94.72155339964448,block_55_189,0
sample_8380,26.85012201333335,94.28981895566278,block_53_188,0
sample_8381,25.220673023984226,94.48687928105076,block_50_188,0
sample_8382,27.589115368880204,96.24823565980216,block_55_192,0
sample_8383,27.49207908568788,95.8840578960015,block_54_191,0
sample_8384,28.699333315091263,95.74044344846011,block_57_191,0
sample_8385,27.72801252276458,96.3922075386989,block_55_192,0
sample_8386,27.241403696576043,94.5314785603997,block_54_189,0
sample_8387,26.29194351912176,90.7124489388853,block_52_181,0
sample_8388,28.837847885595565,94.94274794009188,block_57_189,0
sample_8389,25.519660912973308,91.42844707055626,block_51_182,0
sample_8390,28.03732493094156,93.17046535684258,block_56_186,0
sample_8391,25.689883789395125,90.44002075959631,block_51_180,0
sample_8392,28.133997983811234,93.5009533524516,block_56_187,0
sample_8393,25.31270481122893,92.63118535352832,block_50_185,0
sample_8394,28.391022654887667,94.01122303030473,block_56_188,0
sample_8395,27.694446953408374,95.6337228896204,block_55_191,0
sample_8396,25.410134318634114,90.13457784729383,block_50_180,0
sample_8397,27.63571010945569,92.51843283322938,block_55_185,0
sample_8398,24.364813945912953,92.3147762456101,block_48_184,0
sample_8399,26.17593091512444,91.12390940368076,block_52_182,0
sample_8400,27.756391403922663,91.70761603296818,block_55_183,0
sample_8401,25.823077567947518,90.82241941669656,block_51_181,0
sample_8402,23.47224562088406,92.49540709472147,block_46_184,0
sample_8403,23.555949625281134,92.9727299381318,block_47_185,0
sample_8404,27.387470261976254,95.85741858383064,block_54_191,0
sample_8405,26.516099122137565,91.82050753251951,block_53_183,0
sample_8406,25.87719817125593,91.69781267313975,block_51_183,0
sample_8407,27.173804996483234,95.33361771615486,block_54_190,0
sample_8408,27.767221694442675,92.4580944618593,block_55_184,0
sample_8409,26.29059983773315,94.97671483298984,block_52_189,0
sample_8410,24.34468463009114,92.23217932539482,block_48_184,0
sample_8411,27.499264913797703,92.70180128363192,block_54_185,0
sample_8412,28.2169191117402,92.95350617349831,block_56_185,0
sample_8413,23.496439970570666,91.78294729624722,block_46_183,0
sample_8414,27.687983129695695,95.85761615312855,block_55_191,0
sample_8415,28.20900543048633,94.1217389713069,block_56_188,0
sample_8416,25.62472772029817,93.7034244830497,block_51_187,0
sample_8417,25.128717375253807,93.43869751895903,block_50_186,0
sample_8418,27.671996412775542,96.66295680426623,block_55_193,0
sample_8419,28.027298065894996,88.75561965376573,block_56_177,0
sample_8420,27.8168460778815,96.348819211266,block_55_192,0
sample_8421,23.58942224443004,93.29052343298201,block_47_186,0
sample_8422,27.534890328515388,95.10858157380301,block_55_190,0
sample_8423,28.595420669454594,93.78835295325636,block_57_187,0
sample_8424,26.18041305698448,92.03483684479667,block_52_184,0
sample_8425,26.36965199499067,90.48888490840964,block_52_180,0
sample_8426,27.591781115250093,93.51201080167418,block_55_187,0
sample_8427,27.626883878835685,95.9569827689808,block_55_191,0
sample_8428,28.3177621730071,93.59320547608063,block_56_187,0
sample_8429,28.77129949348172,95.30031735865495,block_57_190,0
sample_8430,28.052864972086404,96.51516107863617,block_56_193,0
sample_8431,27.356142702627352,96.43614388044081,block_54_192,0
sample_8432,23.617876062545204,91.80530918583584,block_47_183,0
sample_8433,25.7326316757501,93.21120959222495,block_51_186,0
sample_8434,26.157992250954816,94.53434046628816,block_52_189,0
sample_8435,25.984267632682304,91.26010443795255,block_51_182,0
sample_8436,27.574320134723067,93.06063869445265,block_55_186,0
sample_8437,28.22056499824656,95.41340532401934,block_56_190,0
sample_8438,27.82857567171292,95.06275433916879,block_55_190,0
sample_8439,26.549136836593526,93.77900787039574,block_53_187,0
sample_8440,23.405468164175225,92.5225479015856,block_46_185,0
sample_8441,28.488928094791866,94.02462200726065,block_56_188,0
sample_8442,23.641008054904987,92.52720525339502,block_47_185,0
sample_8443,23.66410541453479,91.76735336783695,block_47_183,0
sample_8444,29.07557128681985,96.03672647727603,block_58_192,0
sample_8445,27.72503934306742,88.24862720550887,block_55_176,0
sample_8446,27.537882899367304,93.0106333708944,block_55_186,0
sample_8447,27.25914408866167,88.5902692267748,block_54_177,0
sample_8448,22.610024805464292,93.12540820256554,block_45_186,0
sample_8449,28.98145857529137,95.43743910065992,block_57_190,0
sample_8450,26.024759719309053,92.63079880766277,block_52_185,0
sample_8451,25.1788076441332,93.96004513347683,block_50_187,0
sample_8452,26.14224416068187,91.33032741766858,block_52_182,0
sample_8453,24.620560153065725,93.80460546658864,block_49_187,0
sample_8454,27.344728515491283,94.25581438932166,block_54_188,0
sample_8455,27.48783074920935,92.98580519114279,block_54_185,0
sample_8456,28.204521703831936,93.08996717493895,block_56_186,0
sample_8457,27.829059884295795,96.22402148691931,block_55_192,0
sample_8458,27.502065041933687,88.75343912680384,block_55_177,0
sample_8459,25.952955643784016,91.31508627575457,block_51_182,0
sample_8460,27.94818955245637,96.77796640079407,block_55_193,0
sample_8461,27.679640721640254,96.27963173161919,block_55_192,0
sample_8462,26.501682470265468,94.15816802177244,block_53_188,0
sample_8463,28.277490317820586,97.05100670202596,block_56_194,0
sample_8464,23.56900576253711,91.48491406867166,block_47_182,0
sample_8465,26.3983354157855,91.59382208295519,block_52_183,0
sample_8466,22.991102852722012,92.56702323254432,block_45_185,0
sample_8467,27.58755346817291,95.8109624795698,block_55_191,0
sample_8468,23.55975364287352,92.9417828299429,block_47_185,0
sample_8469,26.25056608970679,90.14573020452612,block_52_180,0
sample_8470,25.877527632946467,92.48012262686794,block_51_184,0
sample_8471,24.121612913671594,93.86255147577803,block_48_187,0
sample_8472,25.657548373266245,93.78566035857455,block_51_187,0
sample_8473,23.564584642960714,91.24629427661722,block_47_182,0
sample_8474,27.83487644007677,95.48362735097024,block_55_190,0
sample_8475,28.54351318053906,95.26348218946922,block_57_190,0
sample_8476,23.923275143507617,94.13666738803407,block_47_188,0
sample_8477,24.475666964994648,92.70808222308257,block_48_185,0
sample_8478,23.225296192574604,91.67365941424268,block_46_183,0
sample_8479,27.965432046704073,93.46657987938462,block_55_186,0
sample_8480,23.574846244043577,93.01612689442884,block_47_186,0
sample_8481,23.890061845681878,92.0170058866528,block_47_184,0
sample_8482,26.72669167459231,94.92816849561271,block_53_189,0
sample_8483,23.996135991910975,92.29614242823091,block_47_184,0
sample_8484,26.02096476643203,92.24289928768924,block_52_184,0
sample_8485,28.049427503720672,97.06795144492534,block_56_194,0
sample_8486,24.73302925679997,92.86477443439902,block_49_185,0
sample_8487,27.201032738786992,94.10823354056345,block_54_188,0
sample_8488,23.92926888579753,91.99317432914762,block_47_183,0
sample_8489,25.769889997444437,89.98597586344383,block_51_179,0
sample_8490,24.91232115381328,94.05935387563927,block_49_188,0
sample_8491,24.97459152921754,94.58792459547304,block_49_189,0
sample_8492,28.41792477378882,96.56551082433447,block_56_193,0
sample_8493,26.78203540546589,95.29535431388061,block_53_190,0
sample_8494,27.67544904726838,94.35677612587266,block_55_188,0
sample_8495,25.477534277073048,89.92931427495797,block_50_179,0
sample_8496,28.08036924962413,94.54593047530466,block_56_189,0
sample_8497,25.72823422063243,92.52683193744471,block_51_185,0
sample_8498,26.824128893829894,93.27372363487126,block_53_186,0
sample_8499,27.71395621688073,95.1895179206941,block_55_190,0
sample_8500,26.042494337028423,91.7738435925414,block_52_183,0
sample_8501,27.396992559471297,88.27955174019239,block_54_176,0
sample_8502,27.698845735473412,93.43207608126674,block_55_186,0
sample_8503,28.052842220735894,93.46473062088137,block_56_186,0
sample_8504,27.727206450410424,92.7843197382202,block_55_185,0
sample_8505,26.57939360893294,94.3252966862533,block_53_188,0
sample_8506,26.206542675231756,93.04317317714239,block_52_186,0
sample_8507,23.89435038048237,91.809116313761,block_47_183,0
sample_8508,27.356521067660047,93.55876900579248,block_54_187,0
sample_8509,27.12092066144923,94.24976388218644,block_54_188,0
sample_8510,27.760228641363085,97.0018279960174,block_55_194,0
sample_8511,26.5397680091545,91.93433984239867,block_53_183,0
sample_8512,28.834717144787206,94.97949199745263,block_57_189,0
sample_8513,28.069095265959994,94.55532248451533,block_56_189,0
sample_8514,27.849356012224376,94.52113562357403,block_55_189,0
sample_8515,28.464100582469996,95.13106064265642,block_56_190,0
sample_8516,26.84373453011324,90.37441883456225,block_53_180,0
sample_8517,27.770230853669215,96.65747586483883,block_55_193,0
sample_8518,25.999601353995395,92.86526502536123,block_51_185,0
sample_8519,26.849743117488195,95.24170562760708,block_53_190,0
sample_8520,26.303847546437012,91.18546319561638,block_52_182,0
sample_8521,26.193596430102478,94.03090779841207,block_52_188,0
sample_8522,25.448642739640388,90.5907347756243,block_50_181,0
sample_8523,22.471990960717257,93.07446684554601,block_44_186,0
sample_8524,25.114665856373684,93.56796138020587,block_50_187,0
sample_8525,28.69703153763023,96.07064788219094,block_57_192,0
sample_8526,23.20332782923094,92.43912985487103,block_46_184,0
sample_8527,25.367800033329583,93.97466471135358,block_50_187,0
sample_8528,28.01393143036775,97.346094753404,block_56_194,0
sample_8529,25.10172215312048,94.32166765237403,block_50_188,0
sample_8530,24.799287453216515,94.1190309310591,block_49_188,0
sample_8531,26.77863018157647,91.13967408675109,block_53_182,0
sample_8532,24.143786729573076,94.22208507765976,block_48_188,0
sample_8533,25.1293484713465,92.71158230667302,block_50_185,0
sample_8534,29.05639117446317,94.3888949062893,block_58_188,0
sample_8535,25.687938561220836,92.86704516763035,block_51_185,0
sample_8536,26.319223868542394,93.32930758354074,block_52_186,0
sample_8537,25.02154013726066,93.826896435103,block_50_187,0
sample_8538,27.484509271597044,96.13251635537932,block_54_192,0
sample_8539,27.29687827948693,92.23883420335204,block_54_184,0
sample_8540,25.197095376952852,90.83041404292979,block_50_181,0
sample_8541,23.77764882994095,92.9368035511901,block_47_185,0
sample_8542,28.03684354060264,96.41500035610261,block_56_192,0
sample_8543,23.42107971447506,92.96207385519695,block_46_185,0
sample_8544,27.92231177924345,94.96719761438217,block_55_189,0
sample_8545,26.186574770044153,90.04663527328431,block_52_180,0
sample_8546,26.394919117227353,93.07737418775946,block_52_186,0
sample_8547,27.872872742043306,96.83432351763972,block_55_193,0
sample_8548,25.582042401651137,92.01028580087578,block_51_184,0
sample_8549,26.63012794233044,90.45357652792165,block_53_180,0
sample_8550,24.712163930069405,93.0191122296308,block_49_186,0
sample_8551,25.89906127805011,93.37558691004017,block_51_186,0
sample_8552,27.71005773657891,96.6043080977043,block_55_193,0
sample_8553,26.778860173547574,95.24969380147435,block_53_190,0
sample_8554,25.67112486157908,92.66115995978284,block_51_185,0
sample_8555,26.27455040357741,94.23446449254293,block_52_188,0
sample_8556,28.252270797171427,93.61763017914441,block_56_187,0
sample_8557,25.30901003314737,93.16953168752772,block_50_186,0
sample_8558,25.17751454260284,92.17295571005381,block_50_184,0
sample_8559,28.624897903494915,94.50318526675733,block_57_189,0
sample_8560,25.475313844851367,91.02071599600042,block_50_182,0
sample_8561,27.808180431676078,93.71802764289193,block_55_187,0
sample_8562,27.876849746564396,93.92082441241064,block_55_187,0
sample_8563,25.99041803857297,91.26286485148592,block_51_182,0
sample_8564,23.93668251836845,91.60515062220622,block_47_183,0
sample_8565,28.08596719024812,93.24843728893241,block_56_186,0
sample_8566,27.439790156470288,95.59294870121107,block_54_191,0
sample_8567,26.605574603246485,94.28932271926111,block_53_188,0
sample_8568,25.63841669441433,92.44427189994836,block_51_184,0
sample_8569,27.684660249126694,93.67954566983374,block_55_187,0
sample_8570,27.892312018647857,93.13175796126087,block_55_186,0
sample_8571,27.730569323467197,94.94110682066544,block_55_189,0
sample_8572,22.203282405532597,92.82917027245774,block_44_185,0
sample_8573,24.344889199708426,93.71595666825367,block_48_187,0
sample_8574,27.74152653803885,92.06082395152293,block_55_184,0
sample_8575,26.498905261186938,92.53989852315607,block_52_185,0
sample_8576,28.149667990691533,93.9144938970046,block_56_187,0
sample_8577,29.34101972985507,96.13713556148234,block_58_192,0
sample_8578,23.138871241231282,91.75380256522527,block_46_183,0
sample_8579,26.414396954976787,91.79081208783445,block_52_183,0
sample_8580,26.464709684832968,92.42160714249562,block_52_184,0
sample_8581,27.771574412626464,96.63421841428713,block_55_193,0
sample_8582,27.56882362185462,95.73501811478522,block_55_191,0
sample_8583,26.249441529632243,94.85442985365152,block_52_189,0
sample_8584,26.282001072685976,91.9595107558232,block_52_183,0
sample_8585,27.924308479524953,95.55672106029368,block_55_191,0
sample_8586,27.243734867632206,93.4164493809172,block_54_186,0
sample_8587,25.594829769272017,93.22192572450511,block_51_186,0
sample_8588,25.308025092222735,90.03116917553831,block_50_180,0
sample_8589,27.455098668000502,96.33873461653343,block_54_192,0
sample_8590,28.432816413375008,93.51443162420196,block_56_187,0
sample_8591,27.732183629013292,92.32463955518287,block_55_184,0
sample_8592,24.71980851829067,92.39441447662912,block_49_184,0
sample_8593,26.440664154191893,90.17389303043635,block_52_180,0
sample_8594,23.318714292092142,91.68877764039937,block_46_183,0
sample_8595,28.066033936124242,97.22593496831914,block_56_194,0
sample_8596,27.35958359066384,93.59528387233111,block_54_187,0
sample_8597,28.3240386556888,95.16363717543788,block_56_190,0
sample_8598,28.48886427339794,93.61290888388082,block_56_187,0
sample_8599,25.64925821934369,92.65339070627041,block_51_185,0
sample_8600,22.377947491268745,92.73729803884447,block_44_185,0
sample_8601,25.25326499455449,94.38627296852214,block_50_188,0
sample_8602,24.380619155896376,92.1579737822069,block_48_184,0
sample_8603,28.06854370259525,94.527328106957,block_56_189,0
sample_8604,25.887817606649623,93.41044055965737,block_51_186,0
sample_8605,29.01914352389139,95.96755657161732,block_58_191,0
sample_8606,26.108340226012402,89.83119791211489,block_52_179,0
sample_8607,24.349245460498864,93.70836824217457,block_48_187,0
sample_8608,27.45587790812654,93.09537230800373,block_54_186,0
sample_8609,26.782156684711488,93.29842232275547,block_53_186,0
sample_8610,27.699457902054327,95.6654852160138,block_55_191,0
sample_8611,29.004262033921457,96.42023350047333,block_58_192,0
sample_8612,25.39743891103619,93.80272823034959,block_50_187,0
sample_8613,23.15656804843731,92.44993895317162,block_46_184,0
sample_8614,28.492743055298348,94.12603230269625,block_56_188,0
sample_8615,25.823619262275415,90.75734976306573,block_51_181,0
sample_8616,26.914806107704162,93.68370960470514,block_53_187,0
sample_8617,27.141919012599242,93.84995588550521,block_54_187,0
sample_8618,28.225770901064887,95.41286276037137,block_56_190,0
sample_8619,25.18696934540572,93.87891804436028,block_50_187,0
sample_8620,27.821027910293367,96.5879430100757,block_55_193,0
sample_8621,25.64499982755961,92.39393051556128,block_51_184,0
sample_8622,27.448860749854763,88.26580521687734,block_54_176,0
sample_8623,25.726017547031727,90.8598135983315,block_51_181,0
sample_8624,28.16309603665554,94.018943909149,block_56_188,0
sample_8625,27.665441816954772,92.75959178186835,block_55_185,0
sample_8626,23.7628380043065,91.80547689344404,block_47_183,0
sample_8627,28.016861932452848,94.22618152522931,block_56_188,0
sample_8628,26.259942136730302,90.51229844064694,block_52_181,0
sample_8629,26.42209582694865,94.06947541021005,block_52_188,0
sample_8630,27.75256737722136,94.3862766634927,block_55_188,0
sample_8631,27.589068236684778,95.88324283280838,block_55_191,0
sample_8632,27.28131272577682,95.91586734186266,block_54_191,0
sample_8633,26.45043993700743,94.63701761035033,block_52_189,0
sample_8634,25.14709488944188,93.53920671609694,block_50_187,0
sample_8635,26.61367849077623,90.96094421632853,block_53_181,0
sample_8636,27.790589384959556,92.10327488026044,block_55_184,0
sample_8637,25.955872629004865,94.11861526296676,block_51_188,0
sample_8638,28.183002793492587,96.73395317783627,block_56_193,0
sample_8639,23.128277070758195,91.73830172063593,block_46_183,0
sample_8640,25.4043231582163,92.73774775969373,block_50_185,0
sample_8641,27.78506944633291,92.9477416867661,block_55_185,0
sample_8642,24.104935545565063,91.64656870445812,block_48_183,0
sample_8643,27.397358512440142,93.41002476691364,block_54_186,0
sample_8644,27.581709860596938,93.40457138296149,block_55_186,0
sample_8645,27.06380590250128,92.84395062943388,block_54_185,0
sample_8646,27.118908823825812,93.86120212325298,block_54_187,0
sample_8647,23.071656217650418,91.71273178128494,block_46_183,0
sample_8648,27.46665723485575,94.43320791543822,block_54_188,0
sample_8649,22.297503681009655,92.92348401692705,block_44_185,0
sample_8650,25.053429264899417,92.99097217354819,block_50_185,0
sample_8651,27.750785743396136,93.53404712490179,block_55_187,0
sample_8652,25.489551686424356,90.78339734112039,block_50_181,0
sample_8653,23.433045279473742,92.97526648060558,block_46_185,0
sample_8654,28.257380229375574,95.7134730265852,block_56_191,0
sample_8655,26.54712277049364,93.0259366311087,block_53_186,0
sample_8656,28.53214237475861,95.01905126609007,block_57_190,0
sample_8657,25.51479098001467,92.55703479021238,block_51_185,0
sample_8658,28.319216386874395,95.71992962521348,block_56_191,0
sample_8659,26.2765086521958,92.5775994603957,block_52_185,0
sample_8660,23.49406137731371,91.65886161422948,block_46_183,0
sample_8661,24.77007022584691,94.49823506642986,block_49_188,0
sample_8662,28.19574140289667,95.15592257496688,block_56_190,0
sample_8663,26.589133527185076,90.54048959153224,block_53_181,0
sample_8664,26.84511945118411,95.6021766264153,block_53_191,0
sample_8665,27.55517353522882,94.25088621618198,block_55_188,0
sample_8666,25.480853913510895,93.0063496895566,block_50_186,0
sample_8667,25.398096602824058,93.73082720364494,block_50_187,0
sample_8668,27.192118417536484,95.57622051099735,block_54_191,0
sample_8669,24.64051826813477,93.15718021796191,block_49_186,0
sample_8670,27.344879480694235,95.11339366459502,block_54_190,0
sample_8671,25.270239519050495,94.57806221711178,block_50_189,0
sample_8672,26.386701703247702,94.17771047417895,block_52_188,0
sample_8673,26.78103573733689,94.4049922809947,block_53_188,0
sample_8674,27.709107433903913,92.40614694568734,block_55_184,0
sample_8675,25.704960760003463,90.7720698604139,block_51_181,0
sample_8676,23.014778732778804,91.58595716908044,block_46_183,0
sample_8677,24.274310451364723,93.8548609223838,block_48_187,0
sample_8678,25.32235580345631,92.72431693740856,block_50_185,0
sample_8679,27.06275339640071,93.3881632978631,block_54_186,0
sample_8680,27.698117988083908,92.02708484808929,block_55_184,0
sample_8681,28.16180767471171,96.20545834239468,block_56_192,0
sample_8682,27.329951922002145,93.90026141401354,block_54_187,0
sample_8683,25.33849099346993,89.97523084394655,block_50_179,0
sample_8684,25.807831344782915,91.31577821584004,block_51_182,0
sample_8685,27.692002536451646,93.8955626478173,block_55_187,0
sample_8686,29.192084656122294,94.44132971541937,block_58_188,0
sample_8687,26.41195144529287,94.4038323553091,block_52_188,0
sample_8688,27.876269640595023,93.66469605909182,block_55_187,0
sample_8689,26.703464761807822,91.13715258195505,block_53_182,0
sample_8690,25.874760074102678,91.63748561862815,block_51_183,0
sample_8691,26.883040815289682,95.16672866436795,block_53_190,0
sample_8692,28.044003118588044,94.09924644960975,block_56_188,0
sample_8693,27.268944778192747,94.22988401606047,block_54_188,0
sample_8694,28.35648388652956,94.21671765637106,block_56_188,0
sample_8695,26.516786760509856,92.26874132648416,block_53_184,0
sample_8696,25.397836648552467,93.77332423246949,block_50_187,0
sample_8697,28.453116735377083,95.35964158667844,block_56_190,0
sample_8698,23.35166779586096,91.33054442920431,block_46_182,0
sample_8699,27.72116039766479,95.8947248143754,block_55_191,0
sample_8700,26.704154684577745,94.40464824985774,block_53_188,0
sample_8701,27.73400129392011,92.13579594161749,block_55_184,0
sample_8702,26.792176657255496,92.93309750629476,block_53_185,0
sample_8703,27.51754529842803,92.85583591590952,block_55_185,0
sample_8704,25.76916629734785,89.9668238325708,block_51_179,0
sample_8705,24.245122688613876,92.54393438353505,block_48_185,0
sample_8706,26.66947926602716,91.35730867093582,block_53_182,0
sample_8707,25.79407372041502,90.47600313181377,block_51_180,0
sample_8708,29.148719205454288,95.65539315047488,block_58_191,0
sample_8709,23.561586408046683,92.68692574617789,block_47_185,0
sample_8710,26.9871357017718,94.22793601548905,block_53_188,0
sample_8711,23.67476283009276,92.78501319809948,block_47_185,0
sample_8712,26.930354844873236,94.0398098315192,block_53_188,0
sample_8713,28.394476916970728,94.92204727608542,block_56_189,0
sample_8714,27.51538275728077,93.05291513149385,block_55_186,0
sample_8715,24.820684981598323,92.42686141479595,block_49_184,0
sample_8716,26.249494417840225,93.12083187896232,block_52_186,0
sample_8717,26.093766621840896,94.06798605353247,block_52_188,0
sample_8718,25.54429664714776,94.57107449144108,block_51_189,0
sample_8719,25.60008587362279,92.22763579119247,block_51_184,0
sample_8720,26.395334128728308,94.75827625601463,block_52_189,0
sample_8721,26.27104857800654,94.07061068490401,block_52_188,0
sample_8722,28.065938732184375,96.66416203157212,block_56_193,0
sample_8723,23.577374774011858,91.95717462591297,block_47_183,0
sample_8724,26.568438200268652,91.07753961985833,block_53_182,0
sample_8725,26.73105174834774,90.59513487409035,block_53_181,0
sample_8726,28.048429808500373,95.64742752979649,block_56_191,0
sample_8727,23.558208156416423,93.33554954748475,block_47_186,0
sample_8728,26.55378819418075,91.14763784368739,block_53_182,0
sample_8729,28.423193986434274,95.45244040221657,block_56_190,0
sample_8730,27.82410539830452,96.69838021117042,block_55_193,0
sample_8731,23.844216694310578,93.16366907472688,block_47_186,0
sample_8732,23.82045114808642,91.39525373126818,block_47_182,0
sample_8733,25.380712124686475,92.86035104532267,block_50_185,0
sample_8734,26.381305261415513,90.97806259101904,block_52_181,0
sample_8735,25.666158060318224,92.09319923813867,block_51_184,0
sample_8736,27.207574504728296,95.56127693590055,block_54_191,0
sample_8737,27.395458618514223,93.03758739766462,block_54_186,0
sample_8738,23.639183691828098,92.52498219927915,block_47_185,0
sample_8739,25.035401261585278,93.93428894412902,block_50_187,0
sample_8740,27.96808175868262,88.72959266721197,block_55_177,0
sample_8741,27.002548768229467,93.93010099329317,block_54_187,0
sample_8742,24.41308048504214,92.26893027637993,block_48_184,0
sample_8743,28.464308828498307,95.72650053974203,block_56_191,0
sample_8744,28.04563037368129,88.67775878235328,block_56_177,0
sample_8745,27.547149445794055,88.11503137648029,block_55_176,0
sample_8746,26.94073712540878,93.77112269193366,block_53_187,0
sample_8747,24.212522502326188,92.70561463056089,block_48_185,0
sample_8748,26.531530485783964,92.02504986118288,block_53_184,0
sample_8749,27.445587028248774,93.48342657042372,block_54_186,0
sample_8750,25.34900970785764,94.29819698968085,block_50_188,0
sample_8751,26.081113136120283,93.87581355712501,block_52_187,0
sample_8752,23.247836759134465,92.43583849821648,block_46_184,0
sample_8753,23.663605400228548,91.80479906534768,block_47_183,0
sample_8754,23.249483701432638,91.60629435650455,block_46_183,0
sample_8755,27.885259987948764,96.19997196355507,block_55_192,0
sample_8756,28.35236973479537,94.56091041927174,block_56_189,0
sample_8757,27.808655693698398,96.92033893574381,block_55_193,0
sample_8758,27.369561761730413,94.26907952124817,block_54_188,0
sample_8759,24.4692853926396,93.2752143506502,block_48_186,0
sample_8760,27.210440048869238,94.57727137136291,block_54_189,0
sample_8761,28.59329048261516,93.4199153079359,block_57_186,0
sample_8762,28.821952144606136,95.0967952408264,block_57_190,0
sample_8763,25.378265969171565,94.06169622957495,block_50_188,0
sample_8764,27.561594640852903,93.14229148889683,block_55_186,0
sample_8765,26.068818599706734,92.7019861179693,block_52_185,0
sample_8766,24.88905249799446,93.060959116987,block_49_186,0
sample_8767,26.755757655176282,93.7895644882257,block_53_187,0
sample_8768,27.61558575004029,95.1338197345731,block_55_190,0
sample_8769,27.883691118622384,88.72534122544256,block_55_177,0
sample_8770,27.02096220845124,92.70087481873514,block_54_185,0
sample_8771,25.816044805824145,89.84930150456428,block_51_179,0
sample_8772,25.502276901856586,91.56767211820147,block_51_183,0
sample_8773,22.62518297792531,93.0412714121291,block_45_186,0
sample_8774,25.11945338689043,92.53055144856798,block_50_185,0
sample_8775,27.462557730754824,93.39410385605142,block_54_186,0
sample_8776,28.27129753750219,95.03745339836654,block_56_190,0
sample_8777,24.85336315633807,94.6037939651866,block_49_189,0
sample_8778,28.973682743658145,96.08940104530262,block_57_192,0
sample_8779,26.252196529457045,92.75289482889264,block_52_185,0
sample_8780,24.120200439619964,92.3255470978562,block_48_184,0
sample_8781,26.61520630356658,92.24407960550488,block_53_184,0
sample_8782,24.39763790128469,93.64077405365417,block_48_187,0
sample_8783,27.777515980163706,88.2588750114123,block_55_176,0
sample_8784,26.21441725024881,90.55782137718042,block_52_181,0
sample_8785,25.51940911541937,94.25930538580614,block_51_188,0
sample_8786,28.232553774591064,94.17383974284688,block_56_188,0
sample_8787,24.050235882367183,94.15185637680848,block_48_188,0
sample_8788,26.386393012390787,94.18232756987629,block_52_188,0
sample_8789,27.764608867387146,88.44707007240619,block_55_176,0
sample_8790,28.600921621702174,96.02022846728372,block_57_192,0
sample_8791,29.232604466005327,96.23600758638932,block_58_192,0
sample_8792,26.476885186885458,90.31660935539449,block_52_180,0
sample_8793,28.26373408986633,96.72454096944463,block_56_193,0
sample_8794,25.66589421690737,89.91081485035201,block_51_179,0
sample_8795,26.330547469720415,90.90870848824453,block_52_181,0
sample_8796,28.002832393195888,88.82969005644087,block_56_177,0
sample_8797,25.58279946668102,94.55368357975617,block_51_189,0
sample_8798,27.77181363898303,93.71117664429093,block_55_187,0
sample_8799,25.776580744986372,92.6140792666175,block_51_185,0
sample_8800,24.13868662817341,92.02981089921825,block_48_184,0
sample_8801,26.499491919169436,90.24511591798523,block_52_180,0
sample_8802,27.8934969553819,88.74909624571045,block_55_177,0
sample_8803,26.289724627066732,90.69091966294945,block_52_181,0
sample_8804,25.1934027831269,94.22176230210165,block_50_188,0
sample_8805,27.6582154258006,92.67037225181,block_55_185,0
sample_8806,23.996970992956552,92.94169116765316,block_47_185,0
sample_8807,26.494268612158905,92.76282555729154,block_52_185,0
sample_8808,24.666868668161754,92.745738287156,block_49_185,0
sample_8809,28.637496503493924,96.00633515351204,block_57_192,0
sample_8810,28.119929510901535,92.78689380805083,block_56_185,0
sample_8811,27.22329604544364,92.18374929661658,block_54_184,0
sample_8812,28.041002878396334,96.24331861472422,block_56_192,0
sample_8813,26.456238454940603,94.31976866689524,block_52_188,0
sample_8814,22.969461316306727,92.43409640663752,block_45_184,0
sample_8815,23.180604021702127,92.71412066943259,block_46_185,0
sample_8816,23.643200384717222,93.1908133997916,block_47_186,0
sample_8817,25.89766717153636,91.36440911590519,block_51_182,0
sample_8818,26.505567238420397,93.59765743757268,block_53_187,0
sample_8819,27.84134033004587,94.62259188954037,block_55_189,0
sample_8820,26.787776625399708,93.56525755251772,block_53_187,0
sample_8821,24.631319985310874,92.60012569450834,block_49_185,0
sample_8822,25.42914558935054,90.25848242845073,block_50_180,0
sample_8823,22.869955741185098,93.0802243915321,block_45_186,0
sample_8824,24.180774718356748,93.84736094701563,block_48_187,0
sample_8825,28.81625471850549,94.69557337661303,block_57_189,0
sample_8826,22.546018615930166,92.79343028915574,block_45_185,0
sample_8827,26.121538056732504,93.73628568722876,block_52_187,0
sample_8828,26.150265020749067,94.6774638198304,block_52_189,0
sample_8829,25.43140954854462,93.5007185225727,block_50_187,0
sample_8830,27.412928620556347,94.75601107015869,block_54_189,0
sample_8831,28.088841120322762,93.19396619824865,block_56_186,0
sample_8832,27.86028358957037,93.56815095825756,block_55_187,0
sample_8833,26.039957557414915,90.61561915094988,block_52_181,0
sample_8834,26.276935487988776,94.92376528982989,block_52_189,0
sample_8835,28.239278373011754,93.66578265479683,block_56_187,0
sample_8836,25.16743321943979,93.99374806328927,block_50_187,0
sample_8837,24.419851896128634,92.32115882680992,block_48_184,0
sample_8838,24.030681922121566,92.50175992544835,block_48_185,0
sample_8839,24.92835883707803,93.7695377477322,block_49_187,0
sample_8840,27.781427213281127,92.68963313163076,block_55_185,0
sample_8841,27.553994428145685,96.46896881427618,block_55_192,0
sample_8842,25.962786613174362,90.96405768774626,block_51_181,0
sample_8843,28.23913228655089,93.29313616010943,block_56_186,0
sample_8844,27.94069444364549,94.35117132841026,block_55_188,0
sample_8845,28.193858896662615,93.6879481396808,block_56_187,0
sample_8846,27.14520504095404,93.64088575878793,block_54_187,0
sample_8847,28.276411576217217,93.51187267657205,block_56_187,0
sample_8848,25.700848689252126,90.83946132210944,block_51_181,0
sample_8849,27.82978616599679,95.72044196701007,block_55_191,0
sample_8850,26.604363340998187,92.60044484942732,block_53_185,0
sample_8851,25.602823113233743,93.67480645016481,block_51_187,0
sample_8852,24.03387454837639,92.62695645393066,block_48_185,0
sample_8853,25.807332918224564,91.46358243023333,block_51_182,0
sample_8854,27.425915177286996,93.44605089110516,block_54_186,0
sample_8855,27.825234039242403,94.83338935044209,block_55_189,0
sample_8856,26.84676069594314,92.40599699449128,block_53_184,0
sample_8857,23.243643100612864,92.42675516674045,block_46_184,0
sample_8858,25.536299255177997,93.14268801204618,block_51_186,0
sample_8859,26.68191639689269,92.49153964479673,block_53_184,0
sample_8860,25.595837361630736,93.0680201064342,block_51_186,0
sample_8861,25.827807172205365,90.6741485154848,block_51_181,0
sample_8862,25.34702463678534,91.16452930469323,block_50_182,0
sample_8863,26.90616247922484,92.72072558256755,block_53_185,0
sample_8864,29.229757360136748,94.70789277571316,block_58_189,0
sample_8865,25.0367825106009,93.35917205119756,block_50_186,0
sample_8866,28.09039087703487,95.55598750650236,block_56_191,0
sample_8867,24.125562070297576,92.05217625039887,block_48_184,0
sample_8868,28.480069688163123,96.24214903765241,block_56_192,0
sample_8869,28.241612881252756,94.32282747393226,block_56_188,0
sample_8870,23.877350619583613,92.14809611742427,block_47_184,0
sample_8871,24.130639321163088,92.00308858827935,block_48_184,0
sample_8872,24.385131899352288,93.01801966228193,block_48_186,0
sample_8873,25.64064409258109,93.6144042214735,block_51_187,0
sample_8874,28.567751428832192,96.14484379814373,block_57_192,0
sample_8875,24.124576336045894,92.6382203544513,block_48_185,0
sample_8876,29.005377877466167,94.57280673295575,block_58_189,0
sample_8877,26.88133830424205,92.31418138912125,block_53_184,0
sample_8878,25.34115499125275,94.39796238470252,block_50_188,0
sample_8879,26.21213381968623,94.60970586639216,block_52_189,0
sample_8880,27.44681332248471,88.11045672980686,block_54_176,0
sample_8881,27.8570572781894,95.59531214751354,block_55_191,0
sample_8882,28.144966027241402,95.90550854102297,block_56_191,0
sample_8883,28.674193977934692,94.76838929320392,block_57_189,0
sample_8884,25.8367419140082,92.73177003882971,block_51_185,0
sample_8885,23.940005452643344,91.64436358869675,block_47_183,0
sample_8886,26.027841543755724,89.92317198464872,block_52_179,0
sample_8887,27.62080931376758,91.97488031522694,block_55_183,0
sample_8888,25.330327334517854,93.41681769774587,block_50_186,0
sample_8889,26.005955834686127,91.81143378085191,block_52_183,0
sample_8890,27.400740602795054,93.99849205766964,block_54_187,0
sample_8891,28.373842037844046,94.01708091024665,block_56_188,0
sample_8892,28.668959308452763,96.24105597295033,block_57_192,0
sample_8893,26.18583315217507,90.0224003487638,block_52_180,0
sample_8894,27.881832039633316,92.98760548922952,block_55_185,0
sample_8895,27.15101568399954,94.65972787765749,block_54_189,0
sample_8896,23.547202232722977,92.92487305028166,block_47_185,0
sample_8897,25.772740206016493,94.0058699199477,block_51_188,0
sample_8898,27.434723743708908,88.33578978394648,block_54_176,0
sample_8899,27.12198719697583,95.83619572895485,block_54_191,0
sample_8900,25.82402914672059,90.98695486475134,block_51_181,0
sample_8901,28.653187146154654,95.42891233989472,block_57_190,0
sample_8902,26.5079510093188,94.52279958763937,block_53_189,0
sample_8903,27.233123189073154,92.09775565175744,block_54_184,0
sample_8904,25.83192910426126,91.97051425323288,block_51_183,0
sample_8905,25.86200358819165,94.24155852550669,block_51_188,0
sample_8906,28.510366990542423,94.76252127748704,block_57_189,0
sample_8907,23.340893977451575,91.35144846923697,block_46_182,0
sample_8908,25.997300762750214,93.52778705708019,block_51_187,0
sample_8909,27.755524314822573,92.78629069874502,block_55_185,0
sample_8910,24.045393848494363,91.6462253821022,block_48_183,0
sample_8911,28.78120369243252,94.58375137098575,block_57_189,0
sample_8912,27.078027803524634,93.07060304623253,block_54_186,0
sample_8913,23.934403305207432,91.99803064630117,block_47_183,0
sample_8914,26.06520285669765,93.6846720514347,block_52_187,0
sample_8915,25.167981005483902,93.26565081495434,block_50_186,0
sample_8916,26.81985235577104,90.3974348975462,block_53_180,0
sample_8917,25.96729864897088,93.30444731477098,block_51_186,0
sample_8918,28.302012819503194,94.00574054340119,block_56_188,0
sample_8919,28.474221740917763,95.93934449977445,block_56_191,0
sample_8920,27.466907006901195,94.13324829144159,block_54_188,0
sample_8921,27.829768989825972,88.57789806932978,block_55_177,0
sample_8922,27.15722063059237,92.2021314476675,block_54_184,0
sample_8923,28.240061800570707,95.36681048490891,block_56_190,0
sample_8924,27.051703468003428,93.47610364057445,block_54_186,0
sample_8925,27.76629357807773,91.78477725412587,block_55_183,0
sample_8926,25.359968047522525,90.78235892789442,block_50_181,0
sample_8927,27.830518066045546,93.86694418551575,block_55_187,0
sample_8928,28.26719317041822,93.44688088680674,block_56_186,0
sample_8929,25.534629743586407,90.28651863009136,block_51_180,0
sample_8930,26.159990372850274,94.7470173803269,block_52_189,0
sample_8931,28.462729524284025,96.63403017391691,block_56_193,0
sample_8932,26.2354581912025,92.43674046664881,block_52_184,0
sample_8933,25.74071526991849,91.88377554013239,block_51_183,0
sample_8934,23.011520501360067,92.87340815316647,block_46_185,0
sample_8935,24.258872370314783,93.06402486213209,block_48_186,0
sample_8936,27.137966360840245,94.90559197625393,block_54_189,0
sample_8937,26.378134871893128,93.25909640340126,block_52_186,0
sample_8938,24.94489737490657,94.12600261202032,block_49_188,0
sample_8939,27.445211848865092,96.2636175264617,block_54_192,0
sample_8940,28.32211967543852,96.55001664489852,block_56_193,0
sample_8941,22.24089709310625,92.95123691149618,block_44_185,0
sample_8942,27.090365397813542,93.84339283967162,block_54_187,0
sample_8943,27.267706102704633,93.95355789340084,block_54_187,0
sample_8944,27.754389655387996,91.70273620636539,block_55_183,0
sample_8945,26.727439627506428,92.88718041053214,block_53_185,0
sample_8946,23.84890309456875,92.30518616259067,block_47_184,0
sample_8947,26.068449103804454,89.99365487649162,block_52_179,0
sample_8948,26.602377425351516,90.7280296176678,block_53_181,0
sample_8949,24.98207395503996,92.56672458510938,block_49_185,0
sample_8950,25.769062049417354,92.4999326075793,block_51_184,0
sample_8951,25.186560718268726,92.94406733003922,block_50_185,0
sample_8952,28.581143527456522,95.35377793174143,block_57_190,0
sample_8953,25.811896624521157,94.49662068068878,block_51_188,0
sample_8954,26.082256738599412,94.02374414846993,block_52_188,0
sample_8955,27.037435096346805,94.71278148036518,block_54_189,0
sample_8956,28.04401853693077,93.31664543325701,block_56_186,0
sample_8957,26.63090032951773,92.51455916739718,block_53_185,0
sample_8958,26.484788301238332,92.6624524069854,block_52_185,0
sample_8959,24.152532212358153,93.16101945402387,block_48_186,0
sample_8960,23.328503404052746,93.23621074908942,block_46_186,0
sample_8961,24.84524001557698,92.53875187176092,block_49_185,0
sample_8962,26.32861377471968,93.37357736421919,block_52_186,0
sample_8963,29.17522263834207,96.11193898404619,block_58_192,0
sample_8964,22.60537543342495,93.00904227308311,block_45_186,0
sample_8965,24.55681384846445,92.35272203928776,block_49_184,0
sample_8966,24.95140129497583,94.04540296380841,block_49_188,0
sample_8967,23.212984222737763,91.61801028491078,block_46_183,0
sample_8968,27.23329253582261,93.39764661670911,block_54_186,0
sample_8969,24.66244830949647,92.41399122539754,block_49_184,0
sample_8970,27.923798194410693,93.96952960871037,block_55_187,0
sample_8971,27.146884604538716,95.58354038622089,block_54_191,0
sample_8972,27.804993221932726,92.66275537165772,block_55_185,0
sample_8973,28.76445768584606,95.41646677969261,block_57_190,0
sample_8974,26.07219543316507,93.0427163170949,block_52_186,0
sample_8975,28.441142775407172,95.62719802655874,block_56_191,0
sample_8976,25.492993229429285,92.93053420802501,block_50_185,0
sample_8977,26.528003342520673,90.29080996435314,block_53_180,0
sample_8978,27.775860696412963,94.11417713940162,block_55_188,0
sample_8979,27.7630467572196,93.73478982353222,block_55_187,0
sample_8980,26.43767865037819,91.16983491737615,block_52_182,0
sample_8981,25.970346860890988,91.34669203775766,block_51_182,0
sample_8982,27.70000815319161,95.4301883434702,block_55_190,0
sample_8983,27.662002973159133,95.12978006484971,block_55_190,0
sample_8984,26.173685016602434,90.92952766844144,block_52_181,0
sample_8985,28.424390962172385,95.12926496347599,block_56_190,0
sample_8986,26.278393857343964,90.58284954682985,block_52_181,0
sample_8987,27.966216100659793,95.74369328724784,block_55_191,0
sample_8988,26.656153209613596,93.49524297253946,block_53_186,0
sample_8989,27.365477635611175,95.16746696213772,block_54_190,0
sample_8990,27.57844315221589,95.15387514977738,block_55_190,0
sample_8991,27.62475655693407,88.27022512576534,block_55_176,0
sample_8992,26.600345067252352,91.15865502304071,block_53_182,0
sample_8993,28.849284463722743,94.61664886326794,block_57_189,0
sample_8994,28.009100514349953,96.90784271231658,block_56_193,0
sample_8995,27.840499124985584,95.78117576456631,block_55_191,0
sample_8996,25.935719780550595,93.22690227767505,block_51_186,0
sample_8997,26.897537259886544,94.11200118982184,block_53_188,0
sample_8998,23.840672926657728,92.43097814471298,block_47_184,0
sample_8999,27.73002581015415,92.15069610445805,block_55_184,0
sample_9000,25.445842807028598,93.69995818235397,block_50_187,0
sample_9001,27.275084489164776,94.08082946845929,block_54_188,0
sample_9002,27.015914198119717,92.39637504284525,block_54_184,0
sample_9003,29.195579023524846,95.60363982173632,block_58_191,0
sample_9004,25.147941430460918,94.44189841281778,block_50_188,0
sample_9005,25.725989953560422,90.14872732690655,block_51_180,0
sample_9006,26.412149922397592,90.31414467493042,block_52_180,0
sample_9007,26.790366839016475,91.25481671090544,block_53_182,0
sample_9008,26.42091210803156,93.81625396684247,block_52_187,0
sample_9009,25.65719112617993,93.761427422774,block_51_187,0
sample_9010,28.641613102101957,95.00089533505769,block_57_190,0
sample_9011,25.72279180167775,92.25433747288275,block_51_184,0
sample_9012,26.494861044992657,94.75696994970428,block_52_189,0
sample_9013,23.463437361090502,91.83601729003739,block_46_183,0
sample_9014,27.142280097977896,94.38654790126581,block_54_188,0
sample_9015,27.894938355849142,93.09201321413289,block_55_186,0
sample_9016,23.751260640537694,93.16492917128868,block_47_186,0
sample_9017,22.64890447099628,93.0329216478826,block_45_186,0
sample_9018,26.056477299964786,91.39962327989404,block_52_182,0
sample_9019,26.081316706730156,89.85167647630222,block_52_179,0
sample_9020,27.457150994119495,96.28594812952916,block_54_192,0
sample_9021,27.00809965833418,92.91593564259,block_54_185,0
sample_9022,27.399852677628303,93.98944405961113,block_54_187,0
sample_9023,23.70544858638033,93.31419868440425,block_47_186,0
sample_9024,23.766050875268302,91.57553076477488,block_47_183,0
sample_9025,26.40308334357198,90.8788115225088,block_52_181,0
sample_9026,25.59429878038109,92.53214168944479,block_51_185,0
sample_9027,27.351262494607983,95.33710728044308,block_54_190,0
sample_9028,25.371315280105645,92.07679510019403,block_50_184,0
sample_9029,23.944356327211686,91.43272820555269,block_47_182,0
sample_9030,27.936505578530152,95.46788502297984,block_55_190,0
sample_9031,27.836213413174974,95.08266363260695,block_55_190,0
sample_9032,26.460302622721265,92.26308354751163,block_52_184,0
sample_9033,25.68872387554258,90.22147733217771,block_51_180,0
sample_9034,25.29071895764133,94.43294012116107,block_50_188,0
sample_9035,26.343372767368354,91.76744483263482,block_52_183,0
sample_9036,28.201776701962867,96.68246613068727,block_56_193,0
sample_9037,25.531487998966437,90.69305789126265,block_51_181,0
sample_9038,28.94998288640491,95.1573932780357,block_57_190,0
sample_9039,25.656216952386483,89.92505914150699,block_51_179,0
sample_9040,24.280272320404784,93.0632896049574,block_48_186,0
sample_9041,26.196862028129352,93.5756592452439,block_52_187,0
sample_9042,25.596802273319113,93.67150307784246,block_51_187,0
sample_9043,26.769293097641793,91.77470685282353,block_53_183,0
sample_9044,27.717859543996433,93.42053949363513,block_55_186,0
sample_9045,27.823929107618298,94.6453005975903,block_55_189,0
sample_9046,26.7932529782822,92.53601001046148,block_53_185,0
sample_9047,27.54548365413006,94.444557696316,block_55_188,0
sample_9048,23.09227424661681,92.51025385384504,block_46_185,0
sample_9049,25.977199042350176,92.1956902663955,block_51_184,0
sample_9050,25.306316876383377,93.76052660534921,block_50_187,0
sample_9051,25.52568876145306,90.67767899831661,block_51_181,0
sample_9052,26.568683178803674,93.86825198562826,block_53_187,0
sample_9053,28.387871532962205,95.43095789519002,block_56_190,0
sample_9054,27.50704718173592,93.1971842782663,block_55_186,0
sample_9055,25.18828105468279,92.62965051819263,block_50_185,0
sample_9056,26.70200345282252,94.43628669849832,block_53_188,0
sample_9057,29.177522943734793,94.64171914715917,block_58_189,0
sample_9058,27.560832773053487,95.08096802752858,block_55_190,0
sample_9059,26.526898437142055,90.04843484749819,block_53_180,0
sample_9060,27.30000780287257,94.09374038472149,block_54_188,0
sample_9061,25.696892230094477,92.00457150724841,block_51_184,0
sample_9062,25.904313866075977,90.5169522452125,block_51_181,0
sample_9063,23.141400699097378,91.35821719354026,block_46_182,0
sample_9064,24.14848687070566,92.84935213848453,block_48_185,0
sample_9065,26.442534829450594,93.50836798960486,block_52_187,0
sample_9066,25.56190109003072,90.61744559252554,block_51_181,0
sample_9067,27.467135867889873,93.67531242625346,block_54_187,0
sample_9068,27.80668742734315,96.38457567404987,block_55_192,0
sample_9069,25.650835789696217,91.95713529468689,block_51_183,0
sample_9070,28.123643694404024,97.3197024696518,block_56_194,0
sample_9071,24.903253759241544,93.37161423730404,block_49_186,0
sample_9072,26.11692629987625,90.99238687453635,block_52_181,0
sample_9073,27.797454595570873,93.66921280084698,block_55_187,0
sample_9074,25.47422955441028,91.75946250036638,block_50_183,0
sample_9075,26.362288949323684,94.54017707272662,block_52_189,0
sample_9076,26.30264085599544,92.36925069745442,block_52_184,0
sample_9077,27.239898356928265,92.33248119610904,block_54_184,0
sample_9078,25.341441594203932,92.49525909206763,block_50_184,0
sample_9079,26.81217883898015,94.90876767634786,block_53_189,0
sample_9080,26.03651384978796,94.0988470348305,block_52_188,0
sample_9081,26.98745567715092,94.28064019001785,block_53_188,0
sample_9082,28.044674786624004,95.08701446546497,block_56_190,0
sample_9083,25.23805868868739,91.29975046958467,block_50_182,0
sample_9084,26.97913821631948,92.83868613393969,block_53_185,0
sample_9085,26.556433356557562,93.41400646775266,block_53_186,0
sample_9086,23.362281888124183,93.0680260079234,block_46_186,0
sample_9087,25.45268155556827,91.00723852905507,block_50_182,0
sample_9088,27.10126670609509,93.86173836979675,block_54_187,0
sample_9089,28.75381593887321,95.33107435750688,block_57_190,0
sample_9090,24.81331449172191,93.79512724065317,block_49_187,0
sample_9091,23.66101733508089,91.60699962136704,block_47_183,0
sample_9092,27.043735418643383,95.85628170846736,block_54_191,0
sample_9093,27.927176491556796,95.36435147571206,block_55_190,0
sample_9094,28.025246014291795,94.34073071676112,block_56_188,0
sample_9095,25.994864471213965,90.16267832928416,block_51_180,0
sample_9096,28.04363439940648,95.63219259311944,block_56_191,0
sample_9097,26.171351982221918,91.60695892029628,block_52_183,0
sample_9098,28.229765222705808,93.42960669623693,block_56_186,0
sample_9099,28.37949214765252,93.95585480848067,block_56_187,0
sample_9100,29.013195538336554,95.58543015153522,block_58_191,0
sample_9101,28.310812798141093,96.1369108027042,block_56_192,0
sample_9102,23.790413915565747,92.01304802583668,block_47_184,0
sample_9103,28.77273436932544,96.21207040120333,block_57_192,0
sample_9104,27.99951498937461,92.91651659230327,block_55_185,0
sample_9105,22.93644421833484,92.78139219377694,block_45_185,0
sample_9106,26.53995666282197,91.77847244493249,block_53_183,0
sample_9107,25.165716077534864,93.53700282622577,block_50_187,0
sample_9108,26.545808056022,90.42721258324131,block_53_180,0
sample_9109,23.533185303717836,92.92183501907195,block_47_185,0
sample_9110,27.95049474858212,96.94025824165902,block_55_193,0
sample_9111,24.376022028925952,94.13462083476664,block_48_188,0
sample_9112,26.761425461424206,92.08841092444618,block_53_184,0
sample_9113,26.807418886921855,95.34647447797829,block_53_190,0
sample_9114,25.00481652999094,94.64964928045998,block_50_189,0
sample_9115,28.218934709898086,93.04835829828365,block_56_186,0
sample_9116,25.287339804658476,90.82622955303103,block_50_181,0
sample_9117,26.681806069058684,95.14955678660598,block_53_190,0
sample_9118,24.99474961557858,93.25730413318291,block_49_186,0
sample_9119,27.70736668910009,92.12918451549972,block_55_184,0
sample_9120,26.29360257139825,93.650172477473,block_52_187,0
sample_9121,28.49852359047634,94.656262582566,block_56_189,0
sample_9122,25.393465064928783,92.92730010401345,block_50_185,0
sample_9123,27.668298807806117,88.45846295342159,block_55_176,0
sample_9124,26.679396993838356,90.4267507656506,block_53_180,0
sample_9125,25.765892287602355,93.61884428969537,block_51_187,0
sample_9126,27.57878406356645,94.75606974586314,block_55_189,0
sample_9127,23.66798154709959,93.0498394420462,block_47_186,0
sample_9128,25.104759876986645,92.4817112245575,block_50_184,0
sample_9129,28.300812593438945,96.48045776672275,block_56_192,0
sample_9130,25.308548351446124,90.06650395005245,block_50_180,0
sample_9131,25.27817103333912,90.9437201779204,block_50_181,0
sample_9132,25.718509088588895,91.1422535024611,block_51_182,0
sample_9133,25.29055095388945,92.32114051580271,block_50_184,0
sample_9134,25.091175933462026,92.46800609562614,block_50_184,0
sample_9135,24.241752896722208,92.18443029148045,block_48_184,0
sample_9136,24.30988441805017,92.42913476977787,block_48_184,0
sample_9137,27.894624294680494,94.04748743732047,block_55_188,0
sample_9138,27.51240871738328,95.48530226383349,block_55_190,0
sample_9139,25.74742884293284,90.27638067008355,block_51_180,0
sample_9140,27.983725542834733,94.15412482155797,block_55_188,0
sample_9141,27.50015508382006,88.65931205126152,block_55_177,0
sample_9142,27.490653346970028,95.66036785909571,block_54_191,0
sample_9143,26.34534876883745,95.08256464345264,block_52_190,0
sample_9144,26.443691133068263,93.33634830236996,block_52_186,0
sample_9145,27.490546901771253,95.83535187061852,block_54_191,0
sample_9146,27.449263396328213,92.42160803688739,block_54_184,0
sample_9147,26.785555149668994,94.09035191713728,block_53_188,0
sample_9148,25.784525156767234,94.28793802261772,block_51_188,0
sample_9149,24.033047436745157,92.33864776559867,block_48_184,0
sample_9150,26.33498284465243,91.75901568464501,block_52_183,0
sample_9151,26.846828658316994,95.35055008112343,block_53_190,0
sample_9152,27.359300899855356,94.5930061890714,block_54_189,0
sample_9153,28.270136869378074,94.39584559108697,block_56_188,0
sample_9154,26.63587716569176,91.96991167249166,block_53_183,0
sample_9155,28.718654835759953,96.21335637210801,block_57_192,0
sample_9156,23.61501845397875,91.35907857660841,block_47_182,0
sample_9157,27.08288534967287,95.09495259879809,block_54_190,0
sample_9158,29.01105394666593,95.29270987702061,block_58_190,0
sample_9159,28.031156828336886,88.54412695767843,block_56_177,0
sample_9160,26.28775627889566,90.85373245951004,block_52_181,0
sample_9161,28.63506457171117,95.46033956520692,block_57_190,0
sample_9162,28.280224418207645,97.14621208261175,block_56_194,0
sample_9163,27.71726321512459,94.88399215729221,block_55_189,0
sample_9164,24.711813264818286,92.35511667429574,block_49_184,0
sample_9165,28.292999132278833,97.19390419105748,block_56_194,0
sample_9166,28.33713671859628,95.8999149868169,block_56_191,0
sample_9167,26.772461240800652,91.40696617543925,block_53_182,0
sample_9168,26.565726484154347,90.84894420235047,block_53_181,0
sample_9169,29.034572674821668,96.06225776005903,block_58_192,0
sample_9170,26.444428539488054,91.20768609073303,block_52_182,0
sample_9171,26.769445425957954,94.48620417407959,block_53_188,0
sample_9172,27.6285410191881,95.89790078541884,block_55_191,0
sample_9173,27.237632452867906,92.94850118594329,block_54_185,0
sample_9174,28.164123965995604,96.69551908361831,block_56_193,0
sample_9175,27.84444591176375,95.85518635371226,block_55_191,0
sample_9176,26.220453705796118,91.58571023325081,block_52_183,0
sample_9177,26.698846668448482,92.66775186349147,block_53_185,0
sample_9178,27.977195253120588,94.65911432811389,block_55_189,0
sample_9179,27.567740392904764,88.10455084625981,block_55_176,0
sample_9180,27.977362561371184,93.95351261400691,block_55_187,0
sample_9181,26.08963845049932,92.28513159351103,block_52_184,0
sample_9182,28.018467159974925,93.23111035341738,block_56_186,0
sample_9183,26.78314704131571,94.64107220276914,block_53_189,0
sample_9184,24.183312895422482,92.4847972354055,block_48_184,0
sample_9185,27.16368438188694,93.70567947388267,block_54_187,0
sample_9186,26.34161974071303,91.1065309576327,block_52_182,0
sample_9187,24.880283541368836,94.46542056679802,block_49_188,0
sample_9188,23.576237621252663,93.25332161058552,block_47_186,0
sample_9189,28.948835076758236,95.92745138824608,block_57_191,0
sample_9190,23.37082548905682,91.59259129081475,block_46_183,0
sample_9191,26.377324987246958,94.25484597146824,block_52_188,0
sample_9192,27.627856582316575,93.78474761802691,block_55_187,0
sample_9193,27.45009973606666,96.05427617543127,block_54_192,0
sample_9194,27.71625441053626,94.86061496519584,block_55_189,0
sample_9195,26.228487379870167,90.89557327844298,block_52_181,0
sample_9196,26.37732212398845,95.082764696681,block_52_190,0
sample_9197,26.16203630729914,93.53212519413998,block_52_187,0
sample_9198,27.44916827226585,92.63818929697253,block_54_185,0
sample_9199,25.780050031613243,92.86043795494523,block_51_185,0
sample_9200,28.09166295799315,92.9699730145426,block_56_185,0
sample_9201,27.753692665289517,95.84630362925637,block_55_191,0
sample_9202,26.934451067927856,94.23736718255557,block_53_188,0
sample_9203,28.787372434527406,94.73889896305874,block_57_189,0
sample_9204,28.748133123012177,95.14528364376018,block_57_190,0
sample_9205,25.21960091312908,92.79356047387309,block_50_185,0
sample_9206,24.505645186051083,93.03067162363556,block_49_186,0
sample_9207,26.757453401115452,92.72238914648919,block_53_185,0
sample_9208,26.54217001507494,91.75270245088856,block_53_183,0
sample_9209,24.362003058887996,93.1856421966614,block_48_186,0
sample_9210,25.54518800526188,90.52672773525283,block_51_181,0
sample_9211,26.268795138668814,91.14639575017733,block_52_182,0
sample_9212,27.220153679938306,92.59232029304398,block_54_185,0
sample_9213,25.984612740463653,92.29912761356279,block_51_184,0
sample_9214,25.646950254033847,90.41741573472072,block_51_180,0
sample_9215,27.73302384557014,95.31930746010293,block_55_190,0
sample_9216,26.546467777081574,92.14163730871864,block_53_184,0
sample_9217,26.451273364152282,90.23327876174773,block_52_180,0
sample_9218,27.391955340357985,96.58704058083947,block_54_193,0
sample_9219,24.387335732390095,92.46875984319115,block_48_184,0
sample_9220,26.214714699805263,92.88706013860663,block_52_185,0
sample_9221,26.716639621885566,92.75781734977504,block_53_185,0
sample_9222,28.392925087628466,96.18238981262022,block_56_192,0
sample_9223,25.233615163586347,90.27490170540246,block_50_180,0
sample_9224,27.938659959261837,92.95364548379064,block_55_185,0
sample_9225,23.885231647428114,91.91819137691752,block_47_183,0
sample_9226,23.07223207043835,91.6937388120926,block_46_183,0
sample_9227,26.574412348628304,92.11173328574615,block_53_184,0
sample_9228,28.40401967489465,96.75511285833078,block_56_193,0
sample_9229,27.22391509895902,92.66026252119772,block_54_185,0
sample_9230,27.150641977518745,94.67961506835168,block_54_189,0
sample_9231,25.277800890919064,93.88945132121128,block_50_187,0
sample_9232,27.089282801502087,95.54838390732057,block_54_191,0
sample_9233,27.39217696140787,95.98804005664496,block_54_191,0
sample_9234,26.832460552245934,94.16977729532552,block_53_188,0
sample_9235,27.01918989552683,92.26749416439034,block_54_184,0
sample_9236,25.53046309109213,92.81278589002603,block_51_185,0
sample_9237,24.093142361102633,91.71698560881437,block_48_183,0
sample_9238,25.288163827843647,93.72939689831107,block_50_187,0
sample_9239,27.837702199758592,93.28821952306846,block_55_186,0
sample_9240,25.737030500855468,92.28719738977239,block_51_184,0
sample_9241,27.67565005912246,92.86308294041352,block_55_185,0
sample_9242,26.795105172367506,94.23185773016085,block_53_188,0
sample_9243,25.516602376610493,92.13576307879723,block_51_184,0
sample_9244,25.558706859815416,91.39946062464826,block_51_182,0
sample_9245,24.20274208122611,93.75991635378634,block_48_187,0
sample_9246,26.82968051756036,94.65861386341095,block_53_189,0
sample_9247,26.753717511509485,90.87562550971626,block_53_181,0
sample_9248,25.477704711221488,92.63071441916657,block_50_185,0
sample_9249,27.41702228799696,95.80264322961322,block_54_191,0
sample_9250,29.094228154539376,94.522975774596,block_58_189,0
sample_9251,27.72539811869559,93.7768786403004,block_55_187,0
sample_9252,28.12171870170292,94.19707410832271,block_56_188,0
sample_9253,27.176181364639497,92.54731206636745,block_54_185,0
sample_9254,25.459067992200136,92.70452627514008,block_50_185,0
sample_9255,24.503826854040938,94.09268322649744,block_49_188,0
sample_9256,27.457339301835656,92.58530113179083,block_54_185,0
sample_9257,22.623753161658794,93.0192920244538,block_45_186,0
sample_9258,27.791877126124113,95.04884095394229,block_55_190,0
sample_9259,27.871748311493963,95.864748415602,block_55_191,0
sample_9260,25.593481538265674,93.61936373735422,block_51_187,0
sample_9261,27.49407150283104,95.39872769151556,block_54_190,0
sample_9262,26.749435656479246,92.17397215230525,block_53_184,0
sample_9263,24.184430895288628,92.37113177743973,block_48_184,0
sample_9264,24.110431061283425,93.22612746271055,block_48_186,0
sample_9265,27.323697686396518,93.3759129255744,block_54_186,0
sample_9266,24.544303022920246,94.3713623709504,block_49_188,0
sample_9267,25.9204157529456,90.94987090074345,block_51_181,0
sample_9268,27.915104772280408,93.50254537304993,block_55_187,0
sample_9269,25.283289136392714,94.3624456118783,block_50_188,0
sample_9270,24.696909623457902,94.3337832888848,block_49_188,0
sample_9271,24.605948383693065,92.95556874116403,block_49_185,0
sample_9272,25.991314664702344,90.53885192665048,block_51_181,0
sample_9273,27.98642545212124,95.7105646386804,block_55_191,0
sample_9274,27.624939893731916,93.7536625196683,block_55_187,0
sample_9275,24.255144772334102,92.62948967644108,block_48_185,0
sample_9276,24.254145623850917,93.77617312171373,block_48_187,0
sample_9277,27.31323284109213,94.835491728314,block_54_189,0
sample_9278,24.667960160104656,93.91156904479382,block_49_187,0
sample_9279,28.310454860122178,93.27076648510499,block_56_186,0
sample_9280,27.443894165595278,95.61191433786003,block_54_191,0
sample_9281,29.089415776800852,94.65089473513511,block_58_189,0
sample_9282,26.60209171902475,90.87765928139207,block_53_181,0
sample_9283,25.331437585686025,90.4825957947542,block_50_180,0
sample_9284,26.681277755451557,91.54889847336939,block_53_183,0
sample_9285,27.770737025329822,93.00384068532205,block_55_186,0
sample_9286,28.360012908356705,96.50780070532159,block_56_193,0
sample_9287,28.174024016598732,94.04860147889573,block_56_188,0
sample_9288,26.92664188931951,92.54178369860063,block_53_185,0
sample_9289,26.872994089846678,95.4809455675311,block_53_190,0
sample_9290,23.85093980932357,92.03635741317511,block_47_184,0
sample_9291,24.168680650218057,93.53492992193266,block_48_187,0
sample_9292,27.35622272556406,94.43605130222198,block_54_188,0
sample_9293,27.950243553979604,93.3498019345998,block_55_186,0
sample_9294,29.235946466704114,94.76159046345025,block_58_189,0
sample_9295,27.605235124362444,94.06462548483445,block_55_188,0
sample_9296,27.259273410633902,93.60412067052654,block_54_187,0
sample_9297,24.91800593398789,93.12139425379556,block_49_186,0
sample_9298,26.304786516529134,92.36674061396835,block_52_184,0
sample_9299,26.745883980766642,91.74094759113402,block_53_183,0
sample_9300,27.65115749679981,93.17378767917818,block_55_186,0
sample_9301,25.776334886713077,91.44828097411299,block_51_182,0
sample_9302,25.726490362654822,90.80159970973408,block_51_181,0
sample_9303,27.086566510631815,93.84264142218618,block_54_187,0
sample_9304,25.800526902314235,93.96698832272979,block_51_187,0
sample_9305,27.26965614903459,93.322856880985,block_54_186,0
sample_9306,28.040998612072976,96.10583492120536,block_56_192,0
sample_9307,25.348848014770027,92.63215006390291,block_50_185,0
sample_9308,28.797415560730382,96.39656611075563,block_57_192,0
sample_9309,28.816578557265775,94.56728224598376,block_57_189,0
sample_9310,24.88041911665806,93.08418390159326,block_49_186,0
sample_9311,26.12013273305099,91.01514559509634,block_52_182,0
sample_9312,28.305216102521772,96.75346610336713,block_56_193,0
sample_9313,28.30496493733093,94.00709589099921,block_56_188,0
sample_9314,26.309095317225626,91.94986938562333,block_52_183,0
sample_9315,24.03488677752374,93.01329527551368,block_48_186,0
sample_9316,27.995145377895575,95.93075457737174,block_55_191,0
sample_9317,28.350196150213023,96.37540408245768,block_56_192,0
sample_9318,24.635077630087554,93.44938112758338,block_49_186,0
sample_9319,28.66226221823401,95.54581500505506,block_57_191,0
sample_9320,24.23071800393207,92.22600495072707,block_48_184,0
sample_9321,23.052925199752952,91.64157084540547,block_46_183,0
sample_9322,26.282275584315293,90.78280690733308,block_52_181,0
sample_9323,27.070281793087283,95.12719064437036,block_54_190,0
sample_9324,26.30777207373951,93.723237681167,block_52_187,0
sample_9325,25.916027958116405,91.27942317106906,block_51_182,0
sample_9326,24.780066358291307,93.5472479064151,block_49_187,0
sample_9327,29.149319444147153,94.74759003602925,block_58_189,0
sample_9328,27.733225966643513,92.16287747697255,block_55_184,0
sample_9329,25.249375217905765,92.2884230071821,block_50_184,0
sample_9330,26.43068976437187,92.40284137714113,block_52_184,0
sample_9331,27.56526187464608,95.13271327074098,block_55_190,0
sample_9332,27.800000156746123,88.48772600148067,block_55_176,0
sample_9333,28.08940461116735,96.36221171959328,block_56_192,0
sample_9334,28.242340362415057,96.94816813251316,block_56_193,0
sample_9335,24.49177877400897,93.05424591952246,block_48_186,0
sample_9336,25.744447182205487,90.27893694590409,block_51_180,0
sample_9337,27.86957106968243,96.09796730159175,block_55_192,0
sample_9338,23.913248273200868,92.99198761974532,block_47_185,0
sample_9339,27.711482075427718,92.89065218838338,block_55_185,0
sample_9340,26.084929105849994,93.99289138339088,block_52_187,0
sample_9341,27.38801102999372,96.9389804737462,block_54_193,0
sample_9342,27.79521246837707,94.22123149959859,block_55_188,0
sample_9343,26.00358645442453,92.43656817912375,block_52_184,0
sample_9344,25.88607437538501,92.54993979855708,block_51_185,0
sample_9345,28.022299846662843,93.33340910826293,block_56_186,0
sample_9346,24.183169648594408,92.01483674554837,block_48_184,0
sample_9347,26.01845504813626,92.76164906220373,block_52_185,0
sample_9348,25.90573996086626,90.93486290858439,block_51_181,0
sample_9349,27.452731211074763,94.16718560062468,block_54_188,0
sample_9350,23.944857048124145,91.90149277029273,block_47_183,0
sample_9351,27.52188299995727,95.33123803226759,block_55_190,0
sample_9352,27.072149127280394,92.20477495474299,block_54_184,0
sample_9353,25.965306193939263,94.0560828395067,block_51_188,0
sample_9354,22.922824453191108,92.56300966970241,block_45_185,0
sample_9355,26.619302073273325,92.32685192276159,block_53_184,0
sample_9356,26.59243126944722,91.29373704114535,block_53_182,0
sample_9357,26.700409368462953,91.49636781808857,block_53_182,0
sample_9358,26.49312091252972,92.17013841705658,block_52_184,0
sample_9359,28.061340406200692,95.77122298806388,block_56_191,0
sample_9360,25.830199168884295,93.12688784178127,block_51_186,0
sample_9361,26.685450782726683,91.22051383468005,block_53_182,0
sample_9362,25.52180224387656,91.17304940743472,block_51_182,0
sample_9363,24.986364609900065,94.68343734594622,block_49_189,0
sample_9364,28.485772326143476,94.08734078708514,block_56_188,0
sample_9365,28.245375505021638,93.76580336994247,block_56_187,0
sample_9366,26.819282985796015,94.02264968298519,block_53_188,0
sample_9367,26.66128003770367,94.77735287747151,block_53_189,0
sample_9368,25.570262102285135,92.49209318982719,block_51_184,0
sample_9369,24.98193344550406,94.5285145664553,block_49_189,0
sample_9370,29.264441747020363,95.83292015717296,block_58_191,0
sample_9371,25.03569455401871,93.63619633444199,block_50_187,0
sample_9372,28.209399947407995,97.16069858037893,block_56_194,0
sample_9373,28.834018149688422,94.38043716640492,block_57_188,0
sample_9374,24.39476699829393,93.37283210988932,block_48_186,0
sample_9375,27.888492266065526,96.26073888471976,block_55_192,0
sample_9376,26.719421533494387,92.90401155575674,block_53_185,0
sample_9377,27.8851263673802,95.49415345178433,block_55_190,0
sample_9378,28.837095633468,94.972486247355,block_57_189,0
sample_9379,26.177033893174187,93.40170395192948,block_52_186,0
sample_9380,27.244099654127375,93.97985660078123,block_54_187,0
sample_9381,28.299463629762432,94.6332500402177,block_56_189,0
sample_9382,24.317551562000347,94.1913919688791,block_48_188,0
sample_9383,24.9441978745628,92.63146754523885,block_49_185,0
sample_9384,29.12277095887068,95.62739303345202,block_58_191,0
sample_9385,23.93405993573575,93.36650078230767,block_47_186,0
sample_9386,26.626993342437164,90.87430399198833,block_53_181,0
sample_9387,23.65710227487769,93.40094472290805,block_47_186,0
sample_9388,26.364863808051552,90.60546009691781,block_52_181,0
sample_9389,28.387904477203552,94.9498122313023,block_56_189,0
sample_9390,27.913002311693138,94.47556254759088,block_55_188,0
sample_9391,23.2263328395912,92.40681277397721,block_46_184,0
sample_9392,25.55865438108571,90.60600147247044,block_51_181,0
sample_9393,23.737129135051006,91.26030302212634,block_47_182,0
sample_9394,25.960842783226937,92.68736917904695,block_51_185,0
sample_9395,28.010185805462044,96.98660842540689,block_56_193,0
sample_9396,28.704743344500585,95.68750480457041,block_57_191,0
sample_9397,28.07889289281657,96.04499872493336,block_56_192,0
sample_9398,27.985961328269745,88.33457723594438,block_55_176,0
sample_9399,25.595987226495744,92.85860153219444,block_51_185,0
sample_9400,28.14944609572834,94.88794439250935,block_56_189,0
sample_9401,26.174065338167782,91.62287563762936,block_52_183,0
sample_9402,28.04593521896448,94.27585947312438,block_56_188,0
sample_9403,27.11237350433965,94.51166565913641,block_54_189,0
sample_9404,25.739416482444476,95.00453135367738,block_51_190,0
sample_9405,27.632758322162502,94.88770116793246,block_55_189,0
sample_9406,28.356801357719444,94.88718774643213,block_56_189,0
sample_9407,26.45920744784829,92.56456654080708,block_52_185,0
sample_9408,28.70831723637594,94.17057008949708,block_57_188,0
sample_9409,25.874820688854907,91.8317387036139,block_51_183,0
sample_9410,25.76274689730856,94.65258250262718,block_51_189,0
sample_9411,25.537610424595613,92.92565081508594,block_51_185,0
sample_9412,23.50191535259006,91.94776464743576,block_47_183,0
sample_9413,27.426353239310295,94.692055834398,block_54_189,0
sample_9414,22.118715188590045,93.01459235762272,block_44_186,0
sample_9415,27.67778640499677,93.48948993765431,block_55_186,0
sample_9416,26.775728576930646,91.25878681975051,block_53_182,0
sample_9417,24.058822693061032,93.15707228125292,block_48_186,0
sample_9418,23.87761351872395,92.51957614329676,block_47_185,0
sample_9419,24.77977807226851,92.84196031241304,block_49_185,0
sample_9420,27.946599691937614,95.7176519675583,block_55_191,0
sample_9421,25.235606160702325,93.53256995946748,block_50_187,0
sample_9422,22.923740633250205,92.97500618880993,block_45_185,0
sample_9423,27.756030803694674,94.61295503588084,block_55_189,0
sample_9424,25.56404335825871,90.27436948100647,block_51_180,0
sample_9425,25.66298086661918,93.23776939601969,block_51_186,0
sample_9426,24.052101938136257,92.51657326168566,block_48_185,0
sample_9427,24.499971525728583,93.54462747819716,block_48_187,0
sample_9428,27.37140107659424,94.25859502626733,block_54_188,0
sample_9429,26.354733638315352,93.1752779731419,block_52_186,0
sample_9430,25.855255787640917,92.49611747764038,block_51_184,0
sample_9431,24.012645682754442,92.11421929985988,block_48_184,0
sample_9432,25.791083347096286,92.6673891582784,block_51_185,0
sample_9433,26.502829346568873,91.54936583693002,block_53_183,0
sample_9434,28.451635666578944,96.2960798899623,block_56_192,0
sample_9435,25.607254394939194,93.20125744762109,block_51_186,0
sample_9436,27.76206327448132,92.56759324943964,block_55_185,0
sample_9437,26.568006323692988,93.48681023593704,block_53_186,0
sample_9438,26.120442613465578,90.35998380217625,block_52_180,0
sample_9439,26.036070748840125,91.69313091486016,block_52_183,0
sample_9440,25.40731991964401,92.34302185417718,block_50_184,0
sample_9441,29.066966734527927,95.87342276166673,block_58_191,0
sample_9442,27.06070368061161,93.93420542567453,block_54_187,0
sample_9443,28.072517196279428,96.64881482778162,block_56_193,0
sample_9444,27.88869566711459,93.6802581292763,block_55_187,0
sample_9445,27.88846661972339,96.20956078851812,block_55_192,0
sample_9446,28.21422646920913,95.65707747231063,block_56_191,0
sample_9447,28.01220453438848,93.78700276744983,block_56_187,0
sample_9448,27.47564646599066,95.96178972804049,block_54_191,0
sample_9449,24.77557463995173,94.18310864686586,block_49_188,0
sample_9450,28.419776591625777,96.03601664070943,block_56_192,0
sample_9451,26.714509481095686,90.9332744113449,block_53_181,0
sample_9452,25.281500511180194,93.52011595580024,block_50_187,0
sample_9453,27.922125243865136,95.58271826500926,block_55_191,0
sample_9454,25.386661878242414,89.99919323809866,block_50_179,0
sample_9455,27.66898930481741,92.23865062218587,block_55_184,0
sample_9456,25.956997178341904,91.81683604608229,block_51_183,0
sample_9457,26.73038988437308,93.48845503682867,block_53_186,0
sample_9458,25.843072823369198,90.55326443450448,block_51_181,0
sample_9459,25.365561259271846,92.40423192856409,block_50_184,0
sample_9460,27.626551077856135,92.17844836243312,block_55_184,0
sample_9461,23.586618865796922,92.51643204498342,block_47_185,0
sample_9462,26.263327283387213,90.91345777957046,block_52_181,0
sample_9463,28.224320107666685,97.3313845838847,block_56_194,0
sample_9464,26.398577383263728,92.20874575693585,block_52_184,0
sample_9465,27.065765769790886,95.69430906612047,block_54_191,0
sample_9466,28.792223438692044,96.23848035041932,block_57_192,0
sample_9467,27.179961568541458,93.50526591156354,block_54_187,0
sample_9468,27.52171383993342,92.48965177005074,block_55_184,0
sample_9469,26.216230095958743,90.85232264977304,block_52_181,0
sample_9470,23.975151850654985,92.65591336001438,block_47_185,0
sample_9471,27.393085571803134,96.73348788195504,block_54_193,0
sample_9472,26.157196991535965,91.28056223504615,block_52_182,0
sample_9473,27.71480670318155,96.62366329822098,block_55_193,0
sample_9474,25.17120029661479,91.43373815134223,block_50_182,0
sample_9475,28.53262345299397,95.75271136166634,block_57_191,0
sample_9476,27.200893349700785,93.52201061724534,block_54_187,0
sample_9477,26.403225121400297,94.52323955299049,block_52_189,0
sample_9478,26.808750239686653,91.38982067531629,block_53_182,0
sample_9479,26.45467831978082,90.230968103968,block_52_180,0
sample_9480,26.926731155854718,92.4690993080939,block_53_184,0
sample_9481,26.01164887465753,91.71412538838989,block_52_183,0
sample_9482,28.124526945086217,94.27189001176319,block_56_188,0
sample_9483,27.59882901028476,88.78174339897168,block_55_177,0
sample_9484,26.638498201695647,92.83413814730844,block_53_185,0
sample_9485,27.522988735332437,92.8127416187179,block_55_185,0
sample_9486,28.388077696431132,94.26048853346875,block_56_188,0
sample_9487,28.13138124243308,96.01535553936559,block_56_192,0
sample_9488,26.67353747980365,93.904418673541,block_53_187,0
sample_9489,25.084331090253407,93.69553905205375,block_50_187,0
sample_9490,26.671214474114407,93.71097655478206,block_53_187,0
sample_9491,26.243895304051875,90.14429014914288,block_52_180,0
sample_9492,27.89179414240803,93.01640704126909,block_55_186,0
sample_9493,28.629885035307858,93.96960717415354,block_57_187,0
sample_9494,26.47902248670934,92.33429652215413,block_52_184,0
sample_9495,27.577145403522497,92.0345232055142,block_55_184,0
sample_9496,27.246407594869357,93.09600859201744,block_54_186,0
sample_9497,26.497998486289728,92.88553009204944,block_52_185,0
sample_9498,26.915438133039977,94.52596802655154,block_53_189,0
sample_9499,27.7590180342372,96.55255509207674,block_55_193,0
sample_9500,25.55926112855162,92.50174656311624,block_51_185,0
sample_9501,23.924994481015396,91.66763084802726,block_47_183,0
sample_9502,26.630914589971376,91.24018502968701,block_53_182,0
sample_9503,26.606136498449168,93.33707473533636,block_53_186,0
sample_9504,28.212395363512805,97.1814112469206,block_56_194,0
sample_9505,24.53155100429509,93.30465532272832,block_49_186,0
sample_9506,23.559976743159282,92.96043689401111,block_47_185,0
sample_9507,24.672235822717603,93.22274327532678,block_49_186,0
sample_9508,26.02710751240332,91.39804122105593,block_52_182,0
sample_9509,29.102770601675232,94.57459820340452,block_58_189,0
sample_9510,22.95879692946151,92.38357386512915,block_45_184,0
sample_9511,29.20776927254541,95.88246840332636,block_58_191,0
sample_9512,28.648617896325472,94.41974795558674,block_57_188,0
sample_9513,25.86493850639616,89.905594211685,block_51_179,0
sample_9514,26.682152892695782,91.0667231278307,block_53_182,0
sample_9515,29.17316243918303,96.31901735483991,block_58_192,0
sample_9516,24.20716682399534,93.05500194448743,block_48_186,0
sample_9517,28.773550983123815,94.29485614414614,block_57_188,0
sample_9518,25.212795196259947,90.48069005649296,block_50_180,0
sample_9519,26.054125921310458,90.72740874003263,block_52_181,0
sample_9520,27.481294015927517,93.19179893030385,block_54_186,0
sample_9521,28.257075184840392,94.65847387101738,block_56_189,0
sample_9522,24.730831739414175,94.56243038996084,block_49_189,0
sample_9523,27.928193281926948,93.19514010543537,block_55_186,0
sample_9524,22.264755911121267,92.730214755774,block_44_185,0
sample_9525,26.824204464125692,93.97803359522753,block_53_187,0
sample_9526,23.40842744207523,91.42284460394974,block_46_182,0
sample_9527,27.764071053336952,88.81723241723051,block_55_177,0
sample_9528,28.851229379363744,95.29715885293542,block_57_190,0
sample_9529,27.11225602112006,95.84734550347048,block_54_191,0
sample_9530,25.283080751451394,92.99632762613203,block_50_185,0
sample_9531,27.997796571689193,93.01627955864672,block_55_186,0
sample_9532,27.670165551504997,92.42634577234602,block_55_184,0
sample_9533,27.974472352528842,95.98572917079859,block_55_191,0
sample_9534,26.18283469000023,92.16377389147168,block_52_184,0
sample_9535,27.072707648810656,95.38139226900489,block_54_190,0
sample_9536,27.66533054797592,92.39671736262564,block_55_184,0
sample_9537,24.85681510272826,93.16522737561075,block_49_186,0
sample_9538,29.33968552336646,95.9793614428674,block_58_191,0
sample_9539,27.649496084664953,96.25502863732821,block_55_192,0
sample_9540,26.422856479168512,91.53403345772182,block_52_183,0
sample_9541,23.96943895432836,92.06665581762144,block_47_184,0
sample_9542,25.757663506498268,93.43101076892277,block_51_186,0
sample_9543,25.823234403573032,93.8038198633661,block_51_187,0
sample_9544,28.759029307993412,94.96045162154898,block_57_189,0
sample_9545,27.582528211718554,94.86691266498532,block_55_189,0
sample_9546,27.043368122664837,95.03278182063572,block_54_190,0
sample_9547,28.602654107993633,94.36028558549285,block_57_188,0
sample_9548,24.677762919496676,94.0414592925788,block_49_188,0
sample_9549,29.06972488062265,96.09133464082207,block_58_192,0
sample_9550,25.791973696752535,92.81777755415763,block_51_185,0
sample_9551,26.272890951874317,91.72170177510947,block_52_183,0
sample_9552,29.34965627379021,95.98674026846726,block_58_191,0
sample_9553,27.74130103762915,95.80523921797999,block_55_191,0
sample_9554,24.403362670961886,93.89074177433704,block_48_187,0
sample_9555,27.300852201527793,93.33630271973654,block_54_186,0
sample_9556,27.250725039462758,93.37963577420703,block_54_186,0
sample_9557,25.161869066696198,92.75904667405544,block_50_185,0
sample_9558,24.288115655059663,92.76940154961856,block_48_185,0
sample_9559,27.95999839750265,88.67720760373113,block_55_177,0
sample_9560,25.524830201264336,90.90864230962379,block_51_181,0
sample_9561,28.16096560997825,97.31523582698316,block_56_194,0
sample_9562,26.897675917998765,94.03403509027012,block_53_188,0
sample_9563,28.965694468038883,94.42374089308775,block_57_188,0
sample_9564,25.385365729093447,90.94748255258013,block_50_181,0
sample_9565,25.60347134894697,90.74498040068508,block_51_181,0
sample_9566,29.021335434119717,95.45388897648634,block_58_190,0
sample_9567,23.11689254953771,93.17951579912717,block_46_186,0
sample_9568,27.871286032411795,95.92174551735576,block_55_191,0
sample_9569,24.369450767527848,92.11343495479572,block_48_184,0
sample_9570,26.887235887323644,93.94381194001659,block_53_187,0
sample_9571,23.85069121434864,91.47533815983024,block_47_182,0
sample_9572,24.999963441588502,94.63351225352739,block_49_189,0
sample_9573,25.158149671929245,92.69739051375642,block_50_185,0
sample_9574,25.603393133267897,93.06597557882758,block_51_186,0
sample_9575,26.464605787910855,90.47081772518692,block_52_180,0
sample_9576,24.765425436784568,94.2104808363369,block_49_188,0
sample_9577,26.17732448974272,89.72717201040157,block_52_179,0
sample_9578,26.18817669581869,91.52053257465093,block_52_183,0
sample_9579,27.112589810835548,95.09614641108232,block_54_190,0
sample_9580,28.11602162537875,93.52876225788968,block_56_187,0
sample_9581,28.890972471775306,95.36204834951984,block_57_190,0
sample_9582,26.857995026715752,92.1780315297605,block_53_184,0
sample_9583,26.153414452549395,92.61535820895567,block_52_185,0
sample_9584,27.579409027420123,88.24244580286641,block_55_176,0
sample_9585,25.102552198006997,93.4230617910774,block_50_186,0
sample_9586,25.724847674406192,91.04601329781957,block_51_182,0
sample_9587,25.34316912130157,92.37829819717886,block_50_184,0
sample_9588,24.317411032594663,92.40016556163575,block_48_184,0
sample_9589,27.793314887532645,88.49686284172289,block_55_176,0
sample_9590,26.572644796267248,92.70115772860228,block_53_185,0
sample_9591,27.368603322961377,94.64997137824201,block_54_189,0
sample_9592,23.388651041531705,92.63130103424638,block_46_185,0
sample_9593,27.35098856257936,93.10183820906225,block_54_186,0
sample_9594,27.1438001452305,97.0587342085531,block_54_194,0
sample_9595,28.269664162355546,93.97818772645725,block_56_187,0
sample_9596,28.272257335720305,95.44295060462694,block_56_190,0
sample_9597,25.5444920059426,94.09932385811604,block_51_188,0
sample_9598,26.064585939051632,91.50610686600871,block_52_183,0
sample_9599,25.499020716863793,94.44912909394839,block_50_188,0
sample_9600,26.82800894604187,94.339725650195,block_53_188,0
sample_9601,26.45351036793875,91.0201364188867,block_52_182,0
sample_9602,24.037732957554553,91.80195726805633,block_48_183,0
sample_9603,26.555834891139437,90.1598329228382,block_53_180,0
sample_9604,25.275453019138812,91.98323778275014,block_50_183,0
sample_9605,27.612116117816935,94.97065084718339,block_55_189,0
sample_9606,27.762992509853795,94.45523414399098,block_55_188,0
sample_9607,25.299393910786776,93.01558811428394,block_50_186,0
sample_9608,27.55092167808155,96.46479022757119,block_55_192,0
sample_9609,25.929478320730873,91.22894740899058,block_51_182,0
sample_9610,27.727845471142736,95.59834428190977,block_55_191,0
sample_9611,25.37931864178894,93.62788980885307,block_50_187,0
sample_9612,25.81786122652271,89.98752553303856,block_51_179,0
sample_9613,26.19352442838803,93.42905283453842,block_52_186,0
sample_9614,24.72678052548449,94.51402626707451,block_49_189,0
sample_9615,22.438234404566995,93.02178198957951,block_44_186,0
sample_9616,25.788757328939656,93.2066883033673,block_51_186,0
sample_9617,25.03157911073537,92.70075292781353,block_50_185,0
sample_9618,26.84634137220671,94.51589173680355,block_53_189,0
sample_9619,27.671132778399528,96.31664757034368,block_55_192,0
sample_9620,23.91169891042233,91.25395462805238,block_47_182,0
sample_9621,28.17938116823239,95.73277802765217,block_56_191,0
sample_9622,28.4699196664617,94.75165942856462,block_56_189,0
sample_9623,27.380042274013825,96.63719853587045,block_54_193,0
sample_9624,25.166328562772065,92.30530531646102,block_50_184,0
sample_9625,25.69267734999368,93.03215226565109,block_51_186,0
sample_9626,26.01736213853954,92.33362728836133,block_52_184,0
sample_9627,25.47684218967621,90.7560241417627,block_50_181,0
sample_9628,25.33458504203362,90.77216323081312,block_50_181,0
sample_9629,28.868738082235932,94.49780468706754,block_57_188,0
sample_9630,26.31884402622909,90.36097808437529,block_52_180,0
sample_9631,26.4907254505325,91.96616383311458,block_52_183,0
sample_9632,28.84328742730853,94.72544880847845,block_57_189,0
sample_9633,25.045308408376737,94.09778154136494,block_50_188,0
sample_9634,28.447988463014106,95.51812700018995,block_56_191,0
sample_9635,26.137765026621516,92.58973831439101,block_52_185,0
sample_9636,27.663050649049815,88.44636909155551,block_55_176,0
sample_9637,26.631630013506282,92.80017643060158,block_53_185,0
sample_9638,25.80335571356254,91.54106439931303,block_51_183,0
sample_9639,28.394309396948014,94.39822275421905,block_56_188,0
sample_9640,25.877167974093453,93.07876816975714,block_51_186,0
sample_9641,28.93247816266381,95.84130240791653,block_57_191,0
sample_9642,26.562240952782837,91.66706479593903,block_53_183,0
sample_9643,27.164360809246524,93.00658721854833,block_54_186,0
sample_9644,27.026289558958034,95.65621813981832,block_54_191,0
sample_9645,27.568020352803167,96.62886317936811,block_55_193,0
sample_9646,28.963952477518564,95.04033759174484,block_57_190,0
sample_9647,29.08003216472266,94.60278029766665,block_58_189,0
sample_9648,27.54968524616304,91.82297903381861,block_55_183,0
sample_9649,27.25216990112476,92.51518337787351,block_54_185,0
sample_9650,28.4267157890802,96.00287301010383,block_56_192,0
sample_9651,27.72998621074695,88.52578589315773,block_55_177,0
sample_9652,24.609041775490816,93.48970577579941,block_49_186,0
sample_9653,27.420984002963294,94.58336422912011,block_54_189,0
sample_9654,26.336737975493637,93.99373901019109,block_52_187,0
sample_9655,26.801418348385273,90.18875873356944,block_53_180,0
sample_9656,28.723104128320745,95.01360226950507,block_57_190,0
sample_9657,26.477386216150506,91.31114319582132,block_52_182,0
sample_9658,25.43586160672419,94.48103477444062,block_50_188,0
sample_9659,26.119205112153757,91.03649093165616,block_52_182,0
sample_9660,27.382189097884673,92.74281271017128,block_54_185,0
sample_9661,26.732748405524504,92.22860677700803,block_53_184,0
sample_9662,27.195965672772694,93.4648408210068,block_54_186,0
sample_9663,25.659244371866897,93.34245208521665,block_51_186,0
sample_9664,26.548201116415278,91.48602344525507,block_53_182,0
sample_9665,24.363997092945777,94.09625988644295,block_48_188,0
sample_9666,26.17990212884962,93.93648784592749,block_52_187,0
sample_9667,25.267639378249424,90.82340751313488,block_50_181,0
sample_9668,28.28279179167233,96.43716366960469,block_56_192,0
sample_9669,26.149545867028436,93.86809690924552,block_52_187,0
sample_9670,29.059654092933595,94.48298077092812,block_58_188,0
sample_9671,28.696072562652724,95.27221715136007,block_57_190,0
sample_9672,26.80380673871583,92.70586246953786,block_53_185,0
sample_9673,27.788799480875852,88.69847555240214,block_55_177,0
sample_9674,27.900139103322708,94.24922404195189,block_55_188,0
sample_9675,25.49924055928834,91.62574255758018,block_50_183,0
sample_9676,26.634504836059957,90.46352442766991,block_53_180,0
sample_9677,27.43874179090603,94.4220987757108,block_54_188,0
sample_9678,26.794291677696805,95.46640938511698,block_53_190,0
sample_9679,28.15282921040615,96.47107539597587,block_56_192,0
sample_9680,23.15222144042866,92.49503490011199,block_46_184,0
sample_9681,24.30908215366869,93.34092109035423,block_48_186,0
sample_9682,28.111475774915828,93.71315211343112,block_56_187,0
sample_9683,25.717780275616033,91.44876377616913,block_51_182,0
sample_9684,27.730242076595864,93.86007981646516,block_55_187,0
sample_9685,22.28561862279505,93.1233358119459,block_44_186,0
sample_9686,24.883418665290733,93.27892610009286,block_49_186,0
sample_9687,27.678852576582802,96.28141439190678,block_55_192,0
sample_9688,26.65786832444416,92.59712737132642,block_53_185,0
sample_9689,27.30758863902069,94.54026239894934,block_54_189,0
sample_9690,27.388544919827403,95.34818262527547,block_54_190,0
sample_9691,23.90257436411452,91.4580705049683,block_47_182,0
sample_9692,22.11140118302358,92.63507167339448,block_44_185,0
sample_9693,23.846373632529232,92.8808431406516,block_47_185,0
sample_9694,25.390150203968442,90.12528031399303,block_50_180,0
sample_9695,28.17387281408656,95.10548480314038,block_56_190,0
sample_9696,23.48815351198842,91.70711502317575,block_46_183,0
sample_9697,28.381100853577017,94.99691991493158,block_56_189,0
sample_9698,28.654977509708715,95.09740542122147,block_57_190,0
sample_9699,26.25731647202068,91.56368757695935,block_52_183,0
sample_9700,27.763294625013206,88.56801336400613,block_55_177,0
sample_9701,24.91881966603386,93.68320287397732,block_49_187,0
sample_9702,22.10085288292157,92.65748769750066,block_44_185,0
sample_9703,27.17052045165456,93.18935848631978,block_54_186,0
sample_9704,26.635189311594246,94.12025185829651,block_53_188,0
sample_9705,27.464783960875508,95.90285829626796,block_54_191,0
sample_9706,27.112815240332015,93.17385051763189,block_54_186,0
sample_9707,27.841094802184696,97.06023952080943,block_55_194,0
sample_9708,25.15557821517161,93.101013194557,block_50_186,0
sample_9709,25.616696893315282,91.72596505622211,block_51_183,0
sample_9710,26.175701397605447,93.96811544604287,block_52_187,0
sample_9711,25.831181008171512,94.93771015337344,block_51_189,0
sample_9712,24.886000696977607,92.61628155862692,block_49_185,0
sample_9713,23.632685625574986,92.2992632979856,block_47_184,0
sample_9714,25.261213773891125,91.75657700561564,block_50_183,0
sample_9715,24.194513380803308,92.82098738083484,block_48_185,0
sample_9716,25.23953408118185,93.11407120421346,block_50_186,0
sample_9717,27.271175485612485,94.68658917705159,block_54_189,0
sample_9718,28.87249018725725,96.08162797736739,block_57_192,0
sample_9719,27.58871955340655,88.20807161746416,block_55_176,0
sample_9720,26.692503431804937,91.56338811316093,block_53_183,0
sample_9721,27.53554054667501,92.70729657199905,block_55_185,0
sample_9722,23.7756692475549,92.76163748859436,block_47_185,0
sample_9723,27.819243438387453,95.9488819861537,block_55_191,0
sample_9724,27.042604926768337,93.93970342612464,block_54_187,0
sample_9725,22.94626779523959,92.66750451243745,block_45_185,0
sample_9726,25.483982164367568,90.51032325668407,block_50_181,0
sample_9727,23.66133080770524,91.45591475953408,block_47_182,0
sample_9728,27.8743870604644,88.52033508164905,block_55_177,0
sample_9729,26.259259169148326,91.82004283234403,block_52_183,0
sample_9730,25.030160764655577,94.5158299552856,block_50_189,0
sample_9731,23.990718428816447,92.96028752257398,block_47_185,0
sample_9732,25.60130777845114,93.36187725893232,block_51_186,0
sample_9733,27.315214236243254,93.41817526185967,block_54_186,0
sample_9734,28.065887953172936,93.58282719532967,block_56_187,0
sample_9735,27.591234053244474,92.02081963431188,block_55_184,0
sample_9736,27.194914358984242,95.92015272033171,block_54_191,0
sample_9737,25.206936536664312,92.46171621547843,block_50_184,0
sample_9738,28.96965992780695,96.35654010596022,block_57_192,0
sample_9739,28.648287745374397,94.75342924240852,block_57_189,0
sample_9740,27.46535012058423,93.69677057990644,block_54_187,0
sample_9741,27.360082425865027,94.4564046709401,block_54_188,0
sample_9742,24.05741082158357,94.16746382248182,block_48_188,0
sample_9743,28.408905286017347,96.21519377523133,block_56_192,0
sample_9744,27.814213547060607,96.83515370877846,block_55_193,0
sample_9745,27.21126666515777,96.01996092283089,block_54_192,0
sample_9746,27.781399824754242,95.39944947933172,block_55_190,0
sample_9747,28.64118896263207,96.38421339462046,block_57_192,0
sample_9748,25.486226858335417,91.37648041754056,block_50_182,0
sample_9749,24.98091393861253,92.6242613851541,block_49_185,0
sample_9750,23.98178331287819,92.28964011919129,block_47_184,0
sample_9751,27.30341245226475,88.90104929195809,block_54_177,0
sample_9752,25.86522843842961,93.58846500224915,block_51_187,0
sample_9753,27.31548631591523,88.76822334451724,block_54_177,0
sample_9754,26.281873961365385,91.41446407379432,block_52_182,0
sample_9755,27.749095343767873,92.85209473686005,block_55_185,0
sample_9756,26.05431270093201,94.12442678358187,block_52_188,0
sample_9757,27.4328684878825,92.30981719825029,block_54_184,0
sample_9758,28.643906385597568,93.94571635262741,block_57_187,0
sample_9759,27.60732899113365,94.83449359719759,block_55_189,0
sample_9760,24.986959887082413,93.37446176508769,block_49_186,0
sample_9761,28.199980076702612,94.07791989427892,block_56_188,0
sample_9762,28.22294626946224,95.04307437524973,block_56_190,0
sample_9763,25.068553425258184,94.70778628310158,block_50_189,0
sample_9764,27.704222635204278,95.06372518532933,block_55_190,0
sample_9765,27.938011489202843,94.63923062779125,block_55_189,0
sample_9766,27.18385732215561,92.09082392023544,block_54_184,0
sample_9767,27.39127626056939,93.08375448836703,block_54_186,0
sample_9768,25.25647751847327,92.01446271856409,block_50_184,0
sample_9769,24.903270923640015,94.36362830248521,block_49_188,0
sample_9770,28.429194529263118,95.58077394350892,block_56_191,0
sample_9771,22.557714433136372,92.84044023620038,block_45_185,0
sample_9772,27.676428100540225,93.40270528777998,block_55_186,0
sample_9773,27.969006311312487,95.9012861585607,block_55_191,0
sample_9774,25.64350873605917,90.16715270311187,block_51_180,0
sample_9775,25.949205621867936,91.33655256147108,block_51_182,0
sample_9776,27.352701681730647,95.7507900402556,block_54_191,0
sample_9777,27.4734530278452,94.71518021913064,block_54_189,0
sample_9778,22.304370502028483,93.10625185604027,block_44_186,0
sample_9779,27.089278552985196,93.943203934218,block_54_187,0
sample_9780,25.600179648179374,93.14579674216961,block_51_186,0
sample_9781,25.88061244254705,94.68212234550823,block_51_189,0
sample_9782,25.99928316783743,90.09110394833635,block_51_180,0
sample_9783,27.32099233199335,93.91484645116876,block_54_187,0
sample_9784,25.870200047067016,91.40899968443334,block_51_182,0
sample_9785,26.56342947868523,93.70757473860861,block_53_187,0
sample_9786,28.844160307674137,94.36322212456184,block_57_188,0
sample_9787,25.835900224410477,90.04631278641942,block_51_180,0
sample_9788,26.413358058590813,91.51683069706762,block_52_183,0
sample_9789,26.320571445409122,94.33741095925642,block_52_188,0
sample_9790,27.823268307844536,94.40079215644681,block_55_188,0
sample_9791,28.564827154036404,94.92254664826315,block_57_189,0
sample_9792,25.8824616035549,93.99622687182045,block_51_187,0
sample_9793,27.732339861093898,91.79076079483765,block_55_183,0
sample_9794,25.656013443867774,92.42769374310994,block_51_184,0
sample_9795,28.51832709508841,95.79107890383503,block_57_191,0
sample_9796,26.28524601427393,92.99978750667337,block_52_185,0
sample_9797,23.774259739232633,93.25943059985046,block_47_186,0
sample_9798,24.623649119612637,93.78699541119377,block_49_187,0
sample_9799,23.014436436515478,92.4152059509058,block_46_184,0
sample_9800,26.488252493400125,93.7818151858902,block_52_187,0
sample_9801,23.428075827867676,93.29109270326751,block_46_186,0
sample_9802,26.891769185959873,92.33532034401554,block_53_184,0
sample_9803,27.37060480530578,95.77219899853574,block_54_191,0
sample_9804,24.06661581529486,92.74692602939133,block_48_185,0
sample_9805,27.427152962789542,95.02922492294186,block_54_190,0
sample_9806,27.742832394226756,96.33374080335786,block_55_192,0
sample_9807,25.46461715927083,91.35959695258703,block_50_182,0
sample_9808,27.94169158371482,95.39678496771494,block_55_190,0
sample_9809,27.76084338259071,94.17516795561794,block_55_188,0
sample_9810,27.609326295036094,95.65733076722245,block_55_191,0
sample_9811,29.206382238621472,95.85268102304178,block_58_191,0
sample_9812,27.759546065155277,96.38348631471946,block_55_192,0
sample_9813,25.26332391715302,93.57810117281565,block_50_187,0
sample_9814,25.725565754684684,91.71367084147619,block_51_183,0
sample_9815,27.57648899598131,88.54292370235989,block_55_177,0
sample_9816,26.236928061406502,93.56191102705719,block_52_187,0
sample_9817,27.996834619512967,96.95163759748588,block_55_193,0
sample_9818,24.623285790597112,92.96686320613014,block_49_185,0
sample_9819,28.151338554822075,92.74139665996738,block_56_185,0
sample_9820,22.382582575372073,92.89846224584785,block_44_185,0
sample_9821,24.258594345964617,93.84583907673458,block_48_187,0
sample_9822,23.51072543877914,91.78219529121992,block_47_183,0
sample_9823,25.253850380324984,92.31982508484228,block_50_184,0
sample_9824,27.483380318779098,93.47868581229255,block_54_186,0
sample_9825,26.266602037867337,94.39744703328287,block_52_188,0
sample_9826,26.089493444515394,91.8424880778455,block_52_183,0
sample_9827,25.860616822366055,90.0831424401675,block_51_180,0
sample_9828,26.032941150378267,94.71769854219373,block_52_189,0
sample_9829,28.093410760894614,92.84687425158677,block_56_185,0
sample_9830,23.366973853130787,92.8753877662769,block_46_185,0
sample_9831,24.14354747993983,93.3411209512116,block_48_186,0
sample_9832,26.295827782758412,89.78311198938984,block_52_179,0
sample_9833,24.453926355527248,93.4105158872303,block_48_186,0
sample_9834,27.00600644781172,94.95313310488507,block_54_189,0
sample_9835,26.280551269125638,93.00319501249052,block_52_186,0
sample_9836,26.440586889276222,89.91767018919492,block_52_179,0
sample_9837,27.336952081710713,95.34528495644214,block_54_190,0
sample_9838,28.43299713331971,95.59866528729165,block_56_191,0
sample_9839,25.86834225820826,91.27831168340411,block_51_182,0
sample_9840,26.01084984878062,91.65340261574543,block_52_183,0
sample_9841,28.778877144681708,95.41653630865794,block_57_190,0
sample_9842,27.528989087029863,94.77565913877305,block_55_189,0
sample_9843,28.209270206217074,96.86600968606965,block_56_193,0
sample_9844,25.162879356867123,92.60963434676437,block_50_185,0
sample_9845,26.78847296597354,93.09519867725348,block_53_186,0
sample_9846,28.734052223883083,94.27191900358147,block_57_188,0
sample_9847,27.06455874048782,95.93130887241502,block_54_191,0
sample_9848,23.284033275146413,91.35746598159474,block_46_182,0
sample_9849,24.062115924071932,94.22984958741017,block_48_188,0
sample_9850,26.460250032481614,93.21673215766394,block_52_186,0
sample_9851,27.12518224594894,94.59047037131958,block_54_189,0
sample_9852,28.328220297047835,96.28584761677055,block_56_192,0
sample_9853,27.249584658000344,93.95269909510561,block_54_187,0
sample_9854,26.23747613577065,91.80287666384632,block_52_183,0
sample_9855,26.093762475177122,90.21920635080222,block_52_180,0
sample_9856,27.52553840671756,95.78916310773498,block_55_191,0
sample_9857,28.190487875051367,94.50772175103312,block_56_189,0
sample_9858,25.371174803326245,91.20051461715045,block_50_182,0
sample_9859,27.10035324021135,93.99417454403633,block_54_187,0
sample_9860,26.86934542289916,92.57884876150028,block_53_185,0
sample_9861,26.61426503307416,92.27042834118888,block_53_184,0
sample_9862,28.43139971476628,94.11509901854984,block_56_188,0
sample_9863,28.344587196767797,94.34013949449584,block_56_188,0
sample_9864,26.665965736327845,90.70395482233845,block_53_181,0
sample_9865,25.467540478096428,90.75883532255577,block_50_181,0
sample_9866,27.31271849909774,96.36728785392847,block_54_192,0
sample_9867,28.030449409704854,96.99875988698003,block_56_193,0
sample_9868,26.005088959876694,92.0926307311211,block_52_184,0
sample_9869,25.867909736698923,90.53864217247359,block_51_181,0
sample_9870,26.418169797755183,93.9344699783658,block_52_187,0
sample_9871,25.682038552088198,92.61607145609177,block_51_185,0
sample_9872,25.859591564832783,95.00417354752886,block_51_190,0
sample_9873,25.870851754891955,93.82143102067454,block_51_187,0
sample_9874,25.814269948517403,91.4917884799413,block_51_182,0
sample_9875,27.304419441068205,88.06231023879793,block_54_176,0
sample_9876,27.414084845993084,95.45260560851712,block_54_190,0
sample_9877,28.241996857978567,93.5623642218363,block_56_187,0
sample_9878,26.034335568164224,94.47824221115101,block_52_188,0
sample_9879,29.046450208875957,96.13564243767921,block_58_192,0
sample_9880,29.196867325335916,95.5577735737117,block_58_191,0
sample_9881,24.51290763877097,92.35374263287777,block_49_184,0
sample_9882,27.769912456615234,95.09531320759659,block_55_190,0
sample_9883,24.42697014770155,92.73698701896244,block_48_185,0
sample_9884,25.332604728566622,90.65306322945086,block_50_181,0
sample_9885,27.237263124315874,92.72132520312948,block_54_185,0
sample_9886,25.441152311652743,92.94803447267336,block_50_185,0
sample_9887,25.254493697099363,92.44446207650299,block_50_184,0
sample_9888,26.04946288295838,92.65435273060757,block_52_185,0
sample_9889,25.492049071057775,89.95150763600468,block_50_179,0
sample_9890,28.294617461011264,94.6916000518627,block_56_189,0
sample_9891,28.020047445196226,88.76722361003765,block_56_177,0
sample_9892,26.42320981656979,93.75590469384132,block_52_187,0
sample_9893,25.3270194206474,93.84887974606514,block_50_187,0
sample_9894,27.571968888981385,95.44314037376567,block_55_190,0
sample_9895,26.458141518811452,92.66554356086543,block_52_185,0
sample_9896,27.515586347929677,93.10173548005186,block_55_186,0
sample_9897,24.605180846037673,93.1845555613879,block_49_186,0
sample_9898,25.933191138346093,92.76193033060291,block_51_185,0
sample_9899,26.389802056299093,92.69192607481659,block_52_185,0
sample_9900,23.838965025930573,92.28963854244938,block_47_184,0
sample_9901,25.23618649322337,90.72447465087778,block_50_181,0
sample_9902,27.50731766426535,96.48940020753733,block_55_192,0
sample_9903,23.55940908835399,91.7256226302863,block_47_183,0
sample_9904,25.421259948263838,92.32241794044545,block_50_184,0
sample_9905,27.395233828757853,92.66587363038123,block_54_185,0
sample_9906,27.88457191306759,94.06317704814971,block_55_188,0
sample_9907,28.952277788633126,96.0719433803122,block_57_192,0
sample_9908,27.90503510227857,95.16804108276533,block_55_190,0
sample_9909,27.907374933643283,93.6277494261884,block_55_187,0
sample_9910,27.679725193074333,96.46125911162486,block_55_192,0
sample_9911,25.858496071394242,90.90729685742856,block_51_181,0
sample_9912,27.65428054166702,88.17838453415885,block_55_176,0
sample_9913,23.61398811339261,91.53688874671423,block_47_183,0
sample_9914,26.656984958184122,92.97285569825445,block_53_185,0
sample_9915,26.098885000715608,93.87898373657205,block_52_187,0
sample_9916,25.673739985728428,92.5952947777334,block_51_185,0
sample_9917,25.405241474883926,92.88486744931554,block_50_185,0
sample_9918,27.794239759038,88.83940910074075,block_55_177,0
sample_9919,26.344664030000192,90.06855290293426,block_52_180,0
sample_9920,28.08659452772633,93.22073982224447,block_56_186,0
sample_9921,27.878333703685964,96.03667396325325,block_55_192,0
sample_9922,25.886765995813782,91.70153229172631,block_51_183,0
sample_9923,28.12647271824236,95.73915305250019,block_56_191,0
sample_9924,28.173940937951553,94.61793589661004,block_56_189,0
sample_9925,26.249448440184924,92.34082537340583,block_52_184,0
sample_9926,25.767770803482335,91.63736681890167,block_51_183,0
sample_9927,26.61541913062154,92.40834105591065,block_53_184,0
sample_9928,26.95075517904983,95.0774619286409,block_53_190,0
sample_9929,27.738477938331457,92.59559110245786,block_55_185,0
sample_9930,24.450885408690077,94.37159219842121,block_48_188,0
sample_9931,28.043645997270517,94.86348001707282,block_56_189,0
sample_9932,28.202507373804522,96.91959098689627,block_56_193,0
sample_9933,23.425810658506254,92.60602098791871,block_46_185,0
sample_9934,28.281394086370163,94.18381738803083,block_56_188,0
sample_9935,28.62615818153778,95.1930218504395,block_57_190,0
sample_9936,24.44431846096101,92.17782842043589,block_48_184,0
sample_9937,27.534765924089175,91.61910220547611,block_55_183,0
sample_9938,23.91459076546577,92.16061595230599,block_47_184,0
sample_9939,26.675514269989197,94.93980111511772,block_53_189,0
sample_9940,23.99057936137827,92.16751284544893,block_47_184,0
sample_9941,23.734165255460105,92.6544568642582,block_47_185,0
sample_9942,27.409810334995328,94.38472505225575,block_54_188,0
sample_9943,27.585082441449607,93.74472931433186,block_55_187,0
sample_9944,26.640450364098747,91.12800189889055,block_53_182,0
sample_9945,24.746940992360916,93.00170002005677,block_49_186,0
sample_9946,23.410284617121654,93.01657276075788,block_46_186,0
sample_9947,28.06206381261131,94.64132435337557,block_56_189,0
sample_9948,26.70046195401875,92.05968382460006,block_53_184,0
sample_9949,25.14551304299557,94.50157523188314,block_50_189,0
sample_9950,26.234860136411463,92.46064816926338,block_52_184,0
sample_9951,27.84745281940707,94.6618950067186,block_55_189,0
sample_9952,27.26419027740695,92.44674923095246,block_54_184,0
sample_9953,25.91171587388829,91.14072934141386,block_51_182,0
sample_9954,27.64725157004136,88.5683481374407,block_55_177,0
sample_9955,27.216947148124213,94.39388065530308,block_54_188,0
sample_9956,24.66575797011319,94.05931354559621,block_49_188,0
sample_9957,25.85897139412897,90.7974010677901,block_51_181,0
sample_9958,27.008505016406257,94.57889751138048,block_54_189,0
sample_9959,23.788299612600678,91.86552366607366,block_47_183,0
sample_9960,25.358522149999427,89.92685842481782,block_50_179,0
sample_9961,25.987598770659794,94.06758107120598,block_51_188,0
sample_9962,25.79340644005155,89.84501029977193,block_51_179,0
sample_9963,28.570070934248214,93.829796043153,block_57_187,0
sample_9964,25.54198732229874,92.8322837467708,block_51_185,0
sample_9965,26.660133158748835,91.49438017827056,block_53_182,0
sample_9966,28.233878243951608,94.10035190399724,block_56_188,0
sample_9967,26.445686303107536,93.85103599563786,block_52_187,0
sample_9968,29.19140004339083,95.73169670239396,block_58_191,0
sample_9969,23.760671289437056,92.13756874363182,block_47_184,0
sample_9970,28.296066523022372,95.56051927873497,block_56_191,0
sample_9971,28.484501747843602,93.90278149788845,block_56_187,0
sample_9972,28.546095810426685,95.34856428589904,block_57_190,0
sample_9973,24.534085129645803,92.98845470924765,block_49_185,0
sample_9974,25.823160269318212,92.16857114069893,block_51_184,0
sample_9975,28.166614986130163,93.64002868982007,block_56_187,0
sample_9976,28.625820383092453,93.51698019822446,block_57_187,0
sample_9977,26.74944411491833,91.07772304881365,block_53_182,0
sample_9978,28.37483380287462,93.51668650759262,block_56_187,0
sample_9979,24.674985713612745,92.39015646013823,block_49_184,0
sample_9980,25.801095307930517,93.40676264001642,block_51_186,0
sample_9981,27.432274284385667,96.0124843255233,block_54_192,0
sample_9982,28.62429155274316,95.94588344140499,block_57_191,0
sample_9983,27.501916043694408,92.79795758409665,block_55_185,0
sample_9984,26.42701379560034,91.39445162012201,block_52_182,0
sample_9985,27.857292630355474,93.65254320322745,block_55_187,0
sample_9986,27.979417469198136,96.78106277865993,block_55_193,0
sample_9987,26.94675847559668,92.19838500263698,block_53_184,0
sample_9988,27.734057607921724,92.2490443237074,block_55_184,0
sample_9989,25.674561705415435,92.63570627832553,block_51_185,0
sample_9990,27.49862206324666,95.63499888053053,block_54_191,0
sample_9991,28.907374771454716,95.94724763177744,block_57_191,0
sample_9992,27.88950009052067,94.19451568385415,block_55_188,0
sample_9993,27.845012256331525,96.56590583840457,block_55_193,0
sample_9994,24.051003609668257,91.45749232854914,block_48_182,0
sample_9995,28.959555295414987,95.69976509708611,block_57_191,0
sample_9996,24.670481393907693,93.22343312101216,block_49_186,0
sample_9997,26.630901489571013,91.16039161789912,block_53_182,0
sample_9998,28.21392444940531,96.68214163251467,block_56_193,0
sample_9999,27.990792884109645,97.0072611924741,block_55_194,0
sample_10000,25.12211632981882,93.24748972050345,block_50_186,0
sample_10001,26.901006252138117,94.57394146861937,block_53_189,0
sample_10002,25.768207278923395,93.26861275517567,block_51_186,0
sample_10003,25.49973508622376,91.4832338583525,block_50_182,0
sample_10004,24.40518018582272,92.43256208044336,block_48_184,0
sample_10005,26.65567895962521,93.44340029130758,block_53_186,0
sample_10006,26.331339223381157,90.09683480467729,block_52_180,0
sample_10007,27.816116523219524,93.79098817413677,block_55_187,0
sample_10008,29.238001914646706,96.18120031986037,block_58_192,0
sample_10009,26.05204458133862,94.07455999094724,block_52_188,0
sample_10010,26.09419635159125,93.61384226631985,block_52_187,0
sample_10011,26.159923672942366,92.20693458673614,block_52_184,0
sample_10012,26.573530724685924,92.96520538921095,block_53_185,0
sample_10013,23.66765070164375,92.81753404419109,block_47_185,0
sample_10014,27.545719768263613,91.80472129798434,block_55_183,0
sample_10015,25.419560215820784,93.25276915002442,block_50_186,0
sample_10016,27.72536875307636,95.19084776017566,block_55_190,0
sample_10017,26.413512715438053,94.12132607308224,block_52_188,0
sample_10018,26.20523529412308,90.92434078491331,block_52_181,0
sample_10019,25.222434144211206,90.92295249062619,block_50_181,0
sample_10020,27.66843337777577,95.96077131496283,block_55_191,0
sample_10021,29.03444464427703,95.56891626361977,block_58_191,0
sample_10022,26.806575964664354,90.50312296008215,block_53_181,0
sample_10023,23.479194460444663,92.5681216019826,block_46_185,0
sample_10024,26.14077834396726,90.5365093298286,block_52_181,0
sample_10025,22.388845926139652,92.83800272709529,block_44_185,0
sample_10026,25.63874257349501,90.82753548655164,block_51_181,0
sample_10027,24.383542684971317,92.71356476470315,block_48_185,0
sample_10028,24.405738086191718,93.4907435552731,block_48_186,0
sample_10029,26.93570189353375,94.12622564809615,block_53_188,0
sample_10030,25.71835924184944,93.27925113114576,block_51_186,0
sample_10031,27.589442858399668,94.1255902587539,block_55_188,0
sample_10032,26.47257319395359,90.01945399865718,block_52_180,0
sample_10033,25.44838030842542,91.45586347627801,block_50_182,0
sample_10034,25.26738378331405,92.28558308872859,block_50_184,0
sample_10035,28.391984055368308,94.3132110592411,block_56_188,0
sample_10036,27.983043171771552,93.78666532578396,block_55_187,0
sample_10037,23.931261580115148,92.31580382184458,block_47_184,0
sample_10038,28.27330490181435,95.31796608443939,block_56_190,0
sample_10039,26.449344600432106,91.13727207008078,block_52_182,0
sample_10040,28.49183529054684,93.89860492459992,block_56_187,0
sample_10041,24.951046310202578,93.52413541588396,block_49_187,0
sample_10042,24.047123375441156,92.20190651154924,block_48_184,0
sample_10043,25.77746333009375,91.9340874565441,block_51_183,0
sample_10044,26.680830740753695,92.44685170818465,block_53_184,0
sample_10045,27.5872800530902,95.91460557747295,block_55_191,0
sample_10046,27.107403959461337,92.10425959653166,block_54_184,0
sample_10047,25.60445457336818,92.00689987721327,block_51_184,0
sample_10048,28.5082035215943,93.62898597199118,block_57_187,0
sample_10049,28.057466204238942,97.13528440642895,block_56_194,0
sample_10050,26.26505704005299,90.1585806112458,block_52_180,0
sample_10051,26.685293139325797,91.4834089023087,block_53_182,0
sample_10052,25.92591120706691,94.90031430779368,block_51_189,0
sample_10053,25.26194440439925,90.78991989620363,block_50_181,0
sample_10054,23.96271320389543,91.72188134509324,block_47_183,0
sample_10055,27.85932193503449,93.90395237305178,block_55_187,0
sample_10056,27.099227134249908,94.94862634418507,block_54_189,0
sample_10057,27.788594098080594,96.51563587791516,block_55_193,0
sample_10058,23.346746281994076,91.67869678796887,block_46_183,0
sample_10059,24.200178324212573,92.37534515250651,block_48_184,0
sample_10060,28.129201314642806,96.4572574872449,block_56_192,0
sample_10061,23.902956728435925,92.23786976734785,block_47_184,0
sample_10062,27.220539872654243,93.8505512639463,block_54_187,0
sample_10063,26.09367510697821,94.39163811241045,block_52_188,0
sample_10064,28.017948029206753,96.108518932718,block_56_192,0
sample_10065,26.197021049714536,92.42458683006335,block_52_184,0
sample_10066,26.492729096989276,92.63965849688122,block_52_185,0
sample_10067,27.702399740598956,88.65038021372034,block_55_177,0
sample_10068,27.35280582415682,88.69217902115274,block_54_177,0
sample_10069,24.756026042887346,94.04968163293553,block_49_188,0
sample_10070,28.10632265775293,94.79321739688359,block_56_189,0
sample_10071,27.35205357738505,93.91711619334328,block_54_187,0
sample_10072,28.193063437448735,97.20369871822356,block_56_194,0
sample_10073,25.98868347923156,94.0915055350302,block_51_188,0
sample_10074,25.132877581706325,94.1339978415731,block_50_188,0
sample_10075,29.334267984968776,95.80383068425098,block_58_191,0
sample_10076,28.125026193945644,88.60963583543928,block_56_177,0
sample_10077,26.164458824056652,92.81780761399094,block_52_185,0
sample_10078,28.474855215488017,94.95133608657775,block_56_189,0
sample_10079,28.272123396579406,93.52376928406893,block_56_187,0
sample_10080,26.96746557114625,92.95738766213327,block_53_185,0
sample_10081,26.97928634188351,94.48895992282405,block_53_188,0
sample_10082,28.36864245360945,95.37801085909958,block_56_190,0
sample_10083,25.143698648518654,94.16675656486555,block_50_188,0
sample_10084,27.487894059413854,96.5423480553298,block_54_193,0
sample_10085,25.63051394385804,89.90143526476588,block_51_179,0
sample_10086,24.316305015305716,93.58948556484998,block_48_187,0
sample_10087,28.316688344724184,97.12678314986626,block_56_194,0
sample_10088,28.948665916494505,95.83874034395797,block_57_191,0
sample_10089,28.996506750679075,94.23121885895654,block_57_188,0
sample_10090,27.957812396776298,94.86770579508007,block_55_189,0
sample_10091,27.846511699957137,93.7322275492717,block_55_187,0
sample_10092,27.57725738599298,96.26523871882597,block_55_192,0
sample_10093,25.493915914278023,91.41319760448184,block_50_182,0
sample_10094,23.89226588512137,92.22318130189478,block_47_184,0
sample_10095,26.51481726925493,91.51386953529101,block_53_183,0
sample_10096,25.98155703386287,91.50473085518412,block_51_183,0
sample_10097,26.493519544586803,93.54839387845213,block_52_187,0
sample_10098,25.135971737408127,93.43254092005665,block_50_186,0
sample_10099,25.09373809779025,93.50152041470142,block_50_187,0
sample_10100,23.3375330329107,91.47387266193606,block_46_182,0
sample_10101,25.535765339670824,90.03744576254705,block_51_180,0
sample_10102,27.400104486571607,92.48794827844772,block_54_184,0
sample_10103,27.034079612071963,95.29018916159339,block_54_190,0
sample_10104,28.3941515911359,93.53879739084466,block_56_187,0
sample_10105,25.335638056350966,93.3635030370311,block_50_186,0
sample_10106,26.80039729697022,92.80042219203796,block_53_185,0
sample_10107,27.92844000947954,93.33598545282791,block_55_186,0
sample_10108,27.66106895577679,94.09470221490801,block_55_188,0
sample_10109,27.164696411917113,92.65251734117302,block_54_185,0
sample_10110,25.72207270137923,94.5392739945577,block_51_189,0
sample_10111,27.911535652731732,97.17891767058359,block_55_194,0
sample_10112,28.03005813925335,93.04880692634717,block_56_186,0
sample_10113,25.501968872393395,93.84899759898889,block_51_187,0
sample_10114,27.977691800442543,92.74634159005848,block_55_185,0
sample_10115,28.567414194843522,93.78055497338768,block_57_187,0
sample_10116,26.67018607001975,90.30694733914198,block_53_180,0
sample_10117,28.295876540921334,96.26062127246627,block_56_192,0
sample_10118,29.20749975247792,95.80697188650697,block_58_191,0
sample_10119,25.28065982960546,94.264235032901,block_50_188,0
sample_10120,23.64096151962191,91.61825875193205,block_47_183,0
sample_10121,27.99093067604371,96.70363046527578,block_55_193,0
sample_10122,27.10737140757489,94.77497780786989,block_54_189,0
sample_10123,27.91471340282819,96.70757543865142,block_55_193,0
sample_10124,26.71162073024269,92.58348231298302,block_53_185,0
sample_10125,25.214531462814698,94.24590111823387,block_50_188,0
sample_10126,27.980944184957274,88.63296816267183,block_55_177,0
sample_10127,28.776410246464,94.54843867223538,block_57_189,0
sample_10128,25.23826045480115,93.7586677501328,block_50_187,0
sample_10129,26.969068789753308,94.83405515440087,block_53_189,0
sample_10130,26.070912391657448,93.31870444237977,block_52_186,0
sample_10131,28.00275355212789,93.57089800146107,block_56_187,0
sample_10132,28.457181099673274,94.0453752357095,block_56_188,0
sample_10133,29.20722915790833,94.51765367247731,block_58_189,0
sample_10134,24.91546292640069,93.4261162494284,block_49_186,0
sample_10135,28.199249258886304,95.7154348066424,block_56_191,0
sample_10136,26.60652665835993,92.75723442195401,block_53_185,0
sample_10137,26.598857169193508,92.73004657795134,block_53_185,0
sample_10138,26.45891985108811,90.32455378341301,block_52_180,0
sample_10139,29.170097920862148,94.52217774844978,block_58_189,0
sample_10140,28.571449357684806,95.21452387724638,block_57_190,0
sample_10141,27.33601744021199,88.11627662953958,block_54_176,0
sample_10142,23.737236059311122,91.98477153439453,block_47_183,0
sample_10143,27.978795748197246,95.64730009297261,block_55_191,0
sample_10144,27.772960294955062,93.81934722837748,block_55_187,0
sample_10145,27.461231979012958,94.12704031268389,block_54_188,0
sample_10146,26.72205201309756,94.21447990842435,block_53_188,0
sample_10147,26.384323055370427,93.03147211252777,block_52_186,0
sample_10148,27.632888795043783,94.71803647362941,block_55_189,0
sample_10149,24.055795449517063,92.3423491445234,block_48_184,0
sample_10150,28.062253316229885,97.29460304677029,block_56_194,0
sample_10151,26.40384142919578,89.94925624265642,block_52_179,0
sample_10152,27.626142908579027,94.70510879456234,block_55_189,0
sample_10153,26.3150687827684,90.99918868074991,block_52_181,0
sample_10154,23.308129731330506,93.22218028590906,block_46_186,0
sample_10155,27.942270334453006,92.80611923649644,block_55_185,0
sample_10156,23.34950494542383,91.58447177478806,block_46_183,0
sample_10157,26.074532927177216,92.00890568830181,block_52_184,0
sample_10158,27.50571242110034,88.37347698343883,block_55_176,0
sample_10159,25.86008942326821,93.65959995278588,block_51_187,0
sample_10160,26.29734228631927,89.75861174866516,block_52_179,0
sample_10161,28.094727971900628,97.24401253636132,block_56_194,0
sample_10162,26.905531284151984,93.72856339478781,block_53_187,0
sample_10163,28.07018643373771,96.57235574007578,block_56_193,0
sample_10164,24.62386261339851,93.74234183238997,block_49_187,0
sample_10165,28.15636584129003,93.19298261722216,block_56_186,0
sample_10166,26.328512311945577,91.1644811432639,block_52_182,0
sample_10167,26.43454254807144,92.6801115624685,block_52_185,0
sample_10168,24.503949153536077,94.32172916655011,block_49_188,0
sample_10169,23.88219283387618,91.9462061192246,block_47_183,0
sample_10170,27.235674876720978,95.92681398929571,block_54_191,0
sample_10171,26.71308717335818,93.12292977909108,block_53_186,0
sample_10172,25.900093109918075,93.84762353558918,block_51_187,0
sample_10173,27.41364659915522,95.05109747173309,block_54_190,0
sample_10174,27.028066108880296,94.97220164992444,block_54_189,0
sample_10175,27.728046501732635,95.34581422305236,block_55_190,0
sample_10176,26.319136473190134,90.43850896752866,block_52_180,0
sample_10177,28.08669644781293,93.00594296975385,block_56_186,0
sample_10178,29.13394629678797,94.7234755133926,block_58_189,0
sample_10179,22.246112935422666,92.86728096947694,block_44_185,0
sample_10180,26.721495883026428,92.4234715462462,block_53_184,0
sample_10181,24.039771293966673,93.70187413986815,block_48_187,0
sample_10182,26.796126958478595,94.24434077485212,block_53_188,0
sample_10183,28.517993336482956,95.56502212729768,block_57_191,0
sample_10184,24.13613881178395,91.71392386867312,block_48_183,0
sample_10185,27.563510065225017,93.36951217243477,block_55_186,0
sample_10186,27.83638863700136,94.68126496310313,block_55_189,0
sample_10187,27.98560493147725,93.6391530675999,block_55_187,0
sample_10188,27.6646344769798,96.84487021916594,block_55_193,0
sample_10189,26.112798847077862,94.7239546582477,block_52_189,0
sample_10190,28.787295180949137,95.73781111737475,block_57_191,0
sample_10191,25.632409614464244,92.47553725029654,block_51_184,0
sample_10192,25.228453405018655,91.48801412529366,block_50_182,0
sample_10193,22.383114234021345,92.70094999459089,block_44_185,0
sample_10194,27.902737960364163,93.70083179956839,block_55_187,0
sample_10195,24.010785989841516,92.47958414341026,block_48_184,0
sample_10196,26.36065804304284,90.99940023281333,block_52_181,0
sample_10197,27.51840538240831,91.85295860421876,block_55_183,0
sample_10198,26.80352331994279,95.42943820423412,block_53_190,0
sample_10199,27.110491468256114,92.68713322312608,block_54_185,0
sample_10200,27.81933286762914,94.84239471083103,block_55_189,0
sample_10201,25.581895960248406,90.99858433152727,block_51_181,0
sample_10202,25.998931011896254,91.0577200117797,block_51_182,0
sample_10203,26.928729106291097,94.77075113145982,block_53_189,0
sample_10204,28.18701426031489,93.64893627164817,block_56_187,0
sample_10205,27.73077601932057,93.48517453161912,block_55_186,0
sample_10206,25.305243025844852,94.33815789742235,block_50_188,0
sample_10207,25.020393926889216,92.85568387174402,block_50_185,0
sample_10208,28.340543886986538,96.42621064102065,block_56_192,0
sample_10209,24.532376434867935,94.41495038196058,block_49_188,0
sample_10210,28.879797028919526,94.65714020415191,block_57_189,0
sample_10211,27.049234973938507,92.28670573978908,block_54_184,0
sample_10212,27.208931590277054,92.7313534648758,block_54_185,0
sample_10213,27.52603068272854,92.28199972904089,block_55_184,0
sample_10214,27.674589581573443,88.63967872619158,block_55_177,0
sample_10215,24.68966372521121,92.62274413445368,block_49_185,0
sample_10216,24.260751177332054,92.01871960940387,block_48_184,0
sample_10217,25.5744128899412,92.90507659564408,block_51_185,0
sample_10218,23.866585018325054,93.15697172504383,block_47_186,0
sample_10219,27.872309900342323,88.27399345008776,block_55_176,0
sample_10220,28.54895275883319,94.17832418967885,block_57_188,0
sample_10221,27.062805447390662,95.0947692707898,block_54_190,0
sample_10222,25.26155970055528,93.59113080394637,block_50_187,0
sample_10223,27.529215605568922,96.7748874287677,block_55_193,0
sample_10224,26.257958849405977,90.45454482732018,block_52_180,0
sample_10225,25.450081871224324,90.65559291569656,block_50_181,0
sample_10226,28.909683837855425,94.47979367198185,block_57_188,0
sample_10227,28.65107556058564,95.57701399487799,block_57_191,0
sample_10228,28.075136736288684,97.0945220571102,block_56_194,0
sample_10229,28.747444288472416,94.0167304850562,block_57_188,0
sample_10230,26.81514022179715,91.98401706644336,block_53_183,0
sample_10231,28.948657066574807,94.14746685379393,block_57_188,0
sample_10232,29.091360710986066,95.03367016530582,block_58_190,0
sample_10233,27.10918753725508,94.2799094213978,block_54_188,0
sample_10234,26.62092118813584,94.7249736081394,block_53_189,0
sample_10235,26.772782939292355,91.46619361165351,block_53_182,0
sample_10236,25.957317417928163,90.53528824749765,block_51_181,0
sample_10237,29.112446873556372,94.92601069189412,block_58_189,0
sample_10238,23.2026006986251,92.86799272361728,block_46_185,0
sample_10239,28.677148455317585,95.7200247722865,block_57_191,0
sample_10240,27.891555520918125,95.73097487516768,block_55_191,0
sample_10241,25.641788942469603,92.53478245123665,block_51_185,0
sample_10242,26.197752503811863,90.48670716782394,block_52_180,0
sample_10243,27.537038391114226,92.30025997477064,block_55_184,0
sample_10244,28.027328437373402,95.54187220002854,block_56_191,0
sample_10245,25.675977062553475,93.58071193353815,block_51_187,0
sample_10246,27.86719587395604,95.66640216243917,block_55_191,0
sample_10247,28.47661200319176,94.14031194867154,block_56_188,0
sample_10248,23.094416041178867,91.38833758816752,block_46_182,0
sample_10249,28.39370127540335,95.65403776833412,block_56_191,0
sample_10250,26.183863597283228,91.73310559653247,block_52_183,0
sample_10251,25.52462322603561,89.89214313454275,block_51_179,0
sample_10252,27.110846240790472,95.27420388410728,block_54_190,0
sample_10253,23.553810311860524,91.49428980612713,block_47_182,0
sample_10254,27.071020852303683,94.50991503971572,block_54_189,0
sample_10255,26.342109756606195,90.31733768087233,block_52_180,0
sample_10256,26.723122761703273,92.78004597115194,block_53_185,0
sample_10257,27.876322141802618,92.6941293892293,block_55_185,0
sample_10258,27.968132027446,93.68227129405219,block_55_187,0
sample_10259,27.471149366004482,96.23295785702886,block_54_192,0
sample_10260,27.414923396929197,92.63430819116925,block_54_185,0
sample_10261,28.54302213332069,94.40190747411604,block_57_188,0
sample_10262,28.46007078741849,95.52958944701432,block_56_191,0
sample_10263,24.84471798224711,92.33969526321707,block_49_184,0
sample_10264,26.098478979401854,90.17521891700942,block_52_180,0
sample_10265,23.130707939622877,92.48218221727373,block_46_184,0
sample_10266,26.838855455956214,94.38420684622564,block_53_188,0
sample_10267,27.927876070081915,96.76136455791708,block_55_193,0
sample_10268,25.091992227187735,92.52628018460528,block_50_185,0
sample_10269,24.78310127266314,92.60334080417167,block_49_185,0
sample_10270,27.65008656721576,88.63649500325413,block_55_177,0
sample_10271,26.15839424368173,93.25866319409555,block_52_186,0
sample_10272,29.05419532545526,94.97552207504664,block_58_189,0
sample_10273,27.146499465774006,94.29651147706076,block_54_188,0
sample_10274,28.203869059703692,94.54918540903869,block_56_189,0
sample_10275,26.341008499443905,95.07429459817341,block_52_190,0
sample_10276,26.431188207636342,94.04589651060817,block_52_188,0
sample_10277,26.641162940281014,94.78286329632142,block_53_189,0
sample_10278,29.156051472159056,94.90190437159653,block_58_189,0
sample_10279,26.652078203496135,91.97805093556698,block_53_183,0
sample_10280,26.837157123212286,92.8473388238719,block_53_185,0
sample_10281,26.627386660975475,94.36525327337871,block_53_188,0
sample_10282,23.87030254371951,91.77284113745856,block_47_183,0
sample_10283,28.90303616524617,94.71970218919422,block_57_189,0
sample_10284,29.013606131771187,96.4446913440357,block_58_192,0
sample_10285,25.29354165835359,93.83358551791711,block_50_187,0
sample_10286,25.219332941463215,94.02640028164998,block_50_188,0
sample_10287,23.546360142933626,92.4434702075453,block_47_184,0
sample_10288,26.377772032669824,91.6563957172548,block_52_183,0
sample_10289,22.41886867652599,92.7842319837006,block_44_185,0
sample_10290,25.297628814256573,91.70277511918441,block_50_183,0
sample_10291,28.739506489776375,96.48600566343364,block_57_192,0
sample_10292,25.379544536873407,92.75590593448068,block_50_185,0
sample_10293,28.140767777842548,97.17005084836009,block_56_194,0
sample_10294,25.81842895788064,92.0766199758902,block_51_184,0
sample_10295,28.664191320280487,93.65939710424003,block_57_187,0
sample_10296,28.429277173973205,96.13798288531004,block_56_192,0
sample_10297,28.00052856022901,95.67385057116762,block_56_191,0
sample_10298,22.109859740707197,92.68434916236937,block_44_185,0
sample_10299,27.44474615897538,94.20847631684757,block_54_188,0
sample_10300,24.056209170051005,91.64268138902115,block_48_183,0
sample_10301,25.226390020747527,94.20698485855135,block_50_188,0
sample_10302,24.799982099321095,92.73509924380478,block_49_185,0
sample_10303,27.23926021966398,92.10463180953793,block_54_184,0
sample_10304,28.679466876632503,94.65400512966552,block_57_189,0
sample_10305,27.979929553627862,95.82502168907513,block_55_191,0
sample_10306,24.74738784978825,92.71497543237352,block_49_185,0
sample_10307,25.16102727447999,92.9211163774346,block_50_185,0
sample_10308,24.107571790951326,93.06861053116376,block_48_186,0
sample_10309,23.19458341685421,92.75550242512337,block_46_185,0
sample_10310,28.6060780001982,93.90101285425638,block_57_187,0
sample_10311,26.4931515382503,92.70535690500725,block_52_185,0
sample_10312,28.508343774436092,95.84428072519187,block_57_191,0
sample_10313,27.35964710768754,96.91190759396322,block_54_193,0
sample_10314,25.57062964245782,91.41575847120917,block_51_182,0
sample_10315,27.479070240443004,92.36779812804679,block_54_184,0
sample_10316,24.154926761976967,91.92628374063767,block_48_183,0
sample_10317,26.377133401985986,90.16832855359662,block_52_180,0
sample_10318,27.11072871254999,94.94272678133173,block_54_189,0
sample_10319,24.71643165756241,94.13733471308882,block_49_188,0
sample_10320,26.971950891542726,92.23112365951577,block_53_184,0
sample_10321,28.090874846549248,96.7628058068526,block_56_193,0
sample_10322,28.104804003247168,94.76402081452625,block_56_189,0
sample_10323,25.55300030553528,91.70405965775674,block_51_183,0
sample_10324,25.701017918446873,94.93148424272434,block_51_189,0
sample_10325,24.499374282799646,94.02315014535917,block_48_188,0
sample_10326,26.35447795176511,90.92200040591958,block_52_181,0
sample_10327,24.085137754354776,93.8581276554651,block_48_187,0
sample_10328,25.847497053167373,92.97466555731731,block_51_185,0
sample_10329,26.408963270807032,92.71202491211828,block_52_185,0
sample_10330,27.120736730983257,93.20769917369682,block_54_186,0
sample_10331,26.515664253333767,93.59217089692184,block_53_187,0
sample_10332,28.13806000464125,96.4302749122859,block_56_192,0
sample_10333,25.713432812999976,91.03980277795716,block_51_182,0
sample_10334,25.87533355791837,91.00595611402682,block_51_182,0
sample_10335,23.066445773305745,91.69133660033953,block_46_183,0
sample_10336,26.24621311937035,93.13434675542531,block_52_186,0
sample_10337,26.841268573796004,92.28899990840719,block_53_184,0
sample_10338,28.9332548668708,94.17326968513756,block_57_188,0
sample_10339,28.291384617416778,94.69325302222946,block_56_189,0
sample_10340,27.558577970286507,92.11121314499057,block_55_184,0
sample_10341,26.571931738404842,93.48164956372938,block_53_186,0
sample_10342,24.22954325986681,92.4229532059767,block_48_184,0
sample_10343,27.09842989677584,93.04479431263505,block_54_186,0
sample_10344,28.272275184148114,96.33258685822838,block_56_192,0
sample_10345,28.972164712900366,95.98244728481666,block_57_191,0
sample_10346,28.080245633317496,93.70314473610088,block_56_187,0
sample_10347,27.533165224927203,96.12042075243401,block_55_192,0
sample_10348,27.796426228727857,95.53552321668049,block_55_191,0
sample_10349,26.740757159678335,93.37803315810693,block_53_186,0
sample_10350,28.179574661821643,95.66578795068338,block_56_191,0
sample_10351,24.581333996930482,92.9060834069788,block_49_185,0
sample_10352,25.905601703898604,90.66788877558805,block_51_181,0
sample_10353,26.609991342510185,92.39973848724094,block_53_184,0
sample_10354,25.507834899313437,94.0448518982064,block_51_188,0
sample_10355,25.620343122741993,91.33323054481735,block_51_182,0
sample_10356,23.855138726162565,91.73966715641166,block_47_183,0
sample_10357,25.516196021417553,90.11727387885004,block_51_180,0
sample_10358,24.33572890725645,93.23971298122012,block_48_186,0
sample_10359,23.9235453617734,92.34911050091196,block_47_184,0
sample_10360,26.738066377465895,93.35230381246707,block_53_186,0
sample_10361,25.218646749837255,92.4419676364665,block_50_184,0
sample_10362,26.482960806585837,93.67452629452028,block_52_187,0
sample_10363,26.455853136199675,93.33317717425588,block_52_186,0
sample_10364,27.90225713565502,88.84197911740371,block_55_177,0
sample_10365,27.81384303183888,95.59862064173215,block_55_191,0
sample_10366,26.699708536479214,92.35585231866659,block_53_184,0
sample_10367,25.701716695846777,90.99991708157792,block_51_181,0
sample_10368,24.329018198562952,92.53459544629143,block_48_185,0
sample_10369,25.543699926579805,93.19575583775236,block_51_186,0
sample_10370,28.006032678490847,93.99459025141614,block_56_187,0
sample_10371,27.896038938971245,95.15073589756665,block_55_190,0
sample_10372,27.647861392175304,95.68568215295487,block_55_191,0
sample_10373,24.643073285666894,93.45120875119305,block_49_186,0
sample_10374,26.227203622511453,91.71451845113617,block_52_183,0
sample_10375,23.91829572150623,91.31938958698211,block_47_182,0
sample_10376,26.515902158979372,91.47123826376804,block_53_182,0
sample_10377,28.019982442909,94.3625880217274,block_56_188,0
sample_10378,26.973872081164444,95.61389737343164,block_53_191,0
sample_10379,26.04785188999449,93.0618718041332,block_52_186,0
sample_10380,25.380095663826832,93.86280171592567,block_50_187,0
sample_10381,25.743926963093138,90.92061629334401,block_51_181,0
sample_10382,26.171262461595653,92.05543825578152,block_52_184,0
sample_10383,23.49874824536672,91.83966206276607,block_46_183,0
sample_10384,25.92326911453189,91.15266850624417,block_51_182,0
sample_10385,26.703255200279074,90.85919949820412,block_53_181,0
sample_10386,26.00625895732854,94.74557068566935,block_52_189,0
sample_10387,27.30819391354111,92.4516202973788,block_54_184,0
sample_10388,25.716366596404775,93.15963629208107,block_51_186,0
sample_10389,27.658910438530555,95.01437208866747,block_55_190,0
sample_10390,27.185016754012622,96.98385165502302,block_54_193,0
sample_10391,28.66015282976961,95.08676849239029,block_57_190,0
sample_10392,27.06937443842792,95.48535229367631,block_54_190,0
sample_10393,24.63772206182572,92.8893297910431,block_49_185,0
sample_10394,25.147055059105394,94.64839793924756,block_50_189,0
sample_10395,26.302696302780003,89.79177147833883,block_52_179,0
sample_10396,25.463761445867217,93.5047997194551,block_50_187,0
sample_10397,28.014207358864486,94.06677296926262,block_56_188,0
sample_10398,27.866374274213143,93.9373951473495,block_55_187,0
sample_10399,28.177372996522728,93.9893014918468,block_56_187,0
sample_10400,27.111572948456306,94.38155932594641,block_54_188,0
sample_10401,26.939458434857077,92.2910951433182,block_53_184,0
sample_10402,26.730589807283287,91.74921795053824,block_53_183,0
sample_10403,29.03648367400912,95.98939829098977,block_58_191,0
sample_10404,25.924953799041216,90.41747944293294,block_51_180,0
sample_10405,24.06355434851906,92.63244255827206,block_48_185,0
sample_10406,25.435490437003985,93.88774750791993,block_50_187,0
sample_10407,28.724110426292114,94.48553322995474,block_57_188,0
sample_10408,28.78646337875842,95.93140129441356,block_57_191,0
sample_10409,26.891594737273483,94.8880947407971,block_53_189,0
sample_10410,26.044401564385737,94.8346481956526,block_52_189,0
sample_10411,24.747399968985615,93.6428524090505,block_49_187,0
sample_10412,27.594679726337485,88.7843474981813,block_55_177,0
sample_10413,28.004355917057755,97.2798309853395,block_56_194,0
sample_10414,25.98133377378361,94.92643582132142,block_51_189,0
sample_10415,27.630494294215488,92.06371627270268,block_55_184,0
sample_10416,28.032590179712518,96.86251430494548,block_56_193,0
sample_10417,26.52334124122921,90.64151179138928,block_53_181,0
sample_10418,24.32993966653927,92.9596068221249,block_48_185,0
sample_10419,25.29401542301002,90.18723786136277,block_50_180,0
sample_10420,25.673957385361028,90.35473155602769,block_51_180,0
sample_10421,25.33584028360087,92.62609235544059,block_50_185,0
sample_10422,27.477157810723213,93.25584576992303,block_54_186,0
sample_10423,24.482042970483047,92.79340693640374,block_48_185,0
sample_10424,26.068584053398865,93.30825374903164,block_52_186,0
sample_10425,23.385396609147804,91.60350586340678,block_46_183,0
sample_10426,26.433688177917197,91.42044133601352,block_52_182,0
sample_10427,27.99498727463233,94.75874312843327,block_55_189,0
sample_10428,25.402750941906728,94.28195765236798,block_50_188,0
sample_10429,23.963525558336418,91.30545095226249,block_47_182,0
sample_10430,25.2107895324672,92.79602215310794,block_50_185,0
sample_10431,26.72387160258737,93.10443261442003,block_53_186,0
sample_10432,28.318321344891547,95.71689323889156,block_56_191,0
sample_10433,26.341982949822313,91.18028317551997,block_52_182,0
sample_10434,23.936604954974033,91.75159522246763,block_47_183,0
sample_10435,25.31886353797062,90.88038211548626,block_50_181,0
sample_10436,25.24725177809157,94.17691432295932,block_50_188,0
sample_10437,24.585181093472563,93.52772684735604,block_49_187,0
sample_10438,27.141875614133884,93.00188428697784,block_54_186,0
sample_10439,25.883421452988806,93.22291060282612,block_51_186,0
sample_10440,25.723021696856,94.2601951165696,block_51_188,0
sample_10441,26.35007478769868,90.1856754779778,block_52_180,0
sample_10442,23.99712884742184,91.41977910409015,block_47_182,0
sample_10443,28.798976969112594,94.13260945876672,block_57_188,0
sample_10444,24.127011361244044,93.3357133427637,block_48_186,0
sample_10445,25.53318955656694,90.71489770238836,block_51_181,0
sample_10446,27.71635024680517,88.76190087004527,block_55_177,0
sample_10447,27.618476347122385,94.03180473996876,block_55_188,0
sample_10448,26.43136226442576,92.71041721338446,block_52_185,0
sample_10449,25.260411784938153,90.37994894344148,block_50_180,0
sample_10450,26.853787631514322,93.84464688608213,block_53_187,0
sample_10451,27.71151932554781,93.35724318647856,block_55_186,0
sample_10452,25.535846481223047,94.01555175630162,block_51_188,0
sample_10453,27.49649803377829,93.54917728944876,block_54_187,0
sample_10454,28.048419756989055,93.59236964352849,block_56_187,0
sample_10455,23.212155703131796,93.20933135208816,block_46_186,0
sample_10456,27.235323303118008,93.15116192531849,block_54_186,0
sample_10457,25.739937700709195,90.45592422888362,block_51_180,0
sample_10458,24.881150067636277,94.03140265696828,block_49_188,0
sample_10459,27.28602645836969,93.63645042604692,block_54_187,0
sample_10460,25.476088709393302,92.10607811365573,block_50_184,0
sample_10461,28.704972396245335,96.438093699544,block_57_192,0
sample_10462,26.2683393684487,94.20472769227229,block_52_188,0
sample_10463,26.46622006948273,93.02563629282271,block_52_186,0
sample_10464,25.202568466369843,92.40903652259485,block_50_184,0
sample_10465,27.539767028340446,96.22098298559828,block_55_192,0
sample_10466,26.708317675550227,93.8183389078648,block_53_187,0
sample_10467,28.323979868161274,95.49366588153902,block_56_190,0
sample_10468,24.111324424925687,91.66054698640725,block_48_183,0
sample_10469,27.86641707564133,96.03329056060149,block_55_192,0
sample_10470,26.509732192846677,90.20084943043823,block_53_180,0
sample_10471,27.704765453541356,96.88500803077721,block_55_193,0
sample_10472,26.08615102100237,90.73013414398955,block_52_181,0
sample_10473,25.380535415020816,93.57021583281158,block_50_187,0
sample_10474,25.829253111627587,90.5305265497986,block_51_181,0
sample_10475,26.18816227333581,91.00686097902047,block_52_182,0
sample_10476,23.960508695636584,92.80454713500419,block_47_185,0
sample_10477,26.45101923783249,92.9404241268534,block_52_185,0
sample_10478,23.26464169729779,91.5945363080366,block_46_183,0
sample_10479,28.210805906603582,94.19470984826992,block_56_188,0
sample_10480,28.194867467944967,95.55172979360314,block_56_191,0
sample_10481,25.92147136435507,90.83280128052927,block_51_181,0
sample_10482,25.167128041476634,94.25072070284861,block_50_188,0
sample_10483,27.04507498235097,93.92633498226093,block_54_187,0
sample_10484,25.481315947476887,93.20125655441508,block_50_186,0
sample_10485,23.7262448867148,91.9057393250161,block_47_183,0
sample_10486,27.408988641358544,94.7981018540184,block_54_189,0
sample_10487,26.263907140456283,91.49175985553101,block_52_182,0
sample_10488,26.598843225538985,95.06041155063932,block_53_190,0
sample_10489,27.575010671984707,88.26782353644367,block_55_176,0
sample_10490,27.94687879690271,88.13353397267883,block_55_176,0
sample_10491,28.24812013190411,93.44164961475097,block_56_186,0
sample_10492,24.38665529094936,92.49306685798862,block_48_184,0
sample_10493,27.961812826170572,97.00317225899927,block_55_194,0
sample_10494,25.755079280674682,89.9387043406601,block_51_179,0
sample_10495,27.35926949739428,96.96494029486259,block_54_193,0
sample_10496,24.18118506006263,93.67149372374581,block_48_187,0
sample_10497,27.411736757583785,93.87444283868632,block_54_187,0
sample_10498,26.338223508744452,90.94753270790265,block_52_181,0
sample_10499,25.66591411599086,91.43549526858477,block_51_182,0
sample_10500,27.884718818406473,92.71980074589305,block_55_185,0
sample_10501,25.471438093423117,92.58783741616975,block_50_185,0
sample_10502,27.124950246770226,95.18628662246084,block_54_190,0
sample_10503,27.589438071051394,93.79101597803279,block_55_187,0
sample_10504,27.62602436644342,91.98107905840033,block_55_183,0
sample_10505,25.5750392589148,94.68420270610638,block_51_189,0
sample_10506,24.52436311388923,94.08741202268237,block_49_188,0
sample_10507,27.353438593607905,94.68932719277547,block_54_189,0
sample_10508,29.191986601788045,94.39251847334918,block_58_188,0
sample_10509,25.860121717379098,92.77604884699153,block_51_185,0
sample_10510,28.25246602863585,94.36702433164538,block_56_188,0
sample_10511,26.15355237045738,93.4733108548818,block_52_186,0
sample_10512,26.758122617807594,91.21137012500716,block_53_182,0
sample_10513,26.361294166297323,91.90406544246571,block_52_183,0
sample_10514,25.781774606773922,91.50801215702526,block_51_183,0
sample_10515,26.773417080853676,92.0387722663081,block_53_184,0
sample_10516,27.674565331025892,96.24714124683759,block_55_192,0
sample_10517,25.894517794707305,93.36804300013516,block_51_186,0
sample_10518,28.18730718982782,93.8982464917098,block_56_187,0
sample_10519,23.605948141546985,91.26654227914767,block_47_182,0
sample_10520,24.039912845796238,93.5122545631015,block_48_187,0
sample_10521,27.360523624887673,88.09382580995265,block_54_176,0
sample_10522,25.607717121894982,89.91571530808844,block_51_179,0
sample_10523,26.23707722033385,92.72264959741557,block_52_185,0
sample_10524,23.61928872595362,91.65008157671728,block_47_183,0
sample_10525,24.54706486739634,92.42222923440636,block_49_184,0
sample_10526,26.77291657925022,91.31618399477841,block_53_182,0
sample_10527,25.356280947031244,91.6809731396378,block_50_183,0
sample_10528,26.520692068028175,90.9082473659787,block_53_181,0
sample_10529,28.587031290410746,95.87810177027303,block_57_191,0
sample_10530,27.55814363964676,92.40647272698916,block_55_184,0
sample_10531,27.621248149495393,88.12094689066866,block_55_176,0
sample_10532,28.412801416698937,94.3224315852936,block_56_188,0
sample_10533,29.255072783314855,96.22143940182258,block_58_192,0
sample_10534,27.297299429644703,88.88254030916912,block_54_177,0
sample_10535,22.497375744181934,92.55361040141126,block_44_185,0
sample_10536,23.48914378915253,91.678285515194,block_46_183,0
sample_10537,26.319494941213755,90.63088219881878,block_52_181,0
sample_10538,27.09740038316064,93.74443892287414,block_54_187,0
sample_10539,27.350153169893083,94.2777245181933,block_54_188,0
sample_10540,27.13256310749284,94.2631698949434,block_54_188,0
sample_10541,27.299752973817995,94.95261060762203,block_54_189,0
sample_10542,28.027409946138647,95.366524391449,block_56_190,0
sample_10543,23.796388781177335,91.47004383494257,block_47_182,0
sample_10544,25.71007169676042,93.22121977790388,block_51_186,0
sample_10545,27.227667186571203,95.26496427015483,block_54_190,0
sample_10546,26.455388743185416,92.75011823055755,block_52_185,0
sample_10547,28.810854229556252,96.52518763916638,block_57_193,0
sample_10548,26.361970156041668,92.15214220485484,block_52_184,0
sample_10549,25.043784964372776,93.39883551328617,block_50_186,0
sample_10550,29.186931897829997,94.60950000955764,block_58_189,0
sample_10551,28.28157664770615,94.16181322098689,block_56_188,0
sample_10552,26.88977156015926,94.65928499350153,block_53_189,0
sample_10553,26.176696031670282,93.28185001943265,block_52_186,0
sample_10554,28.089424290849205,94.95932543328941,block_56_189,0
sample_10555,23.706620110430066,93.09792119740638,block_47_186,0
sample_10556,27.273457369211506,93.47663319407152,block_54_186,0
sample_10557,26.848913349171,94.96772443035584,block_53_189,0
sample_10558,27.65162468025655,95.11218050397733,block_55_190,0
sample_10559,26.170597609058092,91.07548530631315,block_52_182,0
sample_10560,25.936002142315296,93.02813517146505,block_51_186,0
sample_10561,28.75809776574495,96.48991963938512,block_57_192,0
sample_10562,28.940763917696017,94.69238846315326,block_57_189,0
sample_10563,26.084412374664996,93.16184624092176,block_52_186,0
sample_10564,27.663473186928545,93.43169821804294,block_55_186,0
sample_10565,27.78502039538084,92.73089867907476,block_55_185,0
sample_10566,26.768552896118667,93.44546901071004,block_53_186,0
sample_10567,28.022019214788212,95.88653830366323,block_56_191,0
sample_10568,28.333503477817615,93.53616050061257,block_56_187,0
sample_10569,25.94836795153597,95.01487966693234,block_51_190,0
sample_10570,27.63840479171857,92.8643511556104,block_55_185,0
sample_10571,25.71986398144467,93.01771845348486,block_51_186,0
sample_10572,25.664567600994545,92.77887644625537,block_51_185,0
sample_10573,23.858012015990248,92.1456625538032,block_47_184,0
sample_10574,23.7544881762458,91.77771781891907,block_47_183,0
sample_10575,26.91824527469193,93.99157004489987,block_53_187,0
sample_10576,26.876070010858946,94.671431680369,block_53_189,0
sample_10577,27.58471718512061,93.4315408256783,block_55_186,0
sample_10578,26.191849468711418,93.84160755778582,block_52_187,0
sample_10579,27.51131330605825,93.54249609218317,block_55_187,0
sample_10580,26.021034921659528,92.20798751105507,block_52_184,0
sample_10581,25.082406421774266,92.4016456861673,block_50_184,0
sample_10582,29.028178856025466,96.4249638375366,block_58_192,0
sample_10583,28.265231473295806,96.40589102580337,block_56_192,0
sample_10584,27.836357373090856,95.81561258667394,block_55_191,0
sample_10585,26.080861077128297,93.01727914463486,block_52_186,0
sample_10586,26.220405228810538,89.92256839391743,block_52_179,0
sample_10587,26.638482813773617,94.43038613869311,block_53_188,0
sample_10588,28.076580866957233,92.78793493882296,block_56_185,0
sample_10589,25.649026424759754,93.57340722891685,block_51_187,0
sample_10590,28.077238910296455,93.25161821242507,block_56_186,0
sample_10591,24.773342702747037,92.59475110158866,block_49_185,0
sample_10592,25.564526155902506,93.58955472555748,block_51_187,0
sample_10593,26.789900020436065,90.50311108038169,block_53_181,0
sample_10594,26.437951114686815,94.22646824666013,block_52_188,0
sample_10595,27.604934414411925,92.37414673121987,block_55_184,0
sample_10596,23.339005874231884,91.8058278474879,block_46_183,0
sample_10597,26.279025831785873,91.8935472017547,block_52_183,0
sample_10598,29.104993322242823,94.56132712972753,block_58_189,0
sample_10599,24.304298106875148,92.25451092235858,block_48_184,0
sample_10600,28.159353303450203,92.99933022539642,block_56_185,0
sample_10601,27.374285262721653,94.15413442947087,block_54_188,0
sample_10602,25.52005661419016,90.3467649772842,block_51_180,0
sample_10603,24.08005368406934,91.95232235973916,block_48_183,0
sample_10604,29.442919708152136,96.07912164538496,block_58_192,0
sample_10605,25.584995836260102,92.78596719025721,block_51_185,0
sample_10606,27.80843517264462,93.43398771447585,block_55_186,0
sample_10607,27.746731424628027,92.24946092444515,block_55_184,0
sample_10608,25.47586731675675,92.98638065474131,block_50_185,0
sample_10609,22.736772899737232,92.93814652134438,block_45_185,0
sample_10610,27.005061872017354,95.26524614625146,block_54_190,0
sample_10611,27.335949601721122,94.46738830064044,block_54_188,0
sample_10612,23.807123321731773,91.92888648062488,block_47_183,0
sample_10613,28.02128898029745,96.95514134904231,block_56_193,0
sample_10614,27.615954543754334,94.53360344129024,block_55_189,0
sample_10615,23.259283559781835,93.37596612530479,block_46_186,0
sample_10616,25.779258138894107,94.55374191410228,block_51_189,0
sample_10617,25.71368093147899,90.58100182572174,block_51_181,0
sample_10618,25.994668963710303,92.98046881813913,block_51_185,0
sample_10619,26.304746903339502,95.09708431615411,block_52_190,0
sample_10620,25.728466087877905,94.70964458513895,block_51_189,0
sample_10621,24.6868138406693,92.93038509881174,block_49_185,0
sample_10622,23.21190501498653,93.0750102090326,block_46_186,0
sample_10623,24.12050844206779,93.87600425315703,block_48_187,0
sample_10624,27.107691144709538,92.92420449812451,block_54_185,0
sample_10625,25.697033859325842,93.3670539823094,block_51_186,0
sample_10626,26.70083207999406,92.07120778103125,block_53_184,0
sample_10627,25.954005882375114,91.11413239736049,block_51_182,0
sample_10628,27.456468947726936,95.27689144981636,block_54_190,0
sample_10629,27.58067403385469,94.9538667857822,block_55_189,0
sample_10630,28.202765888124254,93.86803988364304,block_56_187,0
sample_10631,28.808508100014038,94.75912330127886,block_57_189,0
sample_10632,24.327816476667742,92.42400012770459,block_48_184,0
sample_10633,28.967265874731922,95.97467792466644,block_57_191,0
sample_10634,28.71651468580284,95.27735656301245,block_57_190,0
sample_10635,26.24898965867102,91.2575243108058,block_52_182,0
sample_10636,27.543271922560432,95.96309462080383,block_55_191,0
sample_10637,27.121327819875003,95.10592493573161,block_54_190,0
sample_10638,26.585741513372618,91.52370728720274,block_53_183,0
sample_10639,28.968697113469634,94.17634661996726,block_57_188,0
sample_10640,27.799144555089228,92.6963902159126,block_55_185,0
sample_10641,27.49012207209226,88.62028445008862,block_54_177,0
sample_10642,27.62844684544295,93.4425040980508,block_55_186,0
sample_10643,28.320047153142873,96.20563095129486,block_56_192,0
sample_10644,27.598750974067258,93.64134385880486,block_55_187,0
sample_10645,25.744295237199584,90.64811624124248,block_51_181,0
sample_10646,26.43054379849615,93.56358742639841,block_52_187,0
sample_10647,27.657114233883874,94.931346874913,block_55_189,0
sample_10648,28.204111198880646,93.55336108579625,block_56_187,0
sample_10649,26.25014776923232,90.17614226891995,block_52_180,0
sample_10650,24.898083004443624,94.38825099142527,block_49_188,0
sample_10651,25.73134912570808,90.60418633374834,block_51_181,0
sample_10652,27.023984195992938,92.57557554908495,block_54_185,0
sample_10653,24.013837484653695,91.55658945147466,block_48_183,0
sample_10654,27.445045259901786,95.21437933256131,block_54_190,0
sample_10655,28.369130124900565,95.47232336713118,block_56_190,0
sample_10656,26.143299621364033,93.10637338917537,block_52_186,0
sample_10657,23.366500622900638,92.85752526361938,block_46_185,0
sample_10658,27.907929531145363,94.37677890714035,block_55_188,0
sample_10659,26.350790127747796,90.65116885635722,block_52_181,0
sample_10660,24.22663461000608,93.46012250276227,block_48_186,0
sample_10661,27.143550775774095,92.04725289595213,block_54_184,0
sample_10662,27.528295889122173,92.01712481711213,block_55_184,0
sample_10663,28.240128375002687,93.20266997687762,block_56_186,0
sample_10664,23.726503301825808,91.4469324653976,block_47_182,0
sample_10665,27.527778659062236,96.29523728924309,block_55_192,0
sample_10666,24.91819976208677,92.90603511737702,block_49_185,0
sample_10667,25.98347245351078,91.24982355661047,block_51_182,0
sample_10668,28.25878673163588,96.26884165276107,block_56_192,0
sample_10669,27.370540287455995,92.27979355600313,block_54_184,0
sample_10670,25.316412235105222,92.3541985299233,block_50_184,0
sample_10671,26.581285258403934,93.41368141203782,block_53_186,0
sample_10672,25.069283684246535,93.01968861697473,block_50_186,0
sample_10673,26.483975314767875,91.42718342494277,block_52_182,0
sample_10674,27.918110535734368,97.18062659565929,block_55_194,0
sample_10675,25.325470237217164,93.73022980256746,block_50_187,0
sample_10676,26.941259115370634,95.2691609550966,block_53_190,0
sample_10677,25.84355482590055,95.0106916203326,block_51_190,0
sample_10678,24.284662640562587,93.87405554658022,block_48_187,0
sample_10679,25.500885284704726,94.70605060884306,block_51_189,0
sample_10680,27.103747017843535,94.20621923546585,block_54_188,0
sample_10681,27.99426191538195,94.3678430673312,block_55_188,0
sample_10682,26.370271444071783,91.63973210908907,block_52_183,0
sample_10683,25.98901784515744,91.11904839525182,block_51_182,0
sample_10684,24.3904576759789,92.48437348101919,block_48_184,0
sample_10685,27.753510910719882,95.89662342746618,block_55_191,0
sample_10686,26.17281427637357,94.02857892341862,block_52_188,0
sample_10687,25.95861283740083,91.45009616144661,block_51_182,0
sample_10688,26.82877828516809,90.42759365460313,block_53_180,0
sample_10689,26.64635666520753,91.80074514629565,block_53_183,0
sample_10690,26.75013667960982,90.74671235486309,block_53_181,0
sample_10691,27.32079262230183,88.58008973775713,block_54_177,0
sample_10692,25.925053462673525,91.46305458780797,block_51_182,0
sample_10693,27.610457884737308,95.84532638640137,block_55_191,0
sample_10694,27.79381353189544,92.17861009408587,block_55_184,0
sample_10695,26.340773313675395,92.92611337871472,block_52_185,0
sample_10696,25.34623609052506,89.93764591500776,block_50_179,0
sample_10697,27.304980722734463,93.41179807733471,block_54_186,0
sample_10698,28.380492252705853,96.64518442308638,block_56_193,0
sample_10699,25.023962011186608,93.93205479343007,block_50_187,0
sample_10700,28.255996285812714,94.60111627725301,block_56_189,0
sample_10701,28.81437530896547,96.55643090130746,block_57_193,0
sample_10702,27.168334765211053,92.65831303686016,block_54_185,0
sample_10703,26.727360278456054,92.46936058194244,block_53_184,0
sample_10704,28.955738333653166,94.58601621529604,block_57_189,0
sample_10705,23.09932076231745,91.54399403310163,block_46_183,0
sample_10706,27.92883552050166,88.43936893462435,block_55_176,0
sample_10707,25.6559409672979,91.30995256593823,block_51_182,0
sample_10708,28.59823320957938,93.4111401061199,block_57_186,0
sample_10709,27.27034692455726,94.47219679211008,block_54_188,0
sample_10710,25.38474574383616,93.35301654021875,block_50_186,0
sample_10711,26.680966424683163,92.57855900033864,block_53_185,0
sample_10712,27.366601102759965,92.3414369742409,block_54_184,0
sample_10713,26.26660879036237,90.99453285035928,block_52_181,0
sample_10714,24.248252722372463,91.95747296186885,block_48_183,0
sample_10715,24.818020857367152,92.39349549185482,block_49_184,0
sample_10716,26.86562451973933,94.4113013634022,block_53_188,0
sample_10717,27.296221849665773,94.60760466827944,block_54_189,0
sample_10718,27.926519112721778,94.31694090009462,block_55_188,0
sample_10719,28.098083214357132,94.69480316087918,block_56_189,0
sample_10720,26.725429106940148,90.61053191329285,block_53_181,0
sample_10721,26.666795252147498,94.12813455515237,block_53_188,0
sample_10722,26.19549533508205,90.07979370317189,block_52_180,0
sample_10723,28.029060978973067,96.0582220825886,block_56_192,0
sample_10724,27.654780831253788,96.57861586468718,block_55_193,0
sample_10725,26.15669165048641,90.78815760578843,block_52_181,0
sample_10726,27.486556180142856,94.25658499475365,block_54_188,0
sample_10727,24.928430348934082,92.63149256826301,block_49_185,0
sample_10728,28.264020151395933,97.09276815330529,block_56_194,0
sample_10729,26.050836909405007,92.07977758917603,block_52_184,0
sample_10730,26.166004498439364,93.60899595777995,block_52_187,0
sample_10731,26.36408040099906,95.09972205459563,block_52_190,0
sample_10732,27.701036076827087,91.72908418332024,block_55_183,0
sample_10733,28.861160854098443,95.23820049578423,block_57_190,0
sample_10734,26.143612325697056,90.56121398664614,block_52_181,0
sample_10735,27.785393413786146,93.2222308475543,block_55_186,0
sample_10736,28.58588498348389,94.18798210442112,block_57_188,0
sample_10737,27.708749161448985,96.12660379923946,block_55_192,0
sample_10738,27.428293650019363,94.89275729274773,block_54_189,0
sample_10739,26.01798281467599,93.57203708824098,block_52_187,0
sample_10740,27.532170528572237,94.53185469347312,block_55_189,0
sample_10741,24.49368461128094,94.03078298621777,block_48_188,0
sample_10742,27.377002124930726,94.17853776560649,block_54_188,0
sample_10743,28.058726359123693,93.558303904152,block_56_187,0
sample_10744,27.109206359856312,94.8359659929509,block_54_189,0
sample_10745,28.75104745064558,94.80917714847399,block_57_189,0
sample_10746,27.337297827388717,96.19400784766557,block_54_192,0
sample_10747,27.668495008265452,91.67298529693167,block_55_183,0
sample_10748,27.268962921826088,93.29726650602052,block_54_186,0
sample_10749,23.618435011614476,92.43457878205217,block_47_184,0
sample_10750,28.28234409903376,95.32522977897945,block_56_190,0
sample_10751,24.916141922035308,92.73746250876175,block_49_185,0
sample_10752,25.73039458036862,93.42012203117282,block_51_186,0
sample_10753,28.287034367544663,94.34809173201937,block_56_188,0
sample_10754,25.50107841129364,92.9857662626876,block_51_185,0
sample_10755,25.472082738484943,90.1685419046453,block_50_180,0
sample_10756,23.83280796507761,93.00477933835303,block_47_186,0
sample_10757,26.55896695569476,93.7089643285792,block_53_187,0
sample_10758,28.24621017175749,95.71919522311502,block_56_191,0
sample_10759,27.821008306945373,88.3075315185889,block_55_176,0
sample_10760,28.778647167313405,95.36419180427595,block_57_190,0
sample_10761,28.146458980899393,95.93738693640749,block_56_191,0
sample_10762,27.591642428472394,94.209077940352,block_55_188,0
sample_10763,26.24257813822927,90.5140894671933,block_52_181,0
sample_10764,23.596394681221113,91.42869057706962,block_47_182,0
sample_10765,28.589640363871606,94.03986089564576,block_57_188,0
sample_10766,27.193531521223367,93.84007801479325,block_54_187,0
sample_10767,29.11833205082516,94.9179864330745,block_58_189,0
sample_10768,28.26864165543501,95.0350982354086,block_56_190,0
sample_10769,29.24412410230799,96.05340357413378,block_58_192,0
sample_10770,25.107418650850327,92.5717124076277,block_50_185,0
sample_10771,27.559640964517424,92.42452627667383,block_55_184,0
sample_10772,24.144093304959533,93.18225976501655,block_48_186,0
sample_10773,25.770656239259637,90.32085633703906,block_51_180,0
sample_10774,25.45889080785961,93.24340554796248,block_50_186,0
sample_10775,26.782323298987407,92.20147524927921,block_53_184,0
sample_10776,27.307932156437282,95.38697207597049,block_54_190,0
sample_10777,27.622307037025855,94.05689134362247,block_55_188,0
sample_10778,24.366218543121583,93.55984479877489,block_48_187,0
sample_10779,23.903950480922536,91.38478410333158,block_47_182,0
sample_10780,27.707739014501122,92.48279570519561,block_55_184,0
sample_10781,27.75171589388759,92.28628720706824,block_55_184,0
sample_10782,23.81713128352203,92.19147209927333,block_47_184,0
sample_10783,25.894105931127122,91.23618443127717,block_51_182,0
sample_10784,24.77630952478195,92.99370120141472,block_49_185,0
sample_10785,26.326512195810636,91.72461903309926,block_52_183,0
sample_10786,27.72055272504799,92.59835120510301,block_55_185,0
sample_10787,28.22460670949359,96.20790527610993,block_56_192,0
sample_10788,27.66171431009025,95.48072280340818,block_55_190,0
sample_10789,27.129265099439717,94.50427768315002,block_54_189,0
sample_10790,26.367633690432623,93.26819103149988,block_52_186,0
sample_10791,24.700647218836398,92.72790456295758,block_49_185,0
sample_10792,26.41484794888018,92.20249512550589,block_52_184,0
sample_10793,28.203378995193198,94.41521294074941,block_56_188,0
sample_10794,28.376522585672266,94.69926947841456,block_56_189,0
sample_10795,27.250986749716752,92.45748763207567,block_54_184,0
sample_10796,25.82753271746794,92.08447182493913,block_51_184,0
sample_10797,27.35360285601328,95.01514719905984,block_54_190,0
sample_10798,26.263853630977255,93.81296208169519,block_52_187,0
sample_10799,24.108380218819057,93.98980830821006,block_48_187,0
sample_10800,25.230529270426672,90.15876986054204,block_50_180,0
sample_10801,25.400759753768202,92.64669541702946,block_50_185,0
sample_10802,27.027596338800606,92.74870664330987,block_54_185,0
sample_10803,27.84272680605902,91.56328501480375,block_55_183,0
sample_10804,28.57172687165686,94.38228366053704,block_57_188,0
sample_10805,26.2334615964651,94.6552004940785,block_52_189,0
sample_10806,26.110059988241908,93.93763019922963,block_52_187,0
sample_10807,28.056689922325518,95.4663987641809,block_56_190,0
sample_10808,26.975317012989883,93.60381563859032,block_53_187,0
sample_10809,26.328451861671095,95.09470242526264,block_52_190,0
sample_10810,25.284316739037465,93.94518531228967,block_50_187,0
sample_10811,27.161209363321007,97.01088281500584,block_54_194,0
sample_10812,25.118897591954017,94.61544207779141,block_50_189,0
sample_10813,25.37045045602814,93.51144303060053,block_50_187,0
sample_10814,27.033900462098167,94.39054819606379,block_54_188,0
sample_10815,25.682568256381963,89.99915326056252,block_51_179,0
sample_10816,28.764324291710583,95.39795203890904,block_57_190,0
sample_10817,27.74470183658994,93.00110511354765,block_55_186,0
sample_10818,27.287331242245614,93.54871638948822,block_54_187,0
sample_10819,26.45441786870615,90.41355094469704,block_52_180,0
sample_10820,25.4743740777277,92.48740086037752,block_50_184,0
sample_10821,26.6845660835902,94.44579889849473,block_53_188,0
sample_10822,23.28569268429749,92.79404368460591,block_46_185,0
sample_10823,26.432107507197195,92.52487107454441,block_52_185,0
sample_10824,23.90792341212191,91.70668370049107,block_47_183,0
sample_10825,26.492282651352774,92.67683954258067,block_52_185,0
sample_10826,26.98064621146332,92.46093271542097,block_53_184,0
sample_10827,27.93177578761873,96.44048039776209,block_55_192,0
sample_10828,27.599850007033186,92.3189566234145,block_55_184,0
sample_10829,25.116285006727537,94.17047552027464,block_50_188,0
sample_10830,27.654480057201646,91.63645918476739,block_55_183,0
sample_10831,27.430116215296426,96.36086398191547,block_54_192,0
sample_10832,27.67045532697056,95.013506067698,block_55_190,0
sample_10833,27.133154041337818,94.13311095831274,block_54_188,0
sample_10834,25.055511341196663,94.37723210805856,block_50_188,0
sample_10835,27.202286413732793,95.41354576878581,block_54_190,0
sample_10836,23.455032734480366,91.80590701475506,block_46_183,0
sample_10837,27.923320695225144,88.50587895193553,block_55_177,0
sample_10838,22.329296706501633,92.79792571027438,block_44_185,0
sample_10839,28.054595603149423,95.9604460767728,block_56_191,0
sample_10840,27.715123142026407,96.38475429330128,block_55_192,0
sample_10841,27.443972137725247,95.03707219912742,block_54_190,0
sample_10842,26.493075486709785,91.4299702834449,block_52_182,0
sample_10843,28.639972463549906,95.1949637184817,block_57_190,0
sample_10844,26.427297335926156,93.45900246086279,block_52_186,0
sample_10845,26.035352329786935,92.14226748296338,block_52_184,0
sample_10846,24.640119551616273,92.85819221117801,block_49_185,0
sample_10847,24.633766587062837,92.53107812394026,block_49_185,0
sample_10848,27.16823331288321,94.97338622443948,block_54_189,0
sample_10849,23.572870460634505,91.46485385446543,block_47_182,0
sample_10850,28.610115484783872,94.49355151906519,block_57_188,0
sample_10851,24.35604258945903,92.60831417799668,block_48_185,0
sample_10852,26.968428638207513,95.21712044022767,block_53_190,0
sample_10853,25.90638022016543,92.67981809956119,block_51_185,0
sample_10854,25.691159811781553,91.87618525775981,block_51_183,0
sample_10855,27.417405334119774,88.46323458364273,block_54_176,0
sample_10856,25.54939136804863,91.78934013214949,block_51_183,0
sample_10857,27.050133712380973,93.1036039847469,block_54_186,0
sample_10858,26.065205035033287,92.01162452506364,block_52_184,0
sample_10859,23.37334687641694,91.61051341881287,block_46_183,0
sample_10860,26.718399136119682,91.65342295147674,block_53_183,0
sample_10861,28.47634907572203,94.50850912366658,block_56_189,0
sample_10862,25.585416893700447,89.94331856343524,block_51_179,0
sample_10863,24.601061427712533,93.52248307150627,block_49_187,0
sample_10864,25.948012364716583,94.9699400827032,block_51_189,0
sample_10865,26.130538969545192,92.12738692956368,block_52_184,0
sample_10866,25.91826873724434,91.29070264641452,block_51_182,0
sample_10867,25.3230444798426,90.81472514686043,block_50_181,0
sample_10868,27.58106058334213,94.4203892677406,block_55_188,0
sample_10869,26.46704414105836,91.6688489825017,block_52_183,0
sample_10870,25.539579259659387,92.48823347003213,block_51_184,0
sample_10871,25.57363148413804,90.22783003838904,block_51_180,0
sample_10872,25.358776332268523,91.47039183977834,block_50_182,0
sample_10873,28.414716459607,93.83592470262204,block_56_187,0
sample_10874,28.951074482254405,95.1059662840529,block_57_190,0
sample_10875,24.73717742968425,93.57069753842389,block_49_187,0
sample_10876,27.820186294737134,96.63056042165695,block_55_193,0
sample_10877,26.084021633631256,90.67319521982014,block_52_181,0
sample_10878,26.244559706026987,90.6061412606196,block_52_181,0
sample_10879,26.016936973877527,93.36102402152079,block_52_186,0
sample_10880,25.892639280294322,93.265318334063,block_51_186,0
sample_10881,25.463357432655908,90.06322879390282,block_50_180,0
sample_10882,26.773319183129487,92.84543169001125,block_53_185,0
sample_10883,23.77916934336766,92.11104052028142,block_47_184,0
sample_10884,25.696339778571087,93.35219805509018,block_51_186,0
sample_10885,27.91132050368023,95.088355062301,block_55_190,0
sample_10886,28.699837706945324,94.85573711769376,block_57_189,0
sample_10887,25.254968561622274,90.17443453431353,block_50_180,0
sample_10888,25.827632114316327,91.24893817545997,block_51_182,0
sample_10889,26.62075543338507,94.30468497676439,block_53_188,0
sample_10890,27.507554211239057,91.99833740665635,block_55_183,0
sample_10891,24.328106972165816,93.49010463342644,block_48_186,0
sample_10892,28.285263531334056,96.998068240403,block_56_193,0
sample_10893,26.10331567152354,94.30360348613866,block_52_188,0
sample_10894,24.211603194879807,92.65153513622067,block_48_185,0
sample_10895,27.309984159448874,95.18925375554359,block_54_190,0
sample_10896,27.149187658613283,95.58029062614492,block_54_191,0
sample_10897,24.474360605338706,93.89056548391176,block_48_187,0
sample_10898,22.97870737108646,92.90279300540013,block_45_185,0
sample_10899,28.08808751874618,95.2465265785349,block_56_190,0
sample_10900,28.636374506640347,94.47180471425378,block_57_188,0
sample_10901,25.921784141861202,92.98853195330544,block_51_185,0
sample_10902,27.09435854406726,92.7174824753357,block_54_185,0
sample_10903,23.41203050666712,91.70985841006285,block_46_183,0
sample_10904,26.18732596563936,92.21968238931763,block_52_184,0
sample_10905,27.562380538544296,94.00475796080705,block_55_188,0
sample_10906,27.590582371147498,94.11927223339374,block_55_188,0
sample_10907,27.504151885335666,93.15235202169495,block_55_186,0
sample_10908,25.30141097269572,89.98556407705362,block_50_179,0
sample_10909,25.581674371877796,90.7444340773454,block_51_181,0
sample_10910,24.63439570039376,92.44273018326808,block_49_184,0
sample_10911,23.032239105948314,92.94811202585723,block_46_185,0
sample_10912,27.487082028536918,96.80140279508844,block_54_193,0
sample_10913,27.255173198087093,92.14023604867988,block_54_184,0
sample_10914,26.51306364239164,90.89285503077403,block_53_181,0
sample_10915,23.73917056414079,92.10869081692226,block_47_184,0
sample_10916,28.706817610085174,95.74929455487704,block_57_191,0
sample_10917,27.761237364082803,96.61326171153578,block_55_193,0
sample_10918,24.155580748773755,94.04253011404052,block_48_188,0
sample_10919,26.73399149348553,95.36422252772898,block_53_190,0
sample_10920,26.693107985753517,94.67581934798906,block_53_189,0
sample_10921,27.40447417930545,96.15713177285852,block_54_192,0
sample_10922,26.03236960524802,94.92444347233264,block_52_189,0
sample_10923,27.514427060821866,88.47873896589512,block_55_176,0
sample_10924,23.50175135253908,92.67947413587248,block_47_185,0
sample_10925,29.261401889319476,96.3428750957638,block_58_192,0
sample_10926,26.6629712115702,90.7641404179442,block_53_181,0
sample_10927,26.076320811577656,91.42944334532098,block_52_182,0
sample_10928,23.884428750342497,91.84322594865799,block_47_183,0
sample_10929,25.70439730762284,91.70982414498049,block_51_183,0
sample_10930,27.644960912876677,96.33196484513307,block_55_192,0
sample_10931,24.59538063892646,92.68281265380035,block_49_185,0
sample_10932,27.5666076574881,93.49299117217281,block_55_186,0
sample_10933,28.768447597024625,94.12907275760492,block_57_188,0
sample_10934,27.751980447164186,92.20929468142313,block_55_184,0
sample_10935,27.08462230125773,92.70211834426709,block_54_185,0
sample_10936,26.709828966037193,93.63619379019369,block_53_187,0
sample_10937,27.91579726000923,94.94227990510353,block_55_189,0
sample_10938,28.278525554817257,95.50271822441118,block_56_191,0
sample_10939,27.4502332315988,92.35132816316505,block_54_184,0
sample_10940,25.586807280007996,92.02857245854547,block_51_184,0
sample_10941,26.06161543533657,89.80792797040858,block_52_179,0
sample_10942,23.773631913335198,91.68646331094601,block_47_183,0
sample_10943,28.732052705582277,95.67747052957931,block_57_191,0
sample_10944,24.954919779746817,93.08697297223797,block_49_186,0
sample_10945,26.75345642916387,92.79920472878617,block_53_185,0
sample_10946,28.91222173352998,94.55296340081465,block_57_189,0
sample_10947,25.233373570354964,92.42564261313615,block_50_184,0
sample_10948,26.72264667763099,90.75322955076227,block_53_181,0
sample_10949,26.765255804125275,92.30336187239061,block_53_184,0
sample_10950,27.43039928154661,96.31410277926096,block_54_192,0
sample_10951,28.09387380023965,97.06100393414903,block_56_194,0
sample_10952,28.721489832829405,94.07397027994038,block_57_188,0
sample_10953,23.354561231843242,91.73022533029585,block_46_183,0
sample_10954,28.75475521847645,94.685666079105,block_57_189,0
sample_10955,26.8718070717426,95.4775949712421,block_53_190,0
sample_10956,28.5022345401807,96.19025818267258,block_57_192,0
sample_10957,23.587819804292703,92.96795543926628,block_47_185,0
sample_10958,26.79782532630485,91.43442622108266,block_53_182,0
sample_10959,25.583622973189748,90.44485271875355,block_51_180,0
sample_10960,23.69117193996538,91.57252587616618,block_47_183,0
sample_10961,25.657872204457817,94.00751644289622,block_51_188,0
sample_10962,25.139587847207984,94.02750459710818,block_50_188,0
sample_10963,28.485004034999854,95.93690827762609,block_56_191,0
sample_10964,26.549579122885056,94.0401321480117,block_53_188,0
sample_10965,25.93540842985375,91.93295478499024,block_51_183,0
sample_10966,23.529620945323128,93.19204188789178,block_47_186,0
sample_10967,27.69728172551195,93.2372391189776,block_55_186,0
sample_10968,28.052381359931015,96.76884249852013,block_56_193,0
sample_10969,28.172468299272538,96.39243822649719,block_56_192,0
sample_10970,25.311518230588213,92.92029511133516,block_50_185,0
sample_10971,25.960384237823533,92.97870936833934,block_51_185,0
sample_10972,25.34670554918587,94.3826143476497,block_50_188,0
sample_10973,26.997826204348595,94.35413618489297,block_53_188,0
sample_10974,26.77071764654229,92.75508348530418,block_53_185,0
sample_10975,26.461170339873565,92.27250451544774,block_52_184,0
sample_10976,25.024291314938097,93.6273392025893,block_50_187,0
sample_10977,25.876630355720092,92.4935843446653,block_51_184,0
sample_10978,26.83671239597974,94.09424523085684,block_53_188,0
sample_10979,26.035574742067354,93.072827559953,block_52_186,0
sample_10980,27.536797614384376,95.02816402739937,block_55_190,0
sample_10981,23.625361804818525,91.40815613358424,block_47_182,0
sample_10982,26.365457723813215,92.70304682271353,block_52_185,0
sample_10983,27.017304977749884,93.4584532197783,block_54_186,0
sample_10984,24.812448462953007,94.45381032027484,block_49_188,0
sample_10985,26.475697192803185,93.47157547454515,block_52_186,0
sample_10986,27.762284458811717,95.50049340278495,block_55_191,0
sample_10987,23.66890246008654,91.36624342559725,block_47_182,0
sample_10988,27.999525004406927,97.3787997925491,block_55_194,0
sample_10989,27.653924695107563,92.50200899054056,block_55_185,0
sample_10990,25.287709070341904,92.17166996674952,block_50_184,0
sample_10991,22.876638712149063,92.66230690717092,block_45_185,0
sample_10992,27.922087454426595,95.22327580057109,block_55_190,0
sample_10993,24.30090428296192,92.36714471781592,block_48_184,0
sample_10994,26.420297057441047,94.71350274595807,block_52_189,0
sample_10995,27.326079872281127,88.86863651416917,block_54_177,0
sample_10996,25.014989589582257,93.61284546866312,block_50_187,0
sample_10997,26.875370883991096,93.1018372871556,block_53_186,0
sample_10998,22.589787774472388,92.63345296674356,block_45_185,0
sample_10999,26.699137806107906,94.10978414286502,block_53_188,0
sample_11000,26.36219800780097,91.36196704638878,block_52_182,0
sample_11001,29.198993663653898,94.64922090228819,block_58_189,0
sample_11002,28.302111122979586,95.86042945346075,block_56_191,0
sample_11003,28.30648705716876,94.05567540227645,block_56_188,0
sample_11004,28.698623737284535,96.29369149775962,block_57_192,0
sample_11005,26.441740382820452,91.26844149618809,block_52_182,0
sample_11006,26.672142846382176,91.17663604293605,block_53_182,0
sample_11007,27.024661840562267,94.02321333734501,block_54_188,0
sample_11008,27.545508396062733,95.42370053437156,block_55_190,0
sample_11009,26.449524090018166,94.42904840728508,block_52_188,0
sample_11010,26.756205738148335,93.0339699225531,block_53_186,0
sample_11011,26.282179981102352,94.43430531803111,block_52_188,0
sample_11012,27.019966772590582,93.95958587431507,block_54_187,0
sample_11013,28.206330339335118,96.05158951820314,block_56_192,0
sample_11014,26.95288774402396,92.71845313649321,block_53_185,0
sample_11015,24.92349377746334,93.37960402926352,block_49_186,0
sample_11016,26.191411171566475,91.07897300577194,block_52_182,0
sample_11017,27.887601543923733,96.81798947401717,block_55_193,0
sample_11018,25.74048119170343,91.7292449615558,block_51_183,0
sample_11019,24.088952852673323,92.00459524568271,block_48_184,0
sample_11020,28.074984184235213,94.7779611125778,block_56_189,0
sample_11021,27.521518818352778,92.82031598890691,block_55_185,0
sample_11022,28.67874108838054,93.74729293617412,block_57_187,0
sample_11023,25.779970939649395,93.00776444502773,block_51_186,0
sample_11024,27.49137505339809,94.16761283805145,block_54_188,0
sample_11025,29.196202590129086,95.72379132588841,block_58_191,0
sample_11026,27.13690763041192,94.5734569735199,block_54_189,0
sample_11027,25.67571841299977,94.65888674146609,block_51_189,0
sample_11028,25.624567894325967,90.39117448844793,block_51_180,0
sample_11029,28.708773737790736,94.7908354805408,block_57_189,0
sample_11030,24.709081027925535,92.77693853438076,block_49_185,0
sample_11031,28.462717135416344,93.40197172032951,block_56_186,0
sample_11032,26.512269113215837,91.7165830655143,block_53_183,0
sample_11033,25.349119588226916,90.0917540214462,block_50_180,0
sample_11034,27.71356799856287,88.41690218205994,block_55_176,0
sample_11035,28.225369908653885,95.63755065583034,block_56_191,0
sample_11036,28.40637581119662,96.51967888261208,block_56_193,0
sample_11037,25.880291492639696,91.0244890729558,block_51_182,0
sample_11038,27.249427495426005,95.57010218099066,block_54_191,0
sample_11039,27.707385011527663,93.40989783899055,block_55_186,0
sample_11040,26.170112909917684,92.13230119207965,block_52_184,0
sample_11041,25.84576382010262,92.5094145134756,block_51_185,0
sample_11042,25.820569342744204,93.80234689681104,block_51_187,0
sample_11043,27.329205955185863,93.11796702784041,block_54_186,0
sample_11044,27.879215758083923,95.55837416735078,block_55_191,0
sample_11045,26.006373349008427,89.85501792115026,block_52_179,0
sample_11046,24.606184485901235,94.11011091818857,block_49_188,0
sample_11047,27.39892739630114,94.27107930607049,block_54_188,0
sample_11048,27.82081547591777,88.25787550417219,block_55_176,0
sample_11049,28.97164910909339,94.8541039553326,block_57_189,0
sample_11050,25.965561545867672,92.62625458779709,block_51_185,0
sample_11051,26.395851288826588,93.20133542999181,block_52_186,0
sample_11052,25.59609045085341,91.32860308334462,block_51_182,0
sample_11053,28.66526803251362,94.56218450646803,block_57_189,0
sample_11054,26.421772714415653,92.60670003840535,block_52_185,0
sample_11055,27.420619303487804,95.90562109789954,block_54_191,0
sample_11056,26.695786650152442,89.98535016669577,block_53_179,0
sample_11057,23.75314166486619,91.38574575978022,block_47_182,0
sample_11058,27.735060119829747,96.88323380416384,block_55_193,0
sample_11059,28.242032794814204,93.41001384265245,block_56_186,0
sample_11060,26.504874689750288,91.1517130921419,block_53_182,0
sample_11061,28.089781488643972,97.27415000568125,block_56_194,0
sample_11062,28.789592266232205,95.03155691359655,block_57_190,0
sample_11063,25.9820324447024,93.3426800689266,block_51_186,0
sample_11064,27.626823539263977,95.42248701074658,block_55_190,0
sample_11065,27.985565247575103,96.78045098652031,block_55_193,0
sample_11066,27.36650054524528,95.3300341915098,block_54_190,0
sample_11067,25.687950257000193,90.97001512388387,block_51_181,0
sample_11068,27.49604837101191,94.38780278922397,block_54_188,0
sample_11069,27.86749810029152,96.96227113659604,block_55_193,0
sample_11070,24.631064062944812,92.87998372032791,block_49_185,0
sample_11071,23.837012142347817,91.37258010035785,block_47_182,0
sample_11072,26.636852856806748,91.61941315656287,block_53_183,0
sample_11073,29.255048427505194,95.61144971208846,block_58_191,0
sample_11074,26.09213490497553,93.68710853408658,block_52_187,0
sample_11075,26.478529859473202,94.94170354711807,block_52_189,0
sample_11076,22.57774444451054,92.76714195053124,block_45_185,0
sample_11077,28.091755735662385,93.88292850684206,block_56_187,0
sample_11078,22.65726552859724,92.79302006205475,block_45_185,0
sample_11079,26.41222901931103,90.65885009046981,block_52_181,0
sample_11080,27.684208086188807,94.05014638861803,block_55_188,0
sample_11081,29.057118937884937,94.41877964286913,block_58_188,0
sample_11082,24.020746861639772,92.6352722449247,block_48_185,0
sample_11083,27.314097769016737,95.67999490407307,block_54_191,0
sample_11084,26.271932670046727,90.87404437503325,block_52_181,0
sample_11085,27.681627706929312,93.11749699859057,block_55_186,0
sample_11086,27.53502591257397,95.52517674810808,block_55_191,0
sample_11087,27.019157240704732,92.48700469381946,block_54_184,0
sample_11088,28.001326331014106,96.02478540523641,block_56_192,0
sample_11089,25.472161592779848,89.93431171667565,block_50_179,0
sample_11090,25.93659486132993,91.02331299285126,block_51_182,0
sample_11091,22.86365468527951,93.05935092250637,block_45_186,0
sample_11092,25.292388674097115,92.15047514655471,block_50_184,0
sample_11093,26.371288702754185,93.65304980414682,block_52_187,0
sample_11094,27.87538157414968,95.48713344466555,block_55_190,0
sample_11095,27.476008594730704,94.12991433521012,block_54_188,0
sample_11096,24.0087919769193,92.1861282399908,block_48_184,0
sample_11097,28.340614160577466,96.87961721492745,block_56_193,0
sample_11098,27.860215824238345,94.50453245383555,block_55_189,0
sample_11099,24.859764498096318,93.92134520884466,block_49_187,0
sample_11100,24.459899075272247,94.28957682812408,block_48_188,0
sample_11101,29.040403694820057,94.32724475155774,block_58_188,0
sample_11102,27.14284633147196,97.13265758251545,block_54_194,0
sample_11103,27.830636838637062,94.44676257389477,block_55_188,0
sample_11104,25.473133619082212,92.96293899472997,block_50_185,0
sample_11105,27.27148909334809,95.28162505733488,block_54_190,0
sample_11106,28.295367657629736,96.11550328494128,block_56_192,0
sample_11107,27.48889621420695,94.0640717821988,block_54_188,0
sample_11108,28.06326909837849,93.07887810090527,block_56_186,0
sample_11109,25.43159736474871,94.40463242401421,block_50_188,0
sample_11110,26.77482902164728,95.24057576686607,block_53_190,0
sample_11111,29.214358933724526,95.55737516350118,block_58_191,0
sample_11112,26.483994709819058,91.74217034532501,block_52_183,0
sample_11113,25.449461757941545,92.93972823773962,block_50_185,0
sample_11114,22.96070527221464,92.61514189539855,block_45_185,0
sample_11115,28.39442702201229,94.45398183036536,block_56_188,0
sample_11116,25.145897089385784,92.4784603758419,block_50_184,0
sample_11117,27.50089558962234,88.17279758400723,block_55_176,0
sample_11118,27.342429317045855,95.1242021317211,block_54_190,0
sample_11119,24.578682268395735,93.74150559726226,block_49_187,0
sample_11120,26.02223680006893,93.20100021916767,block_52_186,0
sample_11121,28.05387678320035,95.76815704529427,block_56_191,0
sample_11122,26.480805573132514,91.61685479319334,block_52_183,0
sample_11123,28.185898922648462,93.24166947417892,block_56_186,0
sample_11124,23.47934193819524,92.52770901738197,block_46_185,0
sample_11125,28.592061794918138,94.35379535713054,block_57_188,0
sample_11126,24.825295250428894,92.45602088841318,block_49_184,0
sample_11127,25.542990766719292,90.88101658747642,block_51_181,0
sample_11128,28.103836207513478,94.87168287400544,block_56_189,0
sample_11129,25.126341272672327,93.80345854237265,block_50_187,0
sample_11130,27.78259281920228,92.80365046347055,block_55_185,0
sample_11131,29.151686226155363,94.7557443763081,block_58_189,0
sample_11132,27.69345110190096,92.58171204431599,block_55_185,0
sample_11133,28.626402710590533,94.89773706790719,block_57_189,0
sample_11134,28.224068707524594,96.08977698079067,block_56_192,0
sample_11135,25.90191398973148,92.10027975409454,block_51_184,0
sample_11136,23.15963647252942,92.58337355787451,block_46_185,0
sample_11137,24.81497911354049,93.79581924814411,block_49_187,0
sample_11138,27.860834986396213,93.60999811101894,block_55_187,0
sample_11139,27.132420360211675,92.29007427639182,block_54_184,0
sample_11140,24.66953865980581,92.97362383512952,block_49_185,0
sample_11141,23.587333134433376,91.36148256650412,block_47_182,0
sample_11142,28.30941749298487,96.97128368040661,block_56_193,0
sample_11143,26.947017562890164,92.33502900143847,block_53_184,0
sample_11144,29.07227159431405,94.63304655978419,block_58_189,0
sample_11145,25.55616350595478,93.95601174082066,block_51_187,0
sample_11146,28.185854223904254,97.20723066318835,block_56_194,0
sample_11147,23.486242291212513,91.58391931314476,block_46_183,0
sample_11148,27.386190410813967,95.84467106611596,block_54_191,0
sample_11149,28.208382289365346,94.68547012524398,block_56_189,0
sample_11150,29.21188201754994,95.63937839489503,block_58_191,0
sample_11151,27.831489669144972,95.50907310212872,block_55_191,0
sample_11152,28.94474304807842,95.11198834812127,block_57_190,0
sample_11153,27.654125580433096,91.6358261805194,block_55_183,0
sample_11154,28.563127931969127,94.23149334798697,block_57_188,0
sample_11155,28.586555764114802,94.94406286233138,block_57_189,0
sample_11156,23.195069645727802,92.6239027450782,block_46_185,0
sample_11157,28.75754490995697,96.51768714074291,block_57_193,0
sample_11158,27.911401122671258,88.1765537528867,block_55_176,0
sample_11159,26.985020574105263,94.18450541571885,block_53_188,0
sample_11160,23.571720007338463,91.38350439385881,block_47_182,0
sample_11161,25.49029919782003,94.31391823112762,block_50_188,0
sample_11162,27.502709978791113,94.42180211875805,block_55_188,0
sample_11163,27.543671820166125,96.27743036490743,block_55_192,0
sample_11164,25.49671629523737,90.35396044763016,block_50_180,0
sample_11165,25.924003380171982,92.02220573020864,block_51_184,0
sample_11166,25.19436151721931,92.58817789579581,block_50_185,0
sample_11167,26.104576261147088,90.18603104661624,block_52_180,0
sample_11168,24.654090541632073,92.25326573363925,block_49_184,0
sample_11169,25.58810333955284,90.08725085888075,block_51_180,0
sample_11170,28.041814260020622,94.46789346317982,block_56_188,0
sample_11171,26.673180668612936,95.2685763483953,block_53_190,0
sample_11172,27.961739517605295,88.57178443075642,block_55_177,0
sample_11173,26.831883115171337,94.74622491780144,block_53_189,0
sample_11174,27.487705220048554,91.74324104153914,block_54_183,0
sample_11175,26.632885673661736,90.98957326232305,block_53_181,0
sample_11176,27.624905572715065,92.09457391373553,block_55_184,0
sample_11177,28.920058931696325,95.01437640795787,block_57_190,0
sample_11178,28.051324204062375,93.81699629420652,block_56_187,0
sample_11179,26.555242467953782,93.2560063714319,block_53_186,0
sample_11180,28.97900809287621,95.7021774092351,block_57_191,0
sample_11181,26.003337390913334,92.84357719048593,block_52_185,0
sample_11182,28.04810373190428,93.29751368593813,block_56_186,0
sample_11183,26.840812532832636,91.8924343050445,block_53_183,0
sample_11184,27.287794253647203,93.72667132277296,block_54_187,0
sample_11185,28.379681578525535,93.90993028929152,block_56_187,0
sample_11186,23.76181869487733,91.5058522795431,block_47_183,0
sample_11187,25.452836641037393,93.73965045354335,block_50_187,0
sample_11188,24.29309595884071,93.2118370407931,block_48_186,0
sample_11189,27.94256739303092,96.43279218100027,block_55_192,0
sample_11190,23.49410721705902,93.09588967691855,block_46_186,0
sample_11191,27.78846988381301,93.09422898037617,block_55_186,0
sample_11192,24.80934782933699,92.79889939239125,block_49_185,0
sample_11193,27.170358936967467,97.04332815141005,block_54_194,0
sample_11194,28.567028463129308,93.96996893966192,block_57_187,0
sample_11195,27.58979724871866,95.72415096999137,block_55_191,0
sample_11196,27.320205410689436,95.75326118789962,block_54_191,0
sample_11197,25.64386183591942,93.94033285152359,block_51_187,0
sample_11198,27.76482127286932,92.44452594688057,block_55_184,0
sample_11199,27.784697870227124,93.28050076644422,block_55_186,0
sample_11200,26.480750596285773,91.52945439368744,block_52_183,0
sample_11201,26.803371485906293,93.03090121814289,block_53_186,0
sample_11202,28.087171421411192,93.33442685369539,block_56_186,0
sample_11203,27.90227961065966,96.73341588974444,block_55_193,0
sample_11204,26.084494742750586,92.50187724566184,block_52_185,0
sample_11205,24.36540852044463,93.7394739465941,block_48_187,0
sample_11206,28.24631798380351,96.61892433683467,block_56_193,0
sample_11207,23.439283093372577,92.73257636481576,block_46_185,0
sample_11208,25.59003806315991,92.98120840448223,block_51_185,0
sample_11209,28.307827668012123,95.28151617901842,block_56_190,0
sample_11210,26.019256658031907,90.76928473832406,block_52_181,0
sample_11211,28.730292378604418,96.02308194824548,block_57_192,0
sample_11212,24.76848868169779,92.73365644463637,block_49_185,0
sample_11213,25.26577971327118,90.03927124261205,block_50_180,0
sample_11214,23.512171953987096,93.25238784412949,block_47_186,0
sample_11215,28.361712183264412,96.3192927093731,block_56_192,0
sample_11216,24.333340863931475,94.01570708971397,block_48_188,0
sample_11217,23.508519689612086,92.92595715989168,block_47_185,0
sample_11218,29.275508389679768,95.90287558803999,block_58_191,0
sample_11219,22.94519295731756,92.51645342547808,block_45_185,0
sample_11220,28.71628319399804,95.18135136872785,block_57_190,0
sample_11221,24.423603208071412,92.22079535846743,block_48_184,0
sample_11222,25.59192010673571,94.22471801769844,block_51_188,0
sample_11223,25.10652249943051,92.27152133167179,block_50_184,0
sample_11224,26.53700622139709,93.38200567891265,block_53_186,0
sample_11225,25.488560684627124,90.55029692955696,block_50_181,0
sample_11226,23.673714624598226,91.82725333203855,block_47_183,0
sample_11227,25.985354283412313,90.05513349396593,block_51_180,0
sample_11228,27.604744650455224,92.9325288822398,block_55_185,0
sample_11229,25.707547283331074,91.95991761352964,block_51_183,0
sample_11230,26.152658493412726,90.93426885818876,block_52_181,0
sample_11231,27.26585346997596,95.82486962569524,block_54_191,0
sample_11232,26.30513027029544,91.85793470866375,block_52_183,0
sample_11233,25.5559041899576,93.8928281116258,block_51_187,0
sample_11234,24.068801230942285,91.66939389843458,block_48_183,0
sample_11235,28.192467232618142,93.50343043740199,block_56_187,0
sample_11236,25.197940556508037,90.67658511613133,block_50_181,0
sample_11237,27.852230786350166,93.3257252762206,block_55_186,0
sample_11238,26.439417609635633,92.03908185725616,block_52_184,0
sample_11239,24.602696507740287,94.26046399454067,block_49_188,0
sample_11240,25.506734984566638,92.87791722693524,block_51_185,0
sample_11241,23.942620918840227,91.76129761207666,block_47_183,0
sample_11242,27.42655881841242,96.10463823631004,block_54_192,0
sample_11243,26.07941587222102,92.76060006602849,block_52_185,0
sample_11244,28.68617720811735,94.45327317378008,block_57_188,0
sample_11245,26.666706440186708,94.38030244169869,block_53_188,0
sample_11246,28.4704322881727,95.64938645251144,block_56_191,0
sample_11247,24.256847279694455,93.40789947119193,block_48_186,0
sample_11248,23.362724105729193,92.691421839255,block_46_185,0
sample_11249,25.65093250732938,90.97441832050333,block_51_181,0
sample_11250,27.50693986089936,95.90093948855264,block_55_191,0
sample_11251,25.380682803372274,90.62495670595897,block_50_181,0
sample_11252,24.522387283751367,92.29156242264673,block_49_184,0
sample_11253,25.490604051705425,92.27153729660138,block_50_184,0
sample_11254,28.495676621779978,94.9442183611648,block_56_189,0
sample_11255,28.72396416977796,94.195591430223,block_57_188,0
sample_11256,26.24952375413048,93.25494186685091,block_52_186,0
sample_11257,25.759751335191208,93.44203719911899,block_51_186,0
sample_11258,25.72099866094083,91.98250756220267,block_51_183,0
sample_11259,29.253085960375806,96.1463353872683,block_58_192,0
sample_11260,24.664329498773444,93.29928462643905,block_49_186,0
sample_11261,26.215856670389417,91.39961032129808,block_52_182,0
sample_11262,27.476487051091986,93.55465924062223,block_54_187,0
sample_11263,26.53866908049848,90.74911913307987,block_53_181,0
sample_11264,24.35235364355499,92.22811975385872,block_48_184,0
sample_11265,27.596337350860082,94.16472827802579,block_55_188,0
sample_11266,22.838691604032782,92.91664286358102,block_45_185,0
sample_11267,23.552311386397722,92.36535578053505,block_47_184,0
sample_11268,25.27400843047388,93.84413070744017,block_50_187,0
sample_11269,29.097214791956475,94.78241111626943,block_58_189,0
sample_11270,25.66984583592712,92.93759312252865,block_51_185,0
sample_11271,27.912702131591722,95.96850379573864,block_55_191,0
sample_11272,25.83005928241132,92.64954047976035,block_51_185,0
sample_11273,26.853434028105184,93.83097610276805,block_53_187,0
sample_11274,22.72715734661952,92.880280393549,block_45_185,0
sample_11275,28.48437936573742,95.58108886115662,block_56_191,0
sample_11276,26.044639938470524,90.11059065035674,block_52_180,0
sample_11277,25.75275746993759,91.4058275569403,block_51_182,0
sample_11278,28.045157923666657,94.97824465397098,block_56_189,0
sample_11279,26.48490771575714,93.42652138582154,block_52_186,0
sample_11280,28.21692556464278,97.34264645758891,block_56_194,0
sample_11281,26.821754212598332,93.39684068294866,block_53_186,0
sample_11282,27.78287863232697,88.66958931575716,block_55_177,0
sample_11283,26.955079776198026,94.0267750517155,block_53_188,0
sample_11284,28.222031086794747,95.04473712213948,block_56_190,0
sample_11285,27.99997305091467,95.53664915257521,block_55_191,0
sample_11286,25.91541372853178,90.89230560534723,block_51_181,0
sample_11287,26.542125271711118,93.29268068785738,block_53_186,0
sample_11288,28.647317479585944,95.72383610684392,block_57_191,0
sample_11289,26.99447149452471,95.10017934562501,block_53_190,0
sample_11290,28.546862308215005,95.38440344158516,block_57_190,0
sample_11291,27.09584885593513,94.66382426759105,block_54_189,0
sample_11292,27.03397585156065,95.45839526964069,block_54_190,0
sample_11293,28.822292446484305,94.35744755673113,block_57_188,0
sample_11294,27.928384119038917,93.06715727913972,block_55_186,0
sample_11295,26.71076157686506,94.28983858900946,block_53_188,0
sample_11296,25.295342975508603,94.24943295344671,block_50_188,0
sample_11297,28.91826163632229,94.25817944094511,block_57_188,0
sample_11298,28.79989758209333,95.42889070724598,block_57_190,0
sample_11299,25.93752437310424,92.25755219628999,block_51_184,0
sample_11300,26.300795724996533,90.57455463716042,block_52_181,0
sample_11301,27.434305217037423,94.45119084073987,block_54_188,0
sample_11302,27.95112537795753,97.10511921396181,block_55_194,0
sample_11303,27.371395487561784,88.51316679666917,block_54_177,0
sample_11304,27.177330374055686,92.33751638739805,block_54_184,0
sample_11305,25.086324483272396,94.03854293787725,block_50_188,0
sample_11306,27.75013803516417,96.7243136905969,block_55_193,0
sample_11307,24.656926212236108,92.30502634416973,block_49_184,0
sample_11308,26.78591945485931,92.50912564215828,block_53_185,0
sample_11309,27.61758254836044,94.8295002358241,block_55_189,0
sample_11310,27.854001163370373,96.37728382945838,block_55_192,0
sample_11311,25.139311168951927,94.60495906730517,block_50_189,0
sample_11312,28.26771502153836,95.87433452104739,block_56_191,0
sample_11313,28.358208802078952,96.43518890701866,block_56_192,0
sample_11314,25.6296306743547,92.96494119957714,block_51_185,0
sample_11315,29.002607682152146,95.5490082837927,block_58_191,0
sample_11316,25.393263465451923,91.11760994654962,block_50_182,0
sample_11317,26.762369156606397,94.40187846132551,block_53_188,0
sample_11318,25.26729490329876,92.04897214429447,block_50_184,0
sample_11319,25.4050124202721,93.78934386335162,block_50_187,0
sample_11320,28.188219214425395,96.1121759697643,block_56_192,0
sample_11321,26.988439399803358,92.60682696615102,block_53_185,0
sample_11322,25.337621248187833,93.29394105872579,block_50_186,0
sample_11323,25.764148545921252,92.7446012514787,block_51_185,0
sample_11324,25.935820901618687,91.6820602242364,block_51_183,0
sample_11325,25.297135933469963,90.38417491654761,block_50_180,0
sample_11326,26.387112613832386,91.33636811040327,block_52_182,0
sample_11327,28.375396175565825,95.53750203882495,block_56_191,0
sample_11328,27.948199866448252,95.64312049387986,block_55_191,0
sample_11329,26.769415350435796,92.22417511455308,block_53_184,0
sample_11330,26.216030744589993,94.29901403497774,block_52_188,0
sample_11331,28.603098560629995,95.79897799600496,block_57_191,0
sample_11332,27.426155413438845,94.66612986079085,block_54_189,0
sample_11333,25.18478736561398,90.86959314976161,block_50_181,0
sample_11334,27.68044535288822,93.79253655818563,block_55_187,0
sample_11335,28.47683665562611,93.88415195185006,block_56_187,0
sample_11336,25.13723555561029,94.37466993681949,block_50_188,0
sample_11337,25.46280175433429,93.23692767403475,block_50_186,0
sample_11338,25.54510926963693,94.68987352275217,block_51_189,0
sample_11339,24.54137327432661,93.2488283539064,block_49_186,0
sample_11340,26.71587474247265,92.40151500211539,block_53_184,0
sample_11341,26.536163089093964,93.5440821101777,block_53_187,0
sample_11342,28.305341957743426,96.12014336851922,block_56_192,0
sample_11343,28.442681555041197,95.61220791334694,block_56_191,0
sample_11344,27.88758271770142,88.85919150908137,block_55_177,0
sample_11345,29.23871250165253,96.17889306512637,block_58_192,0
sample_11346,27.661517453487082,93.73205983678052,block_55_187,0
sample_11347,23.740820927115447,92.3507477626532,block_47_184,0
sample_11348,28.718934301048126,95.66862286929722,block_57_191,0
sample_11349,27.514596524494323,93.34801927421012,block_55_186,0
sample_11350,26.27839769968722,92.06503874408769,block_52_184,0
sample_11351,27.14995671864814,95.25019217629033,block_54_190,0
sample_11352,27.375278290929895,88.41641171120676,block_54_176,0
sample_11353,28.688722070430444,95.35010085161124,block_57_190,0
sample_11354,26.012009808497083,92.88228285285085,block_52_185,0
sample_11355,27.59357185239893,88.2190017700332,block_55_176,0
sample_11356,26.688277516234216,91.39529369300587,block_53_182,0
sample_11357,25.750462880978507,92.35251205418346,block_51_184,0
sample_11358,29.02180840500571,94.24529357833663,block_58_188,0
sample_11359,25.52367502919612,91.17219895658586,block_51_182,0
sample_11360,24.78594437590985,94.56085482330106,block_49_189,0
sample_11361,26.384852257875096,93.04899603308641,block_52_186,0
sample_11362,28.046795532451874,97.1282645149734,block_56_194,0
sample_11363,24.429061450705785,92.75524832407031,block_48_185,0
sample_11364,26.001145383016993,93.48324872238273,block_52_186,0
sample_11365,27.513383617786033,88.70740664230351,block_55_177,0
sample_11366,26.908128379311492,93.75038306615691,block_53_187,0
sample_11367,24.032769413771028,91.83376418957518,block_48_183,0
sample_11368,27.439582554155386,93.3608311576444,block_54_186,0
sample_11369,26.451067298641412,91.19477042628706,block_52_182,0
sample_11370,27.375357713959488,93.79371678772839,block_54_187,0
sample_11371,23.310112506777433,92.7643698953734,block_46_185,0
sample_11372,27.228349546825687,95.47292996725743,block_54_190,0
sample_11373,27.642570313478075,96.58140625399611,block_55_193,0
sample_11374,26.317655886063182,93.7669093968032,block_52_187,0
sample_11375,28.154377517198782,94.36719294549799,block_56_188,0
sample_11376,27.673687486364578,92.87852282820809,block_55_185,0
sample_11377,29.187203529126684,94.61751006664625,block_58_189,0
sample_11378,27.8247431491186,95.8998833035305,block_55_191,0
sample_11379,27.326072819548795,92.64689904555422,block_54_185,0
sample_11380,28.46633004433603,95.34458180782357,block_56_190,0
sample_11381,27.334784931419655,88.713676418581,block_54_177,0
sample_11382,26.23195957065438,92.58919349384928,block_52_185,0
sample_11383,27.67024116591962,88.30970324142011,block_55_176,0
sample_11384,28.061586499174172,95.97334801570037,block_56_191,0
sample_11385,25.491183111984125,92.34893691511182,block_50_184,0
sample_11386,26.447737320478037,94.70596712950214,block_52_189,0
sample_11387,24.611718463192076,94.50247823106642,block_49_189,0
sample_11388,25.911465573767444,92.20903903092132,block_51_184,0
sample_11389,25.653868082953384,90.95831555532887,block_51_181,0
sample_11390,24.911447133717495,93.20040648839631,block_49_186,0
sample_11391,28.364344947779234,94.13513353274013,block_56_188,0
sample_11392,24.007090220973417,93.79162855776137,block_48_187,0
sample_11393,27.190421904763795,93.37124356467791,block_54_186,0
sample_11394,26.09069332819227,92.07870668259798,block_52_184,0
sample_11395,26.279057905584608,91.55194109544603,block_52_183,0
sample_11396,26.701423159018812,91.94430812671638,block_53_183,0
sample_11397,25.733215145376995,94.60416562340886,block_51_189,0
sample_11398,25.848314695305216,94.09482401117685,block_51_188,0
sample_11399,23.936724082932603,91.40959585347122,block_47_182,0
sample_11400,27.34623524199385,94.82721263732364,block_54_189,0
sample_11401,27.545961187672354,94.04262896863047,block_55_188,0
sample_11402,27.697105468113698,96.59965913459192,block_55_193,0
sample_11403,24.545234069222364,93.64044078372149,block_49_187,0
sample_11404,26.061359386727343,93.6775915463677,block_52_187,0
sample_11405,27.718841128445067,88.30403123714412,block_55_176,0
sample_11406,25.40722395476713,93.9595779249862,block_50_187,0
sample_11407,26.744037402397574,92.84290333313174,block_53_185,0
sample_11408,27.473601038687875,94.33436175625069,block_54_188,0
sample_11409,27.550390438847224,93.98270861987864,block_55_187,0
sample_11410,28.220346869272333,94.00645378746799,block_56_188,0
sample_11411,28.324405337652173,96.88958603608364,block_56_193,0
sample_11412,24.060720566719297,91.53999023191301,block_48_183,0
sample_11413,27.301279828993458,95.01438196009953,block_54_190,0
sample_11414,24.56069866059778,92.42242680371191,block_49_184,0
sample_11415,23.831967323599578,91.88061418469523,block_47_183,0
sample_11416,26.53752160808828,93.31563236932944,block_53_186,0
sample_11417,22.33081753627828,92.9022570870401,block_44_185,0
sample_11418,23.90728472913965,92.04769868888805,block_47_184,0
sample_11419,26.2775820511047,90.8121852703794,block_52_181,0
sample_11420,26.56685039307854,91.29935610481185,block_53_182,0
sample_11421,26.075172478243942,93.21199408433138,block_52_186,0
sample_11422,26.108192429419216,92.18874670540188,block_52_184,0
sample_11423,26.5630925234531,89.98609553499773,block_53_179,0
sample_11424,27.700674122263724,96.94897351194834,block_55_193,0
sample_11425,28.07261696504721,95.34554681854647,block_56_190,0
sample_11426,24.01110055058062,91.84265624184273,block_48_183,0
sample_11427,27.071801651946927,94.09844930879142,block_54_188,0
sample_11428,23.07984473934013,92.40396662576643,block_46_184,0
sample_11429,28.278023408929002,95.44156277053985,block_56_190,0
sample_11430,28.05084275749286,95.2508836835378,block_56_190,0
sample_11431,28.601418536339438,95.99188928076754,block_57_191,0
sample_11432,26.171294379603523,92.95656476409276,block_52_185,0
sample_11433,26.743834379376086,92.360832271296,block_53_184,0
sample_11434,25.382307999327992,93.65764183050065,block_50_187,0
sample_11435,28.357431382815168,93.55631800346657,block_56_187,0
sample_11436,26.097514284333023,90.86877268187271,block_52_181,0
sample_11437,24.732204386144524,92.65618661784634,block_49_185,0
sample_11438,26.522953352257048,93.63495927600671,block_53_187,0
sample_11439,25.75331366489887,91.61571236267835,block_51_183,0
sample_11440,26.71129477984372,92.0556700804375,block_53_184,0
sample_11441,28.987815844208676,95.6172878174274,block_57_191,0
sample_11442,26.667231379891106,93.48032352008507,block_53_186,0
sample_11443,24.517882482201653,94.33527046983345,block_49_188,0
sample_11444,27.33967719753705,95.565052691936,block_54_191,0
sample_11445,25.283780002279524,90.40018169832136,block_50_180,0
sample_11446,27.60085238024641,94.89006677293636,block_55_189,0
sample_11447,25.956819022326176,93.56906258207232,block_51_187,0
sample_11448,26.045324651883135,94.08295506025271,block_52_188,0
sample_11449,26.618239312521208,95.0599219197691,block_53_190,0
sample_11450,29.104829855682812,95.58043319826317,block_58_191,0
sample_11451,23.302832649824573,92.95246905497042,block_46_185,0
sample_11452,26.042818602003805,90.044782307614,block_52_180,0
sample_11453,28.04353219641649,95.84428831707835,block_56_191,0
sample_11454,27.140560450494547,92.85302643032828,block_54_185,0
sample_11455,27.69966707194561,93.54104066445285,block_55_187,0
sample_11456,24.075335780714692,91.8767399370497,block_48_183,0
sample_11457,26.31279546175453,94.81833401535755,block_52_189,0
sample_11458,27.4332539857215,94.10036864903597,block_54_188,0
sample_11459,25.6041050743663,94.53854798630567,block_51_189,0
sample_11460,26.143811732417454,93.2476981543512,block_52_186,0
sample_11461,27.131650452533986,93.02833149538384,block_54_186,0
sample_11462,23.420741598465977,92.5748137950638,block_46_185,0
sample_11463,25.001476663278662,94.12563723953147,block_50_188,0
sample_11464,25.860390259761978,91.79444580618582,block_51_183,0
sample_11465,23.07450784059495,92.63529923492557,block_46_185,0
sample_11466,27.111391695638396,92.98908770518626,block_54_185,0
sample_11467,25.072611105843393,93.04805206731447,block_50_186,0
sample_11468,24.399908862139103,93.96150531569758,block_48_187,0
sample_11469,26.41109499638478,90.30381195380413,block_52_180,0
sample_11470,25.233900970758413,93.94398956913362,block_50_187,0
sample_11471,28.21905345610888,95.34270484352858,block_56_190,0
sample_11472,26.27762751671472,91.62573028219792,block_52_183,0
sample_11473,26.169993337480353,95.11844470162978,block_52_190,0
sample_11474,28.942679158466873,95.54805259056883,block_57_191,0
sample_11475,26.54527704907684,94.11150509606223,block_53_188,0
sample_11476,23.725359024838035,93.23891868404078,block_47_186,0
sample_11477,24.633976622460754,92.46046621905795,block_49_184,0
sample_11478,26.07072972586497,94.05751115725532,block_52_188,0
sample_11479,25.562077056183952,92.52760286864691,block_51_185,0
sample_11480,25.669350897952086,92.93105708513112,block_51_185,0
sample_11481,26.177724434804396,94.46712791568198,block_52_188,0
sample_11482,25.79925228455012,94.5598547622815,block_51_189,0
sample_11483,25.24256847662063,90.93331387853974,block_50_181,0
sample_11484,25.543355120504582,92.86013923754355,block_51_185,0
sample_11485,26.36662882135044,93.1376379816388,block_52_186,0
sample_11486,27.921423693450198,97.33267273085355,block_55_194,0
sample_11487,27.419393319432046,88.29092577142858,block_54_176,0
sample_11488,26.651035046513428,92.10820686923631,block_53_184,0
sample_11489,28.38444358686147,93.7783563089365,block_56_187,0
sample_11490,27.41286847644909,92.72292030860183,block_54_185,0
sample_11491,26.647305741975764,89.94227350337148,block_53_179,0
sample_11492,25.47920883325483,91.45113462453855,block_50_182,0
sample_11493,24.673147157035828,92.46291634017257,block_49_184,0
sample_11494,25.86284673566373,89.99457016710383,block_51_179,0
sample_11495,25.8776190448535,93.88018989096048,block_51_187,0
sample_11496,27.8189661519079,95.0158604059886,block_55_190,0
sample_11497,28.95362053278397,95.7836511216648,block_57_191,0
sample_11498,25.247839874597968,91.81522497680754,block_50_183,0
sample_11499,26.466278495780912,94.60237541753642,block_52_189,0
sample_11500,28.710256933264972,95.67867478309887,block_57_191,0
sample_11501,27.416766051781835,94.44377616855473,block_54_188,0
sample_11502,28.799464543793682,96.27045057763648,block_57_192,0
sample_11503,28.485999207358105,93.75717480131476,block_56_187,0
sample_11504,27.54235000009261,93.70887829033961,block_55_187,0
sample_11505,28.581721336896358,93.64620898274859,block_57_187,0
sample_11506,26.5106067556315,93.60773075883998,block_53_187,0
sample_11507,28.37478378772554,95.10434944507439,block_56_190,0
sample_11508,25.57289421598165,91.56866836823252,block_51_183,0
sample_11509,25.598243303650356,91.39594873013124,block_51_182,0
sample_11510,26.47122599267238,92.50673604943114,block_52_185,0
sample_11511,25.45615059587877,93.5399212655705,block_50_187,0
sample_11512,25.48456060576006,91.08729721402348,block_50_182,0
sample_11513,26.496414282348862,91.14413879574342,block_52_182,0
sample_11514,25.989507807470556,93.87104761081915,block_51_187,0
sample_11515,25.91524695344775,91.54443650916426,block_51_183,0
sample_11516,26.368841867120757,91.7946134401216,block_52_183,0
sample_11517,25.140895524568556,92.7583569473084,block_50_185,0
sample_11518,26.636499114098378,93.73310487492103,block_53_187,0
sample_11519,27.12119015558834,95.42556397121909,block_54_190,0
sample_11520,25.38111560348459,92.2556746862415,block_50_184,0
sample_11521,27.42020192700824,92.51597431056776,block_54_185,0
sample_11522,24.438748472328044,92.32462877464158,block_48_184,0
sample_11523,26.834145146903634,93.16630822619338,block_53_186,0
sample_11524,26.56368849774621,93.74293960902632,block_53_187,0
sample_11525,26.81513968428817,93.02844209858173,block_53_186,0
sample_11526,28.000243012344768,93.90247478209005,block_56_187,0
sample_11527,29.109216551736452,95.8727236520678,block_58_191,0
sample_11528,27.77630224184265,95.61315472206093,block_55_191,0
sample_11529,27.484642185388406,95.99796133159613,block_54_191,0
sample_11530,26.168986849350453,89.95171961364547,block_52_179,0
sample_11531,25.959466258490743,90.27282715959323,block_51_180,0
sample_11532,23.821771373288634,91.72716514798189,block_47_183,0
sample_11533,26.179908750495162,91.1629555039129,block_52_182,0
sample_11534,28.7784127184052,94.13020486753584,block_57_188,0
sample_11535,28.34361268415713,94.58593127325442,block_56_189,0
sample_11536,28.466680094867073,93.78798348267084,block_56_187,0
sample_11537,23.77032404336736,91.62201888129599,block_47_183,0
sample_11538,28.326605712684156,94.12554574326771,block_56_188,0
sample_11539,27.351388346258517,96.87966478651259,block_54_193,0
sample_11540,28.620174950153704,95.90758752833932,block_57_191,0
sample_11541,28.845893796036442,95.25050089524383,block_57_190,0
sample_11542,26.722486326051104,92.02345015162882,block_53_184,0
sample_11543,26.016487277533066,94.9318173348973,block_52_189,0
sample_11544,25.210508525210244,90.84551974940108,block_50_181,0
sample_11545,29.07019555753424,95.08453641103446,block_58_190,0
sample_11546,26.59415718401914,94.63039144922243,block_53_189,0
sample_11547,25.777028051213886,93.65518223849328,block_51_187,0
sample_11548,28.683852653805765,94.38868845533932,block_57_188,0
sample_11549,28.18789567752176,97.23155507440113,block_56_194,0
sample_11550,28.02638753119396,94.07728264199146,block_56_188,0
sample_11551,27.942677373673792,95.96004459326006,block_55_191,0
sample_11552,27.787101274204197,92.35406697782133,block_55_184,0
sample_11553,26.587848253365124,94.2215992204617,block_53_188,0
sample_11554,24.550714274211813,93.56357385270843,block_49_187,0
sample_11555,27.664217413742946,93.14226873334034,block_55_186,0
sample_11556,27.66844607639244,93.95977622175718,block_55_187,0
sample_11557,28.69140844728253,94.40475207883469,block_57_188,0
sample_11558,25.683475488596805,91.61487907982308,block_51_183,0
sample_11559,26.05237653296414,90.06461775483513,block_52_180,0
sample_11560,26.295480140920684,91.30037325133983,block_52_182,0
sample_11561,27.867614384690178,92.97587477593315,block_55_185,0
sample_11562,28.40082836534795,94.3812180977831,block_56_188,0
sample_11563,26.200580437368178,92.53359086284811,block_52_185,0
sample_11564,27.41792028698989,95.80544324212936,block_54_191,0
sample_11565,23.741092412102162,92.189559419999,block_47_184,0
sample_11566,27.644628745543724,93.96935433822249,block_55_187,0
sample_11567,27.457437963297338,95.82623410402493,block_54_191,0
sample_11568,29.038632470820907,95.58799268011245,block_58_191,0
sample_11569,25.75756547897395,91.35280119547119,block_51_182,0
sample_11570,25.33519070037653,91.085164303351,block_50_182,0
sample_11571,27.939485979126534,93.19036536354152,block_55_186,0
sample_11572,25.41660228859357,90.7027777191749,block_50_181,0
sample_11573,26.315706060518394,93.94820213876415,block_52_187,0
sample_11574,28.176707708639903,96.64418627329088,block_56_193,0
sample_11575,26.860686620648835,95.04059988798932,block_53_190,0
sample_11576,23.10336882112692,93.3461586832108,block_46_186,0
sample_11577,27.51142585063133,96.23702966681847,block_55_192,0
sample_11578,27.909531257974056,88.5762852522921,block_55_177,0
sample_11579,25.352081260765882,94.05261764099326,block_50_188,0
sample_11580,25.634973538666536,92.25940816377563,block_51_184,0
sample_11581,25.94041926510742,93.81445148696372,block_51_187,0
sample_11582,25.728748534778816,90.41781081428144,block_51_180,0
sample_11583,24.415921092771573,93.92006854326596,block_48_187,0
sample_11584,25.3545254420357,91.42780608407179,block_50_182,0
sample_11585,25.61794975013034,93.67011350829415,block_51_187,0
sample_11586,27.34257900046855,93.48936956137997,block_54_186,0
sample_11587,26.656190646086465,94.97747448944594,block_53_189,0
sample_11588,25.461449014069927,91.17298268870844,block_50_182,0
sample_11589,28.01757023489973,95.42508040582655,block_56_190,0
sample_11590,25.92042712465087,91.21008858202609,block_51_182,0
sample_11591,28.049909629315742,92.76539800122549,block_56_185,0
sample_11592,23.232115917369956,91.64992371344995,block_46_183,0
sample_11593,25.716093451956695,90.84429942565227,block_51_181,0
sample_11594,29.230611564809443,95.99971579908856,block_58_191,0
sample_11595,26.226464815074152,89.79944647980099,block_52_179,0
sample_11596,26.330355804733525,93.35463379335958,block_52_186,0
sample_11597,27.17999671499414,94.74402331362981,block_54_189,0
sample_11598,26.890062395119674,94.95222992889498,block_53_189,0
sample_11599,27.406181941397186,96.28934455947076,block_54_192,0
sample_11600,24.58232847314232,94.07692685933957,block_49_188,0
sample_11601,26.79541613434632,95.2157581069872,block_53_190,0
sample_11602,27.435802378300284,93.93300005593741,block_54_187,0
sample_11603,26.84380069325023,92.5840424966986,block_53_185,0
sample_11604,24.518729403755856,94.43641463750647,block_49_188,0
sample_11605,27.811089439980293,95.27148687494834,block_55_190,0
sample_11606,27.651394241372678,94.42376064414829,block_55_188,0
sample_11607,25.767300497456485,91.01658205810645,block_51_182,0
sample_11608,25.867012357991467,90.47275093162017,block_51_180,0
sample_11609,25.266237216279748,93.9125607806437,block_50_187,0
sample_11610,27.65482177243573,96.65844239100053,block_55_193,0
sample_11611,27.24912317116166,92.35938895228371,block_54_184,0
sample_11612,25.629873878236413,90.72816592506531,block_51_181,0
sample_11613,27.366171240948248,94.00089077814768,block_54_188,0
sample_11614,26.336128607756418,91.15463331773826,block_52_182,0
sample_11615,23.32306720141995,92.89937344569016,block_46_185,0
sample_11616,27.9669041284632,96.83675564354574,block_55_193,0
sample_11617,25.406449764913113,90.3268460235948,block_50_180,0
sample_11618,26.10564145339837,91.08041808492821,block_52_182,0
sample_11619,26.65896493746696,91.07464917649916,block_53_182,0
sample_11620,26.654682557097576,91.33180248418763,block_53_182,0
sample_11621,24.427192361579223,92.94953142983448,block_48_185,0
sample_11622,24.274264535781587,92.32050786663575,block_48_184,0
sample_11623,25.97188912536941,90.20780667399742,block_51_180,0
sample_11624,27.838105945060875,96.64955958431618,block_55_193,0
sample_11625,25.97930779235137,91.63687540145906,block_51_183,0
sample_11626,25.414817990133162,90.09044254080074,block_50_180,0
sample_11627,26.770682515348994,94.39682739329132,block_53_188,0
sample_11628,25.8503087811399,90.64827005762236,block_51_181,0
sample_11629,25.26255817894125,92.60447539653399,block_50_185,0
sample_11630,27.929323438525703,97.12565695682716,block_55_194,0
sample_11631,27.650808266458924,93.5939519621139,block_55_187,0
sample_11632,23.115803155794477,93.32204489388322,block_46_186,0
sample_11633,28.193691229346285,93.68720570658566,block_56_187,0
sample_11634,27.591259132662124,88.30960344711542,block_55_176,0
sample_11635,28.142846545289043,94.01558149604847,block_56_188,0
sample_11636,26.11361913727177,91.43152476585192,block_52_182,0
sample_11637,26.032498891618154,94.2897975248619,block_52_188,0
sample_11638,22.812944693556872,92.94139861928679,block_45_185,0
sample_11639,25.989403927093,93.13385368986064,block_51_186,0
sample_11640,24.91942765247842,92.92458093255712,block_49_185,0
sample_11641,27.406652526430165,95.96192613463712,block_54_191,0
sample_11642,26.165928885730125,92.18620349485069,block_52_184,0
sample_11643,28.271769707779185,94.38226933338362,block_56_188,0
sample_11644,28.14299689887812,93.58691259844291,block_56_187,0
sample_11645,28.3515187400836,96.76235574375116,block_56_193,0
sample_11646,26.739640285315108,93.08172052190363,block_53_186,0
sample_11647,26.800976405874387,90.53170703789739,block_53_181,0
sample_11648,23.72216976532243,91.41448081569595,block_47_182,0
sample_11649,25.885998256739647,91.27531627179734,block_51_182,0
sample_11650,25.81749008697188,90.07801584801018,block_51_180,0
sample_11651,25.818864201023526,93.72440591391917,block_51_187,0
sample_11652,26.459012539709043,91.29136061533606,block_52_182,0
sample_11653,26.735464027053542,93.51797943598167,block_53_187,0
sample_11654,24.162186337188484,92.02880254834407,block_48_184,0
sample_11655,26.203894493660854,93.89584231817145,block_52_187,0
sample_11656,25.76097727920901,94.41295458724795,block_51_188,0
sample_11657,28.366152778273594,96.66809476829509,block_56_193,0
sample_11658,28.296672006959074,93.41737990652211,block_56_186,0
sample_11659,28.286212457478808,97.21247809321845,block_56_194,0
sample_11660,26.230822775260826,92.67873606444233,block_52_185,0
sample_11661,25.292362231340086,94.4447593285179,block_50_188,0
sample_11662,26.897728175655082,93.7989321873424,block_53_187,0
sample_11663,28.77527001575378,95.13822369211873,block_57_190,0
sample_11664,26.805964298973297,94.42553089323019,block_53_188,0
sample_11665,27.863887683112715,94.37680930904601,block_55_188,0
sample_11666,24.521648416536134,93.37823434554502,block_49_186,0
sample_11667,27.177525386562905,95.34235464330551,block_54_190,0
sample_11668,24.095222952078263,91.63158480884486,block_48_183,0
sample_11669,23.9294633185206,92.32591437913112,block_47_184,0
sample_11670,26.669409023630937,94.3435475122684,block_53_188,0
sample_11671,25.370824750467108,90.01910627372877,block_50_180,0
sample_11672,23.175308816131974,91.76804967308694,block_46_183,0
sample_11673,24.071427731066205,93.84401859038564,block_48_187,0
sample_11674,24.553327115143535,93.49867310148291,block_49_186,0
sample_11675,25.964609370392036,92.14421771795861,block_51_184,0
sample_11676,28.5476111498936,94.15657809077427,block_57_188,0
sample_11677,24.546744481289846,93.30017111470136,block_49_186,0
sample_11678,29.0379746972342,94.25261152084883,block_58_188,0
sample_11679,26.9747724672447,92.32648737701156,block_53_184,0
sample_11680,28.441728070530136,94.70998630612576,block_56_189,0
sample_11681,24.768454034293423,94.5530805540642,block_49_189,0
sample_11682,27.101833447506703,93.39035335656072,block_54_186,0
sample_11683,24.223825674460656,92.51164526693594,block_48_185,0
sample_11684,27.199042815033785,92.85772689142978,block_54_185,0
sample_11685,26.325502604342866,94.72409458572457,block_52_189,0
sample_11686,27.503547056683736,94.58574370050177,block_55_189,0
sample_11687,25.900976838590935,92.5168332425403,block_51_185,0
sample_11688,25.391485760447047,90.88699960034539,block_50_181,0
sample_11689,27.42652688327852,92.92095379184639,block_54_185,0
sample_11690,28.262929435739863,94.91891981915413,block_56_189,0
sample_11691,25.820462497231013,90.13519698177713,block_51_180,0
sample_11692,25.66958275392697,90.27265266209547,block_51_180,0
sample_11693,25.853645229946228,94.48399747068162,block_51_188,0
sample_11694,28.869680714401188,95.19905102850625,block_57_190,0
sample_11695,23.462060302177214,92.36791604020068,block_46_184,0
sample_11696,27.836932149514908,96.01970551725626,block_55_192,0
sample_11697,28.01566251635066,94.24131513432043,block_56_188,0
sample_11698,27.38031085347857,96.23301542422574,block_54_192,0
sample_11699,23.944277512676067,94.01439114802928,block_47_188,0
sample_11700,27.42921676435321,96.90282048210082,block_54_193,0
sample_11701,24.79808318178887,92.76896723239902,block_49_185,0
sample_11702,28.14679322757133,97.32190494917828,block_56_194,0
sample_11703,27.705209370572923,96.41177574636396,block_55_192,0
sample_11704,24.678338841987966,92.98977219000281,block_49_185,0
sample_11705,26.49279795458581,92.44874579027021,block_52_184,0
sample_11706,23.936479163105993,92.76186228411689,block_47_185,0
sample_11707,27.753044923910405,93.23151311315574,block_55_186,0
sample_11708,28.61049526926284,93.75772811695934,block_57_187,0
sample_11709,27.905577288274234,93.45057788244735,block_55_186,0
sample_11710,27.34593788931334,92.59031219696647,block_54_185,0
sample_11711,29.188445019607286,95.76078039494922,block_58_191,0
sample_11712,28.29091795637112,96.52993371882648,block_56_193,0
sample_11713,26.423924641434105,93.75228797762121,block_52_187,0
sample_11714,24.922704363281785,93.02812956104529,block_49_186,0
sample_11715,24.916475765355877,93.55304906718634,block_49_187,0
sample_11716,28.476631283740264,95.03802797861744,block_56_190,0
sample_11717,28.18228154230754,96.01421957536651,block_56_192,0
sample_11718,28.002149357579064,95.94423704617833,block_56_191,0
sample_11719,28.862969015434963,95.14639190982115,block_57_190,0
sample_11720,27.782382289608474,88.52382152186121,block_55_177,0
sample_11721,24.43012212862392,94.02252069792812,block_48_188,0
sample_11722,28.254930383795028,93.33144004271401,block_56_186,0
sample_11723,26.735255750652076,92.55612265747608,block_53_185,0
sample_11724,28.696461406331583,94.54553008290223,block_57_189,0
sample_11725,29.24549364467461,96.0879864543912,block_58_192,0
sample_11726,25.43351390884853,93.61569925476078,block_50_187,0
sample_11727,27.56873997961846,96.59300858034759,block_55_193,0
sample_11728,26.44645447046073,93.1249896941973,block_52_186,0
sample_11729,25.477271933693217,92.23444516905103,block_50_184,0
sample_11730,25.357111277324456,93.1125789316524,block_50_186,0
sample_11731,27.533459247540804,94.49736654331397,block_55_188,0
sample_11732,23.37626156801148,92.72303264191954,block_46_185,0
sample_11733,24.824342595775157,92.56224667584415,block_49_185,0
sample_11734,23.81246415498398,91.47500143383431,block_47_182,0
sample_11735,26.95660136538369,94.06321844110353,block_53_188,0
sample_11736,28.77842162732833,94.55498824011286,block_57_189,0
sample_11737,28.807469570544644,94.52489535715407,block_57_189,0
sample_11738,26.784694299503123,92.315358212712,block_53_184,0
sample_11739,28.428915451461414,93.19647735430743,block_56_186,0
sample_11740,28.074684133591482,96.31748538862398,block_56_192,0
sample_11741,25.869387255575703,92.77956494728451,block_51_185,0
sample_11742,26.643451787573227,94.8748310186943,block_53_189,0
sample_11743,28.03038267671551,93.72845045628651,block_56_187,0
sample_11744,26.30272387308224,94.99906477122674,block_52_189,0
sample_11745,24.486110394199084,92.53285116104216,block_48_185,0
sample_11746,25.56360923077193,93.25985227198069,block_51_186,0
sample_11747,25.722460459739764,90.80098404215177,block_51_181,0
sample_11748,27.365125992810793,95.08036312677537,block_54_190,0
sample_11749,24.687170398618733,94.0754246278088,block_49_188,0
sample_11750,26.748990275415903,91.58130168446105,block_53_183,0
sample_11751,27.993408391081275,94.27911696615689,block_55_188,0
sample_11752,27.949461078944356,95.0123564785621,block_55_190,0
sample_11753,26.81995913308353,93.35428103787898,block_53_186,0
sample_11754,25.577433120228793,90.33453863623413,block_51_180,0
sample_11755,28.699854969922665,95.20454024040609,block_57_190,0
sample_11756,27.42220953522103,96.91302785078794,block_54_193,0
sample_11757,26.357116706490817,90.64821773258937,block_52_181,0
sample_11758,25.231209922909702,93.88504740356694,block_50_187,0
sample_11759,24.877139054280587,94.01759543414954,block_49_188,0
sample_11760,27.515570594895113,92.53424437261724,block_55_185,0
sample_11761,27.34507941943952,94.13736970413942,block_54_188,0
sample_11762,25.2388415641231,94.56714076107755,block_50_189,0
sample_11763,27.12662291632992,94.88047454130326,block_54_189,0
sample_11764,28.022578211353206,96.62464512257388,block_56_193,0
sample_11765,26.22014480953824,89.95521033669262,block_52_179,0
sample_11766,24.66968578645843,92.90862158706413,block_49_185,0
sample_11767,25.363391171226056,90.97507563654803,block_50_181,0
sample_11768,22.781719410516917,92.91043338434902,block_45_185,0
sample_11769,24.96384656846336,93.32799235508664,block_49_186,0
sample_11770,27.816121749211394,93.0749006722111,block_55_186,0
sample_11771,27.40929953738084,95.95305190462187,block_54_191,0
sample_11772,26.58415986199186,90.47449979969491,block_53_180,0
sample_11773,27.2010911988975,92.68973036375407,block_54_185,0
sample_11774,25.675510972146085,92.69307033441123,block_51_185,0
sample_11775,25.23420798705697,91.02593242299875,block_50_182,0
sample_11776,26.53379393262196,94.33798112998919,block_53_188,0
sample_11777,26.87714931860242,93.405868694432,block_53_186,0
sample_11778,27.844261072316968,95.83161649846738,block_55_191,0
sample_11779,27.775121907587113,95.87091468220626,block_55_191,0
sample_11780,27.77170521056506,88.24195869584807,block_55_176,0
sample_11781,26.422620176112602,94.42026893457508,block_52_188,0
sample_11782,26.362958176668375,94.22059743842163,block_52_188,0
sample_11783,28.324323222209884,94.043141069535,block_56_188,0
sample_11784,25.824245145603886,92.20616492078923,block_51_184,0
sample_11785,28.729586323535955,94.89002872498793,block_57_189,0
sample_11786,24.44927525964256,93.55687569020304,block_48_187,0
sample_11787,25.140433040116363,94.06088770354457,block_50_188,0
sample_11788,25.541947009009508,93.0059356049176,block_51_186,0
sample_11789,27.294724226702368,93.8783036842573,block_54_187,0
sample_11790,28.392168872000493,95.8945603453446,block_56_191,0
sample_11791,27.211175497416807,92.40227612849391,block_54_184,0
sample_11792,27.493050155327534,92.63146543521445,block_54_185,0
sample_11793,25.682417985001447,92.85655468699073,block_51_185,0
sample_11794,26.94048495686907,92.2818576746617,block_53_184,0
sample_11795,27.005933653503654,95.43965938734533,block_54_190,0
sample_11796,24.872210028962865,92.54402754927965,block_49_185,0
sample_11797,27.65631470032868,88.19400128335165,block_55_176,0
sample_11798,25.917602601441686,90.14814897885225,block_51_180,0
sample_11799,26.332433624014314,94.0928086602661,block_52_188,0
sample_11800,27.23679014648095,94.04201530646759,block_54_188,0
sample_11801,27.688412083968885,95.79684222441264,block_55_191,0
sample_11802,26.346293976617922,95.03879980971271,block_52_190,0
sample_11803,27.78875657702404,95.93569880121917,block_55_191,0
sample_11804,23.88549460772415,91.9271330968948,block_47_183,0
sample_11805,27.61209514170298,93.49305376063431,block_55_186,0
sample_11806,25.649199720965804,90.4771569098025,block_51_180,0
sample_11807,27.72786718036683,92.09326276127645,block_55_184,0
sample_11808,27.16756015401995,94.27808857133974,block_54_188,0
sample_11809,24.426273580050385,92.19028707691662,block_48_184,0
sample_11810,26.799144848744383,94.24931429833873,block_53_188,0
sample_11811,23.783201905016924,93.25410985276422,block_47_186,0
sample_11812,26.332600579019992,90.00134069018293,block_52_180,0
sample_11813,25.667336393986975,93.21902524259585,block_51_186,0
sample_11814,24.061855077257306,93.6254935650556,block_48_187,0
sample_11815,25.426690118320074,92.59721559152278,block_50_185,0
sample_11816,24.92925279320176,93.28756436387954,block_49_186,0
sample_11817,25.68998834407612,91.72467881180995,block_51_183,0
sample_11818,27.35316648907349,92.08120038070483,block_54_184,0
sample_11819,23.18365436708517,92.38263864430999,block_46_184,0
sample_11820,27.40369309261362,88.18167756206738,block_54_176,0
sample_11821,25.93104949345376,90.98039926589104,block_51_181,0
sample_11822,28.76451673136155,96.21132508510823,block_57_192,0
sample_11823,28.358561252497225,94.2855490140536,block_56_188,0
sample_11824,25.31839488925152,90.5796283611015,block_50_181,0
sample_11825,26.756393494519116,90.85441317258147,block_53_181,0
sample_11826,25.25287160627826,90.17936346643255,block_50_180,0
sample_11827,25.791887057591904,92.12055242054788,block_51_184,0
sample_11828,26.481661641041175,92.16219956940448,block_52_184,0
sample_11829,27.336481491144077,94.14689146128534,block_54_188,0
sample_11830,26.411655512907686,94.03743747308626,block_52_188,0
sample_11831,25.638738467280852,94.91040056379569,block_51_189,0
sample_11832,28.136605861597594,96.75496633440409,block_56_193,0
sample_11833,26.62478687307181,92.71915019281306,block_53_185,0
sample_11834,27.486361563267927,95.96679582567897,block_54_191,0
sample_11835,26.28242229864634,93.2338442123612,block_52_186,0
sample_11836,26.51441219475894,91.67824220334339,block_53_183,0
sample_11837,23.430664609137267,92.50609535095506,block_46_185,0
sample_11838,25.44384661003516,93.648683135959,block_50_187,0
sample_11839,27.949058489615496,94.63136988246788,block_55_189,0
sample_11840,27.18977637418394,92.8540267705426,block_54_185,0
sample_11841,26.743296352721995,90.12339312712149,block_53_180,0
sample_11842,23.263048963300587,92.96144685596448,block_46_185,0
sample_11843,26.482023283373998,94.06858316952254,block_52_188,0
sample_11844,27.818420941911047,93.2646382219809,block_55_186,0
sample_11845,27.62099893157888,94.6597301653856,block_55_189,0
sample_11846,26.842774398651066,95.54379025043342,block_53_191,0
sample_11847,25.268954729017256,92.02134895327714,block_50_184,0
sample_11848,25.293096114623864,91.12965939000293,block_50_182,0
sample_11849,26.77361156114877,92.77806305349701,block_53_185,0
sample_11850,27.747009024318253,95.47720422365333,block_55_190,0
sample_11851,26.85962981760342,91.91580950048788,block_53_183,0
sample_11852,25.908957568041384,94.5366387965251,block_51_189,0
sample_11853,27.077042370653203,94.99905295116665,block_54_189,0
sample_11854,25.781725096736402,89.90120787848754,block_51_179,0
sample_11855,26.132138630758202,92.48924163057123,block_52_184,0
sample_11856,28.57335655130052,95.32782128453648,block_57_190,0
sample_11857,28.079144433893266,95.252188054148,block_56_190,0
sample_11858,23.775692816066954,92.22004528340503,block_47_184,0
sample_11859,26.613328125484546,91.09481029977283,block_53_182,0
sample_11860,25.22905997228295,91.1179185004247,block_50_182,0
sample_11861,24.922668975004456,92.74067560462206,block_49_185,0
sample_11862,26.927917258710465,95.21155756305488,block_53_190,0
sample_11863,29.080985324626283,94.84841915933451,block_58_189,0
sample_11864,25.2916905378887,90.56206000195205,block_50_181,0
sample_11865,26.850930254088816,94.09688274946403,block_53_188,0
sample_11866,28.154567411771573,93.82682524828743,block_56_187,0
sample_11867,28.003751159684924,88.57046633709126,block_56_177,0
sample_11868,28.65167450620503,95.90262337473371,block_57_191,0
sample_11869,25.285275076173374,92.28737624003865,block_50_184,0
sample_11870,28.490214063885258,94.7522640804254,block_56_189,0
sample_11871,27.40529149581571,92.91357759085308,block_54_185,0
sample_11872,26.286586538606684,94.88351587248489,block_52_189,0
sample_11873,25.364426240168513,91.68877538528866,block_50_183,0
sample_11874,25.267730485642083,93.99593262460903,block_50_187,0
sample_11875,25.842977585334204,93.36534793807185,block_51_186,0
sample_11876,25.36639232098686,91.48366358059232,block_50_182,0
sample_11877,25.25522238774407,90.36066530351722,block_50_180,0
sample_11878,29.43823166646993,96.0604491136885,block_58_192,0
sample_11879,28.343227089741017,96.47638848362783,block_56_192,0
sample_11880,23.39296470782193,91.76232809695055,block_46_183,0
sample_11881,29.4066677366323,96.0393472231574,block_58_192,0
sample_11882,27.177175031444143,94.93465942759126,block_54_189,0
sample_11883,27.469057296760006,88.31080357091267,block_54_176,0
sample_11884,27.205619313318905,92.2408435007822,block_54_184,0
sample_11885,27.698525393593272,95.11180814370987,block_55_190,0
sample_11886,25.48131759704139,90.18524285328203,block_50_180,0
sample_11887,27.241902447608922,92.5128349320405,block_54_185,0
sample_11888,28.732178643492794,95.53515437896588,block_57_191,0
sample_11889,23.366605058093214,91.72287873344892,block_46_183,0
sample_11890,25.47830017121279,92.79674918835464,block_50_185,0
sample_11891,28.22623827369719,97.23992056167975,block_56_194,0
sample_11892,27.85828491997033,96.07869161826093,block_55_192,0
sample_11893,27.686318831637006,93.30664938473998,block_55_186,0
sample_11894,26.71656992589024,91.54386704947389,block_53_183,0
sample_11895,24.138406636683964,93.79030924538056,block_48_187,0
sample_11896,28.464730267711285,95.10966580299936,block_56_190,0
sample_11897,26.47558874967792,92.54315857209305,block_52_185,0
sample_11898,26.30060102945379,89.94624947402485,block_52_179,0
sample_11899,26.39954521861251,92.74962860945251,block_52_185,0
sample_11900,25.624541061225386,92.00262886985452,block_51_184,0
sample_11901,26.69832144690661,94.16291462092303,block_53_188,0
sample_11902,26.637192188116913,93.43249819554998,block_53_186,0
sample_11903,27.665189346625,92.45537620332247,block_55_184,0
sample_11904,28.627358155875,95.51365585613782,block_57_191,0
sample_11905,25.624797777013185,91.91319549813679,block_51_183,0
sample_11906,24.701494960746565,93.39508582982953,block_49_186,0
sample_11907,26.019452718064482,89.91745777718765,block_52_179,0
sample_11908,27.538396852942434,88.1696183582115,block_55_176,0
sample_11909,27.539921263786308,93.27927830279256,block_55_186,0
sample_11910,29.24335809969982,95.70949532768223,block_58_191,0
sample_11911,26.090395420151847,94.58926441152647,block_52_189,0
sample_11912,28.681177912743934,94.00306767069365,block_57_188,0
sample_11913,27.745686255714798,92.67756970481366,block_55_185,0
sample_11914,27.12288445682689,93.87001997942734,block_54_187,0
sample_11915,22.451039676855405,92.7691890730737,block_44_185,0
sample_11916,28.2266284177098,94.35864228412744,block_56_188,0
sample_11917,27.044417609411457,92.9922352441961,block_54_185,0
sample_11918,26.72163884688822,92.55024461769212,block_53_185,0
sample_11919,27.90983367800124,93.72214388192828,block_55_187,0
sample_11920,28.123586291821688,93.11670663374517,block_56_186,0
sample_11921,25.336683243389004,89.93781224984168,block_50_179,0
sample_11922,27.158477715162782,92.2949816045827,block_54_184,0
sample_11923,24.55296978990992,94.14600606341189,block_49_188,0
sample_11924,27.292084450541413,88.70467264686603,block_54_177,0
sample_11925,28.61905988374688,94.57735188736424,block_57_189,0
sample_11926,26.94003578799336,94.73517407308258,block_53_189,0
sample_11927,27.16210007611489,94.89532676032587,block_54_189,0
sample_11928,26.186267269549884,92.18722818773769,block_52_184,0
sample_11929,26.552360724283353,94.21659361134846,block_53_188,0
sample_11930,27.601024771823873,88.3551695974899,block_55_176,0
sample_11931,27.65421278648068,96.75535244466063,block_55_193,0
sample_11932,25.038273468400444,94.71492169572133,block_50_189,0
sample_11933,27.240478968802204,93.98885601734571,block_54_187,0
sample_11934,26.067477303184898,94.08306825689131,block_52_188,0
sample_11935,27.45095121519751,95.31978258060303,block_54_190,0
sample_11936,24.690826809825765,93.77875074427577,block_49_187,0
sample_11937,22.422025353562443,93.10796370040978,block_44_186,0
sample_11938,24.55868172371978,92.32935281178821,block_49_184,0
sample_11939,28.2634778536617,96.22741174690663,block_56_192,0
sample_11940,26.0937536118261,93.57378277449692,block_52_187,0
sample_11941,27.358190597649447,95.4265190501487,block_54_190,0
sample_11942,22.946731998993556,92.5487893288101,block_45_185,0
sample_11943,28.93899378245797,94.29797635683985,block_57_188,0
sample_11944,26.59085931612651,94.04938653360514,block_53_188,0
sample_11945,26.823731978641295,94.75854367963477,block_53_189,0
sample_11946,24.45059739047041,92.61202891802434,block_48_185,0
sample_11947,29.18692038201923,96.11557494677325,block_58_192,0
sample_11948,25.433790496592763,92.49441312045177,block_50_184,0
sample_11949,27.05195263213991,94.36345389679964,block_54_188,0
sample_11950,26.944809279616372,93.80136479957459,block_53_187,0
sample_11951,27.516287891655022,96.38070510400216,block_55_192,0
sample_11952,27.527714538007196,93.29561483103012,block_55_186,0
sample_11953,27.826295574929365,88.73184756486268,block_55_177,0
sample_11954,25.303537929442193,92.0839423268352,block_50_184,0
sample_11955,24.1036726824773,93.85209864210289,block_48_187,0
sample_11956,25.332920760482427,94.58545582148386,block_50_189,0
sample_11957,26.192000483890396,92.75667801683484,block_52_185,0
sample_11958,28.309561350873,95.81791536469532,block_56_191,0
sample_11959,28.0906533551343,97.14655372557951,block_56_194,0
sample_11960,26.231384026332336,90.09995760480624,block_52_180,0
sample_11961,25.04121417719746,92.57369791845144,block_50_185,0
sample_11962,27.957132520318517,93.05461716637261,block_55_186,0
sample_11963,27.52983292947534,95.9963536451837,block_55_191,0
sample_11964,25.408816696083765,93.18337348752121,block_50_186,0
sample_11965,27.172215329798775,93.89447889637569,block_54_187,0
sample_11966,26.704205321757104,90.62347824023196,block_53_181,0
sample_11967,28.17227854713322,95.27434349644341,block_56_190,0
sample_11968,26.516483532456768,89.9259601951877,block_53_179,0
sample_11969,24.07810187304499,93.064089814606,block_48_186,0
sample_11970,25.882593859566462,91.82690640418082,block_51_183,0
sample_11971,25.898224637529623,94.95437186959334,block_51_189,0
sample_11972,27.348040924579145,94.05939469091926,block_54_188,0
sample_11973,24.148440973904595,92.18676535158096,block_48_184,0
sample_11974,24.09050286166159,91.92563856630512,block_48_183,0
sample_11975,28.709435050088405,94.50115557971687,block_57_189,0
sample_11976,28.004221234228368,92.88772066669772,block_56_185,0
sample_11977,24.314121943391843,92.6577730542024,block_48_185,0
sample_11978,24.574427931090845,94.22163317441156,block_49_188,0
sample_11979,26.438509713645786,93.98567674001507,block_52_187,0
sample_11980,27.856011127425678,88.57366445866339,block_55_177,0
sample_11981,28.690117247096726,94.03419445097101,block_57_188,0
sample_11982,28.226423436004374,93.93057899337305,block_56_187,0
sample_11983,25.465511698978055,93.96575177311018,block_50_187,0
sample_11984,28.835264626021004,95.13741474795476,block_57_190,0
sample_11985,24.239312359495834,92.74968838838832,block_48_185,0
sample_11986,25.377831506957754,91.53431789130181,block_50_183,0
sample_11987,28.197564439911876,94.45374823662956,block_56_188,0
sample_11988,27.403769020120144,92.82735068750745,block_54_185,0
sample_11989,25.087236657425414,93.85534387726526,block_50_187,0
sample_11990,25.33076126295725,90.17960278188987,block_50_180,0
sample_11991,23.263241681829005,91.52014246199434,block_46_183,0
sample_11992,27.015002646134647,95.21971111015071,block_54_190,0
sample_11993,24.452128009170863,93.0854761755948,block_48_186,0
sample_11994,26.310839412308894,90.48523854373833,block_52_180,0
sample_11995,27.982906113957434,95.4707597848286,block_55_190,0
sample_11996,26.22992649415329,92.62174373862719,block_52_185,0
sample_11997,25.874882031016888,91.32426830979395,block_51_182,0
sample_11998,28.18374537493841,96.47957848828982,block_56_192,0
sample_11999,25.447548338240864,93.80824969077898,block_50_187,0
sample_12000,29.114783645723925,96.1815238321219,block_58_192,0
sample_12001,27.477430026543317,92.57439952615314,block_54_185,0
sample_12002,24.127235263954,93.08292900055383,block_48_186,0
sample_12003,27.15124346966086,92.42900995966932,block_54_184,0
sample_12004,23.522027752416186,92.7250288350285,block_47_185,0
sample_12005,27.121501853319266,93.45702748904898,block_54_186,0
sample_12006,27.946997317556452,95.53775116117107,block_55_191,0
sample_12007,28.31620930160059,96.70691320887802,block_56_193,0
sample_12008,25.449831340090352,90.32773833309147,block_50_180,0
sample_12009,26.90603473237616,93.36556981807195,block_53_186,0
sample_12010,28.617263986643728,94.30118168428713,block_57_188,0
sample_12011,28.202393418970985,95.12402664070619,block_56_190,0
sample_12012,26.541452295448558,92.01630830632719,block_53_184,0
sample_12013,27.65960747993388,94.10242789152328,block_55_188,0
sample_12014,26.596381984783594,91.89570317200555,block_53_183,0
sample_12015,27.816720869279525,95.82091258006352,block_55_191,0
sample_12016,23.706243220082627,92.24037394735741,block_47_184,0
sample_12017,27.67623972608729,96.36676054565923,block_55_192,0
sample_12018,27.016987030747313,92.56105305618718,block_54_185,0
sample_12019,28.088125566650383,92.78159357283847,block_56_185,0
sample_12020,27.306818676757633,94.40675769052348,block_54_188,0
sample_12021,29.075411986269714,95.16994308509557,block_58_190,0
sample_12022,28.961110412826432,95.90213188451196,block_57_191,0
sample_12023,25.18995719035612,92.6967206306896,block_50_185,0
sample_12024,26.15315793785297,90.20805885771333,block_52_180,0
sample_12025,23.378253701228445,92.80569969900344,block_46_185,0
sample_12026,24.881976491675836,93.9737907637389,block_49_187,0
sample_12027,24.572788908573596,93.9644729988072,block_49_187,0
sample_12028,23.28705478366044,91.65717696769306,block_46_183,0
sample_12029,25.87060762259494,91.59590730412174,block_51_183,0
sample_12030,25.83426401450729,93.0956867447411,block_51_186,0
sample_12031,26.60281817004794,93.26695601146776,block_53_186,0
sample_12032,25.48926343168317,92.22600036074049,block_50_184,0
sample_12033,27.40081619430866,92.73105250483569,block_54_185,0
sample_12034,27.682482700599444,96.83495185460949,block_55_193,0
sample_12035,27.455315485322625,96.19824232071784,block_54_192,0
sample_12036,28.200477056404548,93.75015111656498,block_56_187,0
sample_12037,25.708971629988106,93.54153224762244,block_51_187,0
sample_12038,26.45847157880943,93.27628744396576,block_52_186,0
sample_12039,23.479704476569196,91.70394302604987,block_46_183,0
sample_12040,27.83328424348202,88.64386463588163,block_55_177,0
sample_12041,26.405952053910706,91.05490428105155,block_52_182,0
sample_12042,24.491799350770947,92.36431916388011,block_48_184,0
sample_12043,28.313139071553575,94.02923730764272,block_56_188,0
sample_12044,27.50434924224669,91.9528783120123,block_55_183,0
sample_12045,26.601834874872942,95.07101123821988,block_53_190,0
sample_12046,26.348291055600537,91.8161466462728,block_52_183,0
sample_12047,26.247966031657384,93.38950284759649,block_52_186,0
sample_12048,27.970159296994634,94.45105404242074,block_55_188,0
sample_12049,26.96638177062892,94.93675205355807,block_53_189,0
sample_12050,27.34630410398606,93.54925541065022,block_54_187,0
sample_12051,27.996873354813566,93.41759254534246,block_55_186,0
sample_12052,26.391002367836716,91.43432387024329,block_52_182,0
sample_12053,23.696719038027794,93.25947421396616,block_47_186,0
sample_12054,23.68714030741912,92.45517880879747,block_47_184,0
sample_12055,27.986173307279266,93.1183985871939,block_55_186,0
sample_12056,23.018081926165543,91.74176218715776,block_46_183,0
sample_12057,25.999469368237484,93.35435150189672,block_51_186,0
sample_12058,25.79288707879962,90.85421539886127,block_51_181,0
sample_12059,25.40254726782868,94.33824474090761,block_50_188,0
sample_12060,26.944958469997914,92.83372927259988,block_53_185,0
sample_12061,23.549084256566353,92.86257365557324,block_47_185,0
sample_12062,27.61779001264462,95.45687685256259,block_55_190,0
sample_12063,27.899705174697374,95.66383737772242,block_55_191,0
sample_12064,26.415016299776724,92.19526082923991,block_52_184,0
sample_12065,25.634634531518376,90.4297796318991,block_51_180,0
sample_12066,28.653741460453148,96.30500151142475,block_57_192,0
sample_12067,26.01541535278519,94.89190391215843,block_52_189,0
sample_12068,26.482843424641715,92.38093905435191,block_52_184,0
sample_12069,24.038196273351282,92.13606731094981,block_48_184,0
sample_12070,28.12078636345316,93.94320305391933,block_56_187,0
sample_12071,27.618310130162143,93.7952160515991,block_55_187,0
sample_12072,25.75389481889894,92.9147928785444,block_51_185,0
sample_12073,25.149001515619897,92.81037890786045,block_50_185,0
sample_12074,28.69470616768747,96.08047940359691,block_57_192,0
sample_12075,23.440314083504845,91.37396563169618,block_46_182,0
sample_12076,27.214528444348044,94.30875342658747,block_54_188,0
sample_12077,25.44264354043178,90.32399881195363,block_50_180,0
sample_12078,27.247459623861445,94.18069339700354,block_54_188,0
sample_12079,23.390725791447576,91.80931294456401,block_46_183,0
sample_12080,26.436963431210184,91.12867763387194,block_52_182,0
sample_12081,28.931868660499866,95.58381348288042,block_57_191,0
sample_12082,25.129933424723426,93.34032925293525,block_50_186,0
sample_12083,26.576549888851716,92.72399623332426,block_53_185,0
sample_12084,26.895659358623224,93.7050147181637,block_53_187,0
sample_12085,25.98970388128491,90.21343476436196,block_51_180,0
sample_12086,27.99609450746072,93.70335559988855,block_55_187,0
sample_12087,27.455712642588114,94.61645244370706,block_54_189,0
sample_12088,25.855871398261133,91.05754698610393,block_51_182,0
sample_12089,25.585131696151965,94.49284387508986,block_51_188,0
sample_12090,25.410314852562877,91.57538098230101,block_50_183,0
sample_12091,28.082646492712843,95.65508732032603,block_56_191,0
sample_12092,29.230857239720564,96.2863363143108,block_58_192,0
sample_12093,26.23457317479447,93.71200567328869,block_52_187,0
sample_12094,24.335583482567806,94.27075444803219,block_48_188,0
sample_12095,26.62308788050942,90.65968755049461,block_53_181,0
sample_12096,27.851160851078074,88.88047668975736,block_55_177,0
sample_12097,22.861766566551086,92.52688576085696,block_45_185,0
sample_12098,25.6584702597669,92.51283799261691,block_51_185,0
sample_12099,26.72257169069038,93.11394442454925,block_53_186,0
sample_12100,26.929873337293248,95.42474763537922,block_53_190,0
sample_12101,26.9272554823646,94.94970819258461,block_53_189,0
sample_12102,27.661633674404925,95.84197348516955,block_55_191,0
sample_12103,25.913441698681353,91.53636489612067,block_51_183,0
sample_12104,27.998409929917443,96.7329563928471,block_55_193,0
sample_12105,28.285113527573436,95.45491100359898,block_56_190,0
sample_12106,23.722259652210496,91.3624525649622,block_47_182,0
sample_12107,24.253028157765286,94.19794659614607,block_48_188,0
sample_12108,23.304606804084887,91.67250589684193,block_46_183,0
sample_12109,26.39793450121627,93.31630311156235,block_52_186,0
sample_12110,25.71671318812791,90.46681921107857,block_51_180,0
sample_12111,26.635105405541537,90.45665954213814,block_53_180,0
sample_12112,26.78453507556861,94.15602618156167,block_53_188,0
sample_12113,26.6279572302782,91.43303845532823,block_53_182,0
sample_12114,25.542356737346516,92.89920975873493,block_51_185,0
sample_12115,24.483932430969364,93.41738649559933,block_48_186,0
sample_12116,23.3007672680862,91.60958931386331,block_46_183,0
sample_12117,27.161124070581835,93.41893346949304,block_54_186,0
sample_12118,26.13578178251288,93.1497140157509,block_52_186,0
sample_12119,27.406608907260896,94.94734021808756,block_54_189,0
sample_12120,28.927664606051106,94.39008378254584,block_57_188,0
sample_12121,27.391566480346512,92.24940359360633,block_54_184,0
sample_12122,24.394359653268808,93.75557855303379,block_48_187,0
sample_12123,27.58642264914756,93.89491378375737,block_55_187,0
sample_12124,27.618120371536627,93.61599378188323,block_55_187,0
sample_12125,27.696009783559255,92.0076723816929,block_55_184,0
sample_12126,28.944888796525863,94.1591877609485,block_57_188,0
sample_12127,23.527038752302534,91.42556292731147,block_47_182,0
sample_12128,26.446800975873096,93.48457290697164,block_52_186,0
sample_12129,27.683629752221265,92.01938133502104,block_55_184,0
sample_12130,26.122872862920357,94.67372042539236,block_52_189,0
sample_12131,25.76119283355469,93.10793717076675,block_51_186,0
sample_12132,25.220956191230332,93.48543570612489,block_50_186,0
sample_12133,27.445693027102585,93.46205997532194,block_54_186,0
sample_12134,28.91769584811021,96.12447301871205,block_57_192,0
sample_12135,26.772835281788304,90.94234390551375,block_53_181,0
sample_12136,24.418467542063514,92.72894729740813,block_48_185,0
sample_12137,26.538704122575712,93.80289999214436,block_53_187,0
sample_12138,24.862026995977963,92.76784991039897,block_49_185,0
sample_12139,27.844777585742396,95.78990144077895,block_55_191,0
sample_12140,24.14770436269642,91.9247792105143,block_48_183,0
sample_12141,28.42782262615529,93.91864950365313,block_56_187,0
sample_12142,28.082287234842923,93.27412925152154,block_56_186,0
sample_12143,28.132827929445625,97.20320099353614,block_56_194,0
sample_12144,25.643831208892554,90.28872074818096,block_51_180,0
sample_12145,26.68834367913186,90.96207843051471,block_53_181,0
sample_12146,27.628820795726746,93.26687207835884,block_55_186,0
sample_12147,25.701694194705038,94.21111867097733,block_51_188,0
sample_12148,26.235652367988234,93.89676343693034,block_52_187,0
sample_12149,26.48238033940696,93.77284711098171,block_52_187,0
sample_12150,27.617652041507583,92.0726175095861,block_55_184,0
sample_12151,26.46036301414322,91.19362731237439,block_52_182,0
sample_12152,27.630887856865368,92.3006160270022,block_55_184,0
sample_12153,24.08219398254163,93.70802849515348,block_48_187,0
sample_12154,25.803917302347344,93.12622778486848,block_51_186,0
sample_12155,28.206260335222847,93.05809745574274,block_56_186,0
sample_12156,26.88776755660166,95.71387740463862,block_53_191,0
sample_12157,28.088344170040468,94.1854028306347,block_56_188,0
sample_12158,26.334885037195335,91.14268063563051,block_52_182,0
sample_12159,26.724248968209277,91.97734166595428,block_53_183,0
sample_12160,23.454333129693442,91.37013350375469,block_46_182,0
sample_12161,28.486058213491415,94.532908166787,block_56_189,0
sample_12162,27.854280852031632,94.47203713832536,block_55_188,0
sample_12163,27.25801808814582,88.8216190183749,block_54_177,0
sample_12164,25.496720092272735,91.0625205669379,block_50_182,0
sample_12165,25.587217180924775,93.65591209912927,block_51_187,0
sample_12166,22.283888989031922,92.7704083920971,block_44_185,0
sample_12167,24.219801066388438,92.8791568142262,block_48_185,0
sample_12168,26.906948153580103,94.7332982767276,block_53_189,0
sample_12169,28.59337618307117,93.50961264610754,block_57_187,0
sample_12170,26.703179507080243,92.80537810154085,block_53_185,0
sample_12171,27.51533164883798,92.44613446291795,block_55_184,0
sample_12172,26.757299133320867,92.68134277983287,block_53_185,0
sample_12173,25.856224155989747,90.18683709233966,block_51_180,0
sample_12174,29.165436126653148,94.47548012564464,block_58_188,0
sample_12175,26.583646461220575,93.19853405400637,block_53_186,0
sample_12176,25.33279436577898,93.95840712117628,block_50_187,0
sample_12177,28.282245507019095,94.17037477901893,block_56_188,0
sample_12178,26.73463273471341,94.27749348194503,block_53_188,0
sample_12179,24.428484719493145,93.95006987619847,block_48_187,0
sample_12180,26.017440755552975,94.47368298024601,block_52_188,0
sample_12181,24.379297865969274,93.5450659800045,block_48_187,0
sample_12182,24.5736859786514,92.38223048836615,block_49_184,0
sample_12183,22.318486587667596,92.60126045760988,block_44_185,0
sample_12184,26.224456286089076,93.51592421693964,block_52_187,0
sample_12185,29.054031068070877,95.64510363647477,block_58_191,0
sample_12186,25.788298792743483,92.80158849970199,block_51_185,0
sample_12187,28.624319799676304,93.73753981259296,block_57_187,0
sample_12188,24.485770064449362,92.95318127614719,block_48_185,0
sample_12189,26.575874182815713,92.58415585426987,block_53_185,0
sample_12190,27.947846087898313,94.735835448753,block_55_189,0
sample_12191,28.373755469960127,94.36755840762928,block_56_188,0
sample_12192,26.453913084200963,91.24805159148147,block_52_182,0
sample_12193,26.946716317275964,93.22200822595518,block_53_186,0
sample_12194,25.62063918358715,92.2868474034334,block_51_184,0
sample_12195,23.618465981378595,91.50455070806605,block_47_183,0
sample_12196,24.49518068255565,92.97676802559482,block_48_185,0
sample_12197,28.683340230350503,95.38443241927564,block_57_190,0
sample_12198,25.820790006195118,94.6739945223877,block_51_189,0
sample_12199,26.90097507669475,93.52937604937667,block_53_187,0
sample_12200,27.04664956218339,94.69549753910778,block_54_189,0
sample_12201,27.741765479207054,92.18122916519353,block_55_184,0
sample_12202,26.653385744211214,90.5416534339977,block_53_181,0
sample_12203,28.197740204889385,96.19388405615094,block_56_192,0
sample_12204,27.768379646214456,95.98181581273815,block_55_191,0
sample_12205,28.48089149136532,93.76134209234269,block_56_187,0
sample_12206,26.8982117825736,94.16013646487652,block_53_188,0
sample_12207,26.953562880936467,95.19007455431543,block_53_190,0
sample_12208,27.49921998542445,96.67424030578013,block_54_193,0
sample_12209,26.223652657258445,92.72933735146316,block_52_185,0
sample_12210,24.110680068664468,93.8607727422085,block_48_187,0
sample_12211,28.10249290232135,93.08007599993599,block_56_186,0
sample_12212,26.197607719322235,92.63423632057966,block_52_185,0
sample_12213,27.610852643056546,92.38764280016144,block_55_184,0
sample_12214,25.984571044526838,92.43187855551278,block_51_184,0
sample_12215,24.273139618468125,93.50451255381138,block_48_187,0
sample_12216,26.786042825873874,93.15769153937127,block_53_186,0
sample_12217,26.75557122386637,95.46516459626059,block_53_190,0
sample_12218,27.562658730656487,93.13977576891439,block_55_186,0
sample_12219,26.427727870975612,92.9001707179977,block_52_185,0
sample_12220,29.158230490498816,94.76880351165282,block_58_189,0
sample_12221,27.017816572194103,93.23574160630548,block_54_186,0
sample_12222,28.988386155110128,94.35899602244847,block_57_188,0
sample_12223,26.275765812500776,91.06447857651636,block_52_182,0
sample_12224,28.351333638751406,95.53427357597026,block_56_191,0
sample_12225,25.011013622041702,94.56080803520429,block_50_189,0
sample_12226,24.862788246284826,92.63430122925968,block_49_185,0
sample_12227,26.79452251304415,93.52757804774907,block_53_187,0
sample_12228,27.612193066988453,96.83308231205926,block_55_193,0
sample_12229,27.65179198158768,94.50558994864234,block_55_189,0
sample_12230,28.298916083308693,97.02244869885585,block_56_194,0
sample_12231,27.60556299766436,92.80882155783657,block_55_185,0
sample_12232,26.202760831882536,91.48289980843822,block_52_182,0
sample_12233,27.5403861377968,94.87179456438481,block_55_189,0
sample_12234,24.539415113435297,94.35996351963652,block_49_188,0
sample_12235,26.715723081454303,92.214331161281,block_53_184,0
sample_12236,27.718013124602013,92.22013970613425,block_55_184,0
sample_12237,27.47574567066586,96.66656992974148,block_54_193,0
sample_12238,26.703557101003046,94.09098101589827,block_53_188,0
sample_12239,28.94069826437513,95.17184133815694,block_57_190,0
sample_12240,26.029335729217873,91.7981042448886,block_52_183,0
sample_12241,25.237007123012337,94.3418368750114,block_50_188,0
sample_12242,25.56575501665332,94.06963727109557,block_51_188,0
sample_12243,26.7830789527029,93.7989490984237,block_53_187,0
sample_12244,26.554510382330314,91.62512347393493,block_53_183,0
sample_12245,26.152142414742443,92.56697502656374,block_52_185,0
sample_12246,25.33821196572832,91.44262241808141,block_50_182,0
sample_12247,23.098629908236372,93.30526020984291,block_46_186,0
sample_12248,25.647309134107953,92.98750983743247,block_51_185,0
sample_12249,27.448040958250708,95.26776634154533,block_54_190,0
sample_12250,25.88475848721481,93.55933102147269,block_51_187,0
sample_12251,26.39205292786481,93.18775721470602,block_52_186,0
sample_12252,25.51829604266299,94.56154808253649,block_51_189,0
sample_12253,24.937829214656517,93.72702746818788,block_49_187,0
sample_12254,26.85380818093711,92.15969769823624,block_53_184,0
sample_12255,26.68586916874682,94.47717633512215,block_53_188,0
sample_12256,22.612509626333193,92.95048572985704,block_45_185,0
sample_12257,23.186482797093603,91.72019733384451,block_46_183,0
sample_12258,28.19862395866326,96.21532971263363,block_56_192,0
sample_12259,25.420333749923206,93.7903605749512,block_50_187,0
sample_12260,28.74757500308823,95.9250241324969,block_57_191,0
sample_12261,28.253187013894287,93.25124195373284,block_56_186,0
sample_12262,26.212390423540917,90.41853675295629,block_52_180,0
sample_12263,26.384559416177865,91.09595105621646,block_52_182,0
sample_12264,27.878869785295944,93.59362326167872,block_55_187,0
sample_12265,27.51504175954147,96.46986908264776,block_55_192,0
sample_12266,27.184402262763673,96.90678028647402,block_54_193,0
sample_12267,25.418388599031516,91.01124042348815,block_50_182,0
sample_12268,25.72421596470478,92.67873106795867,block_51_185,0
sample_12269,25.778131312625554,92.5984439329327,block_51_185,0
sample_12270,26.297435508297507,91.63491626772087,block_52_183,0
sample_12271,24.77539916515732,93.94801127517665,block_49_187,0
sample_12272,29.09964308157178,94.66515128107115,block_58_189,0
sample_12273,28.352388865497872,96.88744022635366,block_56_193,0
sample_12274,24.27033827317508,93.73346909748949,block_48_187,0
sample_12275,25.716184720770638,90.4880745357971,block_51_180,0
sample_12276,25.460141353555613,91.54963255082629,block_50_183,0
sample_12277,27.475624338244206,93.93680210949178,block_54_187,0
sample_12278,27.740444035192706,95.24217377983466,block_55_190,0
sample_12279,24.10127969871404,92.02644895220381,block_48_184,0
sample_12280,24.220689959861268,93.90330730070389,block_48_187,0
sample_12281,27.444498776111896,94.768753082025,block_54_189,0
sample_12282,28.048834943998806,97.26696030382482,block_56_194,0
sample_12283,27.78386534293309,92.92424279173838,block_55_185,0
sample_12284,28.101356419718392,95.24143138194226,block_56_190,0
sample_12285,27.00712821388757,92.52911880407979,block_54_185,0
sample_12286,25.915289759788365,93.98505822700426,block_51_187,0
sample_12287,24.62224018085541,92.34888016602294,block_49_184,0
sample_12288,28.134072894170334,93.69172797560788,block_56_187,0
sample_12289,26.788641330147478,93.90798433254471,block_53_187,0
sample_12290,27.498074881137036,94.53277565411202,block_54_189,0
sample_12291,23.855305105090714,91.58576149458389,block_47_183,0
sample_12292,25.747211438239667,89.89671453861185,block_51_179,0
sample_12293,27.14800466079736,94.82684249128128,block_54_189,0
sample_12294,24.061334554780025,92.46099799603157,block_48_184,0
sample_12295,24.72541278590593,93.31918661404958,block_49_186,0
sample_12296,26.052586308792996,91.61276787053806,block_52_183,0
sample_12297,23.53364494890384,93.32527161673454,block_47_186,0
sample_12298,27.98916453893051,96.70805247528041,block_55_193,0
sample_12299,27.455461024837962,88.07890096832642,block_54_176,0
sample_12300,27.57002981234134,93.91105130471975,block_55_187,0
sample_12301,27.168268877019752,92.27164611161575,block_54_184,0
sample_12302,28.149354223198557,94.28101506989924,block_56_188,0
sample_12303,28.225532578525296,93.94059760315544,block_56_187,0
sample_12304,23.574115170570305,92.65743650292987,block_47_185,0
sample_12305,26.98475879954245,94.4000475324251,block_53_188,0
sample_12306,26.795294482677676,93.79402956610379,block_53_187,0
sample_12307,25.514901678588238,90.75663785368054,block_51_181,0
sample_12308,26.966479826564246,92.43789352420923,block_53_184,0
sample_12309,24.81709134320769,93.79000206866985,block_49_187,0
sample_12310,24.799557615455658,93.98983606882851,block_49_187,0
sample_12311,26.018658316244235,90.93445394534268,block_52_181,0
sample_12312,28.257549430024884,94.90596093260638,block_56_189,0
sample_12313,26.99321049013311,92.80498597262668,block_53_185,0
sample_12314,28.653675465513864,96.4477630700843,block_57_192,0
sample_12315,28.145902928637412,95.0337705310837,block_56_190,0
sample_12316,27.91493129903155,96.15747791187916,block_55_192,0
sample_12317,25.42133131641901,92.75307979023562,block_50_185,0
sample_12318,28.18740607863624,96.14382521632054,block_56_192,0
sample_12319,29.01737010735126,94.6912624984312,block_58_189,0
sample_12320,26.22291577244723,92.89163040865374,block_52_185,0
sample_12321,25.812459302043813,89.97729134703067,block_51_179,0
sample_12322,25.610848322534036,91.64228954570356,block_51_183,0
sample_12323,27.045219293394045,93.93520350474705,block_54_187,0
sample_12324,28.031574014387523,93.25489939380796,block_56_186,0
sample_12325,25.839316247936452,90.11354952141434,block_51_180,0
sample_12326,27.553125093249356,94.35785231539379,block_55_188,0
sample_12327,23.777488905479267,92.62342627180286,block_47_185,0
sample_12328,28.446387376948692,96.25458144544716,block_56_192,0
sample_12329,27.50929176733233,96.88355308648265,block_55_193,0
sample_12330,25.06021700520983,93.96620906468716,block_50_187,0
sample_12331,25.738091154034688,91.06217806332565,block_51_182,0
sample_12332,26.572406773660042,93.24261334091071,block_53_186,0
sample_12333,25.626947757586404,90.50499913361416,block_51_181,0
sample_12334,25.542826762220646,92.62440863501429,block_51_185,0
sample_12335,27.992514398259058,95.8568765948952,block_55_191,0
sample_12336,28.908278280884698,95.30195771617558,block_57_190,0
sample_12337,27.801669626581017,95.7738889339147,block_55_191,0
sample_12338,28.56291061639466,95.68913983918006,block_57_191,0
sample_12339,27.068762812771997,92.26897666905577,block_54_184,0
sample_12340,27.595036687461203,95.16200764516394,block_55_190,0
sample_12341,25.711856242149498,90.50772681730959,block_51_181,0
sample_12342,25.766687804528903,92.77718583259569,block_51_185,0
sample_12343,27.342703363935012,94.03945016152119,block_54_188,0
sample_12344,25.449222454408126,93.161610740518,block_50_186,0
sample_12345,25.63616410721883,94.88512447823716,block_51_189,0
sample_12346,29.044429884438124,95.51923253922045,block_58_191,0
sample_12347,26.7534895349661,93.36804615518834,block_53_186,0
sample_12348,27.392545920143135,94.9174187404752,block_54_189,0
sample_12349,25.64812007171388,92.85740706953628,block_51_185,0
sample_12350,24.922588796785952,92.89010969886515,block_49_185,0
sample_12351,27.637285996078234,88.36976604687226,block_55_176,0
sample_12352,25.266650086510687,91.82583922531333,block_50_183,0
sample_12353,27.623800688459262,91.92526390635288,block_55_183,0
sample_12354,29.058343547641208,94.38928168067324,block_58_188,0
sample_12355,25.531686145129825,90.82962058681295,block_51_181,0
sample_12356,24.31177853022262,92.9021780758722,block_48_185,0
sample_12357,24.448063474000705,93.93160239917144,block_48_187,0
sample_12358,28.245553616209243,93.41798571316296,block_56_186,0
sample_12359,22.28397676827262,92.88615324944294,block_44_185,0
sample_12360,27.96646750666947,94.79465080897175,block_55_189,0
sample_12361,26.249818510036125,92.5340644209723,block_52_185,0
sample_12362,28.60603118512624,93.69210393297259,block_57_187,0
sample_12363,28.94564533986769,95.65712860894745,block_57_191,0
sample_12364,25.667544862492328,90.51512410711221,block_51_181,0
sample_12365,27.728839798373706,88.76052726999107,block_55_177,0
sample_12366,25.549092303412973,91.16859830956821,block_51_182,0
sample_12367,27.124449897250475,94.22691226708662,block_54_188,0
sample_12368,28.742543694302952,94.57149930933426,block_57_189,0
sample_12369,26.538503836189214,91.68638824979946,block_53_183,0
sample_12370,25.558818187553324,90.59770752413914,block_51_181,0
sample_12371,27.753183527405604,95.96791518787506,block_55_191,0
sample_12372,25.256922551151707,91.49713188965018,block_50_182,0
sample_12373,27.60588760531713,92.34740446438921,block_55_184,0
sample_12374,28.392450765335802,94.16387825455168,block_56_188,0
sample_12375,27.789005956219725,94.92366144657503,block_55_189,0
sample_12376,26.042749409206493,92.70668976149703,block_52_185,0
sample_12377,27.63582983541418,91.94841770740973,block_55_183,0
sample_12378,26.186665099390797,94.93519735939759,block_52_189,0
sample_12379,26.00791638755088,93.10230381390468,block_52_186,0
sample_12380,27.46763708487283,95.82196424199539,block_54_191,0
sample_12381,26.467998812709503,92.805304297609,block_52_185,0
sample_12382,27.19685531903235,93.66086355654147,block_54_187,0
sample_12383,25.47532511047701,91.49827635823941,block_50_182,0
sample_12384,24.080796290117227,92.55064789525144,block_48_185,0
sample_12385,26.796664841255655,90.18469405562894,block_53_180,0
sample_12386,23.824599371358545,92.12089525034743,block_47_184,0
sample_12387,25.71759196260089,92.52408339411697,block_51_185,0
sample_12388,26.680105753948276,94.15928068699573,block_53_188,0
sample_12389,24.857473509429603,92.49636809728017,block_49_184,0
sample_12390,27.838867241112723,94.01272691416825,block_55_188,0
sample_12391,27.644487637619726,93.76042883842084,block_55_187,0
sample_12392,27.405796509154015,92.95363358105281,block_54_185,0
sample_12393,28.12392006266672,93.2068072826882,block_56_186,0
sample_12394,25.922838079462604,91.24768014415817,block_51_182,0
sample_12395,26.135386572898845,94.76722983924019,block_52_189,0
sample_12396,26.701746141011146,90.21488734864646,block_53_180,0
sample_12397,26.02999235249593,92.61059043995095,block_52_185,0
sample_12398,24.969451536474022,94.26880455949546,block_49_188,0
sample_12399,27.827893873212382,94.81217277719206,block_55_189,0
sample_12400,25.00327508923607,93.93307126074173,block_50_187,0
sample_12401,28.029685564941758,93.0599893154332,block_56_186,0
sample_12402,27.311231307236817,94.59153224867946,block_54_189,0
sample_12403,25.564343879906787,93.00807946444448,block_51_186,0
sample_12404,24.62750948485482,93.41653111663288,block_49_186,0
sample_12405,23.912249342322973,92.04391942406407,block_47_184,0
sample_12406,26.220811654108164,90.04175644450046,block_52_180,0
sample_12407,24.64778654901719,94.5062160266007,block_49_189,0
sample_12408,22.725941830977437,93.04353220293814,block_45_186,0
sample_12409,23.71045760495625,91.42469878743883,block_47_182,0
sample_12410,25.491403375468437,90.48544153415264,block_50_180,0
sample_12411,26.085566799690014,92.47251648303495,block_52_184,0
sample_12412,28.958488833490147,94.64498111762987,block_57_189,0
sample_12413,27.788322370017937,95.4455538219058,block_55_190,0
sample_12414,26.374896062452773,92.80302400909447,block_52_185,0
sample_12415,27.960282443921358,97.29588517056656,block_55_194,0
sample_12416,25.45046214522466,90.10079446614208,block_50_180,0
sample_12417,27.37834631961535,92.58507562221773,block_54_185,0
sample_12418,26.601528572265444,91.68246233718922,block_53_183,0
sample_12419,27.340196723247985,92.58082678984856,block_54_185,0
sample_12420,27.384143940934386,93.39439789272016,block_54_186,0
sample_12421,26.73365642263878,92.29133113875051,block_53_184,0
sample_12422,24.7793548163139,94.34465911533678,block_49_188,0
sample_12423,27.540345675163866,96.04703141719187,block_55_192,0
sample_12424,25.51952989102915,91.94305872147058,block_51_183,0
sample_12425,28.40852971140424,94.50366943600618,block_56_189,0
sample_12426,24.767778686680174,93.58676625019628,block_49_187,0
sample_12427,24.544654193380513,92.97958020802912,block_49_185,0
sample_12428,25.97423214234876,93.78131989319566,block_51_187,0
sample_12429,26.45769512588508,89.96092949669793,block_52_179,0
sample_12430,22.293643586429642,93.18534180480154,block_44_186,0
sample_12431,24.307918909922492,93.48771052565566,block_48_186,0
sample_12432,27.02095489357008,92.09233522280105,block_54_184,0
sample_12433,28.280039626944827,95.72888939590817,block_56_191,0
sample_12434,28.657656937791174,95.57029408129134,block_57_191,0
sample_12435,26.330846328876742,95.12248127650957,block_52_190,0
sample_12436,28.46918496188985,93.260550841655,block_56_186,0
sample_12437,26.051897754442162,94.99635753176284,block_52_189,0
sample_12438,25.91502014034357,91.95776256221474,block_51_183,0
sample_12439,23.826506369401848,92.29917147961929,block_47_184,0
sample_12440,27.423370113666813,95.83662848094333,block_54_191,0
sample_12441,27.82839313382794,95.3192456247073,block_55_190,0
sample_12442,25.069578976928945,93.90672966036769,block_50_187,0
sample_12443,28.37954100327116,94.05284659640907,block_56_188,0
sample_12444,27.79792862762185,94.88011400493006,block_55_189,0
sample_12445,28.980710048569687,95.59545658349997,block_57_191,0
sample_12446,27.84111542751732,92.67264562599149,block_55_185,0
sample_12447,28.8105460659268,95.23132753353373,block_57_190,0
sample_12448,26.82506509695677,95.16199444780614,block_53_190,0
sample_12449,25.813798333455686,90.4841304119743,block_51_180,0
sample_12450,27.679133212858567,88.32028067432667,block_55_176,0
sample_12451,27.338023551839086,96.52974091342055,block_54_193,0
sample_12452,26.27583735732521,91.28693210523579,block_52_182,0
sample_12453,26.038015530112226,91.07968713946435,block_52_182,0
sample_12454,28.22451627277398,96.13248889587442,block_56_192,0
sample_12455,26.007466036153346,93.26228496861184,block_52_186,0
sample_12456,27.981606937053954,93.82069758257379,block_55_187,0
sample_12457,24.043554501886216,92.98673531719142,block_48_185,0
sample_12458,26.72297448417337,95.39881403667096,block_53_190,0
sample_12459,26.43432738929544,93.5828027099861,block_52_187,0
sample_12460,28.30995536353749,96.56057457266803,block_56_193,0
sample_12461,24.870753395961888,93.04149314016757,block_49_186,0
sample_12462,24.932740694811365,92.67767871434177,block_49_185,0
sample_12463,24.64038677956259,93.83476434171821,block_49_187,0
sample_12464,24.576684146366688,93.63555101475247,block_49_187,0
sample_12465,23.27564118953476,91.58325727457542,block_46_183,0
sample_12466,25.901343084318814,91.68554978004786,block_51_183,0
sample_12467,26.06986955946027,90.19675124136079,block_52_180,0
sample_12468,29.04761641662207,94.1965437376206,block_58_188,0
sample_12469,28.09574928604432,96.89466149789239,block_56_193,0
sample_12470,25.751342956724944,92.4633204368055,block_51_184,0
sample_12471,24.157992577039078,92.28866081530961,block_48_184,0
sample_12472,28.211337745115532,95.41396210044252,block_56_190,0
sample_12473,27.703773374035986,88.71574428033388,block_55_177,0
sample_12474,24.531456184156504,93.13508234774005,block_49_186,0
sample_12475,26.963730612376356,92.91307979746232,block_53_185,0
sample_12476,29.102542429348723,95.65093688197152,block_58_191,0
sample_12477,27.191254791462715,94.39956568225055,block_54_188,0
sample_12478,25.52271452211786,93.40223871400605,block_51_186,0
sample_12479,25.586797130720733,93.37433134774952,block_51_186,0
sample_12480,25.751571867066637,90.28340823772011,block_51_180,0
sample_12481,26.439634096648952,90.45058914972232,block_52_180,0
sample_12482,24.280533964874245,93.49926214397158,block_48_186,0
sample_12483,25.805426613109134,92.06071124692858,block_51_184,0
sample_12484,27.77711997823546,94.30591405513383,block_55_188,0
sample_12485,24.565343990149266,92.45592616604465,block_49_184,0
sample_12486,24.744974157680648,94.03812414377963,block_49_188,0
sample_12487,28.414350426557302,94.12416566294385,block_56_188,0
sample_12488,25.966747146509842,90.26769131132271,block_51_180,0
sample_12489,28.953193394339774,95.40383897371788,block_57_190,0
sample_12490,22.535694354576204,92.82450409759907,block_45_185,0
sample_12491,26.55962391878672,91.04537835089084,block_53_182,0
sample_12492,27.93292577119915,95.15771035576901,block_55_190,0
sample_12493,27.74339273512165,95.92860835842816,block_55_191,0
sample_12494,24.53507302814039,93.77700033576498,block_49_187,0
sample_12495,27.229147141582292,92.08156956621676,block_54_184,0
sample_12496,25.09115944176597,94.74154255736016,block_50_189,0
sample_12497,23.088567636205486,91.39063556855591,block_46_182,0
sample_12498,24.636000723146786,92.34749197458206,block_49_184,0
sample_12499,26.255750279759255,91.45245740439348,block_52_182,0
sample_12500,26.63230421679855,92.30915104553446,block_53_184,0
sample_12501,28.058159022774294,94.32801216349624,block_56_188,0
sample_12502,26.59624591694552,91.1314178865795,block_53_182,0
sample_12503,24.53762933515623,92.26820325365172,block_49_184,0
sample_12504,27.677244698175855,94.57838899997529,block_55_189,0
sample_12505,25.82035125305427,91.35051112464552,block_51_182,0
sample_12506,24.092893033367577,92.76091687789521,block_48_185,0
sample_12507,24.57498634517269,92.60775911390421,block_49_185,0
sample_12508,29.14169507360122,94.80331891026859,block_58_189,0
sample_12509,27.591064625559312,92.4200244408761,block_55_184,0
sample_12510,26.431970219994977,90.10991888107466,block_52_180,0
sample_12511,23.351826503612227,93.22157711936416,block_46_186,0
sample_12512,26.031061924623174,92.14155249328297,block_52_184,0
sample_12513,27.060354746486272,94.00535155920501,block_54_188,0
sample_12514,23.257446250413725,93.04528778348882,block_46_186,0
sample_12515,25.050359417813297,94.39648065851522,block_50_188,0
sample_12516,28.150610336619188,93.28872454936484,block_56_186,0
sample_12517,24.472952781961176,92.268262007013,block_48_184,0
sample_12518,25.46665670962262,94.00510380353802,block_50_188,0
sample_12519,23.12847532919064,91.58097310857482,block_46_183,0
sample_12520,28.5840334906008,96.26111639010549,block_57_192,0
sample_12521,26.581060657344494,92.07575397180763,block_53_184,0
sample_12522,27.40436748888632,88.1170376876593,block_54_176,0
sample_12523,27.188557933726823,92.104291178712,block_54_184,0
sample_12524,26.22822539465793,93.7030092740236,block_52_187,0
sample_12525,23.55166852381752,92.93133355629877,block_47_185,0
sample_12526,26.67024246691143,90.72968522669689,block_53_181,0
sample_12527,25.396935570790113,91.65449795057232,block_50_183,0
sample_12528,25.8498134596646,91.72666023013518,block_51_183,0
sample_12529,25.34343002737792,91.13242157936874,block_50_182,0
sample_12530,22.16038012051803,92.7441255441806,block_44_185,0
sample_12531,28.093534902541755,93.68263818902692,block_56_187,0
sample_12532,28.460564166658685,95.0925415738803,block_56_190,0
sample_12533,24.215694404586245,93.78807677014731,block_48_187,0
sample_12534,26.563659771569526,91.78418776318549,block_53_183,0
sample_12535,27.592792799526645,88.73481503405522,block_55_177,0
sample_12536,26.134907363333383,93.91859430916944,block_52_187,0
sample_12537,26.064842040174717,93.73235230179752,block_52_187,0
sample_12538,26.784492943911967,95.1559153932781,block_53_190,0
sample_12539,27.650113999446873,96.41657551686822,block_55_192,0
sample_12540,23.971275260768152,94.14083670823217,block_47_188,0
sample_12541,28.533291091044507,94.7732590023524,block_57_189,0
sample_12542,27.434867518358462,93.81696908098934,block_54_187,0
sample_12543,26.955774097158525,94.61793208923996,block_53_189,0
sample_12544,27.026203155692063,92.50447029109988,block_54_185,0
sample_12545,26.470705858090298,91.77446972536605,block_52_183,0
sample_12546,23.56572576727976,91.89763228441615,block_47_183,0
sample_12547,27.138805723682026,94.5739953682123,block_54_189,0
sample_12548,24.488346925454604,93.63719838056683,block_48_187,0
sample_12549,27.40163003968864,88.12324810746424,block_54_176,0
sample_12550,24.052132694270924,93.91356833576113,block_48_187,0
sample_12551,28.961154818096034,94.57336890993254,block_57_189,0
sample_12552,28.151196908691457,95.568367078871,block_56_191,0
sample_12553,24.941248190493962,94.12262481131965,block_49_188,0
sample_12554,27.930520592474878,96.9024861779658,block_55_193,0
sample_12555,27.746097461281085,91.6641479965712,block_55_183,0
sample_12556,27.823012574236216,93.04683071648907,block_55_186,0
sample_12557,26.50136838042697,92.58923969429024,block_53_185,0
sample_12558,28.299693283119467,93.51703656938504,block_56_187,0
sample_12559,25.465775175362698,94.10428916964169,block_50_188,0
sample_12560,26.818498806589012,92.39648921173384,block_53_184,0
sample_12561,26.779435930551287,94.1395203476477,block_53_188,0
sample_12562,24.264980632474987,93.34287368286019,block_48_186,0
sample_12563,23.775407512323287,91.34436047313382,block_47_182,0
sample_12564,26.9156110379067,94.8166651201061,block_53_189,0
sample_12565,28.161406232765884,93.59851468205773,block_56_187,0
sample_12566,27.69308626542821,93.34038532965053,block_55_186,0
sample_12567,27.311452766828303,93.60323734118936,block_54_187,0
sample_12568,25.36617588994026,93.16794206690109,block_50_186,0
sample_12569,27.87834068245757,94.02221446720652,block_55_188,0
sample_12570,26.240536308841442,90.37530605912745,block_52_180,0
sample_12571,28.478999272924074,94.35215776007448,block_56_188,0
sample_12572,26.676868815840646,89.88946278630682,block_53_179,0
sample_12573,24.065248634968054,91.64268558601,block_48_183,0
sample_12574,27.73531861347008,93.74530042252495,block_55_187,0
sample_12575,25.194596964408575,94.19567886497312,block_50_188,0
sample_12576,24.86300893457981,93.91802256138455,block_49_187,0
sample_12577,25.805048217649517,94.66700649133429,block_51_189,0
sample_12578,27.362692101159148,96.9224846725723,block_54_193,0
sample_12579,28.069555398219975,95.80069833584683,block_56_191,0
sample_12580,27.516524746390317,95.48444690677003,block_55_190,0
sample_12581,26.039895526707397,93.48171238240863,block_52_186,0
sample_12582,23.09844883812409,92.71624699763315,block_46_185,0
sample_12583,27.6252654737374,93.31673153331762,block_55_186,0
sample_12584,25.333646649207857,93.63148944848885,block_50_187,0
sample_12585,27.956102486894377,88.40688306675453,block_55_176,0
sample_12586,26.220251626621838,89.79756549682884,block_52_179,0
sample_12587,28.086063260929684,96.25744390964904,block_56_192,0
sample_12588,28.117868798535664,97.02638890115291,block_56_194,0
sample_12589,27.481649149515153,88.73650472111768,block_54_177,0
sample_12590,24.65605050960246,93.38883534241127,block_49_186,0
sample_12591,23.455361019396598,91.49393218247717,block_46_182,0
sample_12592,26.106213181769377,90.09232724091787,block_52_180,0
sample_12593,26.28021968387936,93.80250095242272,block_52_187,0
sample_12594,27.710491385596207,93.82844326999856,block_55_187,0
sample_12595,23.09573853713597,93.18217080323332,block_46_186,0
sample_12596,29.060616445945236,95.72327670805082,block_58_191,0
sample_12597,26.090334142956863,90.75466565723738,block_52_181,0
sample_12598,28.054535816843938,95.12490424193248,block_56_190,0
sample_12599,25.392270058823545,89.86076528148502,block_50_179,0
sample_12600,22.076494012058845,92.96166143869691,block_44_185,0
sample_12601,28.317175056292726,93.97806062853606,block_56_187,0
sample_12602,28.05211080239565,93.77540458058317,block_56_187,0
sample_12603,27.225703684216334,93.94995281783739,block_54_187,0
sample_12604,26.390698831659577,90.34232606733246,block_52_180,0
sample_12605,28.17594099035655,93.55160904497849,block_56_187,0
sample_12606,26.838938522369673,95.16455972421547,block_53_190,0
sample_12607,25.8993653135514,91.1061797680589,block_51_182,0
sample_12608,23.680440288727276,92.6348444391788,block_47_185,0
sample_12609,24.01309712701033,92.07703659429473,block_48_184,0
sample_12610,27.79798080658345,96.3412345697799,block_55_192,0
sample_12611,28.223572470172876,94.09950139782882,block_56_188,0
sample_12612,28.42920387253363,96.05622594011288,block_56_192,0
sample_12613,28.451634694569933,94.44035017442181,block_56_188,0
sample_12614,28.27684010228644,93.17858788561674,block_56_186,0
sample_12615,27.869269330051246,97.13367108057278,block_55_194,0
sample_12616,25.771227065018298,92.79633864586447,block_51_185,0
sample_12617,28.353249709817913,94.51654862074497,block_56_189,0
sample_12618,22.520011122772317,92.65468011259533,block_45_185,0
sample_12619,25.342719610948944,91.73220512325477,block_50_183,0
sample_12620,26.330860461060357,92.35373801119297,block_52_184,0
sample_12621,23.98735726340298,92.40421949787655,block_47_184,0
sample_12622,27.76319091630525,95.42935752364134,block_55_190,0
sample_12623,27.697722396548976,94.73584889919935,block_55_189,0
sample_12624,27.252714385074142,94.554106329395,block_54_189,0
sample_12625,25.42976217305055,93.89176772038482,block_50_187,0
sample_12626,26.175927191499692,90.0780104579257,block_52_180,0
sample_12627,25.897252031212695,94.86562644783547,block_51_189,0
sample_12628,25.522983423110674,91.6386740401887,block_51_183,0
sample_12629,27.39733660708906,93.22977115435114,block_54_186,0
sample_12630,23.934010780576738,91.88936936498874,block_47_183,0
sample_12631,27.950965622402126,93.0615987877501,block_55_186,0
sample_12632,28.82870140246815,95.4815854983414,block_57_190,0
sample_12633,24.252366189953953,92.91865804668598,block_48_185,0
sample_12634,26.33008696560035,91.83676031881217,block_52_183,0
sample_12635,28.161099883954375,96.66371859113467,block_56_193,0
sample_12636,23.74515579204932,92.11602195248933,block_47_184,0
sample_12637,24.658936890801716,93.21484420608019,block_49_186,0
sample_12638,23.537508749973146,91.25075252970915,block_47_182,0
sample_12639,29.048645292978364,94.83047257784285,block_58_189,0
sample_12640,28.912246964165675,94.15900218843974,block_57_188,0
sample_12641,24.683012906261975,92.29201103918643,block_49_184,0
sample_12642,28.18490310915598,95.55787228713916,block_56_191,0
sample_12643,24.862146881140088,92.30097445766775,block_49_184,0
sample_12644,27.163662092132412,93.88443941584816,block_54_187,0
sample_12645,28.01042449777076,96.3113849837128,block_56_192,0
sample_12646,27.96554198841338,92.82468781224458,block_55_185,0
sample_12647,27.15310714864248,92.8553921338918,block_54_185,0
sample_12648,26.48216449800184,94.25514579940321,block_52_188,0
sample_12649,25.66948230345111,91.51227373211692,block_51_183,0
sample_12650,26.33033761184969,93.3132368279112,block_52_186,0
sample_12651,25.094804923383027,93.20896162917617,block_50_186,0
sample_12652,28.236162462746975,96.64679932146016,block_56_193,0
sample_12653,26.88806769185573,94.2170666801067,block_53_188,0
sample_12654,28.1081610566869,93.61917595443549,block_56_187,0
sample_12655,26.541263819257033,93.73949771172762,block_53_187,0
sample_12656,27.489434186921727,93.29810336876815,block_54_186,0
sample_12657,26.42108192590267,93.40829932211119,block_52_186,0
sample_12658,29.247183179930634,96.32337285894772,block_58_192,0
sample_12659,24.318929626104556,93.61862830269229,block_48_187,0
sample_12660,27.34050741355361,94.402212957763,block_54_188,0
sample_12661,27.89327454691673,94.4760044739877,block_55_188,0
sample_12662,26.633152034539325,91.3606459605196,block_53_182,0
sample_12663,23.967681686398393,93.07839854021118,block_47_186,0
sample_12664,27.545277372291427,95.50632483935178,block_55_191,0
sample_12665,27.56857933289153,94.77985762066677,block_55_189,0
sample_12666,29.20309292746395,94.72689816548808,block_58_189,0
sample_12667,26.285192363909267,92.9402479852455,block_52_185,0
sample_12668,28.09822663506774,95.42354836804301,block_56_190,0
sample_12669,24.27089571958887,93.00971566373238,block_48_186,0
sample_12670,26.940307426716704,92.52630491560272,block_53_185,0
sample_12671,24.25513555568037,94.1598450966187,block_48_188,0
sample_12672,29.386206563704928,96.13360918465689,block_58_192,0
sample_12673,26.413384434925636,90.78160471028202,block_52_181,0
sample_12674,26.469957039814055,93.28399419437922,block_52_186,0
sample_12675,26.240627728718163,94.02551964014609,block_52_188,0
sample_12676,27.969777901928648,96.71339652817586,block_55_193,0
sample_12677,24.01987238985034,92.19160893069278,block_48_184,0
sample_12678,25.902715624842003,91.25662345785007,block_51_182,0
sample_12679,27.66160101411159,96.09155581108584,block_55_192,0
sample_12680,28.305505629878468,95.22332209641503,block_56_190,0
sample_12681,23.6238908654431,92.49422214823448,block_47_184,0
sample_12682,23.628438825347935,92.37578001601231,block_47_184,0
sample_12683,25.09537321430185,92.47302415927162,block_50_184,0
sample_12684,24.848554499273828,93.12573387367094,block_49_186,0
sample_12685,26.836483158359393,93.27859881580352,block_53_186,0
sample_12686,25.763016457791473,93.17295860085433,block_51_186,0
sample_12687,27.59861148101325,93.16195845674078,block_55_186,0
sample_12688,26.215436978934548,90.4944258170399,block_52_180,0
sample_12689,26.859101419811022,94.28322271450783,block_53_188,0
sample_12690,26.085835206125665,92.51710398036818,block_52_185,0
sample_12691,26.665698272857764,90.57315455880534,block_53_181,0
sample_12692,26.154400712678893,92.49738214501963,block_52_184,0
sample_12693,25.587680123403864,90.82541416423388,block_51_181,0
sample_12694,29.049793531728316,95.30902391262559,block_58_190,0
sample_12695,26.339849544971237,94.19399720264946,block_52_188,0
sample_12696,23.260820560004735,92.5726405815223,block_46_185,0
sample_12697,26.991064599926354,92.11808775570697,block_53_184,0
sample_12698,25.93766147703939,91.80410585597927,block_51_183,0
sample_12699,28.42576101254045,94.69555233642393,block_56_189,0
sample_12700,26.776439020017747,92.55226507828496,block_53_185,0
sample_12701,27.46231782189969,94.21275506455183,block_54_188,0
sample_12702,23.153690721081382,91.64398578179984,block_46_183,0
sample_12703,26.901517482901532,94.9142871532612,block_53_189,0
sample_12704,24.64583943381007,92.57138958629677,block_49_185,0
sample_12705,22.77205895247579,93.10417723388784,block_45_186,0
sample_12706,27.575066814668226,93.64714198616966,block_55_187,0
sample_12707,26.159049875822554,90.15156068581648,block_52_180,0
sample_12708,26.72280790978627,91.90939180752734,block_53_183,0
sample_12709,25.443423295060725,93.8762138646109,block_50_187,0
sample_12710,28.081220759552224,93.39249157600861,block_56_186,0
sample_12711,25.45201953042955,89.86530413592074,block_50_179,0
sample_12712,25.71547748451963,93.00002538164564,block_51_186,0
sample_12713,26.20312152866969,93.20186368895455,block_52_186,0
sample_12714,27.669503142565684,91.65509575854585,block_55_183,0
sample_12715,23.767068412971646,93.33093135636882,block_47_186,0
sample_12716,22.236581770148675,92.84732526440362,block_44_185,0
sample_12717,27.334609384436668,94.2906241157649,block_54_188,0
sample_12718,25.17492805273859,92.47261680717804,block_50_184,0
sample_12719,25.772027201033403,90.69718223850757,block_51_181,0
sample_12720,23.121809944799388,92.39640693350319,block_46_184,0
sample_12721,23.85005331257716,93.00021219335514,block_47_186,0
sample_12722,28.109506452990743,97.29862039806918,block_56_194,0
sample_12723,25.294089015095707,92.08589261628998,block_50_184,0
sample_12724,27.577118661269463,93.15102549957358,block_55_186,0
sample_12725,27.69160144473395,93.66363424675008,block_55_187,0
sample_12726,28.827642242871615,94.39529213051387,block_57_188,0
sample_12727,26.030267611951416,90.51200777921109,block_52_181,0
sample_12728,27.246319767291673,94.86669857607993,block_54_189,0
sample_12729,27.36924372132695,95.68133355741766,block_54_191,0
sample_12730,26.478919357989938,92.1182336677042,block_52_184,0
sample_12731,25.915241412662148,91.48911008557202,block_51_182,0
sample_12732,27.06265925930218,92.73219359884375,block_54_185,0
sample_12733,27.077586691264703,94.53351629038941,block_54_189,0
sample_12734,26.505147909932337,91.65537018532707,block_53_183,0
sample_12735,23.214750640008745,93.16806858885072,block_46_186,0
sample_12736,26.059872548548,92.5929779942671,block_52_185,0
sample_12737,25.203712730232827,91.89331394566187,block_50_183,0
sample_12738,27.504163855094184,95.29852591389553,block_55_190,0
sample_12739,26.74501017583526,93.34960961240945,block_53_186,0
sample_12740,25.651626559481834,91.56034070772962,block_51_183,0
sample_12741,26.649922244734228,90.94122599691764,block_53_181,0
sample_12742,27.47794102127004,93.92864247634859,block_54_187,0
sample_12743,26.692487607984663,90.51071703340052,block_53_181,0
sample_12744,23.721586363209337,91.89204666874807,block_47_183,0
sample_12745,27.598479077724818,88.39963993797338,block_55_176,0
sample_12746,26.3569239451459,93.41309687758933,block_52_186,0
sample_12747,25.977705155151117,90.4774725735424,block_51_180,0
sample_12748,25.43997343976613,91.31298942589105,block_50_182,0
sample_12749,26.19597739774923,94.77740120542387,block_52_189,0
sample_12750,27.744153133969704,96.50287516697227,block_55_193,0
sample_12751,27.495261677071227,92.8400344639273,block_54_185,0
sample_12752,26.684859728292924,92.72499175840338,block_53_185,0
sample_12753,25.411566891141067,92.03832108915681,block_50_184,0
sample_12754,28.797878534294092,96.59994379302371,block_57_193,0
sample_12755,26.523968316493107,90.41733389431616,block_53_180,0
sample_12756,27.725905946131007,94.98588298075846,block_55_189,0
sample_12757,25.17765179291146,90.81793598373952,block_50_181,0
sample_12758,24.913777663385098,93.97349429103939,block_49_187,0
sample_12759,26.917042129959647,94.68954138450927,block_53_189,0
sample_12760,25.780404416183224,92.59757802693274,block_51_185,0
sample_12761,26.938986012390696,93.09656756284954,block_53_186,0
sample_12762,23.594934419515322,92.52027959092324,block_47_185,0
sample_12763,27.830991690282588,96.49353143383327,block_55_192,0
sample_12764,25.652967842496967,91.46933290914525,block_51_182,0
sample_12765,25.99641215200744,91.96247074296836,block_51_183,0
sample_12766,26.79531889528898,90.52042165619157,block_53_181,0
sample_12767,26.523766503605206,90.24409529609682,block_53_180,0
sample_12768,26.292023186742057,90.68061736916951,block_52_181,0
sample_12769,26.780309402426667,91.65576985373805,block_53_183,0
sample_12770,25.725651395730488,91.48304949614254,block_51_182,0
sample_12771,27.769661028477145,92.33272182708865,block_55_184,0
sample_12772,25.973551966916524,93.99911672029664,block_51_187,0
sample_12773,29.12835203306679,94.95462580345826,block_58_189,0
sample_12774,27.90352455902491,95.7665043019558,block_55_191,0
sample_12775,25.55177056458496,90.94737397829418,block_51_181,0
sample_12776,28.354799046269566,96.68803968903892,block_56_193,0
sample_12777,27.59633679689473,92.08218366008072,block_55_184,0
sample_12778,24.280412812681764,92.0492602442181,block_48_184,0
sample_12779,26.684001181254068,91.83578801521527,block_53_183,0
sample_12780,26.299378075583196,92.85048068351156,block_52_185,0
sample_12781,24.972595442180236,94.19709590422913,block_49_188,0
sample_12782,25.183021334233807,90.35318905765527,block_50_180,0
sample_12783,26.39510543116463,91.59124261290681,block_52_183,0
sample_12784,28.187772657241027,93.33722201566484,block_56_186,0
sample_12785,27.676325663609287,94.24502436697342,block_55_188,0
sample_12786,27.78086693755223,88.51202383862385,block_55_177,0
sample_12787,27.280551822435484,95.30471107754215,block_54_190,0
sample_12788,24.698617332305304,93.88808346291546,block_49_187,0
sample_12789,24.10598133694896,93.24072499274683,block_48_186,0
sample_12790,28.691775049422567,95.83763904934966,block_57_191,0
sample_12791,28.327041372279975,95.61510622602644,block_56_191,0
sample_12792,24.093027373834186,92.66898637920386,block_48_185,0
sample_12793,28.24842538245375,93.88731102953795,block_56_187,0
sample_12794,25.63493548501353,90.05649690557634,block_51_180,0
sample_12795,26.374638823718474,90.39949608301866,block_52_180,0
sample_12796,27.88288275493747,94.03986974034277,block_55_188,0
sample_12797,28.586816234833748,93.4540892214325,block_57_186,0
sample_12798,25.442139093844148,92.62499552240196,block_50_185,0
sample_12799,26.802762724511304,94.68038923258155,block_53_189,0
sample_12800,27.536530085669643,96.64720548627045,block_55_193,0
sample_12801,25.139719193150498,93.39005109191827,block_50_186,0
sample_12802,26.728015221242305,94.99690008452882,block_53_189,0
sample_12803,25.267777269726434,92.58143773607341,block_50_185,0
sample_12804,27.19981781778545,93.72433480386786,block_54_187,0
sample_12805,28.648817931100023,95.92248497464692,block_57_191,0
sample_12806,26.205884453451667,93.02610341436812,block_52_186,0
sample_12807,28.004953663937055,93.45811179398628,block_56_186,0
sample_12808,27.44538363537352,93.39621616998906,block_54_186,0
sample_12809,27.350029038141997,92.30112438776605,block_54_184,0
sample_12810,28.273519782855914,95.63115903407487,block_56_191,0
sample_12811,27.913529275752538,96.70743753661853,block_55_193,0
sample_12812,26.43827579780955,92.15777089624044,block_52_184,0
sample_12813,25.56623350103163,94.50353970419272,block_51_189,0
sample_12814,27.921424219932277,93.89059286985874,block_55_187,0
sample_12815,25.453958930594432,90.65575615687216,block_50_181,0
sample_12816,25.31086033580228,92.19951389067853,block_50_184,0
sample_12817,26.800290523655363,93.11946770179449,block_53_186,0
sample_12818,27.97177027745137,92.7744254569538,block_55_185,0
sample_12819,27.613961874074114,95.6795045010693,block_55_191,0
sample_12820,22.319214110759738,92.9126527596437,block_44_185,0
sample_12821,27.18173747293305,93.65142530327141,block_54_187,0
sample_12822,26.647363118815374,93.29182915963514,block_53_186,0
sample_12823,25.351385519081347,93.9987529719767,block_50_187,0
sample_12824,27.543479006120577,92.58710978452883,block_55_185,0
sample_12825,25.916076472382443,90.97224969111403,block_51_181,0
sample_12826,26.351649955408273,90.25231715297203,block_52_180,0
sample_12827,23.43550194212014,91.51239633713291,block_46_183,0
sample_12828,26.6966660297595,95.32590998653058,block_53_190,0
sample_12829,27.770067877901006,97.0611306688074,block_55_194,0
sample_12830,26.60969469087076,92.80162281224032,block_53_185,0
sample_12831,25.81944211263003,93.71747019419834,block_51_187,0
sample_12832,26.71833672436403,92.45260851708403,block_53_184,0
sample_12833,25.566809863100726,94.64335384080985,block_51_189,0
sample_12834,24.486015593765273,93.5178598620366,block_48_187,0
sample_12835,24.192877033871273,93.82517138882709,block_48_187,0
sample_12836,25.29305840673336,90.7688546364155,block_50_181,0
sample_12837,28.00664738721964,95.96375602278,block_56_191,0
sample_12838,28.0337024225707,94.12206978716338,block_56_188,0
sample_12839,26.652426570102527,94.37943510942839,block_53_188,0
sample_12840,23.987766029377877,93.48940900720197,block_47_186,0
sample_12841,26.46797990355289,90.42046327879748,block_52_180,0
sample_12842,26.81804795064521,91.40629914744031,block_53_182,0
sample_12843,28.45741817448038,93.71079193642007,block_56_187,0
sample_12844,27.746686488794513,96.55507002223636,block_55_193,0
sample_12845,26.235952844310823,92.63945318781856,block_52_185,0
sample_12846,25.48984795711116,93.76163086979778,block_50_187,0
sample_12847,27.633366135730736,96.06757166927918,block_55_192,0
sample_12848,27.368438549662926,94.7525576824271,block_54_189,0
sample_12849,26.715970159821396,95.25137486132238,block_53_190,0
sample_12850,27.159632568159132,93.40040663022285,block_54_186,0
sample_12851,28.227875972250303,93.17574611275231,block_56_186,0
sample_12852,23.21628175518775,93.03993135627324,block_46_186,0
sample_12853,22.88930592644201,92.58915278044894,block_45_185,0
sample_12854,26.783533631002875,94.05225749273555,block_53_188,0
sample_12855,26.91405365807185,94.03145595139685,block_53_188,0
sample_12856,27.81169803803462,96.84914211813762,block_55_193,0
sample_12857,26.543792251172945,90.60874020328183,block_53_181,0
sample_12858,25.26513512450728,90.9345480205074,block_50_181,0
sample_12859,24.515803211053022,93.51047435861635,block_49_187,0
sample_12860,25.985789454999747,90.1802141100982,block_51_180,0
sample_12861,28.884894442850488,95.08283006974473,block_57_190,0
sample_12862,26.855899143963946,93.67453137804513,block_53_187,0
sample_12863,24.34905582281141,92.23441639586788,block_48_184,0
sample_12864,26.555997578656328,90.68143100552759,block_53_181,0
sample_12865,25.836751537788263,93.49397678290352,block_51_186,0
sample_12866,23.20641981240309,92.8771596535452,block_46_185,0
sample_12867,27.245848149744088,93.57778683582835,block_54_187,0
sample_12868,26.193257980221492,89.9888474588589,block_52_179,0
sample_12869,27.446145760951996,92.6050259570331,block_54_185,0
sample_12870,28.328632575950333,93.4539147533893,block_56_186,0
sample_12871,28.31394105512269,95.8727330964652,block_56_191,0
sample_12872,28.194689937644224,96.46240244909413,block_56_192,0
sample_12873,27.153889707854614,94.94843497629549,block_54_189,0
sample_12874,26.830868422651,92.45190461898795,block_53_184,0
sample_12875,23.02800338739168,91.58353031372228,block_46_183,0
sample_12876,26.171518662952735,93.50400883011727,block_52_187,0
sample_12877,27.027358111589283,93.08873330108605,block_54_186,0
sample_12878,27.016002467969667,94.23249562759669,block_54_188,0
sample_12879,24.30226955843508,93.41259659383513,block_48_186,0
sample_12880,25.74666226895571,92.89869904579258,block_51_185,0
sample_12881,28.97752426271771,94.46449842267423,block_57_188,0
sample_12882,26.011438058319083,94.20742052799501,block_52_188,0
sample_12883,28.15225431296541,95.72503406651062,block_56_191,0
sample_12884,28.004305467644805,88.76817892941693,block_56_177,0
sample_12885,26.319594135100765,92.1295788937219,block_52_184,0
sample_12886,26.80747537832808,92.07856462860383,block_53_184,0
sample_12887,26.96698477626949,93.09452167140707,block_53_186,0
sample_12888,28.315008965429058,94.55022582043836,block_56_189,0
sample_12889,27.674841646862834,93.834317019398,block_55_187,0
sample_12890,24.37183729635734,93.45818707910584,block_48_186,0
sample_12891,25.32418790198617,90.48029249621956,block_50_180,0
sample_12892,27.21958100725439,93.32812403544848,block_54_186,0
sample_12893,26.96180416871005,93.71383423863746,block_53_187,0
sample_12894,26.302488759920756,92.70550119092243,block_52_185,0
sample_12895,25.95717137501459,93.58811082785027,block_51_187,0
sample_12896,26.35783713219036,91.76683990183706,block_52_183,0
sample_12897,26.011099623961275,93.66705362823878,block_52_187,0
sample_12898,27.69311544416729,95.85815257117027,block_55_191,0
sample_12899,28.121909621114124,93.32869373749604,block_56_186,0
sample_12900,26.27170459326085,92.15115646469714,block_52_184,0
sample_12901,28.014232481373686,97.33222117770283,block_56_194,0
sample_12902,23.535062965041817,92.68862577169725,block_47_185,0
sample_12903,26.30206644284472,91.32634643384395,block_52_182,0
sample_12904,24.616016204783712,93.01004194199723,block_49_186,0
sample_12905,27.92717093768003,95.22824072920784,block_55_190,0
sample_12906,27.463808159112972,88.0679195091742,block_54_176,0
sample_12907,27.535175271631832,96.2079374978944,block_55_192,0
sample_12908,26.674156247061234,90.04863679718268,block_53_180,0
sample_12909,26.815857476209644,94.73729496185794,block_53_189,0
sample_12910,27.506712211244206,92.35562076669237,block_55_184,0
sample_12911,24.265585390520517,93.37177012394457,block_48_186,0
sample_12912,28.106837403010424,96.93822560933842,block_56_193,0
sample_12913,27.52692332006915,95.46506784164478,block_55_190,0
sample_12914,27.014616429552206,92.30038215418443,block_54_184,0
sample_12915,28.336059960360657,94.05608377007069,block_56_188,0
sample_12916,27.724272993488736,92.51967449589601,block_55_185,0
sample_12917,26.085037354951794,92.09427076654985,block_52_184,0
sample_12918,24.38745393398342,94.35071253996972,block_48_188,0
sample_12919,26.64192996921743,94.90833749479661,block_53_189,0
sample_12920,28.799283008389857,94.07369691246728,block_57_188,0
sample_12921,26.68220569850623,92.2059046211091,block_53_184,0
sample_12922,28.45302542279093,94.43019405971404,block_56_188,0
sample_12923,27.480046635474295,88.16049015775306,block_54_176,0
sample_12924,25.344049038839152,93.11870326613251,block_50_186,0
sample_12925,27.75981368360871,94.75310406301736,block_55_189,0
sample_12926,24.142138896120688,92.76662460615678,block_48_185,0
sample_12927,26.12216330097351,92.3309857889351,block_52_184,0
sample_12928,25.768822061759707,93.10350858402347,block_51_186,0
sample_12929,24.77810016413358,93.28949511063324,block_49_186,0
sample_12930,26.54758394651277,94.755372459018,block_53_189,0
sample_12931,28.72414899676294,95.79031452047406,block_57_191,0
sample_12932,28.0747592229964,94.32796203213587,block_56_188,0
sample_12933,29.216213047096907,94.50857585097322,block_58_189,0
sample_12934,25.498219579501736,92.10755344723606,block_50_184,0
sample_12935,27.598468373985284,88.4061205770422,block_55_176,0
sample_12936,26.61356504732826,93.8926907285361,block_53_187,0
sample_12937,27.930840416231824,93.78592406774175,block_55_187,0
sample_12938,27.7755448573089,92.68743535317213,block_55_185,0
sample_12939,27.671858635139614,94.51788073862369,block_55_189,0
sample_12940,27.72145082946357,91.68819200349714,block_55_183,0
sample_12941,26.43849351348885,89.97926026462362,block_52_179,0
sample_12942,28.784384988160582,94.93552050325235,block_57_189,0
sample_12943,25.918915672099985,93.11729631981714,block_51_186,0
sample_12944,27.410823087412957,92.09569466676442,block_54_184,0
sample_12945,24.579059559969224,93.60354984683339,block_49_187,0
sample_12946,25.437732626016437,94.39858703848834,block_50_188,0
sample_12947,26.25463644912272,90.72200210703383,block_52_181,0
sample_12948,27.953662507949595,93.0371577877954,block_55_186,0
sample_12949,24.90261110302134,93.82121401455984,block_49_187,0
sample_12950,25.545332062900357,90.06252421072143,block_51_180,0
sample_12951,27.898679935954252,88.80199250233392,block_55_177,0
sample_12952,26.46820587122539,91.03216225416185,block_52_182,0
sample_12953,24.44644522894464,93.36832580503689,block_48_186,0
sample_12954,26.55020846060448,90.0102568224078,block_53_180,0
sample_12955,24.335494691878413,92.15867355332199,block_48_184,0
sample_12956,26.63029360028174,90.85186411144491,block_53_181,0
sample_12957,26.753077661536402,91.02533471281394,block_53_182,0
sample_12958,25.77169840413441,91.2497586971736,block_51_182,0
sample_12959,27.626892937603152,96.70411089601618,block_55_193,0
sample_12960,26.479291294799573,91.22376378412439,block_52_182,0
sample_12961,26.589727784717464,94.45534005103869,block_53_188,0
sample_12962,29.193265634178932,96.23436833547356,block_58_192,0
sample_12963,23.762349355406645,93.20454114969768,block_47_186,0
sample_12964,28.56498599443653,95.60847846193758,block_57_191,0
sample_12965,27.970293812168425,95.68367666594006,block_55_191,0
sample_12966,28.97009793326083,94.26259107043728,block_57_188,0
sample_12967,25.554505524835108,90.08100055367335,block_51_180,0
sample_12968,26.959556933503176,93.61829464949935,block_53_187,0
sample_12969,25.180551859284467,90.42945189219034,block_50_180,0
sample_12970,22.555922091274326,92.84119170494056,block_45_185,0
sample_12971,27.426222127517953,96.55148091718101,block_54_193,0
sample_12972,29.021618545009783,94.93009640052244,block_58_189,0
sample_12973,28.78780264495751,95.31725130631298,block_57_190,0
sample_12974,26.092096131910683,91.04910128313848,block_52_182,0
sample_12975,28.104610729105794,94.83631869467389,block_56_189,0
sample_12976,27.841002875525703,93.4200824579108,block_55_186,0
sample_12977,27.92921431913303,95.76772949994736,block_55_191,0
sample_12978,26.720430178605977,93.25504926197225,block_53_186,0
sample_12979,26.70646035340349,91.20085033507362,block_53_182,0
sample_12980,27.74281429319317,96.34087819757784,block_55_192,0
sample_12981,29.158394562963082,94.90204177528084,block_58_189,0
sample_12982,28.200138297558272,96.76828276154352,block_56_193,0
sample_12983,28.832770666340878,94.63122628263713,block_57_189,0
sample_12984,26.743362719515133,91.28566132111604,block_53_182,0
sample_12985,27.769440207939862,88.23244661515132,block_55_176,0
sample_12986,27.65409932880166,92.91350633394927,block_55_185,0
sample_12987,26.710671191921417,90.89815212625747,block_53_181,0
sample_12988,27.73462127399049,92.69468906892556,block_55_185,0
sample_12989,28.092507055256657,95.13834212037264,block_56_190,0
sample_12990,26.325630225668974,93.90839963400977,block_52_187,0
sample_12991,24.924532665427975,92.92088681049906,block_49_185,0
sample_12992,25.530430147316785,91.79565200420069,block_51_183,0
sample_12993,26.321600055359177,92.42690105944891,block_52_184,0
sample_12994,27.7304551128637,96.36699531459855,block_55_192,0
sample_12995,24.19503857980115,92.39232407112782,block_48_184,0
sample_12996,25.268904196993287,91.55237015774483,block_50_183,0
sample_12997,29.1760417929042,95.56811513802765,block_58_191,0
sample_12998,22.43858887018415,92.64562223781712,block_44_185,0
sample_12999,25.170108437302467,92.642909357157,block_50_185,0
sample_13000,26.130718606547347,89.90926159113712,block_52_179,0
sample_13001,27.535611085461234,88.42719218568664,block_55_176,0
sample_13002,27.117737379748878,93.34544071480789,block_54_186,0
sample_13003,28.065001673125447,96.32951217157328,block_56_192,0
sample_13004,23.335022904859237,92.70610100277548,block_46_185,0
sample_13005,25.99658673384234,90.46890639994224,block_51_180,0
sample_13006,27.82542538070354,95.04559526057722,block_55_190,0
sample_13007,25.685193737807268,93.49584562403076,block_51_186,0
sample_13008,25.40620500096854,94.05132839674364,block_50_188,0
sample_13009,27.04406368697348,94.3820771257656,block_54_188,0
sample_13010,24.12088802031042,91.81349260882963,block_48_183,0
sample_13011,27.212456245156698,93.37408724960432,block_54_186,0
sample_13012,27.780865521652583,94.58742890724295,block_55_189,0
sample_13013,27.37328439864152,92.91839406408921,block_54_185,0
sample_13014,24.563081468287223,93.47238712557396,block_49_186,0
sample_13015,23.42858699898057,92.8278151807291,block_46_185,0
sample_13016,28.552869480526134,96.28770941911058,block_57_192,0
sample_13017,26.74776705847002,94.86903277521812,block_53_189,0
sample_13018,26.09723877799355,93.88314045012078,block_52_187,0
sample_13019,25.106695595285853,93.93635409434917,block_50_187,0
sample_13020,22.819167335116518,92.83180340787344,block_45_185,0
sample_13021,28.128922778946333,95.70122835964197,block_56_191,0
sample_13022,27.779259072093268,96.50808921486535,block_55_193,0
sample_13023,23.528516946934825,92.93538685724683,block_47_185,0
sample_13024,27.656564194924517,93.49061078647519,block_55_186,0
sample_13025,26.420994583217784,93.09427006701826,block_52_186,0
sample_13026,27.274805381245283,95.2012012659375,block_54_190,0
sample_13027,26.788107464637605,92.19327328954384,block_53_184,0
sample_13028,29.081700667553022,96.04114867209337,block_58_192,0
sample_13029,25.53337932684974,94.71553068818112,block_51_189,0
sample_13030,27.99625855983486,95.25935378961222,block_55_190,0
sample_13031,24.50859470562037,94.41927823787047,block_49_188,0
sample_13032,25.636298286343372,92.84203610033504,block_51_185,0
sample_13033,28.024300277024732,94.08886447914503,block_56_188,0
sample_13034,25.228399833908707,90.52697587876122,block_50_181,0
sample_13035,27.61337722893805,96.35166150595902,block_55_192,0
sample_13036,29.15743195491875,95.01865308615143,block_58_190,0
sample_13037,29.15776896410857,94.83561535251019,block_58_189,0
sample_13038,27.45868796259002,94.38301520658017,block_54_188,0
sample_13039,28.368270047936672,94.51716945622117,block_56_189,0
sample_13040,25.29118098945142,93.99777792321913,block_50_187,0
sample_13041,25.39314171247921,90.76628743194951,block_50_181,0
sample_13042,27.156559877074315,95.42138434716787,block_54_190,0
sample_13043,27.905455778997386,93.29834793124269,block_55_186,0
sample_13044,29.11389133144866,94.58932688792423,block_58_189,0
sample_13045,25.610326388269126,92.62164226533504,block_51_185,0
sample_13046,28.71107107706362,94.94236360557176,block_57_189,0
sample_13047,25.815863063913454,90.20939632632275,block_51_180,0
sample_13048,28.056717288936127,97.18451457390076,block_56_194,0
sample_13049,27.823424831279432,94.64446502731755,block_55_189,0
sample_13050,27.904060676717624,88.17157069243727,block_55_176,0
sample_13051,28.047988071213624,93.80006329475805,block_56_187,0
sample_13052,27.949570510365657,88.27108069859926,block_55_176,0
sample_13053,27.789391234936513,93.17780660728602,block_55_186,0
sample_13054,27.760778825618097,93.08648853665005,block_55_186,0
sample_13055,27.23344064037389,93.3124253285596,block_54_186,0
sample_13056,25.159401231346127,92.32384596974302,block_50_184,0
sample_13057,23.856513233069194,91.69352803609486,block_47_183,0
sample_13058,27.20874000976748,96.92039134096568,block_54_193,0
sample_13059,27.598350893652984,95.95931228853094,block_55_191,0
sample_13060,22.67882938339089,92.73857011959551,block_45_185,0
sample_13061,27.123069410124415,95.92037271973031,block_54_191,0
sample_13062,27.44566472605409,96.77092246243684,block_54_193,0
sample_13063,28.476138443621075,94.58998983431024,block_56_189,0
sample_13064,25.43494120649771,92.38189062498685,block_50_184,0
sample_13065,26.866511684253233,92.78392823028447,block_53_185,0
sample_13066,25.990606973806248,90.43989679137076,block_51_180,0
sample_13067,27.83782794740341,93.59734775526286,block_55_187,0
sample_13068,25.622045459697027,92.01473538229861,block_51_184,0
sample_13069,27.893634676955543,93.77393506156487,block_55_187,0
sample_13070,27.646609979011078,93.61211819811923,block_55_187,0
sample_13071,22.437305573075616,93.07594553795369,block_44_186,0
sample_13072,22.329781541018104,92.84294643723588,block_44_185,0
sample_13073,26.64614490800635,90.17030019517884,block_53_180,0
sample_13074,27.288465483171873,95.86226144464408,block_54_191,0
sample_13075,28.104998746093678,94.85165241844055,block_56_189,0
sample_13076,26.5305038586246,92.99963591072392,block_53_185,0
sample_13077,28.411608570984903,95.89263874850869,block_56_191,0
sample_13078,27.29130512526039,95.10585907900177,block_54_190,0
sample_13079,27.49445532840837,93.7136549880945,block_54_187,0
sample_13080,27.957113180711215,95.26400465198128,block_55_190,0
sample_13081,28.698882800003602,96.1495097024524,block_57_192,0
sample_13082,28.82888076953371,94.21323109257968,block_57_188,0
sample_13083,26.435221720245575,90.50501137280396,block_52_181,0
sample_13084,26.574243422086873,90.03086928151693,block_53_180,0
sample_13085,23.51970567479826,91.90918103555917,block_47_183,0
sample_13086,27.998440241514203,92.98619787436668,block_55_185,0
sample_13087,24.20336415767302,94.13826105114866,block_48_188,0
sample_13088,27.31870450470972,94.92103778555595,block_54_189,0
sample_13089,25.659468334030706,93.7781917278952,block_51_187,0
sample_13090,26.623911193719277,92.00952871212797,block_53_184,0
sample_13091,23.798010545962104,92.82069086699329,block_47_185,0
sample_13092,26.000719134541065,95.08565369862237,block_52_190,0
sample_13093,26.322913149303382,90.0125913450397,block_52_180,0
sample_13094,26.52362170734023,92.45413479467601,block_53_184,0
sample_13095,28.069386998520322,94.22363939040274,block_56_188,0
sample_13096,25.509298897403774,91.50449531770748,block_51_183,0
sample_13097,28.58990171081854,94.3680229926301,block_57_188,0
sample_13098,26.232757739346326,91.43783939730446,block_52_182,0
sample_13099,27.07522963361093,92.25757022663774,block_54_184,0
sample_13100,26.602380419159203,92.15226828060669,block_53_184,0
sample_13101,26.030398351207527,91.76622399692535,block_52_183,0
sample_13102,26.62355480944845,90.8099872836651,block_53_181,0
sample_13103,26.5275120353583,93.43647065951568,block_53_186,0
sample_13104,25.949345827952925,90.04454479187478,block_51_180,0
sample_13105,26.54700315856715,91.59390118665249,block_53_183,0
sample_13106,25.60579157379917,90.82060205828085,block_51_181,0
sample_13107,28.50881593597882,96.2726751648131,block_57_192,0
sample_13108,23.896982631699625,91.73221084094963,block_47_183,0
sample_13109,26.396649976062186,91.73245091570536,block_52_183,0
sample_13110,27.725036339197786,91.96525166448963,block_55_183,0
sample_13111,22.28108934767185,93.03301129704545,block_44_186,0
sample_13112,26.526009048529705,92.57159218479333,block_53_185,0
sample_13113,26.387388013066083,94.2666375419688,block_52_188,0
sample_13114,25.086307080937583,93.96845804904082,block_50_187,0
sample_13115,26.64155692663363,91.10228517304112,block_53_182,0
sample_13116,27.606107220145205,92.76934333596131,block_55_185,0
sample_13117,23.273254011828993,92.46232176289128,block_46_184,0
sample_13118,25.3396874811894,92.78329833588214,block_50_185,0
sample_13119,24.0673308670884,92.4839144146627,block_48_184,0
sample_13120,27.940828190730574,94.93370691678902,block_55_189,0
sample_13121,26.09607636842412,92.77066561353581,block_52_185,0
sample_13122,27.6211890218789,94.75942262245295,block_55_189,0
sample_13123,28.95914847900275,96.02328383761807,block_57_192,0
sample_13124,28.64687240830614,93.86534670223449,block_57_187,0
sample_13125,25.98702162070327,93.07441824476625,block_51_186,0
sample_13126,27.753446114880244,96.7635533191616,block_55_193,0
sample_13127,25.99432425201323,92.84325784515376,block_51_185,0
sample_13128,26.31897539714259,94.11809322427118,block_52_188,0
sample_13129,24.36768509951203,93.43285808001752,block_48_186,0
sample_13130,25.308288277406064,94.55984632840303,block_50_189,0
sample_13131,27.581044718457903,91.75235522425083,block_55_183,0
sample_13132,24.244149190746,93.87449517874308,block_48_187,0
sample_13133,29.145779107181575,94.5309554917429,block_58_189,0
sample_13134,27.699996294394097,96.77797250290119,block_55_193,0
sample_13135,26.984502038122944,95.18012285128829,block_53_190,0
sample_13136,25.5055020444735,94.41224353922681,block_51_188,0
sample_13137,24.91144792251243,93.06873999147014,block_49_186,0
sample_13138,24.14974051362709,93.25573989417852,block_48_186,0
sample_13139,24.751958540205024,93.40040353909569,block_49_186,0
sample_13140,25.604005411636656,91.04032353825558,block_51_182,0
sample_13141,24.786244452964493,93.27461044556328,block_49_186,0
sample_13142,27.499196394558886,94.530437712478,block_54_189,0
sample_13143,25.914739120068283,93.4303374950683,block_51_186,0
sample_13144,26.532516332401194,92.26653764348707,block_53_184,0
sample_13145,26.82311912620845,92.18537214081145,block_53_184,0
sample_13146,29.035388645596623,95.31472975657148,block_58_190,0
sample_13147,26.998029879478107,93.32727032158303,block_53_186,0
sample_13148,26.3998357641187,93.54326188170423,block_52_187,0
sample_13149,27.78037126623046,91.64378163240174,block_55_183,0
sample_13150,26.638998434952256,90.72570282909429,block_53_181,0
sample_13151,28.263688836005084,93.97054604319909,block_56_187,0
sample_13152,28.87492911782008,95.56221712719238,block_57_191,0
sample_13153,26.01412644749163,93.72226502621442,block_52_187,0
sample_13154,26.08935656309315,90.9489340798265,block_52_181,0
sample_13155,27.464111610435683,93.82850851740798,block_54_187,0
sample_13156,27.204740019089755,95.59839707806347,block_54_191,0
sample_13157,25.027322406551637,93.38977724949392,block_50_186,0
sample_13158,25.824270633686652,92.62924045571806,block_51_185,0
sample_13159,27.813571472187327,94.85014206891032,block_55_189,0
sample_13160,28.561506157882903,93.9753688745515,block_57_187,0
sample_13161,25.412321986647264,90.33740656562156,block_50_180,0
sample_13162,26.05084996519912,92.32444122076306,block_52_184,0
sample_13163,27.524952502853115,96.41657211584891,block_55_192,0
sample_13164,23.850243318249987,92.53781289321645,block_47_185,0
sample_13165,26.47697578245169,91.0712328981806,block_52_182,0
sample_13166,28.753799364857418,94.50613138491813,block_57_189,0
sample_13167,27.702629655067103,93.48877017699475,block_55_186,0
sample_13168,28.27492055227976,94.55063262123984,block_56_189,0
sample_13169,22.316810360110342,92.97280428019884,block_44_185,0
sample_13170,25.729070367046777,94.26932809763592,block_51_188,0
sample_13171,25.24281989459048,92.91216263849792,block_50_185,0
sample_13172,25.453462253140927,91.44240233090048,block_50_182,0
sample_13173,26.318004567422648,92.64605137140121,block_52_185,0
sample_13174,25.253306618125947,93.73199510891439,block_50_187,0
sample_13175,24.82887690395814,93.76326556826076,block_49_187,0
sample_13176,23.987039755500994,93.14657503389363,block_47_186,0
sample_13177,27.575047151486224,94.87298712586163,block_55_189,0
sample_13178,27.22333481677077,94.24673898659879,block_54_188,0
sample_13179,25.369714891143115,92.68815696555666,block_50_185,0
sample_13180,25.448890956646007,93.93810462949402,block_50_187,0
sample_13181,28.536915444450695,94.74047521032708,block_57_189,0
sample_13182,26.683766201449146,91.65077337660287,block_53_183,0
sample_13183,26.739515262031542,93.20971873073165,block_53_186,0
sample_13184,25.61891951609481,93.97243003896034,block_51_187,0
sample_13185,26.76590650573978,94.69705921725352,block_53_189,0
sample_13186,27.624332954569596,96.71211799095977,block_55_193,0
sample_13187,28.88990945547326,94.29178106243035,block_57_188,0
sample_13188,26.042060155659428,93.28658796473742,block_52_186,0
sample_13189,28.534447956804875,96.32435405836529,block_57_192,0
sample_13190,28.237418244467072,93.57125261044929,block_56_187,0
sample_13191,28.769449100342367,95.74233194995222,block_57_191,0
sample_13192,27.442163424301324,96.29277544243375,block_54_192,0
sample_13193,26.825867887111233,90.45166355333853,block_53_180,0
sample_13194,27.73869606171461,92.5257212752412,block_55_185,0
sample_13195,26.5367817527043,91.22698885125843,block_53_182,0
sample_13196,28.39321189434436,96.23739792545324,block_56_192,0
sample_13197,27.88300429100447,94.90374922171071,block_55_189,0
sample_13198,27.79357757948842,93.68358579803288,block_55_187,0
sample_13199,28.629183651953884,94.67697878782852,block_57_189,0
sample_13200,27.162542955544293,94.2616603860591,block_54_188,0
sample_13201,25.50122372463906,90.31635224360573,block_51_180,0
sample_13202,24.484689200079647,92.24562692519459,block_48_184,0
sample_13203,27.158425525842134,95.16208186708255,block_54_190,0
sample_13204,27.450322564372232,96.19254255855016,block_54_192,0
sample_13205,26.85481401463153,93.32373848446592,block_53_186,0
sample_13206,26.05892114944894,90.09005324200535,block_52_180,0
sample_13207,27.989933825749223,96.76457013797014,block_55_193,0
sample_13208,27.60921119992762,92.53826215289494,block_55_185,0
sample_13209,28.21297410887874,95.34181149014745,block_56_190,0
sample_13210,25.94301532254849,90.35188141358245,block_51_180,0
sample_13211,28.61988451060012,94.2645106712299,block_57_188,0
sample_13212,25.837055725644063,91.09501370367032,block_51_182,0
sample_13213,27.60872790159823,94.86284731539776,block_55_189,0
sample_13214,27.312433023112597,93.5342452150542,block_54_187,0
sample_13215,28.241482228480535,95.99689323698755,block_56_191,0
sample_13216,27.13139834673334,93.31583374455859,block_54_186,0
sample_13217,26.602009845845203,92.79114721483492,block_53_185,0
sample_13218,28.340554840853205,95.34287030010516,block_56_190,0
sample_13219,25.289184749035822,94.11982136605756,block_50_188,0
sample_13220,27.119138790764268,92.61604679708039,block_54_185,0
sample_13221,27.893319104813422,95.9832611800604,block_55_191,0
sample_13222,28.651507109121635,94.27698231716062,block_57_188,0
sample_13223,26.71760423438485,90.01908699140141,block_53_180,0
sample_13224,25.026417009704666,93.10456718849915,block_50_186,0
sample_13225,24.751937502277233,93.85446629859905,block_49_187,0
sample_13226,26.285217407682534,93.09486276008538,block_52_186,0
sample_13227,28.550625264944667,96.00893386841952,block_57_192,0
sample_13228,27.98999392088856,94.82206080120025,block_55_189,0
sample_13229,24.863048799222746,92.67484565813066,block_49_185,0
sample_13230,25.636175105618644,90.96332008292146,block_51_181,0
sample_13231,26.81964648762013,92.93825205846886,block_53_185,0
sample_13232,23.954018458013792,92.6440590659482,block_47_185,0
sample_13233,27.100495255499297,95.54612408352118,block_54_191,0
sample_13234,24.195034249626072,93.64561211807234,block_48_187,0
sample_13235,24.4433838848927,92.99978055390088,block_48_185,0
sample_13236,27.697159305876966,88.78729961646397,block_55_177,0
sample_13237,24.273169071244983,92.56612987003241,block_48_185,0
sample_13238,26.308069852063444,91.61391698766965,block_52_183,0
sample_13239,27.463062223875973,95.29092142823397,block_54_190,0
sample_13240,26.757725603550565,94.1836326159525,block_53_188,0
sample_13241,26.55974267097163,92.88092413383086,block_53_185,0
sample_13242,25.883710827681448,92.10621031401487,block_51_184,0
sample_13243,25.89573598033183,92.23376991059212,block_51_184,0
sample_13244,28.262184176379975,94.23374476400448,block_56_188,0
sample_13245,26.98640569615414,92.74087267309795,block_53_185,0
sample_13246,27.69550117514082,94.45329818527864,block_55_188,0
sample_13247,27.37261700289925,93.22736249065944,block_54_186,0
sample_13248,28.02575628833716,95.16141790976101,block_56_190,0
sample_13249,26.33129817451651,94.74724588352363,block_52_189,0
sample_13250,27.20683765539508,93.02154543659898,block_54_186,0
sample_13251,28.333524991038267,96.60230499596703,block_56_193,0
sample_13252,24.09379820884712,91.67047674768443,block_48_183,0
sample_13253,27.994810800336463,93.3176822457399,block_55_186,0
sample_13254,25.397483907845952,93.2601306414869,block_50_186,0
sample_13255,25.34196110363698,90.59522903042684,block_50_181,0
sample_13256,26.019756054601523,91.37243421703441,block_52_182,0
sample_13257,26.973155106427445,93.3537095308621,block_53_186,0
sample_13258,23.588830739834837,91.38314266013953,block_47_182,0
sample_13259,29.128390544204382,94.523249381501,block_58_189,0
sample_13260,26.47714678348556,94.04587070286176,block_52_188,0
sample_13261,27.654754476235368,88.39807927934,block_55_176,0
sample_13262,25.752498886953475,92.6764633751543,block_51_185,0
sample_13263,27.988482657079988,93.34594104772762,block_55_186,0
sample_13264,24.752625932972265,93.732873423604,block_49_187,0
sample_13265,26.68897211163283,91.80631483488615,block_53_183,0
sample_13266,26.48542235292745,90.16967163453369,block_52_180,0
sample_13267,27.72325686927346,95.5094203608074,block_55_191,0
sample_13268,28.54621055908584,93.36421183715431,block_57_186,0
sample_13269,23.484942228769878,91.55388120320694,block_46_183,0
sample_13270,28.93345513833215,94.4661154922388,block_57_188,0
sample_13271,29.3804290667681,96.15371867964951,block_58_192,0
sample_13272,25.31559015510542,92.93013938576264,block_50_185,0
sample_13273,27.02639505312815,92.2498733650733,block_54_184,0
sample_13274,25.451533157774175,93.16854998821852,block_50_186,0
sample_13275,23.580232879867868,91.62346374275188,block_47_183,0
sample_13276,27.625492605523675,91.67300986821402,block_55_183,0
sample_13277,28.062923379749478,96.31470499824215,block_56_192,0
sample_13278,25.982038466553536,93.2904554219436,block_51_186,0
sample_13279,27.39508842788064,96.60521975094092,block_54_193,0
sample_13280,24.447164191811055,92.20515654858228,block_48_184,0
sample_13281,27.232171755458886,95.63141692547359,block_54_191,0
sample_13282,27.559684563090865,94.95748571639227,block_55_189,0
sample_13283,28.23003711379174,93.83749693199982,block_56_187,0
sample_13284,28.613812172447698,96.2939739488885,block_57_192,0
sample_13285,27.32236223856754,94.22337664508737,block_54_188,0
sample_13286,27.40314024329519,92.44150828000518,block_54_184,0
sample_13287,28.285314231537974,95.26758682032586,block_56_190,0
sample_13288,24.09298449998836,91.42914617325559,block_48_182,0
sample_13289,27.548819826803303,93.44656948367485,block_55_186,0
sample_13290,26.453737509474212,92.86797372006782,block_52_185,0
sample_13291,27.960725375091236,94.14666445115232,block_55_188,0
sample_13292,28.602414548809815,94.32334437233008,block_57_188,0
sample_13293,27.526820502747466,92.87702500095872,block_55_185,0
sample_13294,25.97348227758875,90.88618724465023,block_51_181,0
sample_13295,24.478601752862108,92.56612682298548,block_48_185,0
sample_13296,25.70888648420405,93.15995879673578,block_51_186,0
sample_13297,25.51415889032547,92.69452393060388,block_51_185,0
sample_13298,28.869052878482197,95.1682627952254,block_57_190,0
sample_13299,27.01450373977155,93.07598434644362,block_54_186,0
sample_13300,25.05416392582886,94.48395896709613,block_50_188,0
sample_13301,27.7397922877893,92.62864376939427,block_55_185,0
sample_13302,27.92751065933403,93.13303074916386,block_55_186,0
sample_13303,24.515051378299944,93.56768620739379,block_49_187,0
sample_13304,28.276734227464246,96.42330260513245,block_56_192,0
sample_13305,27.935359659168654,92.74714790604837,block_55_185,0
sample_13306,26.52752144717892,91.91556526162779,block_53_183,0
sample_13307,26.788425264441116,93.51651466757907,block_53_187,0
sample_13308,25.88026052339895,92.13616186867439,block_51_184,0
sample_13309,26.027044590163495,92.14759836283143,block_52_184,0
sample_13310,25.86880268925581,90.39063704444668,block_51_180,0
sample_13311,23.359330493540778,93.18881686426607,block_46_186,0
sample_13312,25.5504209375855,92.4800944070645,block_51_184,0
sample_13313,23.530480384932464,93.10148758523407,block_47_186,0
sample_13314,25.46019817857137,94.2907753048628,block_50_188,0
sample_13315,27.536400581645438,95.82536351657727,block_55_191,0
sample_13316,28.815834579270277,94.7226625880022,block_57_189,0
sample_13317,26.823657203911765,92.72819050237413,block_53_185,0
sample_13318,27.441800354244364,94.11911765154261,block_54_188,0
sample_13319,26.659093217869973,94.79995277216014,block_53_189,0
sample_13320,25.706703431151976,91.38701961956048,block_51_182,0
sample_13321,25.802711927071652,91.28822112992628,block_51_182,0
sample_13322,26.943157779081638,94.89693980099244,block_53_189,0
sample_13323,26.433667609907747,93.61165675367661,block_52_187,0
sample_13324,26.87587737797944,95.20208628597727,block_53_190,0
sample_13325,27.779544134628427,92.16631643166332,block_55_184,0
sample_13326,26.573290617952125,89.92403066868727,block_53_179,0
sample_13327,25.930745352028385,94.96641351195372,block_51_189,0
sample_13328,25.938518730827376,91.51759726543675,block_51_183,0
sample_13329,26.034282202801215,90.79282521680977,block_52_181,0
sample_13330,23.335420459455822,91.4752916250932,block_46_182,0
sample_13331,25.204236400582612,93.91659414002353,block_50_187,0
sample_13332,28.144654507790907,95.40921130708875,block_56_190,0
sample_13333,27.991953769509614,94.12904762893095,block_55_188,0
sample_13334,27.467567346059877,95.28905413621621,block_54_190,0
sample_13335,27.41936906198451,92.04589475324286,block_54_184,0
sample_13336,28.35838228677676,95.38983462425547,block_56_190,0
sample_13337,27.948462058644466,96.79198462972104,block_55_193,0
sample_13338,28.72197354451453,94.02580060441012,block_57_188,0
sample_13339,26.261427324262648,92.6437272689349,block_52_185,0
sample_13340,23.00489673510819,92.44570040970609,block_46_184,0
sample_13341,27.572205978870226,88.12014834714012,block_55_176,0
sample_13342,26.999411952733603,93.55819562238196,block_53_187,0
sample_13343,24.727011506666962,94.06363682739219,block_49_188,0
sample_13344,26.165307086127406,94.33196749655573,block_52_188,0
sample_13345,26.73333552399267,93.5028710179863,block_53_187,0
sample_13346,28.524527028552072,94.66559312789882,block_57_189,0
sample_13347,25.45946066483666,93.5597601051756,block_50_187,0
sample_13348,28.08070959487879,96.00105148306542,block_56_192,0
sample_13349,28.198075203686464,95.85634763662364,block_56_191,0
sample_13350,27.985866570382612,94.96354743622119,block_55_189,0
sample_13351,28.078082709744763,96.1541672388546,block_56_192,0
sample_13352,26.638614205052164,93.21940103060919,block_53_186,0
sample_13353,24.64866653138279,93.33101271902092,block_49_186,0
sample_13354,28.87521384870645,95.79960639137151,block_57_191,0
sample_13355,27.148829047065902,92.85508942173573,block_54_185,0
sample_13356,26.530928148033514,90.13658389013231,block_53_180,0
sample_13357,27.911277175112303,95.48461700878852,block_55_190,0
sample_13358,25.63596981329429,91.51284905641359,block_51_183,0
sample_13359,26.24004284708402,93.05330484696375,block_52_186,0
sample_13360,25.745250397346854,94.95115060597995,block_51_189,0
sample_13361,26.71990781475101,92.50039572224848,block_53_185,0
sample_13362,26.727608430780624,93.24818938461117,block_53_186,0
sample_13363,26.3172582412042,91.07464516185847,block_52_182,0
sample_13364,25.582605878468662,90.89118683919263,block_51_181,0
sample_13365,23.59677789099558,91.22633759353795,block_47_182,0
sample_13366,28.092065268384108,95.67812241533836,block_56_191,0
sample_13367,27.328185940578035,95.29160739911305,block_54_190,0
sample_13368,25.524551860609854,94.52731300405803,block_51_189,0
sample_13369,23.27223166818568,91.44704083994976,block_46_182,0
sample_13370,25.823155408851402,94.6776695285199,block_51_189,0
sample_13371,25.50044516409395,92.58790318203143,block_51_185,0
sample_13372,26.294365340103298,93.51113789370794,block_52_187,0
sample_13373,28.759405568233905,96.16585169896682,block_57_192,0
sample_13374,27.387113907443457,95.77170081400784,block_54_191,0
sample_13375,27.40118501990344,92.43763653451848,block_54_184,0
sample_13376,27.600903028558363,91.67293941226039,block_55_183,0
sample_13377,24.110013315012576,93.16435372177389,block_48_186,0
sample_13378,25.320708162753526,90.36612339248376,block_50_180,0
sample_13379,26.720212083899217,94.60574962189612,block_53_189,0
sample_13380,28.894615052430836,95.21468774680953,block_57_190,0
sample_13381,25.33990782269214,91.5075026502311,block_50_183,0
sample_13382,26.843272412772926,93.67860209801431,block_53_187,0
sample_13383,26.51896720159847,91.08923591812105,block_53_182,0
sample_13384,25.678468583064408,92.48437226029853,block_51_184,0
sample_13385,24.90815093063047,92.61070858941808,block_49_185,0
sample_13386,24.94036997349856,92.89082850011644,block_49_185,0
sample_13387,28.2317028243656,93.56627442007724,block_56_187,0
sample_13388,28.01591917964074,95.33680913623819,block_56_190,0
sample_13389,27.98235737084959,94.97355772146437,block_55_189,0
sample_13390,25.894433484176133,93.66949690563712,block_51_187,0
sample_13391,25.01219485389487,92.48968814744218,block_50_184,0
sample_13392,26.332638066270313,91.8763987335698,block_52_183,0
sample_13393,26.785953881425364,94.1028048771161,block_53_188,0
sample_13394,24.168405690912795,92.57348392087184,block_48_185,0
sample_13395,27.50150756355409,88.2267341048983,block_55_176,0
sample_13396,27.762387197172988,94.83731958286657,block_55_189,0
sample_13397,25.08239409088798,93.84786834672104,block_50_187,0
sample_13398,26.25932368932083,92.48698130335794,block_52_184,0
sample_13399,28.320847949462717,95.48915389208088,block_56_190,0
sample_13400,26.74457724353111,92.34525970663636,block_53_184,0
sample_13401,24.135618354435667,93.79634161411379,block_48_187,0
sample_13402,27.69882590037693,93.56840333743935,block_55_187,0
sample_13403,28.398574792802375,96.12526594735151,block_56_192,0
sample_13404,28.798672490984803,94.60154734490969,block_57_189,0
sample_13405,27.46593053384182,92.60532392902364,block_54_185,0
sample_13406,24.728332222800333,92.46604937198474,block_49_184,0
sample_13407,23.387689677225673,92.79742676150418,block_46_185,0
sample_13408,27.834293331234555,93.39285581319277,block_55_186,0
sample_13409,28.862139704330737,95.46204629923339,block_57_190,0
sample_13410,25.573592672340737,94.02874379193354,block_51_188,0
sample_13411,26.313454879751557,92.72379410734395,block_52_185,0
sample_13412,27.417898354541332,94.39690278752681,block_54_188,0
sample_13413,22.83953410511733,92.85500045595506,block_45_185,0
sample_13414,27.785480476952475,96.36693824252953,block_55_192,0
sample_13415,23.836753919554283,93.24346299047966,block_47_186,0
sample_13416,24.153326321191077,92.17585212864759,block_48_184,0
sample_13417,28.269950792154482,93.3380384653572,block_56_186,0
sample_13418,27.061064225316752,94.39403423936841,block_54_188,0
sample_13419,26.614391349359757,92.07340139387591,block_53_184,0
sample_13420,26.414983536680612,90.36136289596818,block_52_180,0
sample_13421,25.482076141550255,92.70958523511443,block_50_185,0
sample_13422,25.30403814259897,92.42750635457615,block_50_184,0
sample_13423,24.279908832470284,92.17966391815375,block_48_184,0
sample_13424,26.562207900433137,90.07074505809737,block_53_180,0
sample_13425,24.204229837995097,93.65850940075433,block_48_187,0
sample_13426,25.703059697140297,91.44224014615159,block_51_182,0
sample_13427,25.91695312849456,93.84593607579428,block_51_187,0
sample_13428,25.341279139348103,93.63730943794607,block_50_187,0
sample_13429,26.20270825756584,90.09648528552624,block_52_180,0
sample_13430,25.449433832705616,90.95268176396064,block_50_181,0
sample_13431,27.36382023739735,92.76640073603018,block_54_185,0
sample_13432,25.651525324160527,90.18100226569459,block_51_180,0
sample_13433,26.974500349541184,95.64039037690148,block_53_191,0
sample_13434,28.639831080841972,93.9753071846629,block_57_187,0
sample_13435,27.193650411207468,94.4205013855171,block_54_188,0
sample_13436,24.751112566313992,94.54533106934657,block_49_189,0
sample_13437,23.87249564431435,92.56692888531435,block_47_185,0
sample_13438,26.80019009819799,91.72972530130959,block_53_183,0
sample_13439,26.317092534022105,93.38084549592247,block_52_186,0
sample_13440,28.058321601796642,94.58260334391865,block_56_189,0
sample_13441,27.31191544199486,94.65313735866431,block_54_189,0
sample_13442,25.619236782181474,90.54760889950586,block_51_181,0
sample_13443,25.626979468435646,91.09932702831537,block_51_182,0
sample_13444,28.010117980832646,95.83341728156299,block_56_191,0
sample_13445,26.09119139311493,94.0236296511036,block_52_188,0
sample_13446,27.88893380553234,88.39028583940743,block_55_176,0
sample_13447,26.827102646115687,92.83406708427368,block_53_185,0
sample_13448,28.17961768573482,93.77899647616786,block_56_187,0
sample_13449,25.980971112545532,91.15748083540548,block_51_182,0
sample_13450,26.025059143570495,92.69269541554014,block_52_185,0
sample_13451,25.252733041311558,91.94051804330063,block_50_183,0
sample_13452,28.57773714920897,94.75738418165615,block_57_189,0
sample_13453,28.96731236887275,95.37270124163048,block_57_190,0
sample_13454,27.350018651836415,94.43791008421705,block_54_188,0
sample_13455,26.51760267555932,93.93976742805653,block_53_187,0
sample_13456,27.103501570215936,92.88486167662441,block_54_185,0
sample_13457,25.709374869308423,91.0371223751865,block_51_182,0
sample_13458,27.77943164764752,96.07778084883567,block_55_192,0
sample_13459,25.510417532282506,92.96407636459826,block_51_185,0
sample_13460,27.732478774544944,95.94168934531764,block_55_191,0
sample_13461,25.311009428356858,91.24923063312654,block_50_182,0
sample_13462,26.189142597825825,93.43574427280637,block_52_186,0
sample_13463,24.585983778379415,93.08301462450066,block_49_186,0
sample_13464,29.01828914858759,94.54391646101644,block_58_189,0
sample_13465,23.60510359324648,91.51336922698704,block_47_183,0
sample_13466,25.77043384864832,90.44446016730951,block_51_180,0
sample_13467,25.11051909411919,92.57048645904298,block_50_185,0
sample_13468,27.557547706254404,95.17057821491618,block_55_190,0
sample_13469,25.808468125162435,91.2949206363006,block_51_182,0
sample_13470,26.312294769507904,94.99143981638115,block_52_189,0
sample_13471,26.719643363308705,91.14764817980515,block_53_182,0
sample_13472,25.919581826203853,92.08674827992728,block_51_184,0
sample_13473,25.233592207907062,91.6040276107082,block_50_183,0
sample_13474,24.935294777187583,93.7363519228264,block_49_187,0
sample_13475,28.0491417721069,92.71497601607851,block_56_185,0
sample_13476,27.55485522984722,91.82059476948986,block_55_183,0
sample_13477,28.617967900825683,96.4470090094168,block_57_192,0
sample_13478,28.077539380286254,88.63207201889199,block_56_177,0
sample_13479,23.925683817818175,91.66536187483862,block_47_183,0
sample_13480,25.990034815156584,90.1734191867563,block_51_180,0
sample_13481,27.764470420919256,92.77678097941286,block_55_185,0
sample_13482,27.002765245760227,94.37157897592625,block_54_188,0
sample_13483,28.473511850201312,93.55898213614263,block_56_187,0
sample_13484,27.336548135068867,93.68185489593091,block_54_187,0
sample_13485,26.834369941497215,90.32137414341281,block_53_180,0
sample_13486,24.96204306190775,93.77482153676021,block_49_187,0
sample_13487,26.59404168072917,94.26301222983095,block_53_188,0
sample_13488,26.330784692766027,89.87717257588602,block_52_179,0
sample_13489,26.4566426050855,90.53952515623018,block_52_181,0
sample_13490,25.212273439475887,90.81744618033493,block_50_181,0
sample_13491,27.140338081700158,97.0402651773574,block_54_194,0
sample_13492,27.24380710462505,95.11267371752777,block_54_190,0
sample_13493,26.484811740700465,90.10805253113713,block_52_180,0
sample_13494,27.564345202888866,96.40892818730421,block_55_192,0
sample_13495,27.847706985903912,88.67795914006186,block_55_177,0
sample_13496,28.333834920041006,94.27084373251155,block_56_188,0
sample_13497,26.767292907334088,95.24160334945988,block_53_190,0
sample_13498,27.630905589417857,92.74387512325822,block_55_185,0
sample_13499,25.407915847055886,93.72708823481247,block_50_187,0
sample_13500,26.462327605584946,90.69374779903876,block_52_181,0
sample_13501,26.57907974627731,93.91192709535657,block_53_187,0
sample_13502,27.650350467182243,95.3766603466672,block_55_190,0
sample_13503,25.96953586949146,91.9419779404265,block_51_183,0
sample_13504,25.430737655040208,92.54454516673748,block_50_185,0
sample_13505,28.07437376073676,93.07650849054197,block_56_186,0
sample_13506,28.190183755768278,95.41593940424889,block_56_190,0
sample_13507,27.46832799191467,94.04073032277586,block_54_188,0
sample_13508,24.460311600252272,92.94942747417426,block_48_185,0
sample_13509,29.096432510371272,95.76945965288328,block_58_191,0
sample_13510,24.958065043231294,94.24491669901296,block_49_188,0
sample_13511,28.65328550116871,96.08656410855735,block_57_192,0
sample_13512,27.210002087273438,97.08255058831652,block_54_194,0
sample_13513,28.004051994227545,94.95951774524,block_56_189,0
sample_13514,24.85351909540559,94.00974933039565,block_49_188,0
sample_13515,23.395075161373825,92.38347598901923,block_46_184,0
sample_13516,27.4620632689888,96.14597171400891,block_54_192,0
sample_13517,24.56096763187655,93.28530779528981,block_49_186,0
sample_13518,25.23438728069198,92.63786803322768,block_50_185,0
sample_13519,27.038037809888777,93.85385499134728,block_54_187,0
sample_13520,28.38455689198571,96.13949993292066,block_56_192,0
sample_13521,24.06042222747501,93.90651010593824,block_48_187,0
sample_13522,28.89920114065173,94.76247587403469,block_57_189,0
sample_13523,27.45334320825347,94.57874584241343,block_54_189,0
sample_13524,27.942864599416687,95.56990830029174,block_55_191,0
sample_13525,26.05031516902561,90.50420079258161,block_52_181,0
sample_13526,23.62017998720244,93.24002079376562,block_47_186,0
sample_13527,27.49734847972186,96.09419496643679,block_54_192,0
sample_13528,26.712767562444824,94.74057231432714,block_53_189,0
sample_13529,26.29367604507975,93.5988606952519,block_52_187,0
sample_13530,24.89661802802413,93.93799218611227,block_49_187,0
sample_13531,25.878033011593534,94.39000025337101,block_51_188,0
sample_13532,25.696320834988317,93.01224936119142,block_51_186,0
sample_13533,28.292769058118886,94.33787238885243,block_56_188,0
sample_13534,27.768845313739625,95.87878029969036,block_55_191,0
sample_13535,24.02296581897337,91.87705760351355,block_48_183,0
sample_13536,26.573406955274876,93.83403184590598,block_53_187,0
sample_13537,25.08965779705613,92.51584625786582,block_50_185,0
sample_13538,27.766056060007685,92.27640914923492,block_55_184,0
sample_13539,25.039166197588127,92.85610526530904,block_50_185,0
sample_13540,24.21482128404306,91.95188597490548,block_48_183,0
sample_13541,27.033935360870863,93.51804242158887,block_54_187,0
sample_13542,27.74408700423001,94.44607033695006,block_55_188,0
sample_13543,23.878662709080842,91.52023271927779,block_47_183,0
sample_13544,27.181448404246787,92.78654882990033,block_54_185,0
sample_13545,27.517239852404153,88.49115985612045,block_55_176,0
sample_13546,27.746395022608233,96.712397535646,block_55_193,0
sample_13547,24.53311353534428,94.38195639599334,block_49_188,0
sample_13548,28.75785459902307,94.07906388526223,block_57_188,0
sample_13549,29.189546843102356,95.55403725463582,block_58_191,0
sample_13550,27.975614500909806,93.73962568972445,block_55_187,0
sample_13551,27.193160466898497,92.76996361705685,block_54_185,0
sample_13552,24.672433875422254,93.7265779545173,block_49_187,0
sample_13553,26.477337532934087,90.44623050360188,block_52_180,0
sample_13554,27.00831452519065,95.08072515465378,block_54_190,0
sample_13555,25.459966372734065,94.49057496377746,block_50_188,0
sample_13556,26.996793155222427,92.39070785890047,block_53_184,0
sample_13557,25.392508554013812,91.55777944242814,block_50_183,0
sample_13558,27.17836671563308,94.19256038003809,block_54_188,0
sample_13559,27.44344086699263,93.82795103571667,block_54_187,0
sample_13560,25.78044279713276,91.70975589494999,block_51_183,0
sample_13561,28.698365726864854,95.87367575432559,block_57_191,0
sample_13562,27.429491551069965,94.57504069458503,block_54_189,0
sample_13563,28.94014491493615,96.50898559246843,block_57_193,0
sample_13564,28.37571964730732,93.39229276864053,block_56_186,0
sample_13565,28.18477754388481,94.5891401227375,block_56_189,0
sample_13566,24.00858750809532,93.07960747506144,block_48_186,0
sample_13567,26.368799606733432,90.76949706868932,block_52_181,0
sample_13568,22.76919502156583,92.53687377424787,block_45_185,0
sample_13569,24.02296419337678,91.54795634387592,block_48_183,0
sample_13570,26.752355479380263,93.19261438020142,block_53_186,0
sample_13571,27.360434755180947,92.15800230729312,block_54_184,0
sample_13572,25.534147323635153,92.62946019799092,block_51_185,0
sample_13573,28.29973644145913,94.98082356756522,block_56_189,0
sample_13574,23.889544980107573,92.04634869107144,block_47_184,0
sample_13575,26.278269619075473,95.00406406658931,block_52_190,0
sample_13576,28.79474288930653,96.42907337042993,block_57_192,0
sample_13577,27.29166400522287,93.99084656944723,block_54_187,0
sample_13578,28.308781535218017,95.35127519292776,block_56_190,0
sample_13579,28.597088664193826,93.58450063746103,block_57_187,0
sample_13580,23.646343261064185,92.5285553584039,block_47_185,0
sample_13581,25.416169177623757,93.33769375000196,block_50_186,0
sample_13582,25.464638175788593,91.75170761302617,block_50_183,0
sample_13583,28.30013424571177,95.22261923490161,block_56_190,0
sample_13584,26.665928483977645,90.45484498852859,block_53_180,0
sample_13585,25.982472958504758,94.0548179518442,block_51_188,0
sample_13586,26.32637740318238,90.37584842624698,block_52_180,0
sample_13587,29.08543994497802,94.30832395922698,block_58_188,0
sample_13588,27.925762019439993,96.59518060980372,block_55_193,0
sample_13589,28.679597738213072,94.24538997306908,block_57_188,0
sample_13590,26.695584055585247,95.38972938918239,block_53_190,0
sample_13591,27.591596064901534,92.07353110091188,block_55_184,0
sample_13592,27.07148274648152,95.74928035965084,block_54_191,0
sample_13593,25.66886370626856,92.68519179603163,block_51_185,0
sample_13594,23.694967430750854,92.80738212861449,block_47_185,0
sample_13595,25.319591975462643,92.08781625067394,block_50_184,0
sample_13596,23.992796808361664,92.92603797427653,block_47_185,0
sample_13597,28.038762518852764,94.73447899559528,block_56_189,0
sample_13598,29.012783855942416,95.45514198552776,block_58_190,0
sample_13599,24.065703454633706,93.45804479734235,block_48_186,0
sample_13600,27.188376610142594,94.37205919879497,block_54_188,0
sample_13601,25.650569325375628,93.9437965493394,block_51_187,0
sample_13602,26.45456240811746,91.54125524992358,block_52_183,0
sample_13603,28.221880531139846,96.20031076296854,block_56_192,0
sample_13604,28.361105591811953,96.87928823677993,block_56_193,0
sample_13605,23.964723065059193,92.86539853518079,block_47_185,0
sample_13606,23.942511973704228,91.8456292474793,block_47_183,0
sample_13607,27.988993479705844,95.75519094456385,block_55_191,0
sample_13608,25.954383624865553,93.3025185127823,block_51_186,0
sample_13609,23.56735528011362,91.34610332667134,block_47_182,0
sample_13610,25.080096521155554,92.66504373092447,block_50_185,0
sample_13611,25.825349053886463,89.83426699023859,block_51_179,0
sample_13612,28.958494882103324,95.63579182284822,block_57_191,0
sample_13613,26.070632412736714,90.56612544009192,block_52_181,0
sample_13614,24.75702797997824,93.87081169932645,block_49_187,0
sample_13615,27.901973439404586,96.07330733056719,block_55_192,0
sample_13616,25.83493761465294,93.5839732301317,block_51_187,0
sample_13617,26.981055637832757,93.08448461145099,block_53_186,0
sample_13618,26.214664525768733,94.83310615403568,block_52_189,0
sample_13619,27.4392980495829,96.65014220286585,block_54_193,0
sample_13620,26.81535927202533,92.2058249006426,block_53_184,0
sample_13621,28.178423366317723,94.25660984596368,block_56_188,0
sample_13622,25.980569288574436,94.27001791862438,block_51_188,0
sample_13623,27.43512454214417,95.95944156575187,block_54_191,0
sample_13624,29.15121507895992,95.96496881137162,block_58_191,0
sample_13625,27.145928746012007,93.57070786600333,block_54_187,0
sample_13626,25.795704644671787,92.97178858249421,block_51_185,0
sample_13627,23.154068337915433,92.94796154007246,block_46_185,0
sample_13628,28.82610829248338,95.72227042459726,block_57_191,0
sample_13629,23.649234637693215,91.8317080882202,block_47_183,0
sample_13630,28.347631874313656,94.237760839209,block_56_188,0
sample_13631,29.15166387395467,96.24050572311438,block_58_192,0
sample_13632,28.736322161032547,95.40351791584366,block_57_190,0
sample_13633,25.683426919526323,93.39307177500133,block_51_186,0
sample_13634,25.345652641748423,93.7380669546562,block_50_187,0
sample_13635,24.572342712006662,94.025919233984,block_49_188,0
sample_13636,28.491171404357097,93.4040440033728,block_56_186,0
sample_13637,26.97481201581459,94.6567555511636,block_53_189,0
sample_13638,27.969738040359886,95.78772838692258,block_55_191,0
sample_13639,25.52405352278796,90.33397415179277,block_51_180,0
sample_13640,24.06163066313623,94.13048705056312,block_48_188,0
sample_13641,28.217031922601535,97.22873200875671,block_56_194,0
sample_13642,28.03663858161177,95.55529693840509,block_56_191,0
sample_13643,26.765844751991807,92.4634342449477,block_53_184,0
sample_13644,27.717548312485302,92.28582961273452,block_55_184,0
sample_13645,23.057854893623947,93.03300024356383,block_46_186,0
sample_13646,27.28840000841006,92.30706457772682,block_54_184,0
sample_13647,27.845333415956432,96.47874804210365,block_55_192,0
sample_13648,26.286424273334827,93.41015498435424,block_52_186,0
sample_13649,25.772889265266326,93.69111173709857,block_51_187,0
sample_13650,24.704009950596003,94.30107543288224,block_49_188,0
sample_13651,26.441237617475124,90.95063892540993,block_52_181,0
sample_13652,26.202095394330108,92.3881147354912,block_52_184,0
sample_13653,28.846669219968625,95.17259630281532,block_57_190,0
sample_13654,27.565452715978918,92.31471996966755,block_55_184,0
sample_13655,27.805337400804948,88.39599704716898,block_55_176,0
sample_13656,26.061387569985886,91.37888197566794,block_52_182,0
sample_13657,25.362268772190003,92.81346727953525,block_50_185,0
sample_13658,25.2792450245043,90.38814296150244,block_50_180,0
sample_13659,26.4016210551164,89.9633202835496,block_52_179,0
sample_13660,28.488986791722027,94.41769218010346,block_56_188,0
sample_13661,27.500273346153175,93.36308880300352,block_55_186,0
sample_13662,26.00832335275593,90.76518045700315,block_52_181,0
sample_13663,27.651574273953695,94.86778412987474,block_55_189,0
sample_13664,27.573109735121545,96.32500374830708,block_55_192,0
sample_13665,26.253370357916936,92.8934705205998,block_52_185,0
sample_13666,26.68566353864396,92.02146101901543,block_53_184,0
sample_13667,25.848599051781072,93.90374861874949,block_51_187,0
sample_13668,28.237096154444533,95.32044623594777,block_56_190,0
sample_13669,26.723674395718003,90.00179225052594,block_53_180,0
sample_13670,26.61373990189054,91.86161155066527,block_53_183,0
sample_13671,27.542514688198423,92.63396948148663,block_55_185,0
sample_13672,29.221403031389023,95.98790236250967,block_58_191,0
sample_13673,26.269934680338384,90.45289261767738,block_52_180,0
sample_13674,27.114382530491866,94.75322720289557,block_54_189,0
sample_13675,26.02455655125625,92.43010128883225,block_52_184,0
sample_13676,28.930708202451317,96.10476889628418,block_57_192,0
sample_13677,28.153566043760247,96.81848320537176,block_56_193,0
sample_13678,26.02625277656996,90.11647145188542,block_52_180,0
sample_13679,25.946362913413374,94.24003091075514,block_51_188,0
sample_13680,26.429035360735632,90.6264038543408,block_52_181,0
sample_13681,25.86085932564392,92.49746555663869,block_51_184,0
sample_13682,26.523209963971993,91.5684802291551,block_53_183,0
sample_13683,25.63312805400248,92.77045492481871,block_51_185,0
sample_13684,28.34718702093511,96.69527607815614,block_56_193,0
sample_13685,25.030431751594058,92.48827775243304,block_50_184,0
sample_13686,27.26857470887574,95.77601271433774,block_54_191,0
sample_13687,26.683635793863147,94.57125806841294,block_53_189,0
sample_13688,22.55984733790619,92.71196002795202,block_45_185,0
sample_13689,26.796183444477542,91.69446920155914,block_53_183,0
sample_13690,28.945602682562857,94.16994232488315,block_57_188,0
sample_13691,24.72629272595521,92.62157389808067,block_49_185,0
sample_13692,25.61134552159388,93.49126416733667,block_51_186,0
sample_13693,26.519927613167468,93.80589146590937,block_53_187,0
sample_13694,27.622287993397165,96.68759008221487,block_55_193,0
sample_13695,27.39970476240854,95.98308905201925,block_54_191,0
sample_13696,26.692431923548583,92.93457318804703,block_53_185,0
sample_13697,24.13893888422742,93.52888971777642,block_48_187,0
sample_13698,28.353368301900396,93.90799627781925,block_56_187,0
sample_13699,28.53508933328062,94.48554639512622,block_57_188,0
sample_13700,26.486073850167408,92.90097168147562,block_52_185,0
sample_13701,25.806151643600412,94.62101386170882,block_51_189,0
sample_13702,28.292811701383606,96.55793039775719,block_56_193,0
sample_13703,25.67124590018529,90.74638196365002,block_51_181,0
sample_13704,25.288090502955857,94.25334269385438,block_50_188,0
sample_13705,24.8103561459687,92.52096900806163,block_49_185,0
sample_13706,26.214196048091104,90.3443858245522,block_52_180,0
sample_13707,24.601051234649606,93.08109223698008,block_49_186,0
sample_13708,27.963512305966802,94.84495793038923,block_55_189,0
sample_13709,25.76244385387398,93.1949912831382,block_51_186,0
sample_13710,27.37265735872343,93.40853644619972,block_54_186,0
sample_13711,25.230557626634486,90.59160010710893,block_50_181,0
sample_13712,29.379798674530726,95.9056136963745,block_58_191,0
sample_13713,25.36223885551075,91.46737716807361,block_50_182,0
sample_13714,24.45179730678725,94.32455073391537,block_48_188,0
sample_13715,27.85183201014001,91.63677366640567,block_55_183,0
sample_13716,26.929832694817616,95.34922420482329,block_53_190,0
sample_13717,25.844562879734863,94.82761285537904,block_51_189,0
sample_13718,27.83708358310641,96.23184865997914,block_55_192,0
sample_13719,27.683087526862096,91.74003187504645,block_55_183,0
sample_13720,25.419124940722266,93.09420219257322,block_50_186,0
sample_13721,26.39584502903561,91.0939322303343,block_52_182,0
sample_13722,26.942908342305348,92.9199031048795,block_53_185,0
sample_13723,25.30221111851168,90.45269044879376,block_50_180,0
sample_13724,26.342585890534146,94.40313599356745,block_52_188,0
sample_13725,25.109263372731775,92.56837760681661,block_50_185,0
sample_13726,25.48812724928069,94.34982048278847,block_50_188,0
sample_13727,25.897313252354685,92.04354367886391,block_51_184,0
sample_13728,27.21646077509036,94.26489470196056,block_54_188,0
sample_13729,27.867128813618457,93.24106049236173,block_55_186,0
sample_13730,22.57976413073549,93.10623741894388,block_45_186,0
sample_13731,27.0559015568653,95.2261151430507,block_54_190,0
sample_13732,25.62344788251648,90.55525624309806,block_51_181,0
sample_13733,26.572574207223624,91.79550410155323,block_53_183,0
sample_13734,26.907276421494675,94.54077218435624,block_53_189,0
sample_13735,23.30106376719732,91.61878466059055,block_46_183,0
sample_13736,26.999732268661003,93.52542358946155,block_53_187,0
sample_13737,24.542077312614783,93.88105289467433,block_49_187,0
sample_13738,28.045001741497934,93.03877163658369,block_56_186,0
sample_13739,24.145754989621143,92.37486244655511,block_48_184,0
sample_13740,27.85738434177104,94.68355469074358,block_55_189,0
sample_13741,27.959791289125317,88.37767709095337,block_55_176,0
sample_13742,23.98384185055131,93.47004921649767,block_47_186,0
sample_13743,25.750250189279384,94.61077707599966,block_51_189,0
sample_13744,24.169083421161446,92.19188384092735,block_48_184,0
sample_13745,28.79845376312712,96.18612037326895,block_57_192,0
sample_13746,27.16534810619236,92.98808944977772,block_54_185,0
sample_13747,25.986006202033074,94.67788838882942,block_51_189,0
sample_13748,26.61682107119806,90.04102056641692,block_53_180,0
sample_13749,23.53247852901929,91.79724452521249,block_47_183,0
sample_13750,27.79681822855497,94.8954736447114,block_55_189,0
sample_13751,26.37814027900569,90.02328508804658,block_52_180,0
sample_13752,27.157860667675273,92.83232379278279,block_54_185,0
sample_13753,24.193438186156342,93.0875580679977,block_48_186,0
sample_13754,26.08551104128798,90.04198923173567,block_52_180,0
sample_13755,27.90280951385046,95.43225748809861,block_55_190,0
sample_13756,22.903347610129966,92.6442705198176,block_45_185,0
sample_13757,26.039061309029123,94.67223787403074,block_52_189,0
sample_13758,26.881698230944583,90.42778821095484,block_53_180,0
sample_13759,23.199508965096097,93.05006680001902,block_46_186,0
sample_13760,28.309395042142246,94.58370320759458,block_56_189,0
sample_13761,26.980022650117093,95.61843845654202,block_53_191,0
sample_13762,24.938541604870377,94.10353521690026,block_49_188,0
sample_13763,23.276733808978943,91.54050441886066,block_46_183,0
sample_13764,26.395278768196665,90.64362927686072,block_52_181,0
sample_13765,27.838154699243987,95.5555141465778,block_55_191,0
sample_13766,28.447024460305457,93.35238382379445,block_56_186,0
sample_13767,28.976347358442545,94.87604959701113,block_57_189,0
sample_13768,25.514025218465044,93.42159077131357,block_51_186,0
sample_13769,26.88646108689217,95.26982113666527,block_53_190,0
sample_13770,26.943033678018768,95.72050296468,block_53_191,0
sample_13771,25.833876748191376,90.08385194374877,block_51_180,0
sample_13772,25.619943219656918,91.91120868678351,block_51_183,0
sample_13773,28.73761583462074,94.25550240784143,block_57_188,0
sample_13774,27.967618925770715,95.14169371958306,block_55_190,0
sample_13775,28.362073399182563,96.51353620693408,block_56_193,0
sample_13776,28.226535925363347,94.60995620423728,block_56_189,0
sample_13777,27.171160298321034,92.03189467260846,block_54_184,0
sample_13778,26.73860087390858,93.7568874917691,block_53_187,0
sample_13779,25.527050959386,90.56794044090515,block_51_181,0
sample_13780,25.400425847660845,91.93463082786637,block_50_183,0
sample_13781,28.013508846926403,97.0636237293867,block_56_194,0
sample_13782,28.868371698558537,95.1854326059245,block_57_190,0
sample_13783,27.862755435110586,96.97905876499658,block_55_193,0
sample_13784,23.844477838621142,91.31954406556679,block_47_182,0
sample_13785,26.597933114099053,93.26915261450318,block_53_186,0
sample_13786,25.98066778548565,90.1328582489787,block_51_180,0
sample_13787,22.593409703145937,93.10348414975945,block_45_186,0
sample_13788,26.51786494526446,90.80438263749652,block_53_181,0
sample_13789,28.11689187535088,94.25352355666425,block_56_188,0
sample_13790,26.163131428717307,93.50561803147474,block_52_187,0
sample_13791,27.655399496151194,95.86186265729225,block_55_191,0
sample_13792,24.6115724829404,93.77362863677757,block_49_187,0
sample_13793,27.79263348664132,96.58229732155138,block_55_193,0
sample_13794,26.629686055485095,92.41558723783284,block_53_184,0
sample_13795,28.241141284479486,97.27865653430632,block_56_194,0
sample_13796,28.46932340269302,96.0800737572161,block_56_192,0
sample_13797,28.450224546676857,95.31725405082345,block_56_190,0
sample_13798,28.907804945692185,95.57124844450598,block_57_191,0
sample_13799,23.99170034028105,93.24414653066545,block_47_186,0
sample_13800,23.859179189044443,92.24644977226397,block_47_184,0
sample_13801,27.17403992607202,96.95039501360894,block_54_193,0
sample_13802,25.307525192501068,91.28846227253457,block_50_182,0
sample_13803,27.508407817889516,92.75889354648011,block_55_185,0
sample_13804,28.797327102160907,95.6072123522435,block_57_191,0
sample_13805,25.860976210961333,93.73190698489557,block_51_187,0
sample_13806,28.47952764159095,93.31684319340579,block_56_186,0
sample_13807,23.787264172280764,92.0051434457003,block_47_184,0
sample_13808,28.911220786155905,95.10996517134748,block_57_190,0
sample_13809,27.527035447011876,95.03699806986819,block_55_190,0
sample_13810,24.43860685779785,92.60024051530075,block_48_185,0
sample_13811,27.300923236647698,93.7142245602197,block_54_187,0
sample_13812,26.596773857830335,93.35833205908509,block_53_186,0
sample_13813,27.768964027860143,96.56159585768,block_55_193,0
sample_13814,25.947712999137753,92.80555429854826,block_51_185,0
sample_13815,27.740244986632916,96.31247578648284,block_55_192,0
sample_13816,24.69642723238461,93.87426040872937,block_49_187,0
sample_13817,28.334559375610606,95.4630937223095,block_56_190,0
sample_13818,26.051887627910872,90.93536029177619,block_52_181,0
sample_13819,28.104422947142783,95.49743199976879,block_56_190,0
sample_13820,26.61341440702481,93.6359270415514,block_53_187,0
sample_13821,26.34806607847737,92.42041795753153,block_52_184,0
sample_13822,27.207133809195987,92.72158399568475,block_54_185,0
sample_13823,27.906412264323656,95.56400831776138,block_55_191,0
sample_13824,28.02308741892063,96.08351459209457,block_56_192,0
sample_13825,26.9445972332775,94.10092063379196,block_53_188,0
sample_13826,28.27548739184083,93.09938857158316,block_56_186,0
sample_13827,26.44050908595178,93.6129717114882,block_52_187,0
sample_13828,24.260334556092236,92.85256342791943,block_48_185,0
sample_13829,26.769646784164568,90.77148951462073,block_53_181,0
sample_13830,28.240003254337537,96.39499651507737,block_56_192,0
sample_13831,26.640319476221602,93.52113522347034,block_53_187,0
sample_13832,22.633137963020513,93.09837754609622,block_45_186,0
sample_13833,27.19663486491642,93.23195678191139,block_54_186,0
sample_13834,26.395573082360063,91.5438702913858,block_52_183,0
sample_13835,25.791218296475563,93.13269454431011,block_51_186,0
sample_13836,27.08853136774616,92.85175459853725,block_54_185,0
sample_13837,28.489532201309302,93.71378359880244,block_56_187,0
sample_13838,26.73353900526553,94.33841474740728,block_53_188,0
sample_13839,25.52824490115081,90.87454083760656,block_51_181,0
sample_13840,28.062057666265293,96.73945150314046,block_56_193,0
sample_13841,27.551948932868328,91.68044169108424,block_55_183,0
sample_13842,22.843440959434517,92.73484636728708,block_45_185,0
sample_13843,27.703854842005352,94.16556826731245,block_55_188,0
sample_13844,27.756149514369767,93.80096213011849,block_55_187,0
sample_13845,26.605518616894287,91.1118644131709,block_53_182,0
sample_13846,26.718324498708583,94.60020261467422,block_53_189,0
sample_13847,24.681796198729845,92.76039280536867,block_49_185,0
sample_13848,25.440844456259292,90.1898718976479,block_50_180,0
sample_13849,27.716982602780803,93.59631007906745,block_55_187,0
sample_13850,26.96625270207767,92.82059299014625,block_53_185,0
sample_13851,25.83245044463798,90.95504225559259,block_51_181,0
sample_13852,26.158305583497704,91.00484181780097,block_52_182,0
sample_13853,27.410801581120918,92.25045569966494,block_54_184,0
sample_13854,26.463068516777163,94.17437858786754,block_52_188,0
sample_13855,25.30428647854327,90.3356112608933,block_50_180,0
sample_13856,26.660741938386092,92.14008473160712,block_53_184,0
sample_13857,28.61748788389456,94.10182795677878,block_57_188,0
sample_13858,27.149511146664192,93.97188164863978,block_54_187,0
sample_13859,26.137032637124726,91.53851426637407,block_52_183,0
sample_13860,23.51570804376171,91.69582763379374,block_47_183,0
sample_13861,24.83344465763189,92.80678155330514,block_49_185,0
sample_13862,28.191340807720188,94.39984694190298,block_56_188,0
sample_13863,24.43514680196074,92.7248488785605,block_48_185,0
sample_13864,25.938857266036575,93.18576393143583,block_51_186,0
sample_13865,23.316554837316005,92.83383836451063,block_46_185,0
sample_13866,26.370776656614375,94.3123450118526,block_52_188,0
sample_13867,27.163315337149335,92.18206609804334,block_54_184,0
sample_13868,27.978600861042104,97.10055775738769,block_55_194,0
sample_13869,28.33262484444257,93.88391798841366,block_56_187,0
sample_13870,25.19543835555026,93.83278685092091,block_50_187,0
sample_13871,27.92023040542796,88.51487104756019,block_55_177,0
sample_13872,28.091439570366457,93.30863827148569,block_56_186,0
sample_13873,28.419712999746018,95.21240503940085,block_56_190,0
sample_13874,24.81185293003311,92.39483492161165,block_49_184,0
sample_13875,26.895302270684184,93.2703298183225,block_53_186,0
sample_13876,27.34845991327429,88.5631860501202,block_54_177,0
sample_13877,22.625730072480664,93.07970460320752,block_45_186,0
sample_13878,25.822796776474203,93.31245397587858,block_51_186,0
sample_13879,27.51394301886059,96.12353082845563,block_55_192,0
sample_13880,25.192678281884035,91.29857500851944,block_50_182,0
sample_13881,25.052537709201022,93.16214511486479,block_50_186,0
sample_13882,24.711375442895413,94.53895065084069,block_49_189,0
sample_13883,24.39236620955902,93.97879767298913,block_48_187,0
sample_13884,25.485084830395675,93.04584722015055,block_50_186,0
sample_13885,28.356520608959617,94.82535613261284,block_56_189,0
sample_13886,28.375733965901304,96.25469924180106,block_56_192,0
sample_13887,26.60826998091126,92.62147432368654,block_53_185,0
sample_13888,26.704259847516635,93.58714724798185,block_53_187,0
sample_13889,28.011865420973812,94.09369508532623,block_56_188,0
sample_13890,23.554264375847687,92.35121331163083,block_47_184,0
sample_13891,27.368217653564148,94.91044642309205,block_54_189,0
sample_13892,27.860977291709236,94.16285913459967,block_55_188,0
sample_13893,28.163752953014637,96.65423847333997,block_56_193,0
sample_13894,25.005269014437374,93.79163294283565,block_50_187,0
sample_13895,22.41173033297043,92.80042405786702,block_44_185,0
sample_13896,27.8666958245674,96.41478660360137,block_55_192,0
sample_13897,27.18255558106752,95.1036849950173,block_54_190,0
sample_13898,28.566039444135832,95.28199917613092,block_57_190,0
sample_13899,24.653212329156432,94.45091821390535,block_49_188,0
sample_13900,25.79412033647616,95.03757721705796,block_51_190,0
sample_13901,25.379671955211638,92.1858061250768,block_50_184,0
sample_13902,23.11677619038906,92.76648335505921,block_46_185,0
sample_13903,27.896697402029318,97.06737385850428,block_55_194,0
sample_13904,27.641039464771342,93.29868776036393,block_55_186,0
sample_13905,24.598105369387493,93.0411473054462,block_49_186,0
sample_13906,29.0591481850094,96.00073568432103,block_58_192,0
sample_13907,28.42112979693776,93.45697993979812,block_56_186,0
sample_13908,26.94879315310736,92.65187690473468,block_53_185,0
sample_13909,28.075217145170523,96.80111320985947,block_56_193,0
sample_13910,27.58826678473781,88.44152582681762,block_55_176,0
sample_13911,26.90293415200038,94.45680518469851,block_53_188,0
sample_13912,23.81331529539181,91.46432892903034,block_47_182,0
sample_13913,23.961278930794666,91.6880088149882,block_47_183,0
sample_13914,26.063533407600048,92.41377217336203,block_52_184,0
sample_13915,28.3780818193911,94.95733237210894,block_56_189,0
sample_13916,28.10339198440037,95.66930572313925,block_56_191,0
sample_13917,23.267119465640256,91.61374330608194,block_46_183,0
sample_13918,26.020470524332808,94.94002568014282,block_52_189,0
sample_13919,24.11337865448392,91.7048284213585,block_48_183,0
sample_13920,27.339392254198458,94.21211913518796,block_54_188,0
sample_13921,24.421771549615205,92.75982239494886,block_48_185,0
sample_13922,26.638542620734665,94.30969599620384,block_53_188,0
sample_13923,27.476605384348886,96.65890259602982,block_54_193,0
sample_13924,28.512108888182013,95.0318738440643,block_57_190,0
sample_13925,24.05242751518385,91.89812147604366,block_48_183,0
sample_13926,26.91715492489272,94.76981031792427,block_53_189,0
sample_13927,27.02416419501669,92.70578170899903,block_54_185,0
sample_13928,27.17197628260296,93.03236669459676,block_54_186,0
sample_13929,24.37733868347658,93.57882368634658,block_48_187,0
sample_13930,26.1496472497772,93.46612046889874,block_52_186,0
sample_13931,27.638494439923853,96.84045617214856,block_55_193,0
sample_13932,28.442121973393213,94.5463540109191,block_56_189,0
sample_13933,27.87860906508562,97.15362899141913,block_55_194,0
sample_13934,24.11319815846027,91.65545878329426,block_48_183,0
sample_13935,27.886656379794175,93.49476413566002,block_55_186,0
sample_13936,26.346283153223496,92.74833477779408,block_52_185,0
sample_13937,28.42147224925693,94.70552974356877,block_56_189,0
sample_13938,25.221416538507363,93.08799171843572,block_50_186,0
sample_13939,25.415787865180842,90.31661922526654,block_50_180,0
sample_13940,27.42899023129314,96.11481655353927,block_54_192,0
sample_13941,23.720730749205565,91.22983301156846,block_47_182,0
sample_13942,27.889383870684206,88.7546178340529,block_55_177,0
sample_13943,24.03370225288679,92.02816031689065,block_48_184,0
sample_13944,28.826588394677625,94.60844318279455,block_57_189,0
sample_13945,26.252419068228,94.98704768396361,block_52_189,0
sample_13946,28.414120043197666,95.45386691638824,block_56_190,0
sample_13947,27.339001047080128,93.39492043364235,block_54_186,0
sample_13948,26.018922815289816,91.04775536368777,block_52_182,0
sample_13949,23.6267417445047,92.36055293550821,block_47_184,0
sample_13950,26.650575452647548,90.25725244901953,block_53_180,0
sample_13951,28.017713433606268,93.13536697979146,block_56_186,0
sample_13952,27.9738585788217,93.54020953306973,block_55_187,0
sample_13953,24.625951480857175,92.33405130308503,block_49_184,0
sample_13954,27.55298756396123,96.76150729749719,block_55_193,0
sample_13955,28.867026399490314,94.04836346780445,block_57_188,0
sample_13956,27.26902154641443,95.60685088170712,block_54_191,0
sample_13957,27.783892447329585,96.05357891038305,block_55_192,0
sample_13958,28.70995607359411,96.46933614862279,block_57_192,0
sample_13959,25.467239277430213,94.46887873286262,block_50_188,0
sample_13960,26.703818796105658,94.95639704531662,block_53_189,0
sample_13961,22.482138490596416,92.85565475602914,block_44_185,0
sample_13962,25.756026995656814,93.4966575723723,block_51_186,0
sample_13963,26.80074061912297,93.28524296320997,block_53_186,0
sample_13964,28.423989660753662,95.73353233257723,block_56_191,0
sample_13965,25.777220645283993,93.28176133408948,block_51_186,0
sample_13966,27.4652863610471,93.97684760176678,block_54_187,0
sample_13967,26.046565986469094,90.50008838340995,block_52_181,0
sample_13968,26.164039212939173,91.40601353794011,block_52_182,0
sample_13969,24.024008230538485,91.93602698337966,block_48_183,0
sample_13970,27.11657251917576,92.4349041691068,block_54_184,0
sample_13971,28.593397580860433,93.42203832700757,block_57_186,0
sample_13972,28.037137491127407,96.52795275526373,block_56_193,0
sample_13973,28.0932440577022,95.7534872902604,block_56_191,0
sample_13974,26.633514277461856,91.35659272214417,block_53_182,0
sample_13975,25.772171628858374,91.91585196826685,block_51_183,0
sample_13976,28.24523089275472,93.06448860312159,block_56_186,0
sample_13977,28.30528300278572,94.12803017721991,block_56_188,0
sample_13978,23.555545008036407,91.23908099244764,block_47_182,0
sample_13979,25.281541630941366,92.76389318476414,block_50_185,0
sample_13980,26.407850704128265,91.83503519124453,block_52_183,0
sample_13981,24.22489569943781,91.98482314688326,block_48_183,0
sample_13982,24.736006551590826,94.2738112592724,block_49_188,0
sample_13983,27.171713532583112,95.5280767359087,block_54_191,0
sample_13984,28.65083572104181,93.52027907630358,block_57_187,0
sample_13985,26.426200031525816,90.8284199350611,block_52_181,0
sample_13986,26.89897599624158,94.70376876727981,block_53_189,0
sample_13987,25.253037713916473,92.91866064036861,block_50_185,0
sample_13988,27.948756463047847,93.6250247311742,block_55_187,0
sample_13989,27.062351826506323,93.97203637019723,block_54_187,0
sample_13990,23.577711209820535,91.33869097293808,block_47_182,0
sample_13991,28.097434307657277,96.87689821784105,block_56_193,0
sample_13992,27.727361580516714,94.81649142846766,block_55_189,0
sample_13993,27.56193300750612,88.19033226500454,block_55_176,0
sample_13994,24.420823872569244,92.8947833041756,block_48_185,0
sample_13995,25.853368062124304,94.63914725701075,block_51_189,0
sample_13996,25.80900016446156,93.15134590748264,block_51_186,0
sample_13997,25.242646586108354,90.40760494184404,block_50_180,0
sample_13998,28.62312664080175,95.28121773466091,block_57_190,0
sample_13999,27.60055022564505,93.54541070419418,block_55_187,0
sample_14000,25.18443049021745,91.48858712612784,block_50_182,0
sample_14001,27.162644408105937,92.96953540874871,block_54_185,0
sample_14002,26.73962384822979,95.13506662138732,block_53_190,0
sample_14003,29.235559646448234,95.87542231817842,block_58_191,0
sample_14004,24.070225192084223,92.332000446646,block_48_184,0
sample_14005,28.12451292992064,93.07532989414838,block_56_186,0
sample_14006,29.022512308227462,95.17361063287395,block_58_190,0
sample_14007,26.37722846563109,93.56110545282624,block_52_187,0
sample_14008,25.33583745543308,94.5935226100138,block_50_189,0
sample_14009,23.750957447259776,93.29671293697677,block_47_186,0
sample_14010,25.743628682778578,92.2465263874395,block_51_184,0
sample_14011,27.65700121058974,96.85931669059636,block_55_193,0
sample_14012,27.3695444729276,92.70937902844254,block_54_185,0
sample_14013,26.436494400976752,92.57113767081535,block_52_185,0
sample_14014,27.19001759551895,92.86978257103046,block_54_185,0
sample_14015,27.34554067235301,96.59004817306582,block_54_193,0
sample_14016,26.203179294087896,89.76055500982781,block_52_179,0
sample_14017,28.91895756784733,94.3276976377066,block_57_188,0
sample_14018,27.068580054579556,93.01525179225008,block_54_186,0
sample_14019,27.4398328422084,92.80860426341908,block_54_185,0
sample_14020,27.792820869415667,92.52891453271761,block_55_185,0
sample_14021,27.42802365943538,95.8928119620204,block_54_191,0
sample_14022,27.48660612180785,88.21117296841285,block_54_176,0
sample_14023,27.498071330562684,96.12628379832091,block_54_192,0
sample_14024,28.532423134326475,95.9192714740924,block_57_191,0
sample_14025,28.165966723021015,95.06907946766421,block_56_190,0
sample_14026,28.470320571469863,95.99744868467496,block_56_191,0
sample_14027,26.91602025979272,93.7108999302609,block_53_187,0
sample_14028,28.184074192062038,95.3550509731425,block_56_190,0
sample_14029,24.458348275543173,93.89706687461484,block_48_187,0
sample_14030,28.399049073563848,95.48966485381953,block_56_190,0
sample_14031,27.064907486217997,93.95423804185835,block_54_187,0
sample_14032,23.94496871657442,94.12814967731646,block_47_188,0
sample_14033,27.841045075832955,94.85326779826765,block_55_189,0
sample_14034,23.349713864371626,93.02405356344984,block_46_186,0
sample_14035,25.2349879590236,93.51528200488733,block_50_187,0
sample_14036,27.678396329700696,88.3566224193197,block_55_176,0
sample_14037,27.277723160012115,92.98418904881056,block_54_185,0
sample_14038,22.667713671930926,92.81065681939833,block_45_185,0
sample_14039,28.054257048103075,96.28445361697513,block_56_192,0
sample_14040,28.284276247241404,97.10224011208179,block_56_194,0
sample_14041,27.561596005952435,93.4248794086532,block_55_186,0
sample_14042,27.51998025775975,94.77954070965431,block_55_189,0
sample_14043,26.225072207974083,93.9929438904615,block_52_187,0
sample_14044,28.153947729156712,93.45886754386825,block_56_186,0
sample_14045,25.54360170228992,94.030364648949,block_51_188,0
sample_14046,28.079315112211106,96.0461709671528,block_56_192,0
sample_14047,26.822243552770214,94.46420352190594,block_53_188,0
sample_14048,25.459259211820353,93.70009315318457,block_50_187,0
sample_14049,27.579446009338795,95.8808880452966,block_55_191,0
sample_14050,23.893986823039853,91.27060337048863,block_47_182,0
sample_14051,26.057787476718236,93.9396444906181,block_52_187,0
sample_14052,27.140938281113122,93.2932647567137,block_54_186,0
sample_14053,24.73670300167004,93.99802720739103,block_49_187,0
sample_14054,28.03816128705731,96.36875188197641,block_56_192,0
sample_14055,24.54598291983467,93.41931831862836,block_49_186,0
sample_14056,24.25217026970941,93.92318947824154,block_48_187,0
sample_14057,28.173011312347743,94.68945134817608,block_56_189,0
sample_14058,27.179128416414834,93.10527836378789,block_54_186,0
sample_14059,27.87078399848314,92.88681003430393,block_55_185,0
sample_14060,25.83954317028962,93.85535783849706,block_51_187,0
sample_14061,24.941606341911818,92.82434298914013,block_49_185,0
sample_14062,23.612444384833086,93.11765163987056,block_47_186,0
sample_14063,26.740056322896574,91.92446653435218,block_53_183,0
sample_14064,25.34815818249147,92.79289577697858,block_50_185,0
sample_14065,27.742497029624964,88.46952964910706,block_55_176,0
sample_14066,26.78424902826935,91.7609012203848,block_53_183,0
sample_14067,24.46896605394144,92.92179199972506,block_48_185,0
sample_14068,22.293671451429166,93.04886179858474,block_44_186,0
sample_14069,26.582410429332256,91.42722308294742,block_53_182,0
sample_14070,26.33786227551738,92.42564020917386,block_52_184,0
sample_14071,26.503385736466157,91.24938581783478,block_53_182,0
sample_14072,26.9804579558749,94.24293739071067,block_53_188,0
sample_14073,28.48808838885496,94.62304802111757,block_56_189,0
sample_14074,27.218089886613633,94.88077219534728,block_54_189,0
sample_14075,27.938348992652124,95.09638180025782,block_55_190,0
sample_14076,27.196142717707733,96.02205505280196,block_54_192,0
sample_14077,28.76802874841628,96.54717004772205,block_57_193,0
sample_14078,24.446413063039742,92.70879980748609,block_48_185,0
sample_14079,28.793337914665557,96.36730690923947,block_57_192,0
sample_14080,26.57496947438154,91.01525174186851,block_53_182,0
sample_14081,29.23904677936376,96.1798125137337,block_58_192,0
sample_14082,27.02222184305459,94.67550705134533,block_54_189,0
sample_14083,28.035906835094863,96.33853654101131,block_56_192,0
sample_14084,27.12476616344573,95.06177942577905,block_54_190,0
sample_14085,28.675750905597788,94.04032110737833,block_57_188,0
sample_14086,24.053709032583843,91.97709439877929,block_48_183,0
sample_14087,23.310808093998062,92.95204025759027,block_46_185,0
sample_14088,24.06168533097388,92.20497752375853,block_48_184,0
sample_14089,24.1017091998902,92.69761002158022,block_48_185,0
sample_14090,28.280974510692637,95.33110348536826,block_56_190,0
sample_14091,28.035708244446575,94.23734401321346,block_56_188,0
sample_14092,28.63754482645603,93.90022109270986,block_57_187,0
sample_14093,26.74514781550237,93.90002336629927,block_53_187,0
sample_14094,24.88499498389023,92.80576095396984,block_49_185,0
sample_14095,29.173528742933236,96.04430771058057,block_58_192,0
sample_14096,28.374846840324402,96.23880517082863,block_56_192,0
sample_14097,25.371511886270277,91.85495842874381,block_50_183,0
sample_14098,25.207860606779906,92.29624329192663,block_50_184,0
sample_14099,28.83829728938618,95.2947928928132,block_57_190,0
sample_14100,27.6590015146098,96.71447212549637,block_55_193,0
sample_14101,25.186866709034415,91.31475948775642,block_50_182,0
sample_14102,27.993341014155384,97.30435761506786,block_55_194,0
sample_14103,27.321671174542743,94.96567737665367,block_54_189,0
sample_14104,28.443937827301323,93.47208403074725,block_56_186,0
sample_14105,27.137377431954746,93.58978627069939,block_54_187,0
sample_14106,24.485496322654278,94.06589147818255,block_48_188,0
sample_14107,26.17067974102759,89.91423108489913,block_52_179,0
sample_14108,28.167869316698532,94.08529847881601,block_56_188,0
sample_14109,27.83617783855085,88.81459302480661,block_55_177,0
sample_14110,25.97027320201928,93.10502980621388,block_51_186,0
sample_14111,26.497047799579207,91.91691616153403,block_52_183,0
sample_14112,25.25075232273161,91.36968380333802,block_50_182,0
sample_14113,24.82530646039631,93.2198499985889,block_49_186,0
sample_14114,28.048028249415193,95.35048873069559,block_56_190,0
sample_14115,26.32832449952625,94.66563369250862,block_52_189,0
sample_14116,25.58445416940495,92.98150995268747,block_51_185,0
sample_14117,25.992315976021583,93.624698720334,block_51_187,0
sample_14118,27.648178760425623,95.78959497119124,block_55_191,0
sample_14119,28.866781173011695,96.51144528416093,block_57_193,0
sample_14120,28.579003521165994,93.80556187643688,block_57_187,0
sample_14121,27.22105733364444,95.45651623895701,block_54_190,0
sample_14122,25.283606133346456,92.86554590465181,block_50_185,0
sample_14123,26.764894749627103,91.99124328602973,block_53_183,0
sample_14124,22.739875151596085,92.85856755387869,block_45_185,0
sample_14125,25.22774450698119,93.50260616461307,block_50_187,0
sample_14126,25.400920228971998,89.84978475339231,block_50_179,0
sample_14127,26.15510126607529,91.30943200977408,block_52_182,0
sample_14128,26.086948111522936,90.34896371296065,block_52_180,0
sample_14129,26.24043889497962,93.96307199250312,block_52_187,0
sample_14130,27.725541879323757,95.40706728301315,block_55_190,0
sample_14131,26.94411538157417,92.2210303791788,block_53_184,0
sample_14132,28.668962348296258,94.35117869914926,block_57_188,0
sample_14133,26.073528632243676,92.09990282483226,block_52_184,0
sample_14134,26.354406227473195,90.12324355699796,block_52_180,0
sample_14135,24.666197395647856,94.15916543277316,block_49_188,0
sample_14136,28.441068976792764,96.25959328944117,block_56_192,0
sample_14137,26.78772788924149,92.00158626096588,block_53_184,0
sample_14138,27.602663595172057,94.32259773567418,block_55_188,0
sample_14139,28.314433227804244,94.44075554265184,block_56_188,0
sample_14140,25.677217403147253,92.01637643974414,block_51_184,0
sample_14141,27.45087386375003,95.01076550694654,block_54_190,0
sample_14142,27.36868970277221,94.90543695609497,block_54_189,0
sample_14143,23.772454807250483,91.54820628358637,block_47_183,0
sample_14144,26.08313806527016,92.96409996036401,block_52_185,0
sample_14145,27.490640785054353,92.99109671570238,block_54_185,0
sample_14146,22.100118360093017,92.5895627123298,block_44_185,0
sample_14147,25.486034295790745,90.25657927591888,block_50_180,0
sample_14148,25.738521189062354,92.25798569227113,block_51_184,0
sample_14149,25.757558979421447,91.21162690638369,block_51_182,0
sample_14150,27.64959479392811,95.33915639873437,block_55_190,0
sample_14151,23.828261083697438,93.24525245807996,block_47_186,0
sample_14152,24.690893039226246,92.81162402085823,block_49_185,0
sample_14153,27.113901999390613,92.2792939135012,block_54_184,0
sample_14154,27.98840907579276,94.09718669982273,block_55_188,0
sample_14155,23.906323531727647,92.80252830942432,block_47_185,0
sample_14156,27.725116530479696,92.24349612421291,block_55_184,0
sample_14157,27.69619111461906,91.98255269501264,block_55_183,0
sample_14158,25.54102198111014,93.54581846772777,block_51_187,0
sample_14159,27.498178254662164,96.04189786568469,block_54_192,0
sample_14160,28.568932407926745,93.49695664620619,block_57_186,0
sample_14161,27.70567160178538,94.06628952560703,block_55_188,0
sample_14162,25.721259298246466,90.42219848736026,block_51_180,0
sample_14163,28.09174665737646,96.77531453087506,block_56_193,0
sample_14164,25.274842430313097,94.25337719136684,block_50_188,0
sample_14165,26.310572722683784,90.69783541065402,block_52_181,0
sample_14166,26.84625214525225,93.38700092958626,block_53_186,0
sample_14167,24.85523000227415,92.89319500891955,block_49_185,0
sample_14168,28.037504650432968,94.8562030823205,block_56_189,0
sample_14169,28.001803172285857,88.61587343341081,block_56_177,0
sample_14170,28.993859306908654,95.94870676381886,block_57_191,0
sample_14171,25.692177501639573,93.18559320383481,block_51_186,0
sample_14172,25.33955213575278,90.93468177072371,block_50_181,0
sample_14173,29.0490219314426,94.30442119790533,block_58_188,0
sample_14174,27.73570285875276,96.52986769142196,block_55_193,0
sample_14175,27.481761866753907,93.9982742372848,block_54_187,0
sample_14176,25.646126885157383,94.92488441539336,block_51_189,0
sample_14177,26.292603579687864,92.76751592205508,block_52_185,0
sample_14178,28.642384048312376,96.45013831180118,block_57_192,0
sample_14179,26.4169624233557,92.81934309536506,block_52_185,0
sample_14180,27.148002487465355,92.52005276809854,block_54_185,0
sample_14181,28.200977308863486,96.20440641209555,block_56_192,0
sample_14182,25.952072439142384,93.93462672194464,block_51_187,0
sample_14183,23.05777234898673,92.61291726674447,block_46_185,0
sample_14184,25.61970074634996,90.96696181315606,block_51_181,0
sample_14185,26.006759399549317,94.70461430811238,block_52_189,0
sample_14186,27.558412178374393,95.8907537296395,block_55_191,0
sample_14187,26.413788023852447,91.77461919738263,block_52_183,0
sample_14188,25.786975479927396,91.70763831791699,block_51_183,0
sample_14189,27.57820008665655,88.61561360299903,block_55_177,0
sample_14190,27.333406109599604,95.2648300382404,block_54_190,0
sample_14191,29.049747626567175,94.43213131371019,block_58_188,0
sample_14192,26.20594051130599,90.65166601211715,block_52_181,0
sample_14193,26.763971307975364,91.52220913222678,block_53_183,0
sample_14194,28.93803025151788,94.29548030485857,block_57_188,0
sample_14195,25.19444283119896,90.96882344438554,block_50_181,0
sample_14196,27.948346375817437,94.98278640318222,block_55_189,0
sample_14197,28.002596978219703,97.05856547590665,block_56_194,0
sample_14198,25.855420881023186,93.64665377717348,block_51_187,0
sample_14199,28.936670291086422,94.62449966665409,block_57_189,0
sample_14200,27.3075879963779,95.77369730668994,block_54_191,0
sample_14201,27.029927491614686,92.79895424995684,block_54_185,0
sample_14202,23.563620849731848,91.89954422056618,block_47_183,0
sample_14203,25.05062256678319,94.04197734252729,block_50_188,0
sample_14204,26.743892982573378,95.35601268303849,block_53_190,0
sample_14205,25.758053889058623,92.96790929399481,block_51_185,0
sample_14206,27.791723335720715,92.2592257233183,block_55_184,0
sample_14207,27.367497923899453,95.91418304676723,block_54_191,0
sample_14208,26.053295965602125,92.71157493938715,block_52_185,0
sample_14209,25.60650928983893,91.09281531729353,block_51_182,0
sample_14210,27.955788709500066,95.15625100904053,block_55_190,0
sample_14211,24.63160970940369,93.5421138913266,block_49_187,0
sample_14212,28.768608141709528,94.64477748851965,block_57_189,0
sample_14213,24.114612260003753,92.08159809085127,block_48_184,0
sample_14214,24.477968100507674,93.56214397967929,block_48_187,0
sample_14215,27.109111247486084,95.02730678677482,block_54_190,0
sample_14216,26.087451014932547,89.90004320386772,block_52_179,0
sample_14217,26.028682310182532,89.80567478409661,block_52_179,0
sample_14218,28.804523273845806,94.89677217341583,block_57_189,0
sample_14219,25.857461194601346,93.017539512071,block_51_186,0
sample_14220,27.216548699165088,92.29983779791445,block_54_184,0
sample_14221,28.940896515172035,94.47838322218318,block_57_188,0
sample_14222,25.595809060741246,91.30771745746063,block_51_182,0
sample_14223,25.486998315299147,93.17938027319133,block_50_186,0
sample_14224,25.80800611595612,91.95464228436335,block_51_183,0
sample_14225,27.606518339422614,94.95266200389699,block_55_189,0
sample_14226,29.133927041156806,95.05810163082045,block_58_190,0
sample_14227,24.70998699478673,92.38074569268056,block_49_184,0
sample_14228,26.273746116769917,91.24567829884975,block_52_182,0
sample_14229,25.32773277401146,90.40362323027706,block_50_180,0
sample_14230,28.463597959064185,94.99798403076069,block_56_189,0
sample_14231,26.276567398721088,90.21915243991705,block_52_180,0
sample_14232,28.233143348978047,93.23325787497511,block_56_186,0
sample_14233,26.24315697243436,93.63765793350697,block_52_187,0
sample_14234,23.751774183279068,93.13022942046769,block_47_186,0
sample_14235,27.80365935326557,93.7257262355007,block_55_187,0
sample_14236,27.959630519309364,97.29319968728751,block_55_194,0
sample_14237,26.34917517957356,93.68758259505007,block_52_187,0
sample_14238,26.45398265386258,92.56331108344803,block_52_185,0
sample_14239,26.678368624756708,90.29955237018947,block_53_180,0
sample_14240,26.139091148867962,90.92784165330474,block_52_181,0
sample_14241,26.288563908299533,91.41700481007847,block_52_182,0
sample_14242,27.141681248482637,93.54040094591659,block_54_187,0
sample_14243,22.891081210587465,93.02480331814331,block_45_186,0
sample_14244,26.407664470813458,90.37017510366042,block_52_180,0
sample_14245,26.06627673473113,93.18352968677422,block_52_186,0
sample_14246,25.633071401344598,91.31420402230094,block_51_182,0
sample_14247,28.154609744414962,93.95851999875501,block_56_187,0
sample_14248,25.237505917187484,94.52025403448846,block_50_189,0
sample_14249,24.537433417949217,92.44961916499496,block_49_184,0
sample_14250,27.9788813732094,95.8553138454402,block_55_191,0
sample_14251,27.829866750875404,93.56673442493111,block_55_187,0
sample_14252,25.72383614280112,94.27088969023396,block_51_188,0
sample_14253,24.271335480791652,93.6051968648857,block_48_187,0
sample_14254,23.65493058090222,91.25697865343561,block_47_182,0
sample_14255,27.852077531807517,88.80033276216288,block_55_177,0
sample_14256,26.3198990946535,94.06620889061831,block_52_188,0
sample_14257,23.302422847014807,92.40136436368307,block_46_184,0
sample_14258,28.168069530882654,93.91876082519184,block_56_187,0
sample_14259,27.659366261848003,95.44127254076385,block_55_190,0
sample_14260,26.75435303205944,91.126292494518,block_53_182,0
sample_14261,26.37704059914004,93.42027546727508,block_52_186,0
sample_14262,25.407436615878986,91.02265201614662,block_50_182,0
sample_14263,27.17239186227641,95.86871729227668,block_54_191,0
sample_14264,28.37691162499273,96.24984888311218,block_56_192,0
sample_14265,27.807964466621932,96.7688465022752,block_55_193,0
sample_14266,22.35577499205609,92.90017998001,block_44_185,0
sample_14267,25.586139531968243,93.2425285523967,block_51_186,0
sample_14268,25.235060494282802,93.54026364602286,block_50_187,0
sample_14269,26.20176111351695,93.22209005011099,block_52_186,0
sample_14270,26.567232038469474,93.80608053942743,block_53_187,0
sample_14271,27.463097326605393,94.77806263487004,block_54_189,0
sample_14272,27.77894502107896,95.64927874375394,block_55_191,0
sample_14273,26.08497466943171,91.34687445963306,block_52_182,0
sample_14274,29.010523948059976,94.2930119072611,block_58_188,0
sample_14275,25.90863321081931,91.10750781712194,block_51_182,0
sample_14276,25.26306473323365,92.24232125127276,block_50_184,0
sample_14277,23.799143330449844,92.44403736549236,block_47_184,0
sample_14278,28.89971450679851,94.89829397857028,block_57_189,0
sample_14279,23.678584494218125,91.67093803265661,block_47_183,0
sample_14280,27.380758908009014,96.75195629828355,block_54_193,0
sample_14281,26.853860504014005,93.27617718436458,block_53_186,0
sample_14282,23.880671198870278,92.38369468358391,block_47_184,0
sample_14283,23.177890648239366,91.74924703419795,block_46_183,0
sample_14284,26.579342112696573,90.8599514150873,block_53_181,0
sample_14285,28.316563699154734,93.80165341717311,block_56_187,0
sample_14286,25.41234591532314,92.42729719534492,block_50_184,0
sample_14287,24.708277464313596,93.80403367344225,block_49_187,0
sample_14288,27.82074922192989,96.94636013385933,block_55_193,0
sample_14289,27.256393233834117,94.26653829597979,block_54_188,0
sample_14290,28.725936420170093,95.65614661586073,block_57_191,0
sample_14291,27.531316590377713,94.90085067950504,block_55_189,0
sample_14292,27.604045281840612,92.27837066097209,block_55_184,0
sample_14293,25.396502131599007,93.25176841821725,block_50_186,0
sample_14294,23.350390440101453,92.6848246869355,block_46_185,0
sample_14295,26.71161157598496,95.15557769800272,block_53_190,0
sample_14296,28.288309382495783,95.14528149311981,block_56_190,0
sample_14297,25.904124211283815,92.01876106152581,block_51_184,0
sample_14298,25.30558463743807,90.42871989134997,block_50_180,0
sample_14299,23.78819815762266,92.22814716786334,block_47_184,0
sample_14300,28.853321335710497,95.25379517869267,block_57_190,0
sample_14301,23.558666007510947,92.4501690323013,block_47_184,0
sample_14302,27.35282232050718,95.4140996295826,block_54_190,0
sample_14303,28.912319892383106,95.31085801720678,block_57_190,0
sample_14304,27.10790970314922,93.38212626301082,block_54_186,0
sample_14305,27.31314915240391,92.62846811668979,block_54_185,0
sample_14306,27.648787509219744,92.07274744600134,block_55_184,0
sample_14307,25.44344017997126,91.98385315255535,block_50_183,0
sample_14308,28.000594713184434,94.04747125845981,block_56_188,0
sample_14309,26.329284268493623,93.54073831845258,block_52_187,0
sample_14310,22.496023459205624,92.63874030126713,block_44_185,0
sample_14311,24.407766118852116,92.3103928243129,block_48_184,0
sample_14312,27.13411744757003,94.50900885050225,block_54_189,0
sample_14313,25.75395151248221,92.76818652753725,block_51_185,0
sample_14314,25.896259125675986,92.79470221796159,block_51_185,0
sample_14315,25.436894884249572,91.55032432965916,block_50_183,0
sample_14316,26.010379088064315,93.39265993416151,block_52_186,0
sample_14317,25.537837815811034,93.03469715192861,block_51_186,0
sample_14318,28.253580307665406,96.38706894173252,block_56_192,0
sample_14319,26.056349430010616,89.85388060312974,block_52_179,0
sample_14320,27.528167657981804,88.64417987366235,block_55_177,0
sample_14321,29.227973513243782,95.63697260463503,block_58_191,0
sample_14322,26.346856404530193,92.93535223697538,block_52_185,0
sample_14323,26.79137381296798,91.58678801514294,block_53_183,0
sample_14324,27.32365268729415,93.01242095733666,block_54_186,0
sample_14325,25.150783692303385,90.45404806299233,block_50_180,0
sample_14326,28.84620560397684,95.09180258832104,block_57_190,0
sample_14327,23.875188183113387,91.97771535003102,block_47_183,0
sample_14328,26.302548022847265,94.05864340949334,block_52_188,0
sample_14329,26.33155953254071,92.24161535218033,block_52_184,0
sample_14330,28.157923342273385,94.60600805670715,block_56_189,0
sample_14331,24.17541711495887,93.19141287394133,block_48_186,0
sample_14332,28.66611332626153,95.69532237120168,block_57_191,0
sample_14333,27.18563302333804,93.83858380899107,block_54_187,0
sample_14334,25.893582667210744,90.27236652184388,block_51_180,0
sample_14335,26.390733058907085,94.59188937941002,block_52_189,0
sample_14336,25.712902447690777,93.42153003842563,block_51_186,0
sample_14337,24.991665824775136,92.88191036032718,block_49_185,0
sample_14338,26.523240436531218,93.68483448269357,block_53_187,0
sample_14339,25.658801468164175,89.93239281332532,block_51_179,0
sample_14340,25.51480025990183,90.62394735504631,block_51_181,0
sample_14341,24.103107045004496,92.24456341918315,block_48_184,0
sample_14342,25.207268775287783,90.37861827217647,block_50_180,0
sample_14343,26.1635391163081,93.47611181704757,block_52_186,0
sample_14344,26.601913055939907,93.64315962683781,block_53_187,0
sample_14345,26.753054190633385,91.68246658085826,block_53_183,0
sample_14346,25.562246165828416,91.0072577808912,block_51_182,0
sample_14347,26.205498165463435,90.08702046892658,block_52_180,0
sample_14348,22.289456331397588,92.71970822495703,block_44_185,0
sample_14349,27.6878744432548,95.1200920263224,block_55_190,0
sample_14350,28.850971203571504,95.24387566360609,block_57_190,0
sample_14351,27.608664465034515,93.65836059464928,block_55_187,0
sample_14352,26.003138271202186,90.4938379467268,block_52_180,0
sample_14353,27.68038852849532,91.72540304739992,block_55_183,0
sample_14354,27.64029286243283,92.47478399175276,block_55_184,0
sample_14355,23.709952423530023,92.22900661344119,block_47_184,0
sample_14356,27.007994491910356,94.89730511657201,block_54_189,0
sample_14357,27.94745300370549,88.52030684618595,block_55_177,0
sample_14358,25.66764125760941,90.10047478292361,block_51_180,0
sample_14359,23.518441298811855,91.54396080266382,block_47_183,0
sample_14360,25.71164168841139,90.32586694681439,block_51_180,0
sample_14361,28.793964473488025,95.70684150822407,block_57_191,0
sample_14362,28.018906753173837,95.53675559628577,block_56_191,0
sample_14363,27.18507788357389,94.86990093479271,block_54_189,0
sample_14364,27.55264639530128,94.67088721222588,block_55_189,0
sample_14365,28.816699956067897,94.19956400049703,block_57_188,0
sample_14366,25.796913684083524,92.77784617797889,block_51_185,0
sample_14367,23.8892224423246,93.14391330733301,block_47_186,0
sample_14368,28.114110539866907,95.7202851177406,block_56_191,0
sample_14369,26.50665123268332,93.74346243118313,block_53_187,0
sample_14370,27.75266710212915,93.58438817061335,block_55_187,0
sample_14371,25.58740901885904,91.31812648993734,block_51_182,0
sample_14372,25.280576799206404,91.30874387241215,block_50_182,0
sample_14373,25.26827402014589,91.3307849160601,block_50_182,0
sample_14374,22.56008100626555,93.07512225283057,block_45_186,0
sample_14375,28.802820767074458,95.41908986633938,block_57_190,0
sample_14376,23.621455935876888,91.44091482696965,block_47_182,0
sample_14377,27.787866214053736,94.6457728986834,block_55_189,0
sample_14378,26.693580380594284,95.2817986631157,block_53_190,0
sample_14379,25.995988906870714,93.91696069243073,block_51_187,0
sample_14380,27.566364569098003,91.89007392942372,block_55_183,0
sample_14381,24.276857844377197,92.03451660775148,block_48_184,0
sample_14382,26.64989301209668,95.15552125663326,block_53_190,0
sample_14383,26.599201443138817,92.93959426335108,block_53_185,0
sample_14384,26.32208404345761,89.9513491775438,block_52_179,0
sample_14385,27.195793308593412,88.76852308758735,block_54_177,0
sample_14386,27.79167208882267,95.727985128536,block_55_191,0
sample_14387,28.925221919548672,95.49167842665565,block_57_190,0
sample_14388,26.167054131255856,92.0657781965743,block_52_184,0
sample_14389,22.042852014255057,92.95422759159574,block_44_185,0
sample_14390,23.93216860524713,92.31945185292216,block_47_184,0
sample_14391,26.172577297202597,92.97227640350434,block_52_185,0
sample_14392,27.695346120174534,93.85767986038509,block_55_187,0
sample_14393,28.566824349248144,95.69398927957846,block_57_191,0
sample_14394,23.710236984536255,91.9566981492248,block_47_183,0
sample_14395,26.69680556658426,89.94411277694057,block_53_179,0
sample_14396,28.331186155055594,95.68525190067577,block_56_191,0
sample_14397,28.370241767667228,93.6353776380971,block_56_187,0
sample_14398,27.21725702475914,93.46720099980712,block_54_186,0
sample_14399,28.80644853445255,94.30456554849317,block_57_188,0
sample_14400,27.42739779741853,95.42572684672972,block_54_190,0
sample_14401,27.175678915960496,94.05057375712293,block_54_188,0
sample_14402,27.808048989500072,96.55534863676806,block_55_193,0
sample_14403,23.588273172319667,92.6583604140531,block_47_185,0
sample_14404,28.911791592274774,95.45839748001616,block_57_190,0
sample_14405,25.215568508451756,92.817092735019,block_50_185,0
sample_14406,25.801362433068913,93.23918607775273,block_51_186,0
sample_14407,24.341850148586705,92.15153766288431,block_48_184,0
sample_14408,27.859131054317785,95.096293748295,block_55_190,0
sample_14409,26.74773510359191,91.35733287218909,block_53_182,0
sample_14410,26.01500060532179,90.20433857405239,block_52_180,0
sample_14411,28.98270142583755,96.30448304473823,block_57_192,0
sample_14412,27.205391771337045,93.33080943860736,block_54_186,0
sample_14413,26.495525171835222,90.45608420568679,block_52_180,0
sample_14414,25.182749351829806,92.86057764811636,block_50_185,0
sample_14415,28.211883367466353,94.25002957082452,block_56_188,0
sample_14416,27.457742689672525,92.4693857248459,block_54_184,0
sample_14417,29.138838171584897,94.70656906656384,block_58_189,0
sample_14418,27.149887934710975,92.2877676811343,block_54_184,0
sample_14419,24.69378841329393,94.36888128504077,block_49_188,0
sample_14420,24.160392891768197,93.77648434167347,block_48_187,0
sample_14421,26.040302084333476,91.12128184520434,block_52_182,0
sample_14422,28.066644300792632,94.27938785292088,block_56_188,0
sample_14423,22.7290510584112,92.60943019264478,block_45_185,0
sample_14424,28.936351475421734,96.11609445435397,block_57_192,0
sample_14425,25.868985597697833,90.20460117131168,block_51_180,0
sample_14426,28.05458977856936,95.75987165769565,block_56_191,0
sample_14427,25.35459411702866,93.1758343593274,block_50_186,0
sample_14428,28.643605875461894,95.58644680227162,block_57_191,0
sample_14429,28.283698106816722,94.78945353226875,block_56_189,0
sample_14430,26.232171835381994,91.18505267711487,block_52_182,0
sample_14431,25.962149420258797,90.67808588289913,block_51_181,0
sample_14432,27.568301175004283,88.5061240811629,block_55_177,0
sample_14433,25.190188451598694,93.98194719816188,block_50_187,0
sample_14434,27.945547231997594,97.05490259609938,block_55_194,0
sample_14435,27.607096257935094,92.63225608838948,block_55_185,0
sample_14436,26.21293481905643,91.20633217355783,block_52_182,0
sample_14437,24.48791456486108,92.46325258721144,block_48_184,0
sample_14438,28.24205377271694,94.04166445998052,block_56_188,0
sample_14439,26.507448495233422,90.52445348521515,block_53_181,0
sample_14440,27.664405073204122,94.95072362280818,block_55_189,0
sample_14441,26.337794822474585,90.61848292792295,block_52_181,0
sample_14442,23.319188398171587,93.25856733265262,block_46_186,0
sample_14443,26.61177370345925,90.45223802148749,block_53_180,0
sample_14444,24.52048885508538,93.95288110672712,block_49_187,0
sample_14445,26.80325686536293,94.66962907839701,block_53_189,0
sample_14446,27.95134050333159,93.02046082535327,block_55_186,0
sample_14447,24.746116628912986,92.80054935288466,block_49_185,0
sample_14448,27.909039244764337,96.23150868628989,block_55_192,0
sample_14449,26.72992776507879,91.85501278776538,block_53_183,0
sample_14450,26.552761337390304,91.39944515287286,block_53_182,0
sample_14451,27.47670305925971,93.10136340102197,block_54_186,0
sample_14452,26.342193934177455,94.5808329203433,block_52_189,0
sample_14453,27.063602125092686,95.00195444701427,block_54_190,0
sample_14454,27.635863167605983,91.96142779627625,block_55_183,0
sample_14455,26.850798791335045,94.48213728095371,block_53_188,0
sample_14456,27.91966529555504,96.12757032270387,block_55_192,0
sample_14457,27.879221818695648,95.66465441832177,block_55_191,0
sample_14458,28.0789326518521,96.65939709425844,block_56_193,0
sample_14459,24.822422033950836,92.5748129166794,block_49_185,0
sample_14460,23.92598420662424,91.53594613805733,block_47_183,0
sample_14461,28.802125708448948,94.44617323258443,block_57_188,0
sample_14462,29.204858388725317,95.69543739557396,block_58_191,0
sample_14463,27.563141280769454,94.10050318732863,block_55_188,0
sample_14464,28.077816562664474,93.73803173213847,block_56_187,0
sample_14465,25.294189488691558,90.5062158477991,block_50_181,0
sample_14466,26.689282215372454,95.21695687581104,block_53_190,0
sample_14467,26.035218954518733,91.22000630899485,block_52_182,0
sample_14468,28.114558261457884,93.47100954577766,block_56_186,0
sample_14469,26.641331863140095,93.88494585347642,block_53_187,0
sample_14470,26.243366433967644,93.01398146917283,block_52_186,0
sample_14471,28.17507732024756,93.47592615049643,block_56_186,0
sample_14472,25.80917001444294,91.2604755752686,block_51_182,0
sample_14473,28.23774465427045,94.24698253072248,block_56_188,0
sample_14474,26.184055614387162,93.03600914706381,block_52_186,0
sample_14475,25.230359290717722,93.37591541589049,block_50_186,0
sample_14476,24.03641995606789,92.15331836073732,block_48_184,0
sample_14477,27.56776687176646,93.11472380051576,block_55_186,0
sample_14478,27.7991057839809,93.08240661079599,block_55_186,0
sample_14479,25.424454616837718,91.44786411138982,block_50_182,0
sample_14480,26.807002714822048,94.77613138780582,block_53_189,0
sample_14481,26.786919927782204,94.24075690911533,block_53_188,0
sample_14482,25.281905740596965,90.19988534709043,block_50_180,0
sample_14483,26.54115394131328,93.32284030716801,block_53_186,0
sample_14484,27.061161472733254,94.566839569045,block_54_189,0
sample_14485,26.686452512112723,92.02080398264134,block_53_184,0
sample_14486,28.255601359599197,93.07482468506178,block_56_186,0
sample_14487,25.753550747132476,93.41943539898406,block_51_186,0
sample_14488,26.206051691360287,90.26974854383272,block_52_180,0
sample_14489,26.09149624071656,92.40076338030075,block_52_184,0
sample_14490,26.681769585421794,91.83209335303835,block_53_183,0
sample_14491,25.51155764874032,92.16521768856589,block_51_184,0
sample_14492,24.344234576289157,94.28342430036501,block_48_188,0
sample_14493,27.999033224563526,96.37812756362386,block_55_192,0
sample_14494,26.863942162286378,93.13622176000102,block_53_186,0
sample_14495,28.071235117188895,88.67501115770064,block_56_177,0
sample_14496,24.824117164364708,92.66725316927912,block_49_185,0
sample_14497,27.765832922541463,94.55976288752667,block_55_189,0
sample_14498,27.110168778364212,94.74867323793144,block_54_189,0
sample_14499,28.29450808397706,93.45540953545185,block_56_186,0
sample_14500,25.78651958119593,93.71328430163713,block_51_187,0
sample_14501,23.99456560723102,91.67498867467258,block_47_183,0
sample_14502,28.675924585757176,94.79135840225621,block_57_189,0
sample_14503,25.272134174193226,91.67494480795035,block_50_183,0
sample_14504,28.985127679414674,95.64897720319546,block_57_191,0
sample_14505,25.837795228736045,91.11348377167553,block_51_182,0
sample_14506,27.758969721521968,92.94845976337575,block_55_185,0
sample_14507,25.152076983876224,93.2517561161918,block_50_186,0
sample_14508,23.23704937692354,91.50531725948437,block_46_183,0
sample_14509,26.52824815978848,92.65850157986894,block_53_185,0
sample_14510,23.80105124782403,92.24379955205433,block_47_184,0
sample_14511,27.80389528934721,96.19643999769984,block_55_192,0
sample_14512,27.483047914776627,96.50069380441123,block_54_193,0
sample_14513,28.597415469316623,95.009580547041,block_57_190,0
sample_14514,24.043801572014953,93.78361286324368,block_48_187,0
sample_14515,27.005903472572612,93.3728875309655,block_54_186,0
sample_14516,27.013078490248724,93.54005759900357,block_54_187,0
sample_14517,25.56965353694081,94.8347575250722,block_51_189,0
sample_14518,25.330956791597874,94.42007425685533,block_50_188,0
sample_14519,26.290915260894643,93.724821793278,block_52_187,0
sample_14520,27.939569314336786,94.78213317616317,block_55_189,0
sample_14521,26.79125715967612,95.21414857699139,block_53_190,0
sample_14522,29.004730995157455,94.9084919499221,block_58_189,0
sample_14523,25.59088225668977,93.21310771890461,block_51_186,0
sample_14524,25.798633704663505,90.3776245722673,block_51_180,0
sample_14525,25.470367751145623,91.00538812900348,block_50_182,0
sample_14526,27.92939887079101,96.61843176732714,block_55_193,0
sample_14527,27.408982535482473,93.85348515719332,block_54_187,0
sample_14528,28.96601117096443,95.72995626204569,block_57_191,0
sample_14529,25.530639531782352,93.84099173461085,block_51_187,0
sample_14530,25.609831791053146,93.6865091550155,block_51_187,0
sample_14531,26.132820026710107,90.99562235155337,block_52_181,0
sample_14532,25.649852419225226,94.60151765296071,block_51_189,0
sample_14533,24.8433189101996,94.04138215154549,block_49_188,0
sample_14534,27.97734016473278,95.41951828577638,block_55_190,0
sample_14535,23.51220466941752,92.46361150706296,block_47_184,0
sample_14536,27.965340299352032,95.2808508473355,block_55_190,0
sample_14537,27.251325010339983,92.30110477983423,block_54_184,0
sample_14538,23.958390433246343,92.07547328973621,block_47_184,0
sample_14539,26.047193727793722,91.82576010556421,block_52_183,0
sample_14540,27.140599989617055,93.45745479936947,block_54_186,0
sample_14541,26.619899300361,92.17508766921074,block_53_184,0
sample_14542,28.312378620084942,95.09319430921084,block_56_190,0
sample_14543,23.820460946289277,93.3340467992256,block_47_186,0
sample_14544,22.99839669822221,92.5891912660313,block_45_185,0
sample_14545,23.95584370511167,93.81492370192676,block_47_187,0
sample_14546,28.371536837521166,95.85955466718002,block_56_191,0
sample_14547,24.616569815046773,92.75626012978499,block_49_185,0
sample_14548,26.293932682468302,91.94575590576197,block_52_183,0
sample_14549,27.309597235521096,92.50456924125089,block_54_185,0
sample_14550,24.295984972040408,94.18829703009513,block_48_188,0
sample_14551,24.570648752543832,93.70487739986164,block_49_187,0
sample_14552,27.958340378548378,94.60675379783417,block_55_189,0
sample_14553,26.661184432902257,92.39117754508516,block_53_184,0
sample_14554,27.63292340657894,95.65835489993488,block_55_191,0
sample_14555,26.919535398146664,95.2505754190063,block_53_190,0
sample_14556,25.59206156381086,93.76634164553013,block_51_187,0
sample_14557,25.58799699132564,92.09834802328402,block_51_184,0
sample_14558,25.554282766705256,94.70898537115654,block_51_189,0
sample_14559,27.19830416990547,92.90431650193017,block_54_185,0
sample_14560,27.816433399447323,94.80742590012181,block_55_189,0
sample_14561,26.894851845351965,95.48044573285519,block_53_190,0
sample_14562,24.474280722273058,93.58021220288384,block_48_187,0
sample_14563,27.562168967499364,94.45411570528097,block_55_188,0
sample_14564,28.267321601901045,94.4124518763072,block_56_188,0
sample_14565,26.700550724817216,89.96983564084684,block_53_179,0
sample_14566,29.15614622685915,94.76776841090691,block_58_189,0
sample_14567,29.131232519705783,95.65156286326844,block_58_191,0
sample_14568,27.348011701625268,92.93809670763622,block_54_185,0
sample_14569,22.705391520506765,92.93266622139927,block_45_185,0
sample_14570,25.663304357523877,90.99121072985001,block_51_181,0
sample_14571,26.71156849026742,92.65705948917032,block_53_185,0
sample_14572,27.644303781429848,94.16694812565012,block_55_188,0
sample_14573,27.962953431249762,93.3589745738066,block_55_186,0
sample_14574,27.340514716293903,88.58040224657286,block_54_177,0
sample_14575,27.31381551589344,95.9357734799888,block_54_191,0
sample_14576,28.561064104229917,93.8153664996805,block_57_187,0
sample_14577,27.353232493541693,95.0151750155842,block_54_190,0
sample_14578,28.664067187332197,95.40443996418752,block_57_190,0
sample_14579,27.43795353873344,96.71322631872806,block_54_193,0
sample_14580,26.558410870696704,94.17542122482465,block_53_188,0
sample_14581,27.159265757983835,95.96842738298024,block_54_191,0
sample_14582,25.991086482472042,95.05549549763182,block_51_190,0
sample_14583,24.243148480686155,92.45802215746187,block_48_184,0
sample_14584,27.46453999546955,95.14245575477524,block_54_190,0
sample_14585,27.224072752070466,93.9630441988052,block_54_187,0
sample_14586,26.3295438662133,91.14889658208317,block_52_182,0
sample_14587,26.16845806231805,91.06928315673066,block_52_182,0
sample_14588,27.681855403857337,95.92048287945713,block_55_191,0
sample_14589,27.944657810840607,88.64507139218408,block_55_177,0
sample_14590,28.23781127174405,94.72227286635903,block_56_189,0
sample_14591,27.934535401557376,94.77191140966148,block_55_189,0
sample_14592,22.93660210547894,92.90157385050932,block_45_185,0
sample_14593,25.485064058659532,90.72819628471518,block_50_181,0
sample_14594,29.185522246394605,95.81410948452692,block_58_191,0
sample_14595,26.03919808723092,95.10045396317042,block_52_190,0
sample_14596,29.214981957402006,94.61620877157263,block_58_189,0
sample_14597,27.549073588302434,95.23107118717635,block_55_190,0
sample_14598,28.14520191659323,96.78539972254339,block_56_193,0
sample_14599,28.58322555080511,95.51524730602353,block_57_191,0
sample_14600,27.319271215364417,93.59673161580794,block_54_187,0
sample_14601,25.023589466160868,93.77992978576201,block_50_187,0
sample_14602,27.43285666967527,96.31246537442877,block_54_192,0
sample_14603,25.08748823297744,93.77989737613227,block_50_187,0
sample_14604,25.79561868844368,91.63143996106116,block_51_183,0
sample_14605,25.44744514535866,94.43200567426047,block_50_188,0
sample_14606,25.675142585947683,90.90161396415446,block_51_181,0
sample_14607,26.586721146691048,94.92475287952175,block_53_189,0
sample_14608,27.944231263122877,93.8222527131319,block_55_187,0
sample_14609,27.45988832751099,93.44782015056161,block_54_186,0
sample_14610,24.277784029643115,93.81866710382675,block_48_187,0
sample_14611,25.08373396285122,93.86858557469107,block_50_187,0
sample_14612,25.091792006850334,94.13452160966814,block_50_188,0
sample_14613,22.58226318978067,92.7748228751307,block_45_185,0
sample_14614,26.56694420260434,92.07853753013534,block_53_184,0
sample_14615,28.03364305122634,88.72104064555084,block_56_177,0
sample_14616,26.66289818901982,91.22173447964231,block_53_182,0
sample_14617,25.64184089400992,93.88409228610531,block_51_187,0
sample_14618,24.442605706357018,93.01900613258255,block_48_186,0
sample_14619,26.40369643139984,90.64008317065708,block_52_181,0
sample_14620,26.65620238264668,90.67311751255707,block_53_181,0
sample_14621,24.95701641170922,93.24996372315088,block_49_186,0
sample_14622,24.462394088398856,93.3002553214221,block_48_186,0
sample_14623,28.43131584865189,94.47503508201812,block_56_188,0
sample_14624,23.298971541638725,91.75041386323625,block_46_183,0
sample_14625,26.231782758501023,91.47571612551174,block_52_182,0
sample_14626,28.397444822064053,93.2454225693538,block_56_186,0
sample_14627,25.366285731445892,91.18680797830257,block_50_182,0
sample_14628,27.931197677639574,96.89112118537348,block_55_193,0
sample_14629,27.922495783292952,93.45446158398418,block_55_186,0
sample_14630,27.567879099933364,96.32259841883119,block_55_192,0
sample_14631,25.09069272618245,93.43116132411043,block_50_186,0
sample_14632,25.664203803984243,92.41861876538202,block_51_184,0
sample_14633,28.477126511100213,93.8288087001898,block_56_187,0
sample_14634,27.75109293247136,92.89153863803412,block_55_185,0
sample_14635,25.48990632144183,91.34379770726669,block_50_182,0
sample_14636,25.61988670732072,93.710058330869,block_51_187,0
sample_14637,27.794958722334403,88.63848857496704,block_55_177,0
sample_14638,26.52237445315582,94.29417199887408,block_53_188,0
sample_14639,27.70658172926687,94.95038269440279,block_55_189,0
sample_14640,28.036012906095102,96.06585662762407,block_56_192,0
sample_14641,28.498403878681493,95.57177142550692,block_56_191,0
sample_14642,26.341591054965274,90.11624088366719,block_52_180,0
sample_14643,25.261142749011015,90.79244652660473,block_50_181,0
sample_14644,26.292839417050704,89.96272088932565,block_52_179,0
sample_14645,27.433175900535975,92.46840378246289,block_54_184,0
sample_14646,26.76786787156263,95.13229407486115,block_53_190,0
sample_14647,26.015077172229322,91.17862738712572,block_52_182,0
sample_14648,28.75334397571563,93.97907524836403,block_57_187,0
sample_14649,23.97864241944003,93.79799136240861,block_47_187,0
sample_14650,26.11699306474052,89.98882404282568,block_52_179,0
sample_14651,27.955989858233476,88.66057977450797,block_55_177,0
sample_14652,28.561938920732054,95.56727436340879,block_57_191,0
sample_14653,28.87967219417731,95.15427094526243,block_57_190,0
sample_14654,27.9307558003642,94.22518398352277,block_55_188,0
sample_14655,27.663687281667855,93.74070137543303,block_55_187,0
sample_14656,26.0693473772967,94.14254220918696,block_52_188,0
sample_14657,24.60756974178427,92.91510951624907,block_49_185,0
sample_14658,28.530762191529163,95.60215587487514,block_57_191,0
sample_14659,28.556775351139688,95.24359034794921,block_57_190,0
sample_14660,26.254874302865346,90.51457594136494,block_52_181,0
sample_14661,27.06733518811195,92.05088651114184,block_54_184,0
sample_14662,26.137250345816714,91.40465646597244,block_52_182,0
sample_14663,25.453161552945453,89.9962485329254,block_50_179,0
sample_14664,25.554864093936988,92.4803949397574,block_51_184,0
sample_14665,24.06034721693129,92.47053108985901,block_48_184,0
sample_14666,24.33831728178776,93.79984006363162,block_48_187,0
sample_14667,25.57426499396474,90.56724488064114,block_51_181,0
sample_14668,24.909115896516294,92.50608141204023,block_49_185,0
sample_14669,27.173025225642327,92.12860216411083,block_54_184,0
sample_14670,28.80337980756625,94.3525781018411,block_57_188,0
sample_14671,28.108726429023775,96.80919071786141,block_56_193,0
sample_14672,28.14952203837046,93.22127417925799,block_56_186,0
sample_14673,28.59480107226309,94.66677346539653,block_57_189,0
sample_14674,26.27027175896643,93.42120879455786,block_52_186,0
sample_14675,23.80650890172273,91.79897350943666,block_47_183,0
sample_14676,27.52063553261275,96.79136631298013,block_55_193,0
sample_14677,25.49994893997255,92.60619012666959,block_50_185,0
sample_14678,26.23259409044752,93.32229734652157,block_52_186,0
sample_14679,28.849781854063853,95.0344735635924,block_57_190,0
sample_14680,27.71796710338004,88.61137252951146,block_55_177,0
sample_14681,28.218833728884373,96.93834095875016,block_56_193,0
sample_14682,25.441759492540175,89.88383320641184,block_50_179,0
sample_14683,27.47362685214399,96.16977622993576,block_54_192,0
sample_14684,23.491425299520547,91.79927413431759,block_46_183,0
sample_14685,26.642299653250767,92.80253708026173,block_53_185,0
sample_14686,26.607158509155536,92.89406833951256,block_53_185,0
sample_14687,25.961330939119836,92.80388138935294,block_51_185,0
sample_14688,27.01874313614573,94.03151893078731,block_54_188,0
sample_14689,26.193476738695317,92.21161992234462,block_52_184,0
sample_14690,26.066984727450354,91.65713370856237,block_52_183,0
sample_14691,25.36368646747336,94.48610151201544,block_50_188,0
sample_14692,25.7940187154593,93.7394419282293,block_51_187,0
sample_14693,25.76722988927221,90.07003086940901,block_51_180,0
sample_14694,26.456048706879116,91.84757874566124,block_52_183,0
sample_14695,26.649280649168787,90.67619462296383,block_53_181,0
sample_14696,26.771154675663247,92.90472554403365,block_53_185,0
sample_14697,26.546966614350474,91.36303515844793,block_53_182,0
sample_14698,28.496591750418666,94.01703604153825,block_56_188,0
sample_14699,27.083160455517593,95.76765863292823,block_54_191,0
sample_14700,27.419079452876645,96.83643503564721,block_54_193,0
sample_14701,23.4639186561894,92.66882256079795,block_46_185,0
sample_14702,26.693617043995673,91.31732110138472,block_53_182,0
sample_14703,28.02172630810975,93.73386614809803,block_56_187,0
sample_14704,27.318756713362323,93.64562471463466,block_54_187,0
sample_14705,27.0597937474578,94.33533468466368,block_54_188,0
sample_14706,28.778570671107676,96.0730799376872,block_57_192,0
sample_14707,28.02632146561204,95.59725456430175,block_56_191,0
sample_14708,25.797214863295157,90.34896608372507,block_51_180,0
sample_14709,25.5287186650261,92.69398434056883,block_51_185,0
sample_14710,27.97610331810666,94.85081700666335,block_55_189,0
sample_14711,28.377073249241437,96.23049561717421,block_56_192,0
sample_14712,24.464283460526982,92.73170639537864,block_48_185,0
sample_14713,25.4319321037722,93.87134121828288,block_50_187,0
sample_14714,23.555240622653855,92.80891050609772,block_47_185,0
sample_14715,28.147264768050555,95.55717562970649,block_56_191,0
sample_14716,27.62196782223884,95.89370533892577,block_55_191,0
sample_14717,26.14987617715677,93.81771976759488,block_52_187,0
sample_14718,28.443703803502416,96.22614660311106,block_56_192,0
sample_14719,29.066283656148602,95.79649863277761,block_58_191,0
sample_14720,27.413811546143656,95.30858631113014,block_54_190,0
sample_14721,25.469348407803647,92.80574436811531,block_50_185,0
sample_14722,26.032881911017164,91.44451562773273,block_52_182,0
sample_14723,26.017877919944638,92.13438210947585,block_52_184,0
sample_14724,26.27190558648352,91.53727555256737,block_52_183,0
sample_14725,23.889630656855797,91.68605441987557,block_47_183,0
sample_14726,25.95960480826892,93.96278497089769,block_51_187,0
sample_14727,24.372199536820872,93.00986106839675,block_48_186,0
sample_14728,26.58568232279987,94.61124214346877,block_53_189,0
sample_14729,26.453108998670174,92.04837106377079,block_52_184,0
sample_14730,26.90608036790573,95.70832907241859,block_53_191,0
sample_14731,24.063870486598553,92.48607242946277,block_48_184,0
sample_14732,28.47900173998908,93.78750225090144,block_56_187,0
sample_14733,28.863577254229234,94.58442106565889,block_57_189,0
sample_14734,28.185678486363337,93.77696773236754,block_56_187,0
sample_14735,23.802902795993617,92.2961680745551,block_47_184,0
sample_14736,28.977067252836072,94.40701745867979,block_57_188,0
sample_14737,23.51258389725343,91.7081799538106,block_47_183,0
sample_14738,28.566008996361028,96.26072632715663,block_57_192,0
sample_14739,25.208706988223955,92.33602217877849,block_50_184,0
sample_14740,29.197025639512887,94.78932598567108,block_58_189,0
sample_14741,24.694951466056825,92.47083420961626,block_49_184,0
sample_14742,28.567434863386197,95.60142577312381,block_57_191,0
sample_14743,28.58821327057909,94.77078132941384,block_57_189,0
sample_14744,26.071331335284277,92.93294610659125,block_52_185,0
sample_14745,27.81009891426832,88.49061207628132,block_55_176,0
sample_14746,26.279556719096384,90.5699121227454,block_52_181,0
sample_14747,29.094009940847716,95.91387788296335,block_58_191,0
sample_14748,25.463975829757107,91.88292569255215,block_50_183,0
sample_14749,26.855517171673227,90.37147040112124,block_53_180,0
sample_14750,28.17310397853739,93.4659408180143,block_56_186,0
sample_14751,27.700439983827224,92.0319447593648,block_55_184,0
sample_14752,24.427180186336134,93.94457318465912,block_48_187,0
sample_14753,26.666353180506064,93.5984129035267,block_53_187,0
sample_14754,26.505563565005648,90.01730455857486,block_53_180,0
sample_14755,24.575094472661814,94.14230242702727,block_49_188,0
sample_14756,26.14510051516818,90.35602939135597,block_52_180,0
sample_14757,27.130965220503654,93.12076739775527,block_54_186,0
sample_14758,26.045828641034102,92.90829342166333,block_52_185,0
sample_14759,26.367927346779467,90.28173836849248,block_52_180,0
sample_14760,28.30952795047469,94.84505274317715,block_56_189,0
sample_14761,25.69371286096861,94.48683711686202,block_51_188,0
sample_14762,27.43453132439847,95.14755321163872,block_54_190,0
sample_14763,27.595640074255613,94.28293540698782,block_55_188,0
sample_14764,26.57779422204562,90.204293558633,block_53_180,0
sample_14765,27.064399224232883,92.57455894590998,block_54_185,0
sample_14766,27.564877322205216,88.55456907054187,block_55_177,0
sample_14767,28.22814836250907,93.16492955624327,block_56_186,0
sample_14768,26.352373533689658,92.99081275508973,block_52_185,0
sample_14769,27.149765838537544,93.34379812501,block_54_186,0
sample_14770,25.72871509280367,90.66143394983453,block_51_181,0
sample_14771,28.326955079663797,96.2587212452263,block_56_192,0
sample_14772,25.420391201153265,90.61209830168363,block_50_181,0
sample_14773,28.24379137954142,92.9860684348796,block_56_185,0
sample_14774,26.683697486317342,92.16341447656464,block_53_184,0
sample_14775,26.249308379815115,90.25168250945896,block_52_180,0
sample_14776,27.503968421726462,93.59112524920347,block_55_187,0
sample_14777,26.185298678802965,90.34256763754178,block_52_180,0
sample_14778,27.94024761873976,88.75023282688669,block_55_177,0
sample_14779,26.136485056493605,94.97460021206301,block_52_189,0
sample_14780,27.41766460063987,93.32561644520504,block_54_186,0
sample_14781,27.4111962938957,93.48094142882108,block_54_186,0
sample_14782,28.50354964811579,93.54378184723276,block_57_187,0
sample_14783,28.20958293887707,96.0191395732902,block_56_192,0
sample_14784,28.27717855907875,95.94855073646434,block_56_191,0
sample_14785,27.464233244292167,93.7795461098031,block_54_187,0
sample_14786,28.521075092119773,95.91943530049608,block_57_191,0
sample_14787,25.55457549056443,90.98294174930825,block_51_181,0
sample_14788,22.68824402970999,92.62665694329793,block_45_185,0
sample_14789,24.469507658467823,93.8119215000158,block_48_187,0
sample_14790,24.399098314931635,93.49244865140717,block_48_186,0
sample_14791,25.606086803932083,93.15699447875457,block_51_186,0
sample_14792,24.455166990698316,93.26979802090436,block_48_186,0
sample_14793,28.701153871681562,94.47949379213894,block_57_188,0
sample_14794,26.505307542248453,90.60129567247992,block_53_181,0
sample_14795,27.514496394297467,96.70875368465279,block_55_193,0
sample_14796,22.104923441164267,92.60013317983967,block_44_185,0
sample_14797,23.526794323254858,91.37395204181715,block_47_182,0
sample_14798,25.859648837145173,91.98014244942716,block_51_183,0
sample_14799,23.915180631495858,91.77965014968984,block_47_183,0
sample_14800,25.531587125703492,90.61066311034197,block_51_181,0
sample_14801,28.622955891550593,95.56779655908544,block_57_191,0
sample_14802,27.235479075664074,92.32975760441454,block_54_184,0
sample_14803,26.006549822003834,92.70613498949771,block_52_185,0
sample_14804,27.888495607149228,92.88787933543799,block_55_185,0
sample_14805,25.75325815324313,91.22367767993721,block_51_182,0
sample_14806,26.79934703566914,93.63453097007572,block_53_187,0
sample_14807,29.181014034695767,95.59134813553354,block_58_191,0
sample_14808,26.763917663410776,90.57694856072976,block_53_181,0
sample_14809,25.71160052866058,93.01697331005292,block_51_186,0
sample_14810,27.411747524155032,95.47687816438442,block_54_190,0
sample_14811,27.5027269847474,88.2851494397535,block_55_176,0
sample_14812,26.333463243503072,94.18918254299554,block_52_188,0
sample_14813,25.261026124304614,91.14549058152643,block_50_182,0
sample_14814,29.417601959669916,96.03331797132049,block_58_192,0
sample_14815,26.475411312894842,92.1266523426717,block_52_184,0
sample_14816,28.803752341888273,95.12891854163587,block_57_190,0
sample_14817,26.83272140374363,92.09663329917746,block_53_184,0
sample_14818,28.61011497285306,93.46424197032691,block_57_186,0
sample_14819,25.506550469067044,90.99968331525983,block_51_181,0
sample_14820,27.233525450491136,94.7103551657869,block_54_189,0
sample_14821,27.77556683135794,93.27804713066823,block_55_186,0
sample_14822,24.88004645031725,93.677075113233,block_49_187,0
sample_14823,23.754132807177758,93.18717102698368,block_47_186,0
sample_14824,26.884780117587113,93.47007935787941,block_53_186,0
sample_14825,25.910456323230207,93.61405968517221,block_51_187,0
sample_14826,23.576010239190047,93.21957674776661,block_47_186,0
sample_14827,27.183986947062806,92.6721618929248,block_54_185,0
sample_14828,25.575838394480716,90.51633718718232,block_51_181,0
sample_14829,23.68379780923899,92.54494970839708,block_47_185,0
sample_14830,27.165649778500615,95.14089414909611,block_54_190,0
sample_14831,27.960987180670728,88.4715992808952,block_55_176,0
sample_14832,28.853124376295533,95.69260970470627,block_57_191,0
sample_14833,25.95181876904263,91.43568810907253,block_51_182,0
sample_14834,26.349858114391395,93.54658341725884,block_52_187,0
sample_14835,23.830103131259836,91.62991688025322,block_47_183,0
sample_14836,27.73222369883199,95.28582613519734,block_55_190,0
sample_14837,28.793301002221455,95.96138796421282,block_57_191,0
sample_14838,26.42653799737556,93.9869311203259,block_52_187,0
sample_14839,22.079313930872427,92.61904070548496,block_44_185,0
sample_14840,27.561828062806907,92.31703013792972,block_55_184,0
sample_14841,27.074763743792293,95.42610239423817,block_54_190,0
sample_14842,25.289547832298677,91.36819180027608,block_50_182,0
sample_14843,24.899644039161103,92.27836443842283,block_49_184,0
sample_14844,25.868686507737646,94.49322555022255,block_51_188,0
sample_14845,27.168058577624507,92.35730585617053,block_54_184,0
sample_14846,28.41404667912384,95.84571063490468,block_56_191,0
sample_14847,29.153866461215394,95.89025539348232,block_58_191,0
sample_14848,23.819469036970272,91.27702699006525,block_47_182,0
sample_14849,27.59513658255002,93.67547401946419,block_55_187,0
sample_14850,25.194312710002517,92.41409648687572,block_50_184,0
sample_14851,26.126749671987916,93.48098327065179,block_52_186,0
sample_14852,27.886061760404992,88.50555145158683,block_55_177,0
sample_14853,26.65220551798497,92.35966287305773,block_53_184,0
sample_14854,26.502584426295556,92.92452492080447,block_53_185,0
sample_14855,27.71946848349277,88.22944059832002,block_55_176,0
sample_14856,25.65199483940986,92.57266764017278,block_51_185,0
sample_14857,26.967798110836192,92.49823586029756,block_53_184,0
sample_14858,27.3986996139145,92.52937447216186,block_54_185,0
sample_14859,26.565576881475618,91.65557198933081,block_53_183,0
sample_14860,25.36394629870008,89.91822195764207,block_50_179,0
sample_14861,26.682379528033206,90.83534211007209,block_53_181,0
sample_14862,25.37952021843764,94.06502331088677,block_50_188,0
sample_14863,28.103735577511245,93.34677230594629,block_56_186,0
sample_14864,27.627352487009475,88.53685369174126,block_55_177,0
sample_14865,26.598027029871023,92.26524488090604,block_53_184,0
sample_14866,27.884885898634735,92.876902843875,block_55_185,0
sample_14867,27.88026397088136,97.16207992457952,block_55_194,0
sample_14868,25.76694633699297,91.83373536029082,block_51_183,0
sample_14869,27.87628792404686,96.95402405711711,block_55_193,0
sample_14870,27.983873216752507,88.80427365042716,block_55_177,0
sample_14871,26.302860820771258,90.337362603689,block_52_180,0
sample_14872,26.02192061173165,93.37033340954878,block_52_186,0
sample_14873,25.919389848456994,90.18036783175569,block_51_180,0
sample_14874,26.11765500793482,90.20664617964769,block_52_180,0
sample_14875,26.033652989138886,93.47487005646994,block_52_186,0
sample_14876,26.602462320269787,93.25751541454925,block_53_186,0
sample_14877,24.680940266953037,92.81795781260216,block_49_185,0
sample_14878,27.392039362520244,93.34709515879206,block_54_186,0
sample_14879,27.435786136693892,93.76240682160318,block_54_187,0
sample_14880,24.81093554244747,92.89401032027874,block_49_185,0
sample_14881,24.21126846071608,92.4742957189188,block_48_184,0
sample_14882,26.83867509592576,92.75323173012373,block_53_185,0
sample_14883,22.28377526089128,93.02405947185652,block_44_186,0
sample_14884,24.355495998507436,92.47923393439464,block_48_184,0
sample_14885,25.95005641950327,91.25632179275335,block_51_182,0
sample_14886,23.269677407729493,91.72660896874763,block_46_183,0
sample_14887,26.993156424034304,94.85937137415071,block_53_189,0
sample_14888,24.376934582946596,92.1100229651355,block_48_184,0
sample_14889,26.25472652786829,90.23250380465902,block_52_180,0
sample_14890,23.374828884582925,92.6084916495978,block_46_185,0
sample_14891,25.612686418330526,94.2878047925443,block_51_188,0
sample_14892,26.66132692639643,93.81263822901892,block_53_187,0
sample_14893,26.34943151330534,90.34622374289671,block_52_180,0
sample_14894,28.12802299927566,93.55476840407754,block_56_187,0
sample_14895,23.591063258668672,92.44074155627341,block_47_184,0
sample_14896,25.382791041483447,90.30555281556715,block_50_180,0
sample_14897,26.391855489854564,91.22708436084619,block_52_182,0
sample_14898,26.700411088210345,94.27663077373118,block_53_188,0
sample_14899,27.845458656402194,96.25906169834722,block_55_192,0
sample_14900,27.07722249175693,93.27184368375241,block_54_186,0
sample_14901,25.23937496503728,91.27176215200068,block_50_182,0
sample_14902,28.11304259779701,94.6181187688124,block_56_189,0
sample_14903,26.293499827284652,91.15310398540454,block_52_182,0
sample_14904,25.740228604848397,94.13000679009495,block_51_188,0
sample_14905,25.952897344941313,90.0866449429287,block_51_180,0
sample_14906,28.5396031265947,94.34934693642421,block_57_188,0
sample_14907,27.712164810560665,91.64204188866935,block_55_183,0
sample_14908,25.646439072459344,90.9238796072919,block_51_181,0
sample_14909,26.053169400849708,94.73889104227753,block_52_189,0
sample_14910,25.67076912770735,92.52520086678611,block_51_185,0
sample_14911,26.767385023148762,93.15175457392796,block_53_186,0
sample_14912,28.56837733162957,95.35602863039635,block_57_190,0
sample_14913,27.376839990823296,93.41886795531744,block_54_186,0
sample_14914,27.770206732318567,94.98151956568745,block_55_189,0
sample_14915,23.603964919866527,91.36922158920396,block_47_182,0
sample_14916,28.59701055989504,93.84005895310375,block_57_187,0
sample_14917,29.0548830155488,95.11439996191582,block_58_190,0
sample_14918,24.74418429021244,94.11060172905022,block_49_188,0
sample_14919,28.95547824719101,95.50978951624529,block_57_191,0
sample_14920,25.204721888438023,93.9478902381556,block_50_187,0
sample_14921,23.96308883299521,91.93356480857585,block_47_183,0
sample_14922,27.45229311561667,96.21613262395132,block_54_192,0
sample_14923,28.303751273302606,94.8728561064636,block_56_189,0
sample_14924,23.68577381373464,92.66147701474344,block_47_185,0
sample_14925,26.644634432481467,93.46267847906572,block_53_186,0
sample_14926,25.637073955919714,90.9079763727539,block_51_181,0
sample_14927,23.30400387411135,93.26962615713049,block_46_186,0
sample_14928,26.109459479801046,93.53813581518874,block_52_187,0
sample_14929,26.24965421910988,93.24562046516765,block_52_186,0
sample_14930,26.864310441637567,95.28883407392199,block_53_190,0
sample_14931,26.270894561193238,94.49805320927346,block_52_188,0
sample_14932,26.351222756920215,92.16946473183037,block_52_184,0
sample_14933,26.924305273838424,95.03637854676,block_53_190,0
sample_14934,25.964412491455562,92.89082902021357,block_51_185,0
sample_14935,27.356290149418356,88.8120369291657,block_54_177,0
sample_14936,28.566104374816952,96.04439888104578,block_57_192,0
sample_14937,26.413624601997434,91.45931226816944,block_52_182,0
sample_14938,27.559565948571702,95.67625426525528,block_55_191,0
sample_14939,26.58266671896012,90.4069521088161,block_53_180,0
sample_14940,28.507797063268008,96.28382178298227,block_57_192,0
sample_14941,24.76511270479497,92.44844123717375,block_49_184,0
sample_14942,27.928943225852223,96.39971224093392,block_55_192,0
sample_14943,28.319471111988797,96.84042215076947,block_56_193,0
sample_14944,28.063661407157532,93.61469077372227,block_56_187,0
sample_14945,27.577703528646627,95.47557369065335,block_55_190,0
sample_14946,24.29857561924956,93.64994423108892,block_48_187,0
sample_14947,25.66427012592861,94.57251740830849,block_51_189,0
sample_14948,26.297376157838077,89.86377478913774,block_52_179,0
sample_14949,25.61415150798545,91.73465552595098,block_51_183,0
sample_14950,27.721959661084306,92.06437559486803,block_55_184,0
sample_14951,28.638138320520046,93.76429338811317,block_57_187,0
sample_14952,27.61543010349162,95.05359734353529,block_55_190,0
sample_14953,26.814359084295017,92.28812220261449,block_53_184,0
sample_14954,25.84556086840812,92.44075731993021,block_51_184,0
sample_14955,27.568378961958413,91.93177988800194,block_55_183,0
sample_14956,25.116324360594096,94.16038086242494,block_50_188,0
sample_14957,25.193205287466647,93.79071977049426,block_50_187,0
sample_14958,28.140093652724396,93.54696220003615,block_56_187,0
sample_14959,26.36351901024835,93.02204626986436,block_52_186,0
sample_14960,26.400132087838514,90.34616476550806,block_52_180,0
sample_14961,27.61695034169565,96.16045372612393,block_55_192,0
sample_14962,25.643979832984485,91.4259697896267,block_51_182,0
sample_14963,27.106889233179782,93.4316627770004,block_54_186,0
sample_14964,27.118633686630815,92.65969723156199,block_54_185,0
sample_14965,28.18506325313196,93.40859881811133,block_56_186,0
sample_14966,22.982217885428245,91.57606700188782,block_45_183,0
sample_14967,25.4154385677223,93.51773622319506,block_50_187,0
sample_14968,25.591313641128245,94.54014688714433,block_51_189,0
sample_14969,23.27230017562176,92.79485731459546,block_46_185,0
sample_14970,26.193182564432476,94.00890903517625,block_52_188,0
sample_14971,26.5353164979248,91.2450001063994,block_53_182,0
sample_14972,28.30007075774538,93.25215867440778,block_56_186,0
sample_14973,25.58342788601281,90.2238234754249,block_51_180,0
sample_14974,27.361309811729253,93.87707789183371,block_54_187,0
sample_14975,27.496310248259743,94.08643881466303,block_54_188,0
sample_14976,23.66744320832649,91.6754332814862,block_47_183,0
sample_14977,27.573828751052847,93.24302542185298,block_55_186,0
sample_14978,27.628103689475783,92.28388460228858,block_55_184,0
sample_14979,24.178465628278204,92.13587653959581,block_48_184,0
sample_14980,27.391704536478663,95.93975889302938,block_54_191,0
sample_14981,25.05753833179221,92.7724253581923,block_50_185,0
sample_14982,23.141261812914042,92.87748785511889,block_46_185,0
sample_14983,28.561753802175055,95.59727540580074,block_57_191,0
sample_14984,23.179181587332472,92.52526108055628,block_46_185,0
sample_14985,26.494031678301383,94.02681395415064,block_52_188,0
sample_14986,23.91295744656655,92.4949892351004,block_47_184,0
sample_14987,27.074397002490397,92.42194243598288,block_54_184,0
sample_14988,23.95197619388335,92.33558438780719,block_47_184,0
sample_14989,28.2280206831986,94.80646796760207,block_56_189,0
sample_14990,26.542842427043684,93.95285157320777,block_53_187,0
sample_14991,26.079244426023557,93.21916961593243,block_52_186,0
sample_14992,26.802794104822837,93.87563080507717,block_53_187,0
sample_14993,23.543805347147515,93.05327191930614,block_47_186,0
sample_14994,23.783711093693626,91.60955250830537,block_47_183,0
sample_14995,24.492903099072535,93.46287838298053,block_48_186,0
sample_14996,26.71507197443853,92.93448852365387,block_53_185,0
sample_14997,28.677925201280342,95.05579937237681,block_57_190,0
sample_14998,24.996361143513937,94.71089269144116,block_49_189,0
sample_14999,27.804134444921285,91.73585271769926,block_55_183,0
sample_15000,27.71452260065425,96.50937803086407,block_55_193,0
sample_15001,28.622390100325347,93.45634434606364,block_57_186,0
sample_15002,25.48827965105678,92.28677318517705,block_50_184,0
sample_15003,28.50990093658065,95.37249186765686,block_57_190,0
sample_15004,29.009572924807635,95.64908227482769,block_58_191,0
sample_15005,26.284607981408037,90.40591923785972,block_52_180,0
sample_15006,26.970639626195915,94.97587661784674,block_53_189,0
sample_15007,26.04901951625522,93.35212612449877,block_52_186,0
sample_15008,27.20229885407571,93.19493632825225,block_54_186,0
sample_15009,25.32182240594047,92.441074093506,block_50_184,0
sample_15010,26.70940336016006,93.3212181814354,block_53_186,0
sample_15011,25.552879873023965,93.07009189149704,block_51_186,0
sample_15012,25.29057683681439,94.14536265708341,block_50_188,0
sample_15013,27.974300541592648,96.20182005975721,block_55_192,0
sample_15014,26.446581940729157,95.01046206829915,block_52_190,0
sample_15015,28.576448641866463,95.20852838717599,block_57_190,0
sample_15016,27.11556112366613,95.15828864625443,block_54_190,0
sample_15017,28.02645326539278,95.89839162479706,block_56_191,0
sample_15018,26.701395761921603,90.24915009356305,block_53_180,0
sample_15019,25.87525024579285,91.570527603952,block_51_183,0
sample_15020,26.39746669423556,94.99730133217963,block_52_189,0
sample_15021,27.15735398745474,93.43264102390344,block_54_186,0
sample_15022,24.21263040950071,92.7083367456524,block_48_185,0
sample_15023,28.878079435419078,96.265806923508,block_57_192,0
sample_15024,28.69541781943919,94.79191075484444,block_57_189,0
sample_15025,22.999872620254425,92.62898676533473,block_45_185,0
sample_15026,26.09641160707362,94.17768923650064,block_52_188,0
sample_15027,27.022962531965646,94.80346764668938,block_54_189,0
sample_15028,28.035652249893083,94.34024500123897,block_56_188,0
sample_15029,27.85245506513307,93.58592397660333,block_55_187,0
sample_15030,24.99462765849818,93.2375157937619,block_49_186,0
sample_15031,25.41300594177063,92.54851331132818,block_50_185,0
sample_15032,27.717305243881565,88.68287964521569,block_55_177,0
sample_15033,27.016312870218773,93.43906822218187,block_54_186,0
sample_15034,27.69427292540451,92.56630470319288,block_55_185,0
sample_15035,27.581154139963463,88.39800470787705,block_55_176,0
sample_15036,26.19238977803521,92.6062956328523,block_52_185,0
sample_15037,25.10695188152556,92.53846050978923,block_50_185,0
sample_15038,26.038325498998155,93.79952740646645,block_52_187,0
sample_15039,25.262378888750263,91.00095365268122,block_50_182,0
sample_15040,27.68833181813726,96.21569634760061,block_55_192,0
sample_15041,26.00286941187562,93.27302720883834,block_52_186,0
sample_15042,26.128866442940645,94.66266618318691,block_52_189,0
sample_15043,24.15463647162484,92.75387075657886,block_48_185,0
sample_15044,23.93470575971023,91.47018180803254,block_47_182,0
sample_15045,26.800946550090256,92.10118141399268,block_53_184,0
sample_15046,26.229749683531125,90.85114018892864,block_52_181,0
sample_15047,25.974564646533914,93.36775488902208,block_51_186,0
sample_15048,25.614184538643002,91.46756928542901,block_51_182,0
sample_15049,25.421165727809857,93.75531747905791,block_50_187,0
sample_15050,27.997153532294224,97.36985901095377,block_55_194,0
sample_15051,28.002987716594575,94.66993252718638,block_56_189,0
sample_15052,26.61089511480764,93.9022174284873,block_53_187,0
sample_15053,27.047189256194812,94.87477022581147,block_54_189,0
sample_15054,25.019331411883837,94.26748187857832,block_50_188,0
sample_15055,24.66788125940982,93.19346416866358,block_49_186,0
sample_15056,27.991556501863588,93.11202508783734,block_55_186,0
sample_15057,27.68890641387617,92.5124974771534,block_55_185,0
sample_15058,27.959465314537272,94.01169997592702,block_55_188,0
sample_15059,27.47380041983058,96.05274941779629,block_54_192,0
sample_15060,27.062516581367134,94.81837795658585,block_54_189,0
sample_15061,25.69609991785182,92.95677915407218,block_51_185,0
sample_15062,26.91765531729368,93.76761630566736,block_53_187,0
sample_15063,23.95049284303263,92.52584452130179,block_47_185,0
sample_15064,25.485354569266526,94.25989463701696,block_50_188,0
sample_15065,27.425612740742146,96.82257595419487,block_54_193,0
sample_15066,24.600132526687503,94.24021048761172,block_49_188,0
sample_15067,25.81671048252123,93.98048768032187,block_51_187,0
sample_15068,25.634075248182285,91.97196886315686,block_51_183,0
sample_15069,28.14871675472841,94.33312095674123,block_56_188,0
sample_15070,26.709915634091406,92.82697436182276,block_53_185,0
sample_15071,27.539469094434004,96.54830423755915,block_55_193,0
sample_15072,27.380837394503473,88.12536303540965,block_54_176,0
sample_15073,27.433565327168047,93.24909567078487,block_54_186,0
sample_15074,25.910212995987745,91.19171121669717,block_51_182,0
sample_15075,25.395849018497643,90.79342006042286,block_50_181,0
sample_15076,27.05936098515214,92.76997682111381,block_54_185,0
sample_15077,27.976749508979626,94.83484313641937,block_55_189,0
sample_15078,27.768924296179602,93.22993258754566,block_55_186,0
sample_15079,28.49160473562403,94.39610722097282,block_56_188,0
sample_15080,26.84150994237521,95.58532851688554,block_53_191,0
sample_15081,26.690912601715397,94.60667746280308,block_53_189,0
sample_15082,26.700441048195362,90.58149281320568,block_53_181,0
sample_15083,27.526381205749658,93.69983158365397,block_55_187,0
sample_15084,27.02481623571812,92.92499175517048,block_54_185,0
sample_15085,23.510432611681015,92.80755562247803,block_47_185,0
sample_15086,25.90359780227353,90.64602393236545,block_51_181,0
sample_15087,27.70969378756752,96.74461174355318,block_55_193,0
sample_15088,26.722777329513534,91.05788087613472,block_53_182,0
sample_15089,25.380043171288442,90.29530641218915,block_50_180,0
sample_15090,25.243230507300495,91.62600741212326,block_50_183,0
sample_15091,26.067270191564695,90.17626289663701,block_52_180,0
sample_15092,26.293857591741222,90.57809162866278,block_52_181,0
sample_15093,26.58127653289748,90.91480158260907,block_53_181,0
sample_15094,25.484724611873823,93.27362459675858,block_50_186,0
sample_15095,27.37660587274747,92.3423650635115,block_54_184,0
sample_15096,25.809708379566707,93.51008502842905,block_51_187,0
sample_15097,28.64649637717247,95.07713118911973,block_57_190,0
sample_15098,25.971219717973668,90.6504705333099,block_51_181,0
sample_15099,27.919919241071977,94.56096352413967,block_55_189,0
sample_15100,27.015714783111555,92.71612454411509,block_54_185,0
sample_15101,23.29118608986097,93.12381591433595,block_46_186,0
sample_15102,27.67120514503256,88.45919755064358,block_55_176,0
sample_15103,28.251172711173037,96.7544826353941,block_56_193,0
sample_15104,26.563011842891846,94.83969970184727,block_53_189,0
sample_15105,27.41965445479489,93.15180348416825,block_54_186,0
sample_15106,27.10625156001975,92.0676774311347,block_54_184,0
sample_15107,26.957888589292217,94.17394533184323,block_53_188,0
sample_15108,28.954036168178835,94.41196872998268,block_57_188,0
sample_15109,26.300902603199404,90.49489915436332,block_52_180,0
sample_15110,27.527105245605572,94.42594178225588,block_55_188,0
sample_15111,28.833434711403555,95.114127481062,block_57_190,0
sample_15112,27.705782791231293,95.29916207959405,block_55_190,0
sample_15113,27.631786935503673,91.73090771655511,block_55_183,0
sample_15114,26.62218160427192,93.89485063320816,block_53_187,0
sample_15115,27.778758657888027,93.0337835936927,block_55_186,0
sample_15116,25.890712793808795,93.08591712695069,block_51_186,0
sample_15117,26.49112839372703,91.64155186603902,block_52_183,0
sample_15118,27.720951195903112,88.77400542159981,block_55_177,0
sample_15119,27.454813427558058,92.45562168577243,block_54_184,0
sample_15120,26.312202843203444,92.54019829807625,block_52_185,0
sample_15121,25.167869009581175,92.26873603815041,block_50_184,0
sample_15122,27.281923085589412,93.49692950049636,block_54_186,0
sample_15123,27.104939606468093,93.23221270691143,block_54_186,0
sample_15124,23.603544967019385,93.23600008964488,block_47_186,0
sample_15125,28.160165021388828,94.20561908316851,block_56_188,0
sample_15126,24.55700233384331,93.54362329098232,block_49_187,0
sample_15127,27.461874680010585,88.16997443976126,block_54_176,0
sample_15128,23.889038601706734,92.18119533982814,block_47_184,0
sample_15129,27.28493686563816,95.21497900995168,block_54_190,0
sample_15130,28.240587923892317,95.01891928074969,block_56_190,0
sample_15131,26.577689505284255,91.75001988485594,block_53_183,0
sample_15132,24.02571732857089,93.63938635777728,block_48_187,0
sample_15133,27.469975292870398,94.81994613716441,block_54_189,0
sample_15134,27.803728596851737,94.91768031359743,block_55_189,0
sample_15135,27.835590726073253,94.18052105278167,block_55_188,0
sample_15136,28.220512388267448,97.13877627933928,block_56_194,0
sample_15137,26.817333447396763,94.10060333384999,block_53_188,0
sample_15138,24.907016891124723,93.7641338780831,block_49_187,0
sample_15139,27.756217136641677,95.17144391299723,block_55_190,0
sample_15140,27.62084987153428,95.99250904274399,block_55_191,0
sample_15141,26.17903633943746,93.05746169619951,block_52_186,0
sample_15142,27.791320358685198,94.04420033585043,block_55_188,0
sample_15143,26.269850776047193,89.8451689431664,block_52_179,0
sample_15144,28.09767823321346,93.81018434307802,block_56_187,0
sample_15145,25.874275322190975,91.91526080204919,block_51_183,0
sample_15146,25.11290509865324,93.10324154017604,block_50_186,0
sample_15147,24.832616129741805,94.24595164938228,block_49_188,0
sample_15148,24.36245116036425,93.40374712079158,block_48_186,0
sample_15149,28.119343299800803,93.9381994128334,block_56_187,0
sample_15150,27.385328725780305,95.70903094640805,block_54_191,0
sample_15151,26.495886648399345,93.2517049216899,block_52_186,0
sample_15152,28.005975637661496,92.96874678122117,block_56_185,0
sample_15153,28.94725933638632,96.43196512857202,block_57_192,0
sample_15154,26.240894493954126,94.16318509226718,block_52_188,0
sample_15155,26.29749171139021,93.70657906165312,block_52_187,0
sample_15156,26.58227943716542,91.74827531075039,block_53_183,0
sample_15157,27.631565296904533,92.52313563776806,block_55_185,0
sample_15158,25.13515290327766,94.72577705753478,block_50_189,0
sample_15159,24.059999492580527,93.24473084578955,block_48_186,0
sample_15160,25.72721079696644,94.21375326790468,block_51_188,0
sample_15161,28.972669504200198,95.88498094394953,block_57_191,0
sample_15162,24.301527945037115,94.09871434495852,block_48_188,0
sample_15163,27.362580420561322,95.29230115871407,block_54_190,0
sample_15164,28.348378495226314,95.18367689505948,block_56_190,0
sample_15165,25.664298788001016,93.80625064556261,block_51_187,0
sample_15166,24.574278877767508,92.33869812452625,block_49_184,0
sample_15167,27.000669905525612,92.83768035495683,block_54_185,0
sample_15168,26.916396877884655,93.60367003499132,block_53_187,0
sample_15169,26.482215338057586,92.94090653848765,block_52_185,0
sample_15170,29.325554879668445,95.89624456957081,block_58_191,0
sample_15171,24.023771550636873,93.84755956093619,block_48_187,0
sample_15172,23.570154129750552,91.61870344444658,block_47_183,0
sample_15173,26.47499387327494,93.91079169050136,block_52_187,0
sample_15174,26.100367644392037,94.64726888655602,block_52_189,0
sample_15175,23.28859470651798,91.51563277238486,block_46_183,0
sample_15176,25.38336830741011,91.0630839182723,block_50_182,0
sample_15177,25.720082822463592,93.66787416090459,block_51_187,0
sample_15178,25.761749406766626,93.0838570591724,block_51_186,0
sample_15179,26.756180287442334,92.05644227149575,block_53_184,0
sample_15180,27.578161917302168,96.62883028660326,block_55_193,0
sample_15181,23.454331124819035,91.31976781235724,block_46_182,0
sample_15182,25.255322256634358,92.89424000110625,block_50_185,0
sample_15183,27.191395332436166,95.09168505053312,block_54_190,0
sample_15184,26.799670372922705,91.44153294268824,block_53_182,0
sample_15185,27.679567935197774,93.5762669204724,block_55_187,0
sample_15186,27.65115725117332,92.0190425178886,block_55_184,0
sample_15187,27.07344118901652,94.6794206832933,block_54_189,0
sample_15188,28.901019295733384,95.47364275410641,block_57_190,0
sample_15189,27.42373068428828,93.26471855640673,block_54_186,0
sample_15190,25.773282639724734,94.64440923938143,block_51_189,0
sample_15191,25.767993050298838,90.73507674349058,block_51_181,0
sample_15192,23.085471801704454,91.78751851120224,block_46_183,0
sample_15193,27.510465973010007,96.42783962479405,block_55_192,0
sample_15194,25.993282882138164,93.19398402011257,block_51_186,0
sample_15195,28.400209407826903,95.4726330491861,block_56_190,0
sample_15196,27.642251166639305,95.47463149152337,block_55_190,0
sample_15197,26.569975397470838,92.74055154702391,block_53_185,0
sample_15198,28.183066577290393,96.46922459729925,block_56_192,0
sample_15199,26.502262348764944,90.51515902863167,block_53_181,0
sample_15200,26.76221186133742,91.74735067241166,block_53_183,0
sample_15201,26.0310728246554,91.33641755743137,block_52_182,0
sample_15202,27.922426700965545,93.51690321527701,block_55_187,0
sample_15203,29.204413078840762,95.8057049455756,block_58_191,0
sample_15204,27.9008884008513,95.69352425926115,block_55_191,0
sample_15205,29.097880975337745,95.54624690260466,block_58_191,0
sample_15206,25.208868310878188,92.56760018178788,block_50_185,0
sample_15207,26.459592359834637,89.91251570327329,block_52_179,0
sample_15208,25.939696817743524,90.58520410757428,block_51_181,0
sample_15209,25.65811081869782,93.45035890196898,block_51_186,0
sample_15210,24.099651524286294,93.35056504020629,block_48_186,0
sample_15211,25.82086800539916,92.79878551389123,block_51_185,0
sample_15212,24.362654130084643,92.35701165550327,block_48_184,0
sample_15213,28.057114784695386,96.99138892424595,block_56_193,0
sample_15214,27.07514040709255,95.31123623442257,block_54_190,0
sample_15215,28.26242034949982,94.43853585962538,block_56_188,0
sample_15216,26.02757068261847,91.39473668668046,block_52_182,0
sample_15217,22.42488115962545,93.03988042158481,block_44_186,0
sample_15218,27.566515384085115,95.64548353322093,block_55_191,0
sample_15219,28.044653548464243,94.27395846942646,block_56_188,0
sample_15220,27.994872627964337,96.78124702402405,block_55_193,0
sample_15221,27.312905589948624,93.30250119677783,block_54_186,0
sample_15222,29.02267429107686,95.6516944709311,block_58_191,0
sample_15223,27.111132697330643,95.54926453632324,block_54_191,0
sample_15224,28.338074164675533,95.38533115916482,block_56_190,0
sample_15225,27.225082760619564,94.0278260025154,block_54_188,0
sample_15226,25.58451286953867,92.36224279807696,block_51_184,0
sample_15227,27.421648941334947,93.92170594765908,block_54_187,0
sample_15228,24.62700314035285,93.79697744528586,block_49_187,0
sample_15229,27.93606202999434,96.12326786398808,block_55_192,0
sample_15230,24.372211239515305,92.73317690721672,block_48_185,0
sample_15231,27.094310377632414,94.43412711318079,block_54_188,0
sample_15232,26.523042458016988,91.8669900087587,block_53_183,0
sample_15233,26.985665796250615,93.69327938157436,block_53_187,0
sample_15234,25.85868291300864,90.112572173367,block_51_180,0
sample_15235,26.653288545170817,93.97951498432788,block_53_187,0
sample_15236,27.970790986691018,94.93197104697151,block_55_189,0
sample_15237,29.026291978489382,95.69870443427934,block_58_191,0
sample_15238,27.891140473029278,88.20228020098276,block_55_176,0
sample_15239,28.055766497723837,92.7960203830607,block_56_185,0
sample_15240,25.45983483128273,90.97787094665208,block_50_181,0
sample_15241,28.123390115773624,96.73589082655603,block_56_193,0
sample_15242,28.48016953720319,95.89732600421065,block_56_191,0
sample_15243,27.65049833303103,94.31650661531924,block_55_188,0
sample_15244,26.185192946676153,93.91706634845936,block_52_187,0
sample_15245,24.109706524655365,93.76014650675,block_48_187,0
sample_15246,27.703725589327135,88.15552861440483,block_55_176,0
sample_15247,28.113723655875198,95.3813410328251,block_56_190,0
sample_15248,25.204250568513793,90.83020019648285,block_50_181,0
sample_15249,28.218216510961653,93.72392687484457,block_56_187,0
sample_15250,24.185512367085323,94.16053600444991,block_48_188,0
sample_15251,28.533427226818485,95.9401274153999,block_57_191,0
sample_15252,25.231172132846606,93.76102315981451,block_50_187,0
sample_15253,27.68821871439206,93.70775475361707,block_55_187,0
sample_15254,26.6563379850258,94.90164440001845,block_53_189,0
sample_15255,23.73272253224891,93.03225693626621,block_47_186,0
sample_15256,29.06276683850562,94.39931239201775,block_58_188,0
sample_15257,25.700968391895117,92.67376035742868,block_51_185,0
sample_15258,27.549317029286964,95.50205474561064,block_55_191,0
sample_15259,26.371074384544837,94.7542749701672,block_52_189,0
sample_15260,22.437867179816028,92.79973723631863,block_44_185,0
sample_15261,27.690973501310324,91.88039657475395,block_55_183,0
sample_15262,25.22763359072666,93.45871888815405,block_50_186,0
sample_15263,26.932667334791255,93.84546846515799,block_53_187,0
sample_15264,23.32058923217325,92.58229949290083,block_46_185,0
sample_15265,26.812438393431478,95.40910793756761,block_53_190,0
sample_15266,25.369792903136464,91.15885444582376,block_50_182,0
sample_15267,26.715626423533983,92.11367357132686,block_53_184,0
sample_15268,27.329600691758344,94.96837803616309,block_54_189,0
sample_15269,29.101063623681394,95.93663963446616,block_58_191,0
sample_15270,28.595446554255794,96.3883205086398,block_57_192,0
sample_15271,23.005477269236636,93.06372892417971,block_46_186,0
sample_15272,23.987533107460763,92.20593142753162,block_47_184,0
sample_15273,26.239193572378884,89.85774283715801,block_52_179,0
sample_15274,23.89344660866472,92.0589339581328,block_47_184,0
sample_15275,22.326758958455578,92.96455143428177,block_44_185,0
sample_15276,25.326763196362826,93.38552874083177,block_50_186,0
sample_15277,27.442807740384183,96.10498629684112,block_54_192,0
sample_15278,26.402785599537104,92.06155741909197,block_52_184,0
sample_15279,26.38960885378202,91.78637107177299,block_52_183,0
sample_15280,27.737749548825526,94.45018493290853,block_55_188,0
sample_15281,26.461849882675516,92.23491803703651,block_52_184,0
sample_15282,26.03551938671156,94.18583746056198,block_52_188,0
sample_15283,26.194772500230904,92.54050830617086,block_52_185,0
sample_15284,28.883320116949022,95.80770555521612,block_57_191,0
sample_15285,24.470947470080883,93.16461620486064,block_48_186,0
sample_15286,27.066320847189573,95.02246197137993,block_54_190,0
sample_15287,25.879077056880092,94.14086085034535,block_51_188,0
sample_15288,27.876003050803256,95.53106741706499,block_55_191,0
sample_15289,27.472456207024116,95.01880561237483,block_54_190,0
sample_15290,25.78465193413693,90.73932331659208,block_51_181,0
sample_15291,24.590678337874344,92.71949467938356,block_49_185,0
sample_15292,25.442911171214885,93.0673233682571,block_50_186,0
sample_15293,25.907348331317184,91.20438428757458,block_51_182,0
sample_15294,27.57456118188942,93.5445983783971,block_55_187,0
sample_15295,27.592103096157324,93.21303194109892,block_55_186,0
sample_15296,25.200705574227413,94.56838942632693,block_50_189,0
sample_15297,23.289116272074125,91.37990898633805,block_46_182,0
sample_15298,27.427415104293843,92.39205922358977,block_54_184,0
sample_15299,26.703942441585063,90.9289748966399,block_53_181,0
sample_15300,26.692759652852487,90.26644727201601,block_53_180,0
sample_15301,28.476326353124254,94.35257834163913,block_56_188,0
sample_15302,26.563332468859095,94.27661684679364,block_53_188,0
sample_15303,25.468905907218122,90.66643959596954,block_50_181,0
sample_15304,28.057413294317712,93.07240941444125,block_56_186,0
sample_15305,25.826061040072886,90.38593678181667,block_51_180,0
sample_15306,26.961692796492613,92.8510683945966,block_53_185,0
sample_15307,27.581597970195375,93.74162556163118,block_55_187,0
sample_15308,27.2054318099498,95.46490284433068,block_54_190,0
sample_15309,26.716269758726895,90.72875898134691,block_53_181,0
sample_15310,26.316804075164754,89.88180401843702,block_52_179,0
sample_15311,26.057065775612976,94.70047042507944,block_52_189,0
sample_15312,28.544398445341486,93.54877123972676,block_57_187,0
sample_15313,27.937194541500723,88.20660638748649,block_55_176,0
sample_15314,29.107173905730605,94.42619510947326,block_58_188,0
sample_15315,27.934210157874155,96.67636866727258,block_55_193,0
sample_15316,22.299291151841636,92.67392331998249,block_44_185,0
sample_15317,25.320153120780237,91.22947068958877,block_50_182,0
sample_15318,23.95658376465168,91.4168647044633,block_47_182,0
sample_15319,28.734306130208815,94.09738282058215,block_57_188,0
sample_15320,27.164364667101758,97.09748156723964,block_54_194,0
sample_15321,22.742702612184743,92.86276324744277,block_45_185,0
sample_15322,28.221121145602414,93.68009806770385,block_56_187,0
sample_15323,23.815153294735648,93.28252509708182,block_47_186,0
sample_15324,27.46252056625645,96.6051571620125,block_54_193,0
sample_15325,28.63995791945497,95.39415608922201,block_57_190,0
sample_15326,25.494903091780994,93.35163235590359,block_50_186,0
sample_15327,27.970153180551364,96.80967478567713,block_55_193,0
sample_15328,27.72878190584252,93.73716395284612,block_55_187,0
sample_15329,28.028287622275485,94.49843431131163,block_56_188,0
sample_15330,27.482959340348174,96.64116421036748,block_54_193,0
sample_15331,28.682861214678706,94.02025822454857,block_57_188,0
sample_15332,24.79584565623976,94.57143080961784,block_49_189,0
sample_15333,24.14290446398539,92.64631112738364,block_48_185,0
sample_15334,28.058779940328495,92.76880773408884,block_56_185,0
sample_15335,26.89549640030122,95.62100754175272,block_53_191,0
sample_15336,25.397284061901985,90.38994885950059,block_50_180,0
sample_15337,24.482519693349918,93.41983621544966,block_48_186,0
sample_15338,25.72924466204651,93.33730048537545,block_51_186,0
sample_15339,24.24321073807548,93.13743818079757,block_48_186,0
sample_15340,26.999663484006152,92.45160799237513,block_53_184,0
sample_15341,25.476726262108297,90.26692362230996,block_50_180,0
sample_15342,26.56052962356925,91.91804364635821,block_53_183,0
sample_15343,26.62411246596235,91.5700560195584,block_53_183,0
sample_15344,24.238162673193937,93.95873404657428,block_48_187,0
sample_15345,25.885219925960524,92.94954574338978,block_51_185,0
sample_15346,26.66527701766906,94.71176461539186,block_53_189,0
sample_15347,26.53776842115054,93.8775450788887,block_53_187,0
sample_15348,25.590309767146568,93.38357140120554,block_51_186,0
sample_15349,25.599623275472972,94.38206673939136,block_51_188,0
sample_15350,26.149686061068813,91.00027919679951,block_52_182,0
sample_15351,27.128589187917484,93.90624064055181,block_54_187,0
sample_15352,23.87530614450769,91.83624692255297,block_47_183,0
sample_15353,23.909150805354013,91.48850704277143,block_47_182,0
sample_15354,28.03567020631321,96.76273259928647,block_56_193,0
sample_15355,26.19678988784314,89.93688704192033,block_52_179,0
sample_15356,25.336659263209906,93.31320512199737,block_50_186,0
sample_15357,25.7588690139018,90.13159212971232,block_51_180,0
sample_15358,26.443168454464363,93.45155374633147,block_52_186,0
sample_15359,25.45521939013674,91.13267987737649,block_50_182,0
sample_15360,28.24467962834874,95.36464420303925,block_56_190,0
sample_15361,25.548206426022578,93.33633314256726,block_51_186,0
sample_15362,27.240863760345235,94.67843078813821,block_54_189,0
sample_15363,27.497175082694312,92.24673079061883,block_54_184,0
sample_15364,28.24346683115072,97.24366298084063,block_56_194,0
sample_15365,22.660931282344606,92.81296663187793,block_45_185,0
sample_15366,26.420864704670077,94.23658734780037,block_52_188,0
sample_15367,23.87118724496938,91.92353344687513,block_47_183,0
sample_15368,26.705769898568562,90.27854449531064,block_53_180,0
sample_15369,25.879331747232744,89.86970913591315,block_51_179,0
sample_15370,26.26857785158625,90.02278599328726,block_52_180,0
sample_15371,27.730319111205922,94.99652815774479,block_55_189,0
sample_15372,26.51493799012857,92.5838937299644,block_53_185,0
sample_15373,24.018816214471105,92.36937089667202,block_48_184,0
sample_15374,28.87903598641531,95.8743670403804,block_57_191,0
sample_15375,27.212364360377123,95.08381472780772,block_54_190,0
sample_15376,27.82823207966148,94.8762438710142,block_55_189,0
sample_15377,27.538898058294293,96.55007254111102,block_55_193,0
sample_15378,28.233506067080285,93.6503140813764,block_56_187,0
sample_15379,27.488201185550757,94.07417384873622,block_54_188,0
sample_15380,27.251212735721456,95.98884109537109,block_54_191,0
sample_15381,27.45066354612203,95.86836036130582,block_54_191,0
sample_15382,27.56342794726898,93.37451556093008,block_55_186,0
sample_15383,27.607072213722848,88.3795279586058,block_55_176,0
sample_15384,29.16160902007169,95.73867266057152,block_58_191,0
sample_15385,27.54690062451941,93.91048836390317,block_55_187,0
sample_15386,26.9982917435571,94.29119928844186,block_53_188,0
sample_15387,25.345393773993898,91.43871827343739,block_50_182,0
sample_15388,27.55049500312112,96.60159905439141,block_55_193,0
sample_15389,23.444134685655918,91.60431132651979,block_46_183,0
sample_15390,26.293703680447585,94.18618729703398,block_52_188,0
sample_15391,25.575777673743655,93.61351204718443,block_51_187,0
sample_15392,25.185028081504093,90.41985055727491,block_50_180,0
sample_15393,28.158005126276596,93.47410257177394,block_56_186,0
sample_15394,28.210792174889257,92.92023669410497,block_56_185,0
sample_15395,27.9486622250891,94.53377245888385,block_55_189,0
sample_15396,25.186689313386225,92.57435334834884,block_50_185,0
sample_15397,28.05464088804281,97.0248897257842,block_56_194,0
sample_15398,23.32667624417367,91.39199016282542,block_46_182,0
sample_15399,26.9610631638533,94.81274739949748,block_53_189,0
sample_15400,27.13048028014249,92.30221860244656,block_54_184,0
sample_15401,25.374956467928232,92.98263965341212,block_50_185,0
sample_15402,23.884507461532706,91.48950725501939,block_47_182,0
sample_15403,28.41717670352322,94.71591007141693,block_56_189,0
sample_15404,25.53768060209201,94.80651478929724,block_51_189,0
sample_15405,27.679102109245395,95.49414058036514,block_55_190,0
sample_15406,26.938774361558007,95.72555523999898,block_53_191,0
sample_15407,27.25538405770178,95.39581690625772,block_54_190,0
sample_15408,24.074747037095964,91.69721212131942,block_48_183,0
sample_15409,29.188088938063377,94.66752295635632,block_58_189,0
sample_15410,26.871105682246267,94.09339035989468,block_53_188,0
sample_15411,28.207986002310072,94.75940960892208,block_56_189,0
sample_15412,22.497536514310994,92.85862381714996,block_44_185,0
sample_15413,27.752021900726742,91.81179223609193,block_55_183,0
sample_15414,25.783700754207285,92.50799521543678,block_51_185,0
sample_15415,27.33951808807287,94.2150370463741,block_54_188,0
sample_15416,26.397862069949543,90.73484081656743,block_52_181,0
sample_15417,27.418796088586017,88.45615358541929,block_54_176,0
sample_15418,27.997645967242338,97.16640234215699,block_55_194,0
sample_15419,25.22107120518678,90.716691763726,block_50_181,0
sample_15420,26.70764899995313,94.12567009948776,block_53_188,0
sample_15421,28.230597525333494,95.17447107020435,block_56_190,0
sample_15422,22.98107464861411,92.80924798825191,block_45_185,0
sample_15423,26.487843748192024,91.39007061154898,block_52_182,0
sample_15424,28.343916546956734,93.33782737421254,block_56_186,0
sample_15425,28.047899456886583,93.81052114268077,block_56_187,0
sample_15426,27.244601531086804,93.9324689821776,block_54_187,0
sample_15427,25.984556858294372,90.46860947495038,block_51_180,0
sample_15428,27.2236919184369,88.46462815414723,block_54_176,0
sample_15429,25.393936334028684,93.89964826937181,block_50_187,0
sample_15430,27.263084499698596,93.00779458584914,block_54_186,0
sample_15431,27.4555110709389,88.59250948036428,block_54_177,0
sample_15432,23.636034764135157,91.49752783800213,block_47_182,0
sample_15433,23.96855225522973,94.11478980024228,block_47_188,0
sample_15434,26.759891371335478,91.11620506558181,block_53_182,0
sample_15435,29.24091467034048,94.73588612115043,block_58_189,0
sample_15436,23.89902929334321,92.95586242274878,block_47_185,0
sample_15437,24.28420590904517,94.18546336362314,block_48_188,0
sample_15438,27.935052514651098,93.47006291292439,block_55_186,0
sample_15439,28.778718904353582,94.35660899235897,block_57_188,0
sample_15440,26.856588869108773,94.46776815577941,block_53_188,0
sample_15441,25.876870594841627,93.53918393309868,block_51_187,0
sample_15442,23.428749726972324,92.9645414055024,block_46_185,0
sample_15443,26.840852501059796,93.42755399547042,block_53_186,0
sample_15444,25.290112151663568,90.62864685135514,block_50_181,0
sample_15445,23.10280865768808,91.71568531569152,block_46_183,0
sample_15446,27.149325679009806,93.2347629078031,block_54_186,0
sample_15447,28.731037878511955,96.34328522914626,block_57_192,0
sample_15448,26.411006456721896,90.5198300491503,block_52_181,0
sample_15449,26.81159933264943,94.08862939073764,block_53_188,0
sample_15450,28.121269968391637,96.50958594067433,block_56_193,0
sample_15451,26.61886098222356,90.08677461617575,block_53_180,0
sample_15452,28.62169078257766,95.88998664565733,block_57_191,0
sample_15453,28.58993857087563,95.9661682614684,block_57_191,0
sample_15454,22.909508435986847,92.69705642906696,block_45_185,0
sample_15455,28.446942561664997,93.51101851014184,block_56_187,0
sample_15456,27.627310352679,91.65170767773012,block_55_183,0
sample_15457,26.322219084601677,91.98818674082419,block_52_183,0
sample_15458,27.238614179148055,96.03507792396537,block_54_192,0
sample_15459,25.764543052190177,90.30039401153772,block_51_180,0
sample_15460,28.353563628076913,93.77037385138752,block_56_187,0
sample_15461,27.59597106598836,93.14691620271779,block_55_186,0
sample_15462,23.693030474631428,92.39814195721205,block_47_184,0
sample_15463,26.42245296750304,94.52394562678957,block_52_189,0
sample_15464,26.74239711417542,93.3584515900649,block_53_186,0
sample_15465,28.856806732513668,96.49719285180872,block_57_192,0
sample_15466,25.899028342038207,90.72812990040221,block_51_181,0
sample_15467,27.58332904189549,94.24092895672216,block_55_188,0
sample_15468,27.918622995592912,94.48291652064626,block_55_188,0
sample_15469,25.908625270718815,89.91550565330756,block_51_179,0
sample_15470,28.513714732568225,94.81091621123197,block_57_189,0
sample_15471,26.74853659389777,93.2170759975852,block_53_186,0
sample_15472,25.81178129381394,90.51229993912726,block_51_181,0
sample_15473,26.286084131814047,91.23648501281845,block_52_182,0
sample_15474,26.94684483633008,94.83596269857131,block_53_189,0
sample_15475,27.472450859077853,94.28353135959833,block_54_188,0
sample_15476,27.47960463029644,94.58249400652083,block_54_189,0
sample_15477,24.106712613665422,91.92615137426363,block_48_183,0
sample_15478,24.303577034964377,93.02394801864767,block_48_186,0
sample_15479,22.963731629043185,92.87290089753633,block_45_185,0
sample_15480,27.026644051411786,92.10176443809132,block_54_184,0
sample_15481,25.383038501978476,92.64511786453483,block_50_185,0
sample_15482,27.532234797792725,93.49045835630298,block_55_186,0
sample_15483,25.441288178067303,90.32799720117119,block_50_180,0
sample_15484,25.29268680359997,91.26342539809298,block_50_182,0
sample_15485,26.633427215391436,90.79338339717536,block_53_181,0
sample_15486,28.140149287327755,97.1391200048927,block_56_194,0
sample_15487,28.624132656794263,94.11343670163548,block_57_188,0
sample_15488,25.976432141811472,93.993211209011,block_51_187,0
sample_15489,23.462017480206082,92.92869291286797,block_46_185,0
sample_15490,25.44102898393089,94.2945739210142,block_50_188,0
sample_15491,24.453992276458678,93.98330378655555,block_48_187,0
sample_15492,27.16761565637617,94.07979452077149,block_54_188,0
sample_15493,26.257664303726827,92.28891446350251,block_52_184,0
sample_15494,24.00993001811127,92.51595406665224,block_48_185,0
sample_15495,28.40770684024926,94.28030759388464,block_56_188,0
sample_15496,26.599973116050553,93.44907345738137,block_53_186,0
sample_15497,26.392913619182202,93.82694862440015,block_52_187,0
sample_15498,27.13987627724276,95.53441860963633,block_54_191,0
sample_15499,25.89880941220191,92.58690564228353,block_51_185,0
sample_15500,27.1352311977072,92.9395374127625,block_54_185,0
sample_15501,24.664281043386257,93.03545129853299,block_49_186,0
sample_15502,28.459834702384327,94.76953383527811,block_56_189,0
sample_15503,25.29361970698657,92.05756839089202,block_50_184,0
sample_15504,26.945224350461384,94.95981016456238,block_53_189,0
sample_15505,26.52907748894053,90.78179760773148,block_53_181,0
sample_15506,27.901643394900567,92.94124645229356,block_55_185,0
sample_15507,27.410742381028392,88.16745429062055,block_54_176,0
sample_15508,25.239311269114207,91.21955993940152,block_50_182,0
sample_15509,27.617978449899212,91.62791521915791,block_55_183,0
sample_15510,28.15753146982243,93.35611546316295,block_56_186,0
sample_15511,27.649319468614447,91.60070546876388,block_55_183,0
sample_15512,25.96394379640313,92.71941138670371,block_51_185,0
sample_15513,28.27892654554777,95.05447110291887,block_56_190,0
sample_15514,28.194631125457462,95.41734970651477,block_56_190,0
sample_15515,26.47805993390925,94.71906476466552,block_52_189,0
sample_15516,29.287209149585156,95.88587113131248,block_58_191,0
sample_15517,25.972486088471708,93.04576258158284,block_51_186,0
sample_15518,27.410784980598713,93.21086179426395,block_54_186,0
sample_15519,27.75249556342664,96.33555512286219,block_55_192,0
sample_15520,27.757106624382242,94.83589806635821,block_55_189,0
sample_15521,29.272462644515542,95.76287160943387,block_58_191,0
sample_15522,27.825537442256852,96.24582507064459,block_55_192,0
sample_15523,29.19643616102011,94.39669139512756,block_58_188,0
sample_15524,25.306367962540012,90.19021876554162,block_50_180,0
sample_15525,26.131966083334756,90.869410757747,block_52_181,0
sample_15526,28.45060383986172,93.64714748518385,block_56_187,0
sample_15527,28.34143507852255,96.50288378455755,block_56_193,0
sample_15528,28.06504349622022,93.59222774185751,block_56_187,0
sample_15529,29.08908098945016,95.18957924037827,block_58_190,0
sample_15530,28.791485475289818,94.29995272903736,block_57_188,0
sample_15531,26.380108757022214,93.90275153811183,block_52_187,0
sample_15532,28.14880200607415,93.76546444843214,block_56_187,0
sample_15533,27.675626087546433,95.13987520507456,block_55_190,0
sample_15534,25.62682486576742,93.57900494277737,block_51_187,0
sample_15535,26.072998129514346,91.60903406724711,block_52_183,0
sample_15536,23.135493727313474,91.7343257902734,block_46_183,0
sample_15537,25.301663314092327,93.10529464340044,block_50_186,0
sample_15538,26.770120860902036,93.9613856734082,block_53_187,0
sample_15539,27.90317828182853,93.63695536552179,block_55_187,0
sample_15540,25.183123188629146,93.58465746260235,block_50_187,0
sample_15541,27.40167510734799,95.33768997776038,block_54_190,0
sample_15542,26.39242288756008,92.61529475437246,block_52_185,0
sample_15543,27.36173046794464,93.14002191580069,block_54_186,0
sample_15544,28.49492841976625,96.36519597551907,block_56_192,0
sample_15545,26.587522048685383,92.83402955783419,block_53_185,0
sample_15546,28.309470731469467,95.50030754615106,block_56_191,0
sample_15547,25.93756182649235,90.21684027209449,block_51_180,0
sample_15548,28.61709799331241,96.2334707697561,block_57_192,0
sample_15549,26.883730257981306,93.02174238628751,block_53_186,0
sample_15550,29.06941881091268,94.31974864641433,block_58_188,0
sample_15551,27.504429217032932,96.85860621442401,block_55_193,0
sample_15552,26.029278078916022,90.03628735535929,block_52_180,0
sample_15553,27.124963438704423,93.3621893998795,block_54_186,0
sample_15554,27.852787416696756,93.31361359182482,block_55_186,0
sample_15555,26.36115695368884,91.39829041319858,block_52_182,0
sample_15556,24.069398297016495,93.04451784979898,block_48_186,0
sample_15557,27.178561264730476,94.86645815372735,block_54_189,0
sample_15558,28.86046383443232,94.18403211268446,block_57_188,0
sample_15559,23.434215994677114,93.25910147090197,block_46_186,0
sample_15560,26.726785391687763,90.91321203395793,block_53_181,0
sample_15561,24.651227883974794,93.47583119354701,block_49_186,0
sample_15562,27.519892694947057,92.48300912601711,block_55_184,0
sample_15563,28.49869094612485,93.70444931363119,block_56_187,0
sample_15564,28.653392340441908,93.81006276660514,block_57_187,0
sample_15565,28.065150056305278,93.98304495030474,block_56_187,0
sample_15566,27.072729683583027,94.98797649474481,block_54_189,0
sample_15567,28.447755165222706,94.87587358593925,block_56_189,0
sample_15568,25.987577018070276,95.02920092468709,block_51_190,0
sample_15569,27.23810303750881,94.14889850635882,block_54_188,0
sample_15570,27.28234255042642,94.95323373177443,block_54_189,0
sample_15571,28.273084683469925,93.4866650524613,block_56_186,0
sample_15572,27.16573926383773,93.61203168390382,block_54_187,0
sample_15573,27.55595501444148,94.46650622002956,block_55_188,0
sample_15574,25.406012684263278,90.2942444873158,block_50_180,0
sample_15575,26.344892107386418,91.49872816606334,block_52_182,0
sample_15576,27.507370894817036,88.41132464827692,block_55_176,0
sample_15577,23.54917488916822,91.51570517861548,block_47_183,0
sample_15578,22.815282186524907,92.55363219469578,block_45_185,0
sample_15579,26.80557772096397,93.52010371913019,block_53_187,0
sample_15580,26.25705286003069,91.54339493917755,block_52_183,0
sample_15581,24.68007459444607,93.58005683859753,block_49_187,0
sample_15582,25.932069419567817,92.7164466587721,block_51_185,0
sample_15583,27.26771090495218,94.02493958590394,block_54_188,0
sample_15584,27.846494675221127,95.34080075388363,block_55_190,0
sample_15585,28.248410180091764,94.50722966442115,block_56_189,0
sample_15586,27.885643100638656,95.08426191429537,block_55_190,0
sample_15587,27.26000251795893,95.58359323668957,block_54_191,0
sample_15588,26.57020545744933,90.63340983240417,block_53_181,0
sample_15589,26.68768903690242,91.33361968581188,block_53_182,0
sample_15590,22.2320032312907,93.08027130636334,block_44_186,0
sample_15591,28.11368942262296,94.58704031466952,block_56_189,0
sample_15592,26.020834293198085,91.2294141553594,block_52_182,0
sample_15593,28.227473070573474,94.68199429468154,block_56_189,0
sample_15594,28.64599853640228,95.62959772782352,block_57_191,0
sample_15595,25.574676230661943,90.88514767336612,block_51_181,0
sample_15596,26.04922605756284,92.16271061860502,block_52_184,0
sample_15597,27.654337341743986,91.92451791540662,block_55_183,0
sample_15598,29.060284700041127,94.67596520154409,block_58_189,0
sample_15599,25.194235245667976,92.94212280113138,block_50_185,0
sample_15600,26.694262925721784,90.09210752581143,block_53_180,0
sample_15601,28.67058617934995,94.05932832240752,block_57_188,0
sample_15602,29.049859851401376,95.7841355070068,block_58_191,0
sample_15603,23.87489659550593,92.81493504406707,block_47_185,0
sample_15604,26.645967918851532,91.45962835573471,block_53_182,0
sample_15605,24.434581506805763,93.41073520109882,block_48_186,0
sample_15606,23.969705029209205,91.52253811198437,block_47_183,0
sample_15607,25.934604972039367,91.49685585978261,block_51_182,0
sample_15608,25.896731976964954,93.99486228152621,block_51_187,0
sample_15609,25.695595057606088,90.92809977312328,block_51_181,0
sample_15610,23.231568300962298,93.00674687132977,block_46_186,0
sample_15611,26.53836565136832,93.00080420353342,block_53_186,0
sample_15612,26.125694188545875,90.97834940793727,block_52_181,0
sample_15613,22.303237302980783,92.68467234040446,block_44_185,0
sample_15614,28.24843641500649,97.15237776085488,block_56_194,0
sample_15615,28.20199103253942,96.94832074993903,block_56_193,0
sample_15616,23.2069665624656,92.70414213304062,block_46_185,0
sample_15617,27.636864727056306,93.5421989205657,block_55_187,0
sample_15618,25.5149778785348,93.22583405489875,block_51_186,0
sample_15619,28.145733470989338,92.92570708036138,block_56_185,0
sample_15620,27.841384198439705,95.79732028440341,block_55_191,0
sample_15621,24.76847979259157,92.4944229206166,block_49_184,0
sample_15622,26.603881052826015,93.65351628064296,block_53_187,0
sample_15623,27.476865894414196,96.68016639190478,block_54_193,0
sample_15624,26.643923717019753,92.71280701496394,block_53_185,0
sample_15625,28.11864277913797,92.7610623692553,block_56_185,0
sample_15626,25.99639015289972,92.80470788933972,block_51_185,0
sample_15627,26.429328614694715,91.07531421899462,block_52_182,0
sample_15628,26.2341432660042,91.71680287828083,block_52_183,0
sample_15629,26.650388803803764,92.44344310501262,block_53_184,0
sample_15630,26.228132406554906,92.3500328770305,block_52_184,0
sample_15631,23.235451311845516,93.02293818691953,block_46_186,0
sample_15632,26.20312739194592,91.38047507379318,block_52_182,0
sample_15633,24.643417148368556,93.52422499472124,block_49_187,0
sample_15634,26.417302541089057,91.24665025287025,block_52_182,0
sample_15635,23.10306186662003,93.09091597362479,block_46_186,0
sample_15636,28.942157373521045,95.20108740836723,block_57_190,0
sample_15637,28.076793761228544,94.28523076720501,block_56_188,0
sample_15638,24.063295147702906,91.41862846227338,block_48_182,0
sample_15639,25.335855461543474,91.42599317539839,block_50_182,0
sample_15640,25.372464505704542,91.29588898166827,block_50_182,0
sample_15641,23.97905641080486,92.4226764846092,block_47_184,0
sample_15642,27.64936620638619,88.34128959194041,block_55_176,0
sample_15643,27.819177622991905,94.68460215774715,block_55_189,0
sample_15644,25.84688413988492,90.24166339417977,block_51_180,0
sample_15645,25.78155931022956,92.45196701780519,block_51_184,0
sample_15646,28.14462996598683,96.46063104950285,block_56_192,0
sample_15647,23.85162082769634,91.69929315361375,block_47_183,0
sample_15648,27.298803722940647,88.67160566507475,block_54_177,0
sample_15649,25.262598639464017,92.42391966782859,block_50_184,0
sample_15650,28.13635753685479,95.19608911926855,block_56_190,0
sample_15651,26.69969228527868,92.0554185592836,block_53_184,0
sample_15652,28.573177702579038,95.49563451711117,block_57_190,0
sample_15653,22.17649163064507,92.9665423210484,block_44_185,0
sample_15654,28.229314917880387,93.24581724042044,block_56_186,0
sample_15655,26.74812035877288,91.88867453709138,block_53_183,0
sample_15656,27.24602264790424,93.5633744075464,block_54_187,0
sample_15657,24.568949887455133,93.61955254173913,block_49_187,0
sample_15658,28.26159846546689,95.36220876443501,block_56_190,0
sample_15659,23.54306198027197,91.43393677584224,block_47_182,0
sample_15660,24.374535452744958,93.29912129966235,block_48_186,0
sample_15661,24.22468041451444,94.1586530242978,block_48_188,0
sample_15662,28.13584212149059,93.8876442697147,block_56_187,0
sample_15663,26.816053896779785,94.50789566859744,block_53_189,0
sample_15664,25.65288507298667,91.02647692360371,block_51_182,0
sample_15665,27.733845630009924,94.28853977546405,block_55_188,0
sample_15666,25.37962379261244,93.50727994661136,block_50_187,0
sample_15667,25.906781178382705,91.95586245637284,block_51_183,0
sample_15668,26.541863868962345,91.09578555826592,block_53_182,0
sample_15669,26.53368182715568,95.00023523503707,block_53_190,0
sample_15670,27.398433533404415,95.73206548682522,block_54_191,0
sample_15671,25.318417427721272,93.76358138192964,block_50_187,0
sample_15672,24.849568840242846,93.86226207903105,block_49_187,0
sample_15673,23.98842260262147,93.16282462869411,block_47_186,0
sample_15674,26.874769397372017,92.87309327361818,block_53_185,0
sample_15675,28.114399272771927,94.06047142400938,block_56_188,0
sample_15676,27.95802530594336,96.0596081019877,block_55_192,0
sample_15677,26.523686829913103,94.53370942547886,block_53_189,0
sample_15678,26.017506496030464,92.70789245181322,block_52_185,0
sample_15679,26.383635441586044,90.29225865779499,block_52_180,0
sample_15680,28.109325695460896,97.25168437614144,block_56_194,0
sample_15681,26.408652349597503,94.07868184419515,block_52_188,0
sample_15682,23.963456221144135,93.3142293209954,block_47_186,0
sample_15683,28.41283162474632,96.4765394344779,block_56_192,0
sample_15684,25.439831185124902,93.21092685587055,block_50_186,0
sample_15685,24.231664625708703,93.47453969153187,block_48_186,0
sample_15686,25.70456140088373,94.98097884309144,block_51_189,0
sample_15687,23.547563514218655,91.36567742333277,block_47_182,0
sample_15688,25.58928852446577,90.1071020723539,block_51_180,0
sample_15689,27.88128574703146,94.14575780574783,block_55_188,0
sample_15690,26.81069724002945,93.52353073597953,block_53_187,0
sample_15691,23.860741281576125,91.50069562925567,block_47_183,0
sample_15692,23.597959163816395,92.99825579308737,block_47_185,0
sample_15693,25.0057330573854,93.12977500367059,block_50_186,0
sample_15694,25.3843205592914,90.9428170286579,block_50_181,0
sample_15695,25.90653430245332,92.13192928901812,block_51_184,0
sample_15696,23.21311715563754,91.69106269989533,block_46_183,0
sample_15697,27.963467395216973,93.17630936077178,block_55_186,0
sample_15698,28.572307288035795,94.55447942274465,block_57_189,0
sample_15699,24.2012162228756,94.05335381608438,block_48_188,0
sample_15700,26.68083952936908,92.37644402098101,block_53_184,0
sample_15701,25.807242535338464,92.65031697105552,block_51_185,0
sample_15702,27.026134349378157,94.44203616744596,block_54_188,0
sample_15703,26.51341587966352,91.97010992004004,block_53_183,0
sample_15704,25.995339231892277,92.75042593227934,block_51_185,0
sample_15705,27.727031165936978,95.34027247698243,block_55_190,0
sample_15706,26.04589036514107,93.50708716292093,block_52_187,0
sample_15707,26.1076909589336,92.35798849456805,block_52_184,0
sample_15708,26.150138521140974,89.98156052590326,block_52_179,0
sample_15709,28.38644009852645,94.5819494149115,block_56_189,0
sample_15710,28.236269806577273,95.6209500073733,block_56_191,0
sample_15711,28.61818150497664,94.12979581512158,block_57_188,0
sample_15712,27.393680054521408,94.07604617716824,block_54_188,0
sample_15713,25.136736474307035,92.43411657431851,block_50_184,0
sample_15714,26.480797284820454,93.33972710648311,block_52_186,0
sample_15715,27.3285099191683,95.8116219247167,block_54_191,0
sample_15716,26.797370259469954,91.08573376455689,block_53_182,0
sample_15717,25.960196956873773,92.03538423829144,block_51_184,0
sample_15718,26.987555853761197,95.161480340606,block_53_190,0
sample_15719,25.61765910671842,90.17359356447837,block_51_180,0
sample_15720,26.80753915918401,94.34271398472245,block_53_188,0
sample_15721,26.058539473386766,93.48449927198422,block_52_186,0
sample_15722,27.521424648663448,94.90808698959175,block_55_189,0
sample_15723,26.892110023489487,93.34683048656214,block_53_186,0
sample_15724,25.971492844596213,94.97484213156872,block_51_189,0
sample_15725,24.228097081408283,93.36840754619975,block_48_186,0
sample_15726,28.255398831073222,96.09209446471316,block_56_192,0
sample_15727,28.713132328273304,94.45456073123154,block_57_188,0
sample_15728,26.819183311069136,94.59418765317393,block_53_189,0
sample_15729,28.160614009384023,93.98192842463315,block_56_187,0
sample_15730,28.955178430481794,95.13092060267458,block_57_190,0
sample_15731,26.084812803572547,92.26977508298525,block_52_184,0
sample_15732,28.255304554775744,97.14502612563206,block_56_194,0
sample_15733,28.176636610163794,96.22590037091427,block_56_192,0
sample_15734,26.83744890848407,90.29102288654589,block_53_180,0
sample_15735,26.300484614722826,93.16641677267626,block_52_186,0
sample_15736,25.85569643260282,93.23497435478212,block_51_186,0
sample_15737,26.94675076626124,92.9700834144964,block_53_185,0
sample_15738,29.21414219271604,95.97447780990126,block_58_191,0
sample_15739,27.50217361493837,88.61222672050981,block_55_177,0
sample_15740,27.474442721094405,96.62438066446153,block_54_193,0
sample_15741,23.9332947473186,91.48042770777359,block_47_182,0
sample_15742,25.3681086163106,93.70954982101611,block_50_187,0
sample_15743,28.59704725341556,96.09607400943099,block_57_192,0
sample_15744,26.942919569773906,94.94777239468227,block_53_189,0
sample_15745,25.284006368151047,91.04708679219026,block_50_182,0
sample_15746,26.738577398813945,94.9001176361804,block_53_189,0
sample_15747,27.330420904703914,96.41869532157573,block_54_192,0
sample_15748,27.23785694706106,94.24760193510092,block_54_188,0
sample_15749,26.600923826461628,92.60012594427089,block_53_185,0
sample_15750,26.184696950022385,89.84124058198478,block_52_179,0
sample_15751,26.550856018886726,92.44731922230669,block_53_184,0
sample_15752,25.959162399616595,95.0239359315856,block_51_190,0
sample_15753,24.877121903612867,93.02882835138465,block_49_186,0
sample_15754,28.36509040423565,94.29691196805463,block_56_188,0
sample_15755,28.94041445962794,95.08579951175652,block_57_190,0
sample_15756,27.536082908387936,95.3590423152302,block_55_190,0
sample_15757,28.70354884409875,95.66732742519457,block_57_191,0
sample_15758,24.36644714120535,92.43878164390131,block_48_184,0
sample_15759,26.121774748466922,94.42950286810378,block_52_188,0
sample_15760,25.807918367732313,92.9068575111416,block_51_185,0
sample_15761,26.2353989667046,94.75941585144795,block_52_189,0
sample_15762,27.642073369169445,92.20679368102199,block_55_184,0
sample_15763,27.69698506251415,95.73730635118697,block_55_191,0
sample_15764,27.068270284645436,92.75070227909369,block_54_185,0
sample_15765,28.01175406922473,96.87161610454037,block_56_193,0
sample_15766,23.861794511001296,92.09930535533532,block_47_184,0
sample_15767,25.656960066426738,91.74808856401731,block_51_183,0
sample_15768,26.292727769825913,92.40650816600537,block_52_184,0
sample_15769,26.14229339350954,93.65007005109526,block_52_187,0
sample_15770,29.127922027123553,94.36978387433862,block_58_188,0
sample_15771,23.099470404598485,93.09019163830496,block_46_186,0
sample_15772,25.90111235264593,90.6419459734408,block_51_181,0
sample_15773,26.564722939552883,91.84372110989457,block_53_183,0
sample_15774,26.356080020616044,92.14839261930265,block_52_184,0
sample_15775,24.344259728525934,93.58818970173601,block_48_187,0
sample_15776,25.587168488118316,90.87875513507768,block_51_181,0
sample_15777,25.97498172223496,89.96283579025143,block_51_179,0
sample_15778,28.639520695125835,94.15769029776294,block_57_188,0
sample_15779,27.59683804352604,96.52111508683136,block_55_193,0
sample_15780,25.961310506312778,89.96505232750236,block_51_179,0
sample_15781,27.370894873655867,94.60577463013854,block_54_189,0
sample_15782,22.97949807812005,92.40983053402873,block_45_184,0
sample_15783,27.371385492994165,96.40455040757568,block_54_192,0
sample_15784,26.287751440092908,89.91147938737002,block_52_179,0
sample_15785,27.37130427999914,96.69078878778802,block_54_193,0
sample_15786,26.900940069054077,94.46466309936018,block_53_188,0
sample_15787,26.059103642693124,90.00508746224043,block_52_180,0
sample_15788,27.06274909497469,94.41538189942291,block_54_188,0
sample_15789,28.019432009045865,93.53012929986053,block_56_187,0
sample_15790,27.941439766453072,88.70332544266684,block_55_177,0
sample_15791,28.29103772159131,94.22541152444583,block_56_188,0
sample_15792,25.96009362736984,90.49865922778586,block_51_180,0
sample_15793,24.61932770664443,92.89467894583797,block_49_185,0
sample_15794,25.171205924352755,93.88156130116872,block_50_187,0
sample_15795,24.046746451633517,93.84426147447611,block_48_187,0
sample_15796,26.894140559439208,94.17890719276743,block_53_188,0
sample_15797,24.554839490998326,93.86898471060307,block_49_187,0
sample_15798,25.00452433394683,94.25532277491628,block_50_188,0
sample_15799,25.58607071372915,91.54035627108148,block_51_183,0
sample_15800,26.828623859300123,90.39814918230762,block_53_180,0
sample_15801,28.50574520441189,93.62326865395916,block_57_187,0
sample_15802,27.777738056949747,88.65217089380606,block_55_177,0
sample_15803,27.335627687114535,94.26826308270975,block_54_188,0
sample_15804,24.913260645468352,93.7693521078445,block_49_187,0
sample_15805,28.302574730061593,96.17644214352491,block_56_192,0
sample_15806,27.43034273059338,96.80485072489796,block_54_193,0
sample_15807,26.769448579934142,93.15985480828262,block_53_186,0
sample_15808,28.00045490512408,88.6214630936668,block_56_177,0
sample_15809,28.59184789749177,94.15320076870282,block_57_188,0
sample_15810,25.323712025288035,90.57351516066592,block_50_181,0
sample_15811,27.60631551963423,96.47689515038394,block_55_192,0
sample_15812,27.690242918455933,96.75582007092962,block_55_193,0
sample_15813,28.067456852802998,93.23701157674424,block_56_186,0
sample_15814,25.70406249089901,93.89301858063716,block_51_187,0
sample_15815,23.030650953836982,92.95897822695332,block_46_185,0
sample_15816,26.436864053858383,93.87044306392926,block_52_187,0
sample_15817,23.956300144740492,92.54224589925377,block_47_185,0
sample_15818,27.980774081473122,93.56517866129782,block_55_187,0
sample_15819,26.529400817986538,93.97959619552482,block_53_187,0
sample_15820,24.948113564049148,94.6487554900662,block_49_189,0
sample_15821,28.137296721629973,96.43657573881661,block_56_192,0
sample_15822,28.82993819483598,95.27326505230943,block_57_190,0
sample_15823,27.722927603781038,94.7843571111814,block_55_189,0
sample_15824,26.28287542459592,89.77896951707055,block_52_179,0
sample_15825,26.022447392542077,95.08201472135389,block_52_190,0
sample_15826,27.68232729611669,92.99878638207716,block_55_185,0
sample_15827,26.52611286622395,91.66962011252184,block_53_183,0
sample_15828,25.32941848790533,90.47725489371736,block_50_180,0
sample_15829,26.144890860018254,91.09124570757994,block_52_182,0
sample_15830,23.293338676934262,91.45744493091522,block_46_182,0
sample_15831,27.729679012923565,94.32885956905444,block_55_188,0
sample_15832,26.57489033843198,91.13163017452717,block_53_182,0
sample_15833,26.80191618972848,95.2191294234942,block_53_190,0
sample_15834,26.705762118604014,93.15380754798979,block_53_186,0
sample_15835,25.512329579379674,91.60739266982584,block_51_183,0
sample_15836,26.91718018361959,94.24198025200455,block_53_188,0
sample_15837,26.533805139142125,90.72946126419554,block_53_181,0
sample_15838,28.746554670490482,95.67671489337866,block_57_191,0
sample_15839,27.943736821271997,93.49868704514292,block_55_186,0
sample_15840,28.12154167480096,96.32986431257376,block_56_192,0
sample_15841,26.316696312117198,90.98283392810225,block_52_181,0
sample_15842,25.928800730069163,92.53155837428595,block_51_185,0
sample_15843,26.452643948406354,92.80030361048178,block_52_185,0
sample_15844,26.77049375221458,93.67290011159575,block_53_187,0
sample_15845,27.42776156214347,94.93186134881616,block_54_189,0
sample_15846,27.365324439529267,88.10352817557114,block_54_176,0
sample_15847,23.576413794505903,91.2893784142934,block_47_182,0
sample_15848,29.147087283018017,94.44009835643108,block_58_188,0
sample_15849,27.48854978586501,93.40737114911994,block_54_186,0
sample_15850,24.376192254570032,92.36452515611225,block_48_184,0
sample_15851,28.81528020026154,94.7313502682271,block_57_189,0
sample_15852,23.410730031873555,91.70278669998125,block_46_183,0
sample_15853,26.942637632046164,93.40727961805257,block_53_186,0
sample_15854,26.262023642875725,93.31002320910058,block_52_186,0
sample_15855,24.832557217751035,94.4486266860161,block_49_188,0
sample_15856,28.167651014180457,96.06928377590279,block_56_192,0
sample_15857,26.107978883174198,91.9631296432815,block_52_183,0
sample_15858,28.2771254861823,93.24728339409357,block_56_186,0
sample_15859,25.645792238187536,92.78182045279426,block_51_185,0
sample_15860,26.33731687796361,92.95433065213793,block_52_185,0
sample_15861,28.18737384846793,93.81636425883518,block_56_187,0
sample_15862,29.020593066509313,94.97977780018016,block_58_189,0
sample_15863,26.23595072467096,91.74513528868368,block_52_183,0
sample_15864,27.249835601889835,95.3748624345447,block_54_190,0
sample_15865,28.000860762866093,88.60874028205058,block_56_177,0
sample_15866,27.43578536420013,88.69387673134885,block_54_177,0
sample_15867,24.20022116226389,92.75943561449164,block_48_185,0
sample_15868,27.751704151639597,96.89876057653088,block_55_193,0
sample_15869,25.301903527093508,94.46371118559655,block_50_188,0
sample_15870,28.893618481665513,94.18587215832164,block_57_188,0
sample_15871,25.582881819185392,94.26840571735882,block_51_188,0
sample_15872,26.758922597700746,93.12958579671064,block_53_186,0
sample_15873,22.215618752271237,92.9859012916328,block_44_185,0
sample_15874,28.44385479994501,95.0612850080672,block_56_190,0
sample_15875,24.326342343674902,93.04951065311859,block_48_186,0
sample_15876,27.167336570213905,88.72434004261886,block_54_177,0
sample_15877,25.489147540238484,92.92424825162308,block_50_185,0
sample_15878,27.519941238066362,91.706396637691,block_55_183,0
sample_15879,26.72512156202677,91.18858859805752,block_53_182,0
sample_15880,26.74813311392096,91.16490262339582,block_53_182,0
sample_15881,28.671524744903415,94.39499841705707,block_57_188,0
sample_15882,27.78011077406146,95.17919217214556,block_55_190,0
sample_15883,24.7784245781434,93.02646376919934,block_49_186,0
sample_15884,27.589090033569747,94.44694140680113,block_55_188,0
sample_15885,26.401904009916272,89.8616465142123,block_52_179,0
sample_15886,25.766798483795768,92.65748507405279,block_51_185,0
sample_15887,28.528800646395567,95.4451843889655,block_57_190,0
sample_15888,22.743559156339483,93.10030880687617,block_45_186,0
sample_15889,27.717831688645663,94.89752909717022,block_55_189,0
sample_15890,27.636738525905947,96.37920345507365,block_55_192,0
sample_15891,24.32477644946674,92.60553605118147,block_48_185,0
sample_15892,26.445099466632726,94.76467092050272,block_52_189,0
sample_15893,27.34272525519397,94.02061287527364,block_54_188,0
sample_15894,23.533393015043096,91.68688967722998,block_47_183,0
sample_15895,24.91355625704973,93.43365511946833,block_49_186,0
sample_15896,26.772639719530915,91.90271948852096,block_53_183,0
sample_15897,27.45582587030439,88.74381144797314,block_54_177,0
sample_15898,28.892233863601753,95.51582609763317,block_57_191,0
sample_15899,24.960339180060796,93.00905571827387,block_49_186,0
sample_15900,23.364672052531088,92.48273601339235,block_46_184,0
sample_15901,26.469095137961276,91.33919770716186,block_52_182,0
sample_15902,25.79876035259646,94.20365710901892,block_51_188,0
sample_15903,26.42110919077976,90.02413496479349,block_52_180,0
sample_15904,28.255546126954385,94.47090356674704,block_56_188,0
sample_15905,25.82420659513407,93.81136051903997,block_51_187,0
sample_15906,24.98184315784525,93.84712361630035,block_49_187,0
sample_15907,25.089863697373218,93.69983072814058,block_50_187,0
sample_15908,27.491933347014594,96.28209006765148,block_54_192,0
sample_15909,27.51760483729269,95.69618416230404,block_55_191,0
sample_15910,25.974799190312236,92.26435767957764,block_51_184,0
sample_15911,26.1544704671258,93.52295315438458,block_52_187,0
sample_15912,24.607789591960174,93.27957784814997,block_49_186,0
sample_15913,28.498681255117123,95.15942511309714,block_56_190,0
sample_15914,25.471595685040647,92.01776246314463,block_50_184,0
sample_15915,26.41863655372221,93.98662318995638,block_52_187,0
sample_15916,29.05818171253034,94.5344357711557,block_58_189,0
sample_15917,27.949467766949002,95.23404028469494,block_55_190,0
sample_15918,27.938713908961013,95.93050668706275,block_55_191,0
sample_15919,23.757799990627344,93.34442313544675,block_47_186,0
sample_15920,25.605736899767727,91.06962917435482,block_51_182,0
sample_15921,27.162088396421545,95.91931296332524,block_54_191,0
sample_15922,26.97508718390116,92.92168517292986,block_53_185,0
sample_15923,23.839823535480885,91.60574119104331,block_47_183,0
sample_15924,23.75019230973456,91.69040213627895,block_47_183,0
sample_15925,29.204816751734903,94.71110482109745,block_58_189,0
sample_15926,26.32731305132643,92.7067905468989,block_52_185,0
sample_15927,25.620215902158673,89.9255497784168,block_51_179,0
sample_15928,25.599658104607794,90.72862809777334,block_51_181,0
sample_15929,26.90208313202146,93.15703522003771,block_53_186,0
sample_15930,24.140369840818636,92.60626822013448,block_48_185,0
sample_15931,26.688136156233227,93.26450314248957,block_53_186,0
sample_15932,25.27866027583983,93.08518048175878,block_50_186,0
sample_15933,24.858173826788715,93.54317181904266,block_49_187,0
sample_15934,28.146549897387928,94.2907049530586,block_56_188,0
sample_15935,23.41047573295012,92.79329028174216,block_46_185,0
sample_15936,25.887827711568335,90.12452894500316,block_51_180,0
sample_15937,23.77986230521931,91.5146434334801,block_47_183,0
sample_15938,27.50591977629492,95.71192564978958,block_55_191,0
sample_15939,26.698607474848565,93.94074148996438,block_53_187,0
sample_15940,27.375384370874016,94.797668916467,block_54_189,0
sample_15941,28.13106021172732,94.47227372268694,block_56_188,0
sample_15942,28.59964639287148,95.26803185971451,block_57_190,0
sample_15943,28.16610964031489,94.86231997948161,block_56_189,0
sample_15944,26.144281801978657,90.04712131317581,block_52_180,0
sample_15945,26.568980446640534,92.47165850414027,block_53_184,0
sample_15946,27.672964813435364,91.8362881181231,block_55_183,0
sample_15947,24.895090461689946,94.46246394128653,block_49_188,0
sample_15948,28.327255060737325,94.09668700349279,block_56_188,0
sample_15949,26.223853086914506,93.9711809944231,block_52_187,0
sample_15950,22.814900379038544,92.85098780550473,block_45_185,0
sample_15951,28.126458427032468,93.42890031794718,block_56_186,0
sample_15952,28.677786628557932,95.21289049814416,block_57_190,0
sample_15953,28.597963357394367,95.63411949884569,block_57_191,0
sample_15954,23.814388662778015,92.76412451083418,block_47_185,0
sample_15955,27.47226359467552,88.29269553174953,block_54_176,0
sample_15956,26.327891369156212,95.10178279591516,block_52_190,0
sample_15957,26.453009324896172,94.48034892309862,block_52_188,0
sample_15958,25.636054186444078,92.47028163966039,block_51_184,0
sample_15959,27.4230377003347,95.20804415745295,block_54_190,0
sample_15960,25.924139430690083,91.53650092159755,block_51_183,0
sample_15961,25.63916151062245,92.39662644580334,block_51_184,0
sample_15962,27.639961931428815,92.03461180794045,block_55_184,0
sample_15963,27.36212934355885,93.75622112706196,block_54_187,0
sample_15964,27.733352136690986,96.41786353417683,block_55_192,0
sample_15965,24.45039175997507,93.65513435829583,block_48_187,0
sample_15966,28.59780776946036,93.68362461998493,block_57_187,0
sample_15967,27.59091695835916,93.91964645206455,block_55_187,0
sample_15968,27.286539593045262,92.95695007955118,block_54_185,0
sample_15969,28.95576511762962,95.28015429101006,block_57_190,0
sample_15970,25.75289334409623,92.77952082797408,block_51_185,0
sample_15971,26.585178673615616,94.82861782191051,block_53_189,0
sample_15972,27.042221398702118,94.44055137558638,block_54_188,0
sample_15973,25.988939547580156,91.34394194625108,block_51_182,0
sample_15974,26.42974336664716,93.69307947898928,block_52_187,0
sample_15975,27.84101997003536,96.04505716004392,block_55_192,0
sample_15976,27.863989113899784,94.53277969723383,block_55_189,0
sample_15977,26.537691648452522,93.72951607523052,block_53_187,0
sample_15978,27.059045401004532,94.79330499827687,block_54_189,0
sample_15979,27.648905572765155,88.1302765696135,block_55_176,0
sample_15980,28.120274993815908,96.22848377440722,block_56_192,0
sample_15981,27.403196801958547,93.12904138531276,block_54_186,0
sample_15982,25.76482708786758,90.81597209024552,block_51_181,0
sample_15983,25.573840644574766,90.50198235239004,block_51_181,0
sample_15984,26.093415245014086,90.78558265522697,block_52_181,0
sample_15985,28.858467149368416,95.22280660308067,block_57_190,0
sample_15986,26.55604531779676,91.99281737576473,block_53_183,0
sample_15987,26.100750753189484,93.49922142669898,block_52_186,0
sample_15988,26.546537949999333,90.38490572344298,block_53_180,0
sample_15989,28.82208197151635,94.37340896642863,block_57_188,0
sample_15990,24.717110120270444,92.41677139876818,block_49_184,0
sample_15991,24.72265786927474,94.07126480321205,block_49_188,0
sample_15992,26.597018112894833,91.91699248678812,block_53_183,0
sample_15993,27.12737766238302,94.6624997942553,block_54_189,0
sample_15994,26.488579492998415,93.27012615146351,block_52_186,0
sample_15995,25.317583667416386,93.91272917770499,block_50_187,0
sample_15996,28.181771871061272,96.15880061646,block_56_192,0
sample_15997,27.01582406247583,94.69404639963275,block_54_189,0
sample_15998,28.248385873057522,93.42702271020522,block_56_186,0
sample_15999,28.13668566122135,96.3614869438589,block_56_192,0
sample_16000,26.81764469542783,95.48309842115502,block_53_190,0
sample_16001,27.822662662284422,96.49865384279317,block_55_192,0
sample_16002,29.019753191478813,94.21977061157652,block_58_188,0
sample_16003,26.278102471131202,91.85316575415852,block_52_183,0
sample_16004,27.544504980563673,95.5142859892439,block_55_191,0
sample_16005,28.054486976641186,96.8614509935955,block_56_193,0
sample_16006,28.664811676839328,95.35260197449665,block_57_190,0
sample_16007,25.80745172788774,92.19372711948614,block_51_184,0
sample_16008,27.155191445915648,93.89816220018997,block_54_187,0
sample_16009,27.862426131073477,95.48539430234653,block_55_190,0
sample_16010,25.72706430735261,93.89814879163858,block_51_187,0
sample_16011,28.03518588309658,93.15641238775245,block_56_186,0
sample_16012,27.102381439354495,95.5662747007014,block_54_191,0
sample_16013,22.939089926331185,93.07054443833435,block_45_186,0
sample_16014,27.96106944480838,95.2127563911387,block_55_190,0
sample_16015,26.813913767836794,93.36154666291398,block_53_186,0
sample_16016,25.745406211300516,94.60638372456663,block_51_189,0
sample_16017,26.175427123907753,90.03817142331259,block_52_180,0
sample_16018,26.922194395930017,94.8897731929342,block_53_189,0
sample_16019,27.267791347305234,93.28251177913693,block_54_186,0
sample_16020,24.30710761325007,92.42114731381608,block_48_184,0
sample_16021,26.214154966131005,91.52052159193462,block_52_183,0
sample_16022,24.507651060230057,93.04138549847234,block_49_186,0
sample_16023,28.208033977506968,94.85216971674646,block_56_189,0
sample_16024,26.984176088303894,95.62542048133983,block_53_191,0
sample_16025,26.24936443215254,90.49703840670118,block_52_180,0
sample_16026,28.008541077313545,95.60959004773986,block_56_191,0
sample_16027,23.572416368134263,91.47953016221354,block_47_182,0
sample_16028,25.795920373310697,92.38975077554805,block_51_184,0
sample_16029,26.327824918499804,90.96820041858628,block_52_181,0
sample_16030,26.592771174641868,94.43947659075558,block_53_188,0
sample_16031,26.108092720068846,91.31779339447944,block_52_182,0
sample_16032,27.93834742022886,94.73159181837275,block_55_189,0
sample_16033,26.402173706942634,92.27042009500576,block_52_184,0
sample_16034,25.179417925877427,90.82692854614432,block_50_181,0
sample_16035,27.551625106090444,95.63303733397262,block_55_191,0
sample_16036,28.18926819676045,94.20957429911553,block_56_188,0
sample_16037,27.869987182550787,93.72218093143478,block_55_187,0
sample_16038,26.422480444428516,91.55849667661366,block_52_183,0
sample_16039,25.373015182408338,93.06292821496282,block_50_186,0
sample_16040,23.10015077380426,91.72769629776253,block_46_183,0
sample_16041,28.846706097960805,95.77246898856905,block_57_191,0
sample_16042,27.35778437177744,95.18380974196333,block_54_190,0
sample_16043,26.44266679951501,93.19136403688832,block_52_186,0
sample_16044,25.813065605377734,93.56480696376491,block_51_187,0
sample_16045,23.99631971111245,92.81405583302967,block_47_185,0
sample_16046,28.506411623223876,94.43631621042914,block_57_188,0
sample_16047,28.833374707824916,94.18199376838533,block_57_188,0
sample_16048,27.667442236882742,91.88229665768753,block_55_183,0
sample_16049,27.609982764557206,94.22221176344257,block_55_188,0
sample_16050,27.338582022325056,88.13142464649977,block_54_176,0
sample_16051,25.266973979085243,93.78473456306827,block_50_187,0
sample_16052,23.64279710725105,91.8524322068656,block_47_183,0
sample_16053,28.65187959376282,93.89103287341152,block_57_187,0
sample_16054,23.639275202435627,93.422915417388,block_47_186,0
sample_16055,29.12052455201533,94.84463147381987,block_58_189,0
sample_16056,27.50906281460523,93.79143214129837,block_55_187,0
sample_16057,24.473582700035173,92.64097817529833,block_48_185,0
sample_16058,26.779451007149476,91.06503684491537,block_53_182,0
sample_16059,27.341246262310968,96.5130657709902,block_54_193,0
sample_16060,27.706646984909714,91.885706044658,block_55_183,0
sample_16061,24.44484352052915,93.73837347442084,block_48_187,0
sample_16062,25.57509207888851,94.65196580252294,block_51_189,0
sample_16063,24.06765124077192,92.73434958536728,block_48_185,0
sample_16064,25.98323353968161,93.33806343314964,block_51_186,0
sample_16065,24.61807575159094,94.02580515633534,block_49_188,0
sample_16066,28.196904984008256,92.80286976835433,block_56_185,0
sample_16067,27.796746063479233,94.60545686640843,block_55_189,0
sample_16068,27.14561044245395,95.89360546080792,block_54_191,0
sample_16069,26.350802419734265,90.67456029849711,block_52_181,0
sample_16070,27.707376925721096,96.29633986473601,block_55_192,0
sample_16071,27.27468422963676,93.84672256227539,block_54_187,0
sample_16072,22.697867557207132,92.52518682242066,block_45_185,0
sample_16073,25.99604197869127,91.0746779404789,block_51_182,0
sample_16074,27.144168414117807,95.54045875955732,block_54_191,0
sample_16075,27.962363128186844,88.6924119948335,block_55_177,0
sample_16076,25.582805729675236,92.1221278871351,block_51_184,0
sample_16077,27.874671807402308,95.66862908076877,block_55_191,0
sample_16078,27.617479142890716,96.10900156589109,block_55_192,0
sample_16079,22.31236694849054,93.06338459022338,block_44_186,0
sample_16080,25.489352967284006,90.87375432965842,block_50_181,0
sample_16081,24.76533689278341,94.42824438572897,block_49_188,0
sample_16082,26.23256136359304,94.00649453064511,block_52_188,0
sample_16083,23.77407793133856,92.23881896860408,block_47_184,0
sample_16084,27.95278878245977,93.60055964340168,block_55_187,0
sample_16085,28.81562119228173,94.68990721966473,block_57_189,0
sample_16086,28.155869364820354,96.59297099263183,block_56_193,0
sample_16087,25.016678914605684,92.55823780482623,block_50_185,0
sample_16088,28.124919052494157,93.28290751035304,block_56_186,0
sample_16089,26.405212916908496,91.2047392756322,block_52_182,0
sample_16090,27.114342171676228,95.86368451714073,block_54_191,0
sample_16091,26.34122540638678,93.98010965167812,block_52_187,0
sample_16092,28.26001250456924,93.70692096118638,block_56_187,0
sample_16093,26.110048116312345,90.28865838602127,block_52_180,0
sample_16094,22.613300001971627,92.84276589012872,block_45_185,0
sample_16095,25.05599233185999,93.77895111624674,block_50_187,0
sample_16096,25.783123762643093,90.15672481563875,block_51_180,0
sample_16097,27.051251938547317,94.4065012309919,block_54_188,0
sample_16098,25.743166007160667,91.51687701386383,block_51_183,0
sample_16099,24.1694416100854,92.83775133162693,block_48_185,0
sample_16100,28.863180705446098,96.30865140651433,block_57_192,0
sample_16101,27.730677281141993,96.36454595690408,block_55_192,0
sample_16102,24.977048793086258,94.06831729404979,block_49_188,0
sample_16103,24.422998467887012,93.14947235675655,block_48_186,0
sample_16104,24.606521631050626,93.11067722691821,block_49_186,0
sample_16105,25.405243540881003,90.18546068486131,block_50_180,0
sample_16106,28.727192328226693,95.54217929842194,block_57_191,0
sample_16107,25.309979334679188,90.76169998484153,block_50_181,0
sample_16108,28.16895669408507,94.52804255016017,block_56_189,0
sample_16109,25.33610701298868,93.73023250402727,block_50_187,0
sample_16110,26.471217995536684,92.59787633872044,block_52_185,0
sample_16111,27.89498364858801,88.80772590850296,block_55_177,0
sample_16112,28.17457298414817,94.61180148254682,block_56_189,0
sample_16113,25.990895623027733,89.89059904097616,block_51_179,0
sample_16114,27.966232796186347,95.24783177623353,block_55_190,0
sample_16115,28.383433251093887,94.49495079396708,block_56_188,0
sample_16116,25.341449983280654,94.11277840400138,block_50_188,0
sample_16117,23.95853394679738,93.14591832971307,block_47_186,0
sample_16118,26.43292094604972,90.32307642462624,block_52_180,0
sample_16119,26.18190548927418,93.37668402244955,block_52_186,0
sample_16120,26.08536215326741,91.40734913678334,block_52_182,0
sample_16121,24.835817809275433,93.94383059151998,block_49_187,0
sample_16122,28.825716446649018,96.2517307557701,block_57_192,0
sample_16123,28.004834231536535,88.64987423226647,block_56_177,0
sample_16124,27.76935027892597,94.60802291278883,block_55_189,0
sample_16125,23.05891178388155,93.04527914132527,block_46_186,0
sample_16126,25.768483625147383,91.00628769628801,block_51_182,0
sample_16127,25.879526866015752,90.77776076641501,block_51_181,0
sample_16128,27.73626608747187,95.50528427866806,block_55_191,0
sample_16129,28.758246224260045,96.02096203238328,block_57_192,0
sample_16130,29.10524739053082,95.76329108537035,block_58_191,0
sample_16131,27.782283268118135,95.27052743473568,block_55_190,0
sample_16132,23.989797228793947,92.97077829395448,block_47_185,0
sample_16133,24.682575354315475,94.02018538418625,block_49_188,0
sample_16134,23.341853941494822,91.53358355079428,block_46_183,0
sample_16135,27.453517715884374,96.21981994749014,block_54_192,0
sample_16136,27.233705422906628,94.84507873153379,block_54_189,0
sample_16137,27.61133518340549,95.13304692755983,block_55_190,0
sample_16138,27.81764829464932,92.80390501304178,block_55_185,0
sample_16139,26.748297610330898,90.62890913065418,block_53_181,0
sample_16140,24.188002156482483,93.14466599607807,block_48_186,0
sample_16141,24.095102388299708,91.69626469497439,block_48_183,0
sample_16142,28.96845826958066,95.71180868290861,block_57_191,0
sample_16143,27.988375951300622,95.9291784305355,block_55_191,0
sample_16144,25.70197206245273,92.63894064756596,block_51_185,0
sample_16145,25.57939216300099,90.59483273825192,block_51_181,0
sample_16146,25.306097096741293,94.42054603098589,block_50_188,0
sample_16147,26.241671712630804,90.88897907063138,block_52_181,0
sample_16148,26.136334149470187,93.25346782155324,block_52_186,0
sample_16149,24.69983499441124,93.18215921244102,block_49_186,0
sample_16150,27.05804575222434,93.43288935536562,block_54_186,0
sample_16151,27.984652055857858,94.39810616422878,block_55_188,0
sample_16152,27.73396365510123,94.09016714267327,block_55_188,0
sample_16153,28.36885268692427,94.99793114821983,block_56_189,0
sample_16154,27.695567279006184,91.63503716686863,block_55_183,0
sample_16155,28.443368383009307,96.29441590298106,block_56_192,0
sample_16156,24.813898875590297,94.2420303379773,block_49_188,0
sample_16157,27.449968865909977,93.4681283372394,block_54_186,0
sample_16158,25.398621305578462,90.12195784710492,block_50_180,0
sample_16159,27.270317977407828,95.86019646028683,block_54_191,0
sample_16160,28.167581281467,95.56994075798708,block_56_191,0
sample_16161,26.131377814678274,94.4704108760029,block_52_188,0
sample_16162,24.570787147172844,93.81592041985256,block_49_187,0
sample_16163,24.234230551593786,93.60568846127916,block_48_187,0
sample_16164,27.51493616725456,94.22467359132588,block_55_188,0
sample_16165,26.172428096397237,92.12274450224146,block_52_184,0
sample_16166,25.253264835531947,93.68873940932767,block_50_187,0
sample_16167,28.124311341222768,94.84731216903063,block_56_189,0
sample_16168,26.583093173645732,94.95244351328049,block_53_189,0
sample_16169,28.00550836411292,94.82812297316772,block_56_189,0
sample_16170,28.99428061577257,95.89971975106056,block_57_191,0
sample_16171,24.22543169086901,93.90200830013858,block_48_187,0
sample_16172,27.691734430466134,93.4102746414558,block_55_186,0
sample_16173,29.081285948676285,94.24554920946238,block_58_188,0
sample_16174,26.347821840067887,89.83454865211282,block_52_179,0
sample_16175,25.869976013847065,91.43380203645034,block_51_182,0
sample_16176,24.82914772468503,93.12063240771025,block_49_186,0
sample_16177,22.816827669051516,92.5460984628411,block_45_185,0
sample_16178,24.039938168747895,91.6211363527745,block_48_183,0
sample_16179,27.32034237746086,94.49474834550101,block_54_188,0
sample_16180,27.415441408817124,95.00971980855412,block_54_190,0
sample_16181,28.80351397338127,94.47075017998948,block_57_188,0
sample_16182,24.118677527767897,94.15848472036745,block_48_188,0
sample_16183,24.281161757836376,93.84487860181122,block_48_187,0
sample_16184,22.698796432323405,93.09374259947748,block_45_186,0
sample_16185,27.81873031039349,95.45079850477279,block_55_190,0
sample_16186,26.945821204413555,93.20787070089047,block_53_186,0
sample_16187,25.742926268473866,93.55491729255576,block_51_187,0
sample_16188,27.215534550785602,94.27174076325848,block_54_188,0
sample_16189,24.88663315993136,93.8979741665552,block_49_187,0
sample_16190,26.96687189467355,94.9196296316153,block_53_189,0
sample_16191,26.775095097294574,95.28213871956086,block_53_190,0
sample_16192,26.75173834489477,92.75933465906363,block_53_185,0
sample_16193,25.777049843716878,90.75693180488554,block_51_181,0
sample_16194,26.987840651397356,95.23077617507737,block_53_190,0
sample_16195,25.452293912724794,94.16765970462055,block_50_188,0
sample_16196,27.576236516394797,93.72982678037488,block_55_187,0
sample_16197,26.83523054085568,91.90959355206002,block_53_183,0
sample_16198,25.989049637860575,94.42994583536239,block_51_188,0
sample_16199,25.568110913001572,93.6856576974508,block_51_187,0
sample_16200,25.796218712411868,91.46445867304968,block_51_182,0
sample_16201,26.22973116465593,91.80143795779993,block_52_183,0
sample_16202,23.769329843033148,91.55064497538774,block_47_183,0
sample_16203,26.660593847639827,93.83141798909575,block_53_187,0
sample_16204,27.95330057406423,92.82395785016087,block_55_185,0
sample_16205,25.785098863172585,89.85154150556048,block_51_179,0
sample_16206,28.176090559885083,97.23858597924063,block_56_194,0
sample_16207,26.50474712455712,90.16676775882307,block_53_180,0
sample_16208,29.38198958266998,96.04084485387102,block_58_192,0
sample_16209,24.210507563396703,93.58665909635323,block_48_187,0
sample_16210,25.653152833776844,90.21774470999986,block_51_180,0
sample_16211,26.821693212632614,94.56244306395509,block_53_189,0
sample_16212,25.326243726658063,93.3942685100704,block_50_186,0
sample_16213,27.168707560860376,97.09591380979349,block_54_194,0
sample_16214,27.26028207758347,92.46169948662755,block_54_184,0
sample_16215,25.37919001183149,92.8357755399235,block_50_185,0
sample_16216,27.41913608589546,93.07545727131428,block_54_186,0
sample_16217,25.799637334739753,95.02362653455381,block_51_190,0
sample_16218,25.62685355288461,93.16948527971832,block_51_186,0
sample_16219,27.90553726630874,96.15056320798124,block_55_192,0
sample_16220,28.292613236446748,96.81660317475101,block_56_193,0
sample_16221,25.829379455453882,93.25088464568566,block_51_186,0
sample_16222,23.577269262136888,93.14318548479316,block_47_186,0
sample_16223,26.502530289219816,93.70601480618626,block_53_187,0
sample_16224,27.698312621065817,92.16104504810731,block_55_184,0
sample_16225,27.458513193661318,93.99153555212027,block_54_187,0
sample_16226,27.445219924499945,92.74406679478972,block_54_185,0
sample_16227,25.653431742512094,93.40606343880327,block_51_186,0
sample_16228,27.90401235481116,96.02182839796886,block_55_192,0
sample_16229,26.289246363388088,93.32845824067462,block_52_186,0
sample_16230,29.197684826185235,94.41356866869155,block_58_188,0
sample_16231,25.946594178772088,93.70732279495473,block_51_187,0
sample_16232,23.94371603084262,92.85119116858387,block_47_185,0
sample_16233,25.754723395985188,90.76819165062774,block_51_181,0
sample_16234,25.950630257808882,90.39056003603937,block_51_180,0
sample_16235,25.245292489622656,90.09577253699884,block_50_180,0
sample_16236,26.600022725615815,93.18388848909925,block_53_186,0
sample_16237,26.21645576536497,94.09792538391781,block_52_188,0
sample_16238,27.678360775833887,96.41015116254636,block_55_192,0
sample_16239,27.500928117911265,95.92503429031053,block_55_191,0
sample_16240,25.338281534389665,93.83025579289578,block_50_187,0
sample_16241,25.78821512285839,90.57832496031824,block_51_181,0
sample_16242,26.500674251567993,90.50045773958156,block_53_181,0
sample_16243,27.154346247673395,92.45405938240353,block_54_184,0
sample_16244,24.151128329777947,91.86259620593673,block_48_183,0
sample_16245,27.389780295920925,94.68741482472964,block_54_189,0
sample_16246,28.564569502480545,94.47037620931557,block_57_188,0
sample_16247,27.77705837322654,95.0177388391411,block_55_190,0
sample_16248,27.692460498197686,93.53064001255659,block_55_187,0
sample_16249,26.061497013500944,93.88109229438845,block_52_187,0
sample_16250,25.491363436113094,94.19851882241693,block_50_188,0
sample_16251,28.407260633377934,94.84064487706235,block_56_189,0
sample_16252,25.68924500474137,92.44091005903205,block_51_184,0
sample_16253,28.836064474993698,96.01255678640426,block_57_192,0
sample_16254,24.155396481250452,92.67985992567445,block_48_185,0
sample_16255,28.497511558605538,94.06503309744048,block_56_188,0
sample_16256,25.54094427872908,93.28242511125758,block_51_186,0
sample_16257,27.45505250820587,94.93210464817845,block_54_189,0
sample_16258,22.945179052011394,93.14350248865958,block_45_186,0
sample_16259,23.084748886548688,93.23658285095252,block_46_186,0
sample_16260,24.736572291777033,92.76416116096732,block_49_185,0
sample_16261,26.50813638165564,90.84102526490605,block_53_181,0
sample_16262,28.117876203499634,93.5011034016438,block_56_187,0
sample_16263,26.204525149540096,94.8761627719172,block_52_189,0
sample_16264,28.288500406308053,96.06774009508872,block_56_192,0
sample_16265,26.23209594876497,90.3535111865976,block_52_180,0
sample_16266,25.987105284988377,91.11526612624829,block_51_182,0
sample_16267,26.44082177054625,92.79312334015921,block_52_185,0
sample_16268,27.48649678643033,96.69601611676397,block_54_193,0
sample_16269,28.43168877367024,96.53668074189099,block_56_193,0
sample_16270,23.123106733179124,91.71201149908663,block_46_183,0
sample_16271,27.294207222741882,96.97297439562195,block_54_193,0
sample_16272,27.683077176467464,92.2358066494938,block_55_184,0
sample_16273,28.47493681928104,95.39516349951626,block_56_190,0
sample_16274,27.466433771076836,96.26047138976965,block_54_192,0
sample_16275,25.959177756201264,91.7695407405596,block_51_183,0
sample_16276,25.83250730843018,91.00268420005149,block_51_182,0
sample_16277,22.941234573788496,92.4017903120457,block_45_184,0
sample_16278,25.225778468188437,93.60119453511395,block_50_187,0
sample_16279,25.67650301606322,94.67100030456855,block_51_189,0
sample_16280,28.24056660866651,96.27285418599102,block_56_192,0
sample_16281,26.500376041067746,94.55939176775132,block_53_189,0
sample_16282,28.892737599527134,95.3180212357403,block_57_190,0
sample_16283,27.252285004455295,95.16590385452746,block_54_190,0
sample_16284,24.757029047161605,94.42108068140497,block_49_188,0
sample_16285,24.568276285902368,93.80413740861208,block_49_187,0
sample_16286,25.650571598578406,93.56403557353697,block_51_187,0
sample_16287,28.512173781229556,95.7550458096309,block_57_191,0
sample_16288,28.41826368471946,93.74293067146165,block_56_187,0
sample_16289,27.724298766176823,94.74178459674235,block_55_189,0
sample_16290,27.511204553255936,94.63600248860381,block_55_189,0
sample_16291,24.139003878062248,93.89948907415132,block_48_187,0
sample_16292,25.657422202733848,92.65494978362277,block_51_185,0
sample_16293,25.951202168177858,92.56337414645047,block_51_185,0
sample_16294,27.68301830207092,93.48826139629551,block_55_186,0
sample_16295,28.249395108584714,96.42953364644421,block_56_192,0
sample_16296,25.51901629001049,93.26964439988745,block_51_186,0
sample_16297,28.584902186009913,93.91154267631468,block_57_187,0
sample_16298,22.273635384311692,92.8918155729672,block_44_185,0
sample_16299,27.46253132515367,95.09481569861867,block_54_190,0
sample_16300,22.25194515919766,92.94471757700379,block_44_185,0
sample_16301,26.951619957221265,92.5309873312483,block_53_185,0
sample_16302,26.41555504511091,94.25534318914958,block_52_188,0
sample_16303,26.44105254452305,94.99621676071213,block_52_189,0
sample_16304,25.269940595459445,93.49757665514065,block_50_186,0
sample_16305,27.9867617505192,93.88686660029497,block_55_187,0
sample_16306,28.090322637824663,93.10801058942971,block_56_186,0
sample_16307,27.304528952069084,93.26180367620559,block_54_186,0
sample_16308,27.97880155909254,94.88200389093312,block_55_189,0
sample_16309,28.048186076502784,96.6811999528049,block_56_193,0
sample_16310,26.305824678690705,91.75197932353285,block_52_183,0
sample_16311,27.072664415203253,95.89799267014335,block_54_191,0
sample_16312,27.174173326893378,94.80535509965473,block_54_189,0
sample_16313,27.778420339057803,93.11775141867929,block_55_186,0
sample_16314,27.152657172785588,92.45335096400497,block_54_184,0
sample_16315,23.446231635895323,91.87958892264949,block_46_183,0
sample_16316,25.311026140538186,91.694676490859,block_50_183,0
sample_16317,25.77409977283552,90.67468253989058,block_51_181,0
sample_16318,23.552871333651492,92.71698125502401,block_47_185,0
sample_16319,22.689255244727427,92.80709662528072,block_45_185,0
sample_16320,26.703078474071148,94.06791036172608,block_53_188,0
sample_16321,26.11708415290219,94.51841234137657,block_52_189,0
sample_16322,28.665813009805408,94.60772240702954,block_57_189,0
sample_16323,28.268705932674195,93.06181263567528,block_56_186,0
sample_16324,26.35779818761469,94.06210937937921,block_52_188,0
sample_16325,25.01239282512054,93.21476088317009,block_50_186,0
sample_16326,26.336716453504565,90.94851603114806,block_52_181,0
sample_16327,24.087129419454588,91.69468906786079,block_48_183,0
sample_16328,26.123132663663448,92.23086433536184,block_52_184,0
sample_16329,25.993830920820727,93.0513105737905,block_51_186,0
sample_16330,26.643264132588012,92.69494855629405,block_53_185,0
sample_16331,25.23759663584413,93.63968339020396,block_50_187,0
sample_16332,24.227339521279383,93.58484758094762,block_48_187,0
sample_16333,25.357390237515425,92.6773354211215,block_50_185,0
sample_16334,28.757388163286986,95.80648710528938,block_57_191,0
sample_16335,25.923192184134273,90.48381267118903,block_51_180,0
sample_16336,24.01193528800425,92.45456918764596,block_48_184,0
sample_16337,27.242405068766292,94.33942732769242,block_54_188,0
sample_16338,27.315594069918777,96.85995036526991,block_54_193,0
sample_16339,26.34696133642065,95.03883946409,block_52_190,0
sample_16340,27.82212537721431,93.01719878419092,block_55_186,0
sample_16341,28.217040548131678,94.18846486957467,block_56_188,0
sample_16342,23.496957604012408,93.00618260317015,block_46_186,0
sample_16343,26.949069482592925,95.45711478884198,block_53_190,0
sample_16344,28.6307532981673,95.97036949020591,block_57_191,0
sample_16345,27.10528107814788,95.04677441847875,block_54_190,0
sample_16346,26.84150866328575,92.84948993144792,block_53_185,0
sample_16347,29.301952738741214,95.7590521774288,block_58_191,0
sample_16348,27.10138154772573,92.02951092473172,block_54_184,0
sample_16349,24.094688935220965,91.64605480094274,block_48_183,0
sample_16350,28.02472641155869,94.44593893570638,block_56_188,0
sample_16351,28.714106092252546,94.52280946058937,block_57_189,0
sample_16352,27.038700245578177,92.81099260779635,block_54_185,0
sample_16353,25.39061051811146,93.8620980387365,block_50_187,0
sample_16354,26.34715776042356,93.66590598734945,block_52_187,0
sample_16355,27.664781840303966,93.03684278891502,block_55_186,0
sample_16356,25.959295129955105,93.30598735551098,block_51_186,0
sample_16357,27.49532793700422,95.00479720465395,block_54_190,0
sample_16358,27.47764152655241,93.66722319865127,block_54_187,0
sample_16359,26.57578415761865,91.87655378754997,block_53_183,0
sample_16360,23.61761578809282,91.79709786468099,block_47_183,0
sample_16361,26.27683785813382,93.85267468345967,block_52_187,0
sample_16362,24.903124962693422,93.88470024232836,block_49_187,0
sample_16363,26.950671742673137,92.39394098602612,block_53_184,0
sample_16364,23.345873974170285,91.45773086512847,block_46_182,0
sample_16365,25.79295693759335,91.57671995116407,block_51_183,0
sample_16366,27.36216288760354,92.47928003563702,block_54_184,0
sample_16367,25.20944818536222,94.57729024850346,block_50_189,0
sample_16368,25.094610639410305,92.67993234638391,block_50_185,0
sample_16369,27.52914946257886,88.45183403754969,block_55_176,0
sample_16370,28.866353976379635,94.41575541512347,block_57_188,0
sample_16371,29.04442361223918,96.1339064575281,block_58_192,0
sample_16372,25.98557153041382,90.40582376067054,block_51_180,0
sample_16373,26.710344697684885,92.20495310556294,block_53_184,0
sample_16374,27.267691271685635,94.41794844973275,block_54_188,0
sample_16375,25.476749574235825,90.47513950362833,block_50_180,0
sample_16376,24.247854181764236,92.86292866567791,block_48_185,0
sample_16377,27.566382229130436,88.23149301609517,block_55_176,0
sample_16378,28.038597592639512,96.5187982743606,block_56_193,0
sample_16379,24.03466637939416,93.75201041979977,block_48_187,0
sample_16380,25.423251363442684,91.33330492415043,block_50_182,0
sample_16381,28.003471524403015,94.43766517238751,block_56_188,0
sample_16382,24.49003777433312,93.5177725053474,block_48_187,0
sample_16383,24.331814903145077,91.9438738010755,block_48_183,0
sample_16384,27.357562793676312,93.94235689427369,block_54_187,0
sample_16385,27.569903277931243,96.09421105143254,block_55_192,0
sample_16386,27.93012037260266,94.61209774820198,block_55_189,0
sample_16387,27.72432815862405,94.88788587164238,block_55_189,0
sample_16388,27.506369845032907,93.75357396532112,block_55_187,0
sample_16389,26.504115046093133,94.74108776492267,block_53_189,0
sample_16390,25.710704456742217,92.62485246063375,block_51_185,0
sample_16391,27.575243961608663,95.90517522011389,block_55_191,0
sample_16392,27.007409048380296,93.14713916292267,block_54_186,0
sample_16393,26.414250132875672,93.52052145207577,block_52_187,0
sample_16394,28.512325620286884,94.75370783440846,block_57_189,0
sample_16395,26.313733043891723,92.91684103430117,block_52_185,0
sample_16396,24.54501943980848,93.8853572985324,block_49_187,0
sample_16397,26.957572592857556,92.69609158902831,block_53_185,0
sample_16398,26.189971454948832,90.54294320604525,block_52_181,0
sample_16399,27.311107350091003,94.93922067056374,block_54_189,0
sample_16400,26.503167472168776,94.9073369718042,block_53_189,0
sample_16401,25.192839272815853,92.90541905106487,block_50_185,0
sample_16402,25.252135612991605,91.92656850849542,block_50_183,0
sample_16403,26.50217353848701,92.26271603361383,block_53_184,0
sample_16404,24.31752733284484,94.29950579956531,block_48_188,0
sample_16405,26.094263419369153,93.52132470206872,block_52_187,0
sample_16406,27.64970342536144,94.01921783522351,block_55_188,0
sample_16407,23.36877796943095,91.39633140793313,block_46_182,0
sample_16408,23.3834931775103,92.78142423573374,block_46_185,0
sample_16409,26.51103957473346,94.0916296596356,block_53_188,0
sample_16410,27.587577342388798,88.6748411592335,block_55_177,0
sample_16411,29.194739147399904,96.15622957727146,block_58_192,0
sample_16412,23.053032862148385,93.23084137681741,block_46_186,0
sample_16413,26.107834730280455,92.1777512137767,block_52_184,0
sample_16414,24.556317573124268,93.7964315998775,block_49_187,0
sample_16415,23.272369417972705,92.40231487270246,block_46_184,0
sample_16416,26.96206265632688,93.19869859473931,block_53_186,0
sample_16417,27.554308934030615,92.25662568022582,block_55_184,0
sample_16418,25.182679858783363,92.94922076971808,block_50_185,0
sample_16419,28.00816775703612,95.2975069438662,block_56_190,0
sample_16420,27.383556079181727,92.1330597652484,block_54_184,0
sample_16421,26.586380127945493,92.9077801388528,block_53_185,0
sample_16422,26.447863126714964,92.90889371799778,block_52_185,0
sample_16423,25.782399683296585,89.84792056619314,block_51_179,0
sample_16424,24.471040579876814,94.2892888673571,block_48_188,0
sample_16425,28.999433228587083,95.53395495617322,block_57_191,0
sample_16426,28.51333661480763,93.94652087773044,block_57_187,0
sample_16427,29.12399586993262,94.59925463612663,block_58_189,0
sample_16428,26.960265210816026,92.86910921769035,block_53_185,0
sample_16429,28.500759307969155,95.28935505573799,block_57_190,0
sample_16430,22.270244671715012,92.75027820397025,block_44_185,0
sample_16431,25.81013142707333,92.3027285255514,block_51_184,0
sample_16432,27.930042057458596,93.20920946088671,block_55_186,0
sample_16433,27.936925269107654,93.79760339256127,block_55_187,0
sample_16434,27.86757925387144,94.03467306276583,block_55_188,0
sample_16435,25.97088605594026,92.23794950358781,block_51_184,0
sample_16436,23.333909104652864,91.54075719772901,block_46_183,0
sample_16437,24.520515784549342,93.30485728157753,block_49_186,0
sample_16438,24.809806955836734,94.00746687559422,block_49_188,0
sample_16439,27.22367250009082,94.62381493698898,block_54_189,0
sample_16440,25.843222690033315,92.83159525584918,block_51_185,0
sample_16441,25.695620885309435,92.41976239359325,block_51_184,0
sample_16442,26.862097934505037,95.1090251246089,block_53_190,0
sample_16443,24.66776571616319,92.52561592758693,block_49_185,0
sample_16444,26.10897436771047,93.2902279973563,block_52_186,0
sample_16445,27.939641625344265,96.9226312849135,block_55_193,0
sample_16446,25.620693968697545,93.59629260852465,block_51_187,0
sample_16447,27.79804806110553,92.23302561429438,block_55_184,0
sample_16448,27.10357716903824,94.01275434529248,block_54_188,0
sample_16449,25.856125728947895,93.79348241967259,block_51_187,0
sample_16450,24.06427845715516,92.86034235181381,block_48_185,0
sample_16451,25.79648400152662,92.89802436972091,block_51_185,0
sample_16452,26.009917690825635,92.4285899593116,block_52_184,0
sample_16453,27.636192858080744,95.1295469208165,block_55_190,0
sample_16454,27.83046344687841,96.0812193045547,block_55_192,0
sample_16455,25.712837318737634,94.7184698919379,block_51_189,0
sample_16456,25.704256600898464,92.25006439864201,block_51_184,0
sample_16457,23.229613744140746,91.54522270311496,block_46_183,0
sample_16458,26.511591978928653,92.3762371912649,block_53_184,0
sample_16459,25.802174175651214,91.73272138242017,block_51_183,0
sample_16460,27.104959464671907,94.07961225677286,block_54_188,0
sample_16461,27.01294188943683,93.46078249621293,block_54_186,0
sample_16462,27.536829014250138,96.4380737670726,block_55_192,0
sample_16463,23.61268179489484,92.92907623991337,block_47_185,0
sample_16464,27.940398306575297,95.04043422837292,block_55_190,0
sample_16465,27.940019792842524,92.99748325836624,block_55_185,0
sample_16466,28.10032583697709,97.19731451820198,block_56_194,0
sample_16467,24.82651499476995,93.36846730755471,block_49_186,0
sample_16468,27.74760173432949,94.14545565002241,block_55_188,0
sample_16469,23.03620672889054,93.10206926012708,block_46_186,0
sample_16470,26.073755680279834,91.84832273110352,block_52_183,0
sample_16471,26.96861142988084,95.46519329589053,block_53_190,0
sample_16472,27.729197483218556,95.08977239119172,block_55_190,0
sample_16473,26.74316308942911,92.49337903325072,block_53_184,0
sample_16474,23.76771005902397,92.4036311355264,block_47_184,0
sample_16475,25.546154040218312,91.93837842617542,block_51_183,0
sample_16476,26.33780841446606,93.61809537128512,block_52_187,0
sample_16477,27.692409524473725,92.4539427861242,block_55_184,0
sample_16478,24.48017434884843,92.73040593220088,block_48_185,0
sample_16479,25.571549420427893,92.18045821130737,block_51_184,0
sample_16480,26.94574613205582,95.34550652200801,block_53_190,0
sample_16481,27.55943933193236,96.05551017043564,block_55_192,0
sample_16482,26.58139610386504,94.80625261123971,block_53_189,0
sample_16483,27.923525585891866,96.8704996828709,block_55_193,0
sample_16484,27.990733214357277,93.26670483925092,block_55_186,0
sample_16485,28.397282547947505,96.1088320542519,block_56_192,0
sample_16486,25.24580381006852,93.56808633884327,block_50_187,0
sample_16487,23.574230468119183,91.86905148083636,block_47_183,0
sample_16488,26.332034400983076,92.48520729596632,block_52_184,0
sample_16489,27.548925510816137,96.7527479115887,block_55_193,0
sample_16490,26.064624964672436,89.90965973009898,block_52_179,0
sample_16491,27.658295170250703,94.30916394478749,block_55_188,0
sample_16492,26.32135049959051,92.03273868903868,block_52_184,0
sample_16493,27.562545538880357,95.85039050248193,block_55_191,0
sample_16494,27.652170860004993,94.74123973572206,block_55_189,0
sample_16495,27.1159111073082,95.54973337955909,block_54_191,0
sample_16496,27.32906823363294,95.37676067078056,block_54_190,0
sample_16497,25.459097258155765,92.60429625400857,block_50_185,0
sample_16498,26.15518518941733,93.1615272261193,block_52_186,0
sample_16499,26.265400813368288,89.92859214903613,block_52_179,0
sample_16500,25.362065867367708,91.92868207379128,block_50_183,0
sample_16501,24.928332724694858,93.3422043879586,block_49_186,0
sample_16502,23.21276207253929,92.72466447711776,block_46_185,0
sample_16503,24.71950758296282,93.65028027103764,block_49_187,0
sample_16504,27.24120529911088,97.06616990641736,block_54_194,0
sample_16505,28.1546782299461,95.56759537507162,block_56_191,0
sample_16506,24.029608367116744,92.29831664740175,block_48_184,0
sample_16507,27.728054559817885,88.41057000858324,block_55_176,0
sample_16508,27.572074881459905,95.09611629336227,block_55_190,0
sample_16509,27.60160306582818,96.51232936791905,block_55_193,0
sample_16510,26.794114796466136,90.59872302112277,block_53_181,0
sample_16511,25.43718714723959,93.8830942871929,block_50_187,0
sample_16512,29.31040069632397,95.96397139808494,block_58_191,0
sample_16513,27.25923543928947,93.26850394308534,block_54_186,0
sample_16514,25.683305290636664,93.47705820133464,block_51_186,0
sample_16515,25.99790541629331,90.16276355369395,block_51_180,0
sample_16516,26.609751319098187,92.67569401634064,block_53_185,0
sample_16517,27.334569521441065,93.5480733487,block_54_187,0
sample_16518,28.075408807779986,93.2868687180292,block_56_186,0
sample_16519,28.09695610664952,96.20890750067454,block_56_192,0
sample_16520,29.452421209578823,96.06173483905403,block_58_192,0
sample_16521,28.055876000849807,94.30893493335647,block_56_188,0
sample_16522,22.785463464270915,92.85420738800224,block_45_185,0
sample_16523,28.245755128520695,96.2127052048004,block_56_192,0
sample_16524,26.204280116857966,91.70761605670246,block_52_183,0
sample_16525,27.31996610629872,95.95633338632128,block_54_191,0
sample_16526,27.147981862330415,95.10100610026662,block_54_190,0
sample_16527,27.092096253216493,92.23730663273604,block_54_184,0
sample_16528,27.151293225445006,93.63981041627898,block_54_187,0
sample_16529,28.810839895610528,95.5119434615195,block_57_191,0
sample_16530,25.807290491865448,90.75429240002136,block_51_181,0
sample_16531,26.64118405070538,94.06128803709457,block_53_188,0
sample_16532,22.143255609714327,92.90820846272854,block_44_185,0
sample_16533,27.61647944965894,88.49381279893055,block_55_176,0
sample_16534,27.20045621622777,95.80686997547085,block_54_191,0
sample_16535,27.634036997109284,96.00190201023432,block_55_192,0
sample_16536,27.116649196244673,94.98382432805097,block_54_189,0
sample_16537,27.278541827475514,94.16805027610431,block_54_188,0
sample_16538,26.85376904708405,94.92724263650486,block_53_189,0
sample_16539,26.323217061113734,94.16005816637174,block_52_188,0
sample_16540,29.104334237721265,94.36397576094933,block_58_188,0
sample_16541,26.567288634455295,95.00229050488365,block_53_190,0
sample_16542,26.43472075982816,93.97320782014425,block_52_187,0
sample_16543,26.294029695185372,94.52437361984481,block_52_189,0
sample_16544,25.247832692096665,93.08239242271567,block_50_186,0
sample_16545,23.506930783605817,91.45292277266721,block_47_182,0
sample_16546,27.17446551006377,94.78501713413922,block_54_189,0
sample_16547,26.8257982374192,92.95509716349903,block_53_185,0
sample_16548,25.381624031377743,93.62130586476981,block_50_187,0
sample_16549,26.460774456873793,92.0430675113094,block_52_184,0
sample_16550,27.784731755191707,88.44400379656436,block_55_176,0
sample_16551,25.306724281968407,90.69734596755384,block_50_181,0
sample_16552,26.16010557640674,91.53026561928274,block_52_183,0
sample_16553,28.305862801734527,96.77800178985717,block_56_193,0
sample_16554,24.530557039304142,92.75865557225225,block_49_185,0
sample_16555,25.568177124311987,92.1682006099033,block_51_184,0
sample_16556,26.473729312615376,92.62639578652033,block_52_185,0
sample_16557,25.83280251246267,92.0128160488218,block_51_184,0
sample_16558,24.853424886317057,92.91189642563371,block_49_185,0
sample_16559,28.12480807613626,95.51074629318654,block_56_191,0
sample_16560,28.83178804642064,94.12443784343925,block_57_188,0
sample_16561,29.068927038082045,94.64831782959946,block_58_189,0
sample_16562,27.832071401344475,96.46517084605583,block_55_192,0
sample_16563,22.947897808442352,92.65437660957663,block_45_185,0
sample_16564,27.736270378551783,95.52911295669037,block_55_191,0
sample_16565,28.795603885403768,96.23379901448783,block_57_192,0
sample_16566,26.687664823692046,94.7244666030072,block_53_189,0
sample_16567,24.142523213576403,91.66248461376513,block_48_183,0
sample_16568,24.250006699420652,92.03993104410524,block_48_184,0
sample_16569,26.285685735296425,92.29750527614753,block_52_184,0
sample_16570,23.325662369225174,91.5028171593926,block_46_183,0
sample_16571,25.54903880410505,90.11620208167143,block_51_180,0
sample_16572,25.523885127919037,91.42125659162168,block_51_182,0
sample_16573,29.280907108966478,95.79727050065503,block_58_191,0
sample_16574,27.419688207227495,96.06182205936061,block_54_192,0
sample_16575,27.655293762132047,94.48260574894023,block_55_188,0
sample_16576,27.944737688677083,96.3228182779316,block_55_192,0
sample_16577,25.379066812838925,90.39347804135586,block_50_180,0
sample_16578,27.66855637624539,88.3559427877054,block_55_176,0
sample_16579,25.934564255329875,93.20244336663238,block_51_186,0
sample_16580,26.321116728564167,94.23499572847737,block_52_188,0
sample_16581,26.094092756558922,93.55123137645366,block_52_187,0
sample_16582,26.233463066226278,94.51572208376028,block_52_189,0
sample_16583,26.108242173084303,93.85799447759506,block_52_187,0
sample_16584,27.55063640154081,88.117915377116,block_55_176,0
sample_16585,27.255709595424765,94.44148582309428,block_54_188,0
sample_16586,25.48236382332742,91.51540299941917,block_50_183,0
sample_16587,26.365379337302354,91.31759053657963,block_52_182,0
sample_16588,28.255320193982286,96.34340912685299,block_56_192,0
sample_16589,27.766468941506698,96.36006698997345,block_55_192,0
sample_16590,26.786501508355073,90.58174043809368,block_53_181,0
sample_16591,26.194978833265772,92.79581802725721,block_52_185,0
sample_16592,26.63851884211895,90.44681192287976,block_53_180,0
sample_16593,28.09682926081376,93.45893900799243,block_56_186,0
sample_16594,28.98823095572,96.15024280272745,block_57_192,0
sample_16595,27.925033508528216,96.05004166654601,block_55_192,0
sample_16596,26.98190642648438,92.36979140716564,block_53_184,0
sample_16597,24.731401366615202,92.63382624080589,block_49_185,0
sample_16598,22.462024343911548,92.81513952608842,block_44_185,0
sample_16599,27.102060110279858,92.86112528656538,block_54_185,0
sample_16600,26.17826982731804,92.84659051942396,block_52_185,0
sample_16601,24.05342399812619,93.1805793778178,block_48_186,0
sample_16602,23.506195933008538,91.27113959293546,block_47_182,0
sample_16603,26.811500663433836,92.41789838130543,block_53_184,0
sample_16604,25.6882617132643,93.67942674057204,block_51_187,0
sample_16605,26.015763107295236,90.5538272815102,block_52_181,0
sample_16606,26.837999234776863,91.94752433727213,block_53_183,0
sample_16607,28.821461123892156,96.53525585522985,block_57_193,0
sample_16608,28.38025883504632,93.66299426717896,block_56_187,0
sample_16609,27.358908231747975,92.80975645244293,block_54_185,0
sample_16610,28.07915013014297,97.15579877452241,block_56_194,0
sample_16611,27.3312382052815,94.10387653241754,block_54_188,0
sample_16612,25.690894381546652,91.76761344126794,block_51_183,0
sample_16613,28.634160830016537,96.0905898707282,block_57_192,0
sample_16614,26.683677624141858,94.66771228508563,block_53_189,0
sample_16615,26.717092213685927,92.12208889692934,block_53_184,0
sample_16616,27.511832016522867,93.38947737886139,block_55_186,0
sample_16617,24.49578933163717,92.22879933470247,block_48_184,0
sample_16618,26.64748227809988,92.40066653856759,block_53_184,0
sample_16619,27.95140633657485,95.05362110618671,block_55_190,0
sample_16620,26.16333057722698,92.41089654575802,block_52_184,0
sample_16621,28.304616548554502,94.2022288394534,block_56_188,0
sample_16622,27.643689622174538,94.28605070249374,block_55_188,0
sample_16623,27.52407838978453,94.48191904154528,block_55_188,0
sample_16624,27.371905527730704,92.50572372156977,block_54_185,0
sample_16625,27.52117598510123,92.35200656339032,block_55_184,0
sample_16626,27.888226868401794,92.92883801406273,block_55_185,0
sample_16627,24.89823171797068,93.41536140691902,block_49_186,0
sample_16628,23.78058280493687,93.18057488556637,block_47_186,0
